ISO-10303-21;
HEADER;
FILE_DESCRIPTION (( 'STEP AP203' ),
    '1' );
FILE_NAME ('2¶¥¸Ç.STEP',
    '2026-08-28T03:20:03',
    ( '' ),
    ( '' ),
    'SwSTEP 2.0',
    'SolidWorks 2026',
    '' );
FILE_SCHEMA (( 'CONFIG_CONTROL_DESIGN' ));
ENDSEC;

DATA;
#1 = MANIFOLD_SOLID_BREP ( '\X2\570689d2\X0\1', #2674 ) ;
#2 = ORIENTED_EDGE ( 'NONE', *, *, #1807, .F. ) ;
#3 = PLANE ( 'NONE',  #1403 ) ;
#4 = DIRECTION ( 'NONE',  ( -0.8660254037844383745, 0.5000000000000004441, 0.000000000000000000 ) ) ;
#5 = FACE_OUTER_BOUND ( 'NONE', #1876, .T. ) ;
#6 = EDGE_CURVE ( 'NONE', #513, #1459, #1814, .T. ) ;
#7 = VECTOR ( 'NONE', #1476, 1000.000000000000000 ) ;
#8 = ORIENTED_EDGE ( 'NONE', *, *, #2102, .T. ) ;
#9 = CARTESIAN_POINT ( 'NONE',  ( -26.00000000000000355, 3.184081677783118585E-15, 6.000000000000000000 ) ) ;
#10 = CIRCLE ( 'NONE', #1858, 1.800000000000002931 ) ;
#11 = EDGE_CURVE ( 'NONE', #431, #1582, #2250, .T. ) ;
#12 = ORIENTED_EDGE ( 'NONE', *, *, #678, .T. ) ;
#13 = VERTEX_POINT ( 'NONE', #2508 ) ;
#14 = LINE ( 'NONE', #2548, #1006 ) ;
#15 = DIRECTION ( 'NONE',  ( 0.000000000000000000, 0.000000000000000000, 1.000000000000000000 ) ) ;
#16 = DIRECTION ( 'NONE',  ( -0.000000000000000000, -0.000000000000000000, -1.000000000000000000 ) ) ;
#17 = VECTOR ( 'NONE', #1370, 1000.000000000000114 ) ;
#18 = ORIENTED_EDGE ( 'NONE', *, *, #2372, .F. ) ;
#19 = VERTEX_POINT ( 'NONE', #497 ) ;
#20 = DIRECTION ( 'NONE',  ( -0.5000000000000004441, -0.8660254037844383745, 0.000000000000000000 ) ) ;
#21 = VECTOR ( 'NONE', #1569, 1000.000000000000000 ) ;
#22 = LINE ( 'NONE', #1051, #2149 ) ;
#23 = EDGE_LOOP ( 'NONE', ( #2525, #2290, #412, #2772 ) ) ;
#24 = AXIS2_PLACEMENT_3D ( 'NONE', #2593, #2526, #3161 ) ;
#25 = VERTEX_POINT ( 'NONE', #1503 ) ;
#26 = CARTESIAN_POINT ( 'NONE',  ( 21.44856250039401147, 14.24999999999907807, 2.799999999999999822 ) ) ;
#27 = FACE_OUTER_BOUND ( 'NONE', #2294, .T. ) ;
#28 = DIRECTION ( 'NONE',  ( 0.000000000000000000, 0.000000000000000000, 1.000000000000000000 ) ) ;
#29 = FACE_OUTER_BOUND ( 'NONE', #2644, .T. ) ;
#30 = ORIENTED_EDGE ( 'NONE', *, *, #363, .T. ) ;
#31 = CARTESIAN_POINT ( 'NONE',  ( -17.86635283721921041, -22.43873369041405397, 3.200000000000000178 ) ) ;
#32 = ADVANCED_FACE ( 'NONE', ( #2291 ), #464, .F. ) ;
#33 = VERTEX_POINT ( 'NONE', #1244 ) ;
#34 = DIRECTION ( 'NONE',  ( 1.000000000000000000, 0.000000000000000000, -0.000000000000000000 ) ) ;
#35 = AXIS2_PLACEMENT_3D ( 'NONE', #728, #1195, #1675 ) ;
#36 = CIRCLE ( 'NONE', #1363, 1.799999999999999600 ) ;
#37 = ORIENTED_EDGE ( 'NONE', *, *, #894, .T. ) ;
#38 = DIRECTION ( 'NONE',  ( -0.000000000000000000, -0.000000000000000000, -1.000000000000000000 ) ) ;
#39 = APPROVAL_ROLE ( '' ) ;
#40 = EDGE_CURVE ( 'NONE', #903, #630, #2253, .T. ) ;
#41 = ORIENTED_EDGE ( 'NONE', *, *, #796, .F. ) ;
#42 = DIRECTION ( 'NONE',  ( 0.4999999999999997224, -0.8660254037844388186, 0.000000000000000000 ) ) ;
#43 = DIRECTION ( 'NONE',  ( -0.000000000000000000, -0.000000000000000000, 1.000000000000000000 ) ) ;
#44 = PERSON_AND_ORGANIZATION ( #461, #1593 ) ;
#45 = ORIENTED_EDGE ( 'NONE', *, *, #1973, .T. ) ;
#46 = PLANE ( 'NONE',  #1981 ) ;
#47 = CARTESIAN_POINT ( 'NONE',  ( -19.31573948979309208, 17.02954906319545358, 5.968450208005761759 ) ) ;
#48 = DIRECTION ( 'NONE',  ( -1.000000000000000000, 0.000000000000000000, 0.000000000000000000 ) ) ;
#49 = EDGE_CURVE ( 'NONE', #3027, #1738, #90, .T. ) ;
#50 = DIRECTION ( 'NONE',  ( -0.000000000000000000, -0.000000000000000000, -1.000000000000000000 ) ) ;
#51 = VERTEX_POINT ( 'NONE', #2383 ) ;
#52 = DIRECTION ( 'NONE',  ( 0.4999999999999994449, -0.8660254037844389297, 0.000000000000000000 ) ) ;
#53 = ORIENTED_EDGE ( 'NONE', *, *, #1737, .T. ) ;
#54 = CARTESIAN_POINT ( 'NONE',  ( 26.29830476158687347, 17.04999999999907700, 2.799999999999999822 ) ) ;
#55 = EDGE_CURVE ( 'NONE', #1507, #1377, #3112, .T. ) ;
#56 = DIRECTION ( 'NONE',  ( -0.9659258262890689783, -0.2588190451025181305, 0.000000000000000000 ) ) ;
#57 = COORDINATED_UNIVERSAL_TIME_OFFSET ( 8, 0, .AHEAD. ) ;
#58 = VERTEX_POINT ( 'NONE', #1376 ) ;
#59 = CARTESIAN_POINT ( 'NONE',  ( -26.29830476158793928, 17.05000000000097415, 0.000000000000000000 ) ) ;
#60 = CARTESIAN_POINT ( 'NONE',  ( 17.10147394245043628, -19.58416679350155576, 6.000000000000000000 ) ) ;
#61 = CARTESIAN_POINT ( 'NONE',  ( 17.86635283721904344, 22.43873369041416765, 6.000000000000000000 ) ) ;
#62 = VECTOR ( 'NONE', #2856, 1000.000000000000114 ) ;
#63 = DIRECTION ( 'NONE',  ( 0.000000000000000000, 0.000000000000000000, 1.000000000000000000 ) ) ;
#64 = DIRECTION ( 'NONE',  ( 0.000000000000000000, 0.000000000000000000, 1.000000000000000000 ) ) ;
#65 = VERTEX_POINT ( 'NONE', #60 ) ;
#66 = LINE ( 'NONE', #218, #1827 ) ;
#67 = EDGE_CURVE ( 'NONE', #3180, #1729, #2109, .T. ) ;
#68 = AXIS2_PLACEMENT_3D ( 'NONE', #223, #2265, #1005 ) ;
#69 = ORIENTED_EDGE ( 'NONE', *, *, #3083, .F. ) ;
#70 = EDGE_CURVE ( 'NONE', #2362, #1739, #2069, .T. ) ;
#71 = ORIENTED_EDGE ( 'NONE', *, *, #3092, .T. ) ;
#72 = CARTESIAN_POINT ( 'NONE',  ( 23.06514325412496547, 17.04999999999907700, 0.000000000000000000 ) ) ;
#73 = DIRECTION ( 'NONE',  ( -0.000000000000000000, -0.000000000000000000, -1.000000000000000000 ) ) ;
#74 = VECTOR ( 'NONE', #161, 1000.000000000000000 ) ;
#75 = EDGE_LOOP ( 'NONE', ( #920, #2739, #1667, #3090 ) ) ;
#76 = DIRECTION ( 'NONE',  ( -0.2588190451025269567, -0.9659258262890666469, 0.000000000000000000 ) ) ;
#77 = EDGE_CURVE ( 'NONE', #1964, #2673, #1088, .T. ) ;
#78 = ORIENTED_EDGE ( 'NONE', *, *, #3119, .T. ) ;
#79 = FACE_OUTER_BOUND ( 'NONE', #951, .T. ) ;
#80 = AXIS2_PLACEMENT_3D ( 'NONE', #2380, #845, #1563 ) ;
#81 = DIRECTION ( 'NONE',  ( -0.000000000000000000, -0.000000000000000000, 1.000000000000000000 ) ) ;
#82 = EDGE_LOOP ( 'NONE', ( #482, #382, #1927, #1435, #1012 ) ) ;
#83 = EDGE_CURVE ( 'NONE', #3183, #344, #1598, .T. ) ;
#84 = VERTEX_POINT ( 'NONE', #816 ) ;
#85 = DIRECTION ( 'NONE',  ( 0.000000000000000000, 0.000000000000000000, 1.000000000000000000 ) ) ;
#86 = DIRECTION ( 'NONE',  ( 0.000000000000000000, 0.000000000000000000, 1.000000000000000000 ) ) ;
#87 = CYLINDRICAL_SURFACE ( 'NONE', #3300, 1.799999999999999600 ) ;
#88 = PERSON_AND_ORGANIZATION_ROLE ( 'creator' ) ;
#89 = ORIENTED_EDGE ( 'NONE', *, *, #2920, .T. ) ;
#90 = LINE ( 'NONE', #2350, #109 ) ;
#91 = LINE ( 'NONE', #2868, #3123 ) ;
#92 = ORIENTED_EDGE ( 'NONE', *, *, #208, .F. ) ;
#93 = LINE ( 'NONE', #1124, #1358 ) ;
#94 = EDGE_CURVE ( 'NONE', #2100, #2514, #851, .T. ) ;
#95 = ADVANCED_FACE ( 'NONE', ( #3175 ), #2631, .F. ) ;
#96 = DIRECTION ( 'NONE',  ( 1.000000000000000000, 0.000000000000000000, 0.000000000000000000 ) ) ;
#97 = ORIENTED_EDGE ( 'NONE', *, *, #299, .T. ) ;
#98 = CARTESIAN_POINT ( 'NONE',  ( 23.99999999999999645, 2.939152317953647500E-15, 0.000000000000000000 ) ) ;
#99 = VECTOR ( 'NONE', #2239, 1000.000000000000000 ) ;
#100 = ORIENTED_EDGE ( 'NONE', *, *, #2201, .F. ) ;
#101 = DIRECTION ( 'NONE',  ( 0.5000000000000001110, 0.8660254037844384856, 0.000000000000000000 ) ) ;
#102 = EDGE_CURVE ( 'NONE', #153, #909, #1821, .T. ) ;
#103 = COORDINATED_UNIVERSAL_TIME_OFFSET ( 8, 0, .AHEAD. ) ;
#104 = VERTEX_POINT ( 'NONE', #1349 ) ;
#105 = PERSON_AND_ORGANIZATION_ROLE ( 'design_owner' ) ;
#106 = DIRECTION ( 'NONE',  ( -0.4999999999999999445, -0.8660254037844387076, 0.000000000000000000 ) ) ;
#107 = CIRCLE ( 'NONE', #1705, 1.799999999999999600 ) ;
#108 = PLANE ( 'NONE',  #2835 ) ;
#109 = VECTOR ( 'NONE', #3158, 1000.000000000000000 ) ;
#110 = ORIENTED_EDGE ( 'NONE', *, *, #2977, .T. ) ;
#111 = FACE_OUTER_BOUND ( 'NONE', #2485, .T. ) ;
#112 = CARTESIAN_POINT ( 'NONE',  ( -21.95254326381660803, 20.15254326381660377, 0.000000000000000000 ) ) ;
#113 = CC_DESIGN_DATE_AND_TIME_ASSIGNMENT ( #814, #2903, ( #2839 ) ) ;
#114 = CARTESIAN_POINT ( 'NONE',  ( 24.68172400785650566, -14.24999999999999467, 2.799999999999999822 ) ) ;
#115 = AXIS2_PLACEMENT_3D ( 'NONE', #114, #1890, #547 ) ;
#116 = ORIENTED_EDGE ( 'NONE', *, *, #1139, .F. ) ;
#117 = VECTOR ( 'NONE', #3008, 1000.000000000000000 ) ;
#118 = DIRECTION ( 'NONE',  ( -0.000000000000000000, -0.000000000000000000, -1.000000000000000000 ) ) ;
#119 = EDGE_LOOP ( 'NONE', ( #89, #2743, #3097, #2050, #2496, #3049 ) ) ;
#120 = CARTESIAN_POINT ( 'NONE',  ( 17.86635283721881606, -22.43873369041435595, 3.200000000000000178 ) ) ;
#121 = LINE ( 'NONE', #437, #1038 ) ;
#122 = VERTEX_POINT ( 'NONE', #47 ) ;
#123 = DIRECTION ( 'NONE',  ( 0.9659258262890656477, -0.2588190451025307315, 0.000000000000000000 ) ) ;
#124 = VECTOR ( 'NONE', #1523, 1000.000000000000000 ) ;
#125 = VECTOR ( 'NONE', #1190, 1000.000000000000000 ) ;
#126 = ADVANCED_FACE ( 'NONE', ( #2369 ), #317, .F. ) ;
#127 = DIRECTION ( 'NONE',  ( 0.000000000000000000, -0.000000000000000000, 1.000000000000000000 ) ) ;
#128 = APPLICATION_PROTOCOL_DEFINITION ( 'international standard', 'config_control_design', 1994, #2078 ) ;
#129 = VERTEX_POINT ( 'NONE', #1140 ) ;
#130 = CARTESIAN_POINT ( 'NONE',  ( -22.88172400785649785, -14.25000000000001243, 2.799999999999999822 ) ) ;
#131 = DIRECTION ( 'NONE',  ( 1.000000000000000000, 0.000000000000000000, 0.000000000000000000 ) ) ;
#132 = ORIENTED_EDGE ( 'NONE', *, *, #2310, .T. ) ;
#133 = EDGE_CURVE ( 'NONE', #1066, #1777, #2342, .T. ) ;
#134 = B_SPLINE_CURVE_WITH_KNOTS ( 'NONE', 3,
 ( #2833, #332, #3145, #2142 ),
 .UNSPECIFIED., .F., .F.,
 ( 4, 4 ),
 ( 0.000000000000000000, 0.0002796815957600333686 ),
 .UNSPECIFIED. ) ;
#135 = VECTOR ( 'NONE', #924, 1000.000000000000000 ) ;
#136 = CARTESIAN_POINT ( 'NONE',  ( 23.06514325412386768, -11.45000000000085372, 0.000000000000000000 ) ) ;
#137 = VERTEX_POINT ( 'NONE', #1809 ) ;
#138 = CARTESIAN_POINT ( 'NONE',  ( 17.02954906319532213, -19.31573948979320221, 6.000000000000000000 ) ) ;
#139 = VECTOR ( 'NONE', #252, 1000.000000000000000 ) ;
#140 = EDGE_CURVE ( 'NONE', #2205, #1589, #1568, .T. ) ;
#141 = B_SPLINE_CURVE_WITH_KNOTS ( 'NONE', 3,
 ( #623, #1400, #889, #2932, #1072, #1130 ),
 .UNSPECIFIED., .F., .F.,
 ( 4, 2, 4 ),
 ( 0.000000000000000000, 0.001616613714999438813, 0.003233227429998877626 ),
 .UNSPECIFIED. ) ;
#142 = VERTEX_POINT ( 'NONE', #1855 ) ;
#143 = CYLINDRICAL_SURFACE ( 'NONE', #2091, 1.799999999999999600 ) ;
#144 = DIRECTION ( 'NONE',  ( 0.9659258262890676461, -0.2588190451025234040, 0.000000000000000000 ) ) ;
#145 = FACE_BOUND ( 'NONE', #1368, .T. ) ;
#146 = FACE_OUTER_BOUND ( 'NONE', #3007, .T. ) ;
#147 = ORIENTED_EDGE ( 'NONE', *, *, #2030, .F. ) ;
#148 = DIRECTION ( 'NONE',  ( 0.000000000000000000, -1.000000000000000000, 0.000000000000000000 ) ) ;
#149 = DIRECTION ( 'NONE',  ( 0.2588190451025234040, 0.9659258262890675351, 0.000000000000000000 ) ) ;
#150 = AXIS2_PLACEMENT_3D ( 'NONE', #295, #1313, #2363 ) ;
#151 = EDGE_CURVE ( 'NONE', #1621, #2008, #134, .T. ) ;
#152 = VECTOR ( 'NONE', #2436, 1000.000000000000114 ) ;
#153 = VERTEX_POINT ( 'NONE', #540 ) ;
#154 = DIRECTION ( 'NONE',  ( 0.7071067811865422437, -0.7071067811865527908, 0.000000000000000000 ) ) ;
#155 = ORIENTED_EDGE ( 'NONE', *, *, #55, .T. ) ;
#156 = DIRECTION ( 'NONE',  ( 1.000000000000000000, 0.000000000000000000, 0.000000000000000000 ) ) ;
#157 = LINE ( 'NONE', #1186, #2024 ) ;
#158 = VECTOR ( 'NONE', #2550, 1000.000000000000000 ) ;
#159 = ADVANCED_FACE ( 'NONE', ( #2600 ), #301, .F. ) ;
#160 = ORIENTED_EDGE ( 'NONE', *, *, #2464, .F. ) ;
#161 = DIRECTION ( 'NONE',  ( 1.000000000000000000, -5.365409281204135312E-16, 0.000000000000000000 ) ) ;
#162 = DIRECTION ( 'NONE',  ( -0.4999999999999998890, 0.8660254037844387076, 0.000000000000000000 ) ) ;
#163 = CARTESIAN_POINT ( 'NONE',  ( -17.79157588296349601, -18.55371267002507452, 5.953939388471076732 ) ) ;
#164 = CARTESIAN_POINT ( 'NONE',  ( -26.29830476158793928, 17.05000000000097415, 2.799999999999999822 ) ) ;
#165 = ORIENTED_EDGE ( 'NONE', *, *, #248, .T. ) ;
#166 = LINE ( 'NONE', #2708, #2328 ) ;
#167 = CARTESIAN_POINT ( 'NONE',  ( -23.27553746443775751, 20.98934703784012257, 3.200000000000000178 ) ) ;
#168 = DIRECTION ( 'NONE',  ( 0.000000000000000000, 0.000000000000000000, 1.000000000000000000 ) ) ;
#169 = ORIENTED_EDGE ( 'NONE', *, *, #762, .T. ) ;
#170 = AXIS2_PLACEMENT_3D ( 'NONE', #3116, #64, #2837 ) ;
#171 = CARTESIAN_POINT ( 'NONE',  ( 26.00000000000000355, 0.000000000000000000, 6.000000000000000000 ) ) ;
#172 = VERTEX_POINT ( 'NONE', #861 ) ;
#173 = EDGE_CURVE ( 'NONE', #1582, #1466, #1332, .T. ) ;
#174 = CARTESIAN_POINT ( 'NONE',  ( 3.469446951953614189E-15, -28.50000000000000000, 6.000000000000000000 ) ) ;
#175 = VECTOR ( 'NONE', #3024, 1000.000000000000000 ) ;
#176 = EDGE_LOOP ( 'NONE', ( #3195, #2185, #1893, #2945 ) ) ;
#177 = CARTESIAN_POINT ( 'NONE',  ( 19.31573948979314537, 17.02954906319538608, 5.968450208005759983 ) ) ;
#178 = CARTESIAN_POINT ( 'NONE',  ( 25.00000000000000000, 3.061616997868383043E-15, 2.000000000000000000 ) ) ;
#179 = VECTOR ( 'NONE', #264, 1000.000000000000000 ) ;
#180 = VERTEX_POINT ( 'NONE', #1318 ) ;
#181 = LINE ( 'NONE', #3283, #1055 ) ;
#182 = PRODUCT ( '2\X2\987676d6\X0\', '2\X2\987676d6\X0\', '', ( #2572 ) ) ;
#183 = EDGE_CURVE ( 'NONE', #910, #1902, #3192, .T. ) ;
#184 = DIRECTION ( 'NONE',  ( 0.000000000000000000, 0.000000000000000000, -1.000000000000000000 ) ) ;
#185 = CARTESIAN_POINT ( 'NONE',  ( -26.29830476158793928, 17.05000000000097415, 2.799999999999999822 ) ) ;
#186 = VERTEX_POINT ( 'NONE', #177 ) ;
#187 = DIRECTION ( 'NONE',  ( 0.5000000000000009992, 0.8660254037844380415, 0.000000000000000000 ) ) ;
#188 = ORIENTED_EDGE ( 'NONE', *, *, #3294, .F. ) ;
#189 = CIRCLE ( 'NONE', #3087, 32.00000000000000000 ) ;
#190 = CARTESIAN_POINT ( 'NONE',  ( 3.469446951953614189E-15, -28.50000000000000000, 2.799999999999999822 ) ) ;
#191 = CARTESIAN_POINT ( 'NONE',  ( 1.616580753728785957, -31.29999999999987637, 2.799999999999999822 ) ) ;
#192 = ADVANCED_FACE ( 'NONE', ( #2683 ), #2157, .F. ) ;
#193 = VECTOR ( 'NONE', #457, 1000.000000000000000 ) ;
#194 = ORIENTED_EDGE ( 'NONE', *, *, #299, .F. ) ;
#195 = VERTEX_POINT ( 'NONE', #686 ) ;
#196 = CARTESIAN_POINT ( 'NONE',  ( 1.616580753728785957, -31.29999999999987637, 2.799999999999999822 ) ) ;
#197 = LINE ( 'NONE', #3194, #2606 ) ;
#198 = ORIENTED_EDGE ( 'NONE', *, *, #774, .T. ) ;
#199 = DIRECTION ( 'NONE',  ( 0.5000000000000001110, 0.8660254037844385966, 0.000000000000000000 ) ) ;
#200 = EDGE_CURVE ( 'NONE', #377, #1729, #1899, .T. ) ;
#201 = ORIENTED_EDGE ( 'NONE', *, *, #2671, .F. ) ;
#202 = PLANE ( 'NONE',  #2237 ) ;
#203 = EDGE_LOOP ( 'NONE', ( #1760, #2696 ) ) ;
#204 = CARTESIAN_POINT ( 'NONE',  ( 23.06514325412496547, 11.44999999999907381, 2.799999999999999822 ) ) ;
#205 = DIRECTION ( 'NONE',  ( -0.000000000000000000, -0.000000000000000000, 1.000000000000000000 ) ) ;
#206 = ORIENTED_EDGE ( 'NONE', *, *, #2464, .T. ) ;
#207 = ORIENTED_EDGE ( 'NONE', *, *, #1765, .T. ) ;
#208 = EDGE_CURVE ( 'NONE', #1447, #1543, #2192, .T. ) ;
#209 = LINE ( 'NONE', #723, #2968 ) ;
#210 = DIRECTION ( 'NONE',  ( 0.000000000000000000, 0.000000000000000000, 1.000000000000000000 ) ) ;
#211 = ORIENTED_EDGE ( 'NONE', *, *, #173, .T. ) ;
#212 = EDGE_CURVE ( 'NONE', #2573, #2898, #2718, .T. ) ;
#213 = ORIENTED_EDGE ( 'NONE', *, *, #1558, .T. ) ;
#214 = PLANE ( 'NONE',  #1462 ) ;
#215 = FACE_OUTER_BOUND ( 'NONE', #3084, .T. ) ;
#216 = ORIENTED_EDGE ( 'NONE', *, *, #2366, .F. ) ;
#217 = VECTOR ( 'NONE', #3127, 1000.000000000000000 ) ;
#218 = CARTESIAN_POINT ( 'NONE',  ( -22.43873369041443411, -17.86635283721874146, 3.200000000000000178 ) ) ;
#219 = DIRECTION ( 'NONE',  ( 0.4999999999999997224, -0.8660254037844388186, 0.000000000000000000 ) ) ;
#220 = AXIS2_PLACEMENT_3D ( 'NONE', #930, #3256, #2228 ) ;
#221 = EDGE_CURVE ( 'NONE', #1556, #877, #1211, .T. ) ;
#222 = ORIENTED_EDGE ( 'NONE', *, *, #3190, .T. ) ;
#223 = CARTESIAN_POINT ( 'NONE',  ( 20.15254326381646166, -20.15254326381675298, 0.000000000000000000 ) ) ;
#224 = ORIENTED_EDGE ( 'NONE', *, *, #1398, .T. ) ;
#225 = DIRECTION ( 'NONE',  ( -0.9659258262890684232, 0.2588190451025204064, 0.000000000000000000 ) ) ;
#226 = DIRECTION ( 'NONE',  ( -0.4999999999999999445, -0.8660254037844387076, 0.000000000000000000 ) ) ;
#227 = CARTESIAN_POINT ( 'NONE',  ( -20.15254326381681338, -20.15254326381639771, 0.000000000000000000 ) ) ;
#228 = VERTEX_POINT ( 'NONE', #196 ) ;
#229 = ORIENTED_EDGE ( 'NONE', *, *, #1215, .F. ) ;
#230 = CARTESIAN_POINT ( 'NONE',  ( 22.43873369041430266, 17.86635283721888712, 6.000000000000000000 ) ) ;
#231 = ADVANCED_FACE ( 'NONE', ( #1440 ), #954, .F. ) ;
#232 = EDGE_LOOP ( 'NONE', ( #2082, #2771, #2057, #586 ) ) ;
#233 = CIRCLE ( 'NONE', #2689, 1.000000000000000000 ) ;
#234 = AXIS2_PLACEMENT_3D ( 'NONE', #765, #2244, #751 ) ;
#235 = VECTOR ( 'NONE', #2486, 1000.000000000000114 ) ;
#236 = CARTESIAN_POINT ( 'NONE',  ( 26.48172400785650638, -14.24999999999999467, 0.000000000000000000 ) ) ;
#237 = ORIENTED_EDGE ( 'NONE', *, *, #3043, .T. ) ;
#238 = ADVANCED_FACE ( 'NONE', ( #1648, #702 ), #1882, .T. ) ;
#239 = VERTEX_POINT ( 'NONE', #1952 ) ;
#240 = DIRECTION ( 'NONE',  ( -1.000000000000000000, 0.000000000000000000, 0.000000000000000000 ) ) ;
#241 = FACE_OUTER_BOUND ( 'NONE', #3002, .T. ) ;
#242 = VECTOR ( 'NONE', #219, 1000.000000000000114 ) ;
#243 = ORIENTED_EDGE ( 'NONE', *, *, #1991, .T. ) ;
#244 = ORIENTED_EDGE ( 'NONE', *, *, #2320, .F. ) ;
#245 = LINE ( 'NONE', #2010, #1304 ) ;
#246 = VECTOR ( 'NONE', #3278, 1000.000000000000000 ) ;
#247 = ORIENTED_EDGE ( 'NONE', *, *, #330, .T. ) ;
#248 = EDGE_CURVE ( 'NONE', #713, #3180, #1226, .T. ) ;
#249 = CARTESIAN_POINT ( 'NONE',  ( -19.31573948979309208, 17.02954906319545358, 3.200000000000000178 ) ) ;
#250 = ORIENTED_EDGE ( 'NONE', *, *, #55, .F. ) ;
#251 = ORIENTED_EDGE ( 'NONE', *, *, #2611, .T. ) ;
#252 = DIRECTION ( 'NONE',  ( 1.000000000000000000, -5.365409281204135312E-16, 0.000000000000000000 ) ) ;
#253 = DIRECTION ( 'NONE',  ( -0.000000000000000000, -0.000000000000000000, -1.000000000000000000 ) ) ;
#254 = FACE_BOUND ( 'NONE', #784, .T. ) ;
#255 = CARTESIAN_POINT ( 'NONE',  ( -26.00000000000000355, 3.184081677783118585E-15, 5.000000000000000000 ) ) ;
#256 = PRODUCT_DEFINITION ( 'æœ', '', #490, #693 ) ;
#257 = EDGE_LOOP ( 'NONE', ( #2019, #1853 ) ) ;
#258 = VERTEX_POINT ( 'NONE', #441 ) ;
#259 = PLANE ( 'NONE',  #494 ) ;
#260 = AXIS2_PLACEMENT_3D ( 'NONE', #1384, #1659, #3096 ) ;
#261 = CARTESIAN_POINT ( 'NONE',  ( 17.86635283721881606, -22.43873369041435595, 3.200000000000000178 ) ) ;
#262 =( NAMED_UNIT ( * ) SI_UNIT ( $, .STERADIAN. ) SOLID_ANGLE_UNIT ( ) );
#263 = ORIENTED_EDGE ( 'NONE', *, *, #285, .T. ) ;
#264 = DIRECTION ( 'NONE',  ( -0.4999999999999999445, 0.8660254037844387076, 0.000000000000000000 ) ) ;
#265 = CIRCLE ( 'NONE', #2129, 1.799999999999999822 ) ;
#266 = ADVANCED_FACE ( 'NONE', ( #2961 ), #384, .F. ) ;
#267 = ORIENTED_EDGE ( 'NONE', *, *, #2541, .F. ) ;
#268 = DIRECTION ( 'NONE',  ( 1.000000000000000000, 0.000000000000000000, 0.000000000000000000 ) ) ;
#269 = PLANE ( 'NONE',  #572 ) ;
#270 = DIRECTION ( 'NONE',  ( -1.000000000000000000, 0.000000000000000000, -0.000000000000000000 ) ) ;
#271 = LINE ( 'NONE', #2322, #1637 ) ;
#272 = CIRCLE ( 'NONE', #220, 1.799999999999999600 ) ;
#273 = ORIENTED_EDGE ( 'NONE', *, *, #2541, .T. ) ;
#274 = ORIENTED_EDGE ( 'NONE', *, *, #485, .T. ) ;
#275 = DIRECTION ( 'NONE',  ( 0.9659258262890685343, -0.2588190451025199068, 0.000000000000000000 ) ) ;
#276 = ADVANCED_FACE ( 'NONE', ( #935 ), #1936, .F. ) ;
#277 = AXIS2_PLACEMENT_3D ( 'NONE', #2899, #85, #1115 ) ;
#278 = ORIENTED_EDGE ( 'NONE', *, *, #432, .F. ) ;
#279 = ADVANCED_FACE ( 'NONE', ( #2922 ), #1630, .T. ) ;
#280 = CIRCLE ( 'NONE', #2583, 32.00000000000000000 ) ;
#281 = VECTOR ( 'NONE', #1843, 1000.000000000000000 ) ;
#282 = VERTEX_POINT ( 'NONE', #917 ) ;
#283 = DIRECTION ( 'NONE',  ( 0.2588190451025204064, 0.9659258262890684232, 0.000000000000000000 ) ) ;
#284 = CYLINDRICAL_SURFACE ( 'NONE', #2171, 1.799999999999999600 ) ;
#285 = EDGE_CURVE ( 'NONE', #1968, #2111, #667, .T. ) ;
#286 = CALENDAR_DATE ( 2026, 28, 8 ) ;
#287 = EDGE_LOOP ( 'NONE', ( #2676, #211, #2396, #2950 ) ) ;
#288 = LINE ( 'NONE', #609, #1602 ) ;
#289 = DIRECTION ( 'NONE',  ( -0.000000000000000000, -0.000000000000000000, 1.000000000000000000 ) ) ;
#290 = CARTESIAN_POINT ( 'NONE',  ( -25.00000000000000000, 0.000000000000000000, 2.000000000000000000 ) ) ;
#291 = VERTEX_POINT ( 'NONE', #366 ) ;
#292 = EDGE_CURVE ( 'NONE', #2872, #2173, #1424, .T. ) ;
#293 = CARTESIAN_POINT ( 'NONE',  ( -24.68172400785649856, -14.25000000000001243, 6.000000000000000000 ) ) ;
#294 = EDGE_LOOP ( 'NONE', ( #946, #1439, #991, #775 ) ) ;
#295 = CARTESIAN_POINT ( 'NONE',  ( -20.15254326381681338, -20.15254326381639771, 0.000000000000000000 ) ) ;
#296 = AXIS2_PLACEMENT_3D ( 'NONE', #810, #2345, #56 ) ;
#297 = DATE_AND_TIME ( #2365, #925 ) ;
#298 = VECTOR ( 'NONE', #2561, 1000.000000000000114 ) ;
#299 = EDGE_CURVE ( 'NONE', #300, #1934, #2978, .T. ) ;
#300 = VERTEX_POINT ( 'NONE', #1029 ) ;
#301 = PLANE ( 'NONE',  #2532 ) ;
#302 = DIRECTION ( 'NONE',  ( -0.9659258262890689783, -0.2588190451025181305, 0.000000000000000000 ) ) ;
#303 = EDGE_CURVE ( 'NONE', #2062, #2233, #2786, .T. ) ;
#304 = FACE_BOUND ( 'NONE', #3005, .T. ) ;
#305 = ORIENTED_EDGE ( 'NONE', *, *, #1183, .T. ) ;
#306 = DIRECTION ( 'NONE',  ( -0.8660254037844388186, -0.4999999999999997780, 0.000000000000000000 ) ) ;
#307 = VECTOR ( 'NONE', #368, 1000.000000000000114 ) ;
#308 = DIRECTION ( 'NONE',  ( 0.2588190451025264571, 0.9659258262890667579, 0.000000000000000000 ) ) ;
#309 = ORIENTED_EDGE ( 'NONE', *, *, #2128, .T. ) ;
#310 = CARTESIAN_POINT ( 'NONE',  ( 18.55371267002512781, -17.79157588296341785, 5.953939388471072292 ) ) ;
#311 = EDGE_CURVE ( 'NONE', #1043, #614, #508, .T. ) ;
#312 = VERTEX_POINT ( 'NONE', #1044 ) ;
#313 = CARTESIAN_POINT ( 'NONE',  ( -17.05321379488657740, 19.40405747081184273, 5.989524552513728395 ) ) ;
#314 = CARTESIAN_POINT ( 'NONE',  ( -26.29830476158902997, -17.04999999999896687, 2.799999999999999822 ) ) ;
#315 = EDGE_CURVE ( 'NONE', #2722, #19, #209, .T. ) ;
#316 = ORIENTED_EDGE ( 'NONE', *, *, #330, .F. ) ;
#317 = PLANE ( 'NONE',  #3203 ) ;
#318 = VECTOR ( 'NONE', #2083, 1000.000000000000000 ) ;
#319 = EDGE_LOOP ( 'NONE', ( #353, #3287, #250, #2750, #2507, #1097 ) ) ;
#320 = CARTESIAN_POINT ( 'NONE',  ( -23.27553746443798133, -20.98934703783988454, 3.200000000000000178 ) ) ;
#321 = VECTOR ( 'NONE', #2442, 1000.000000000000000 ) ;
#322 = ADVANCED_FACE ( 'NONE', ( #1472, #1501 ), #1741, .T. ) ;
#323 = VERTEX_POINT ( 'NONE', #1790 ) ;
#324 = CARTESIAN_POINT ( 'NONE',  ( -19.31573948979327326, -17.02954906319525819, 3.200000000000000178 ) ) ;
#325 = EDGE_CURVE ( 'NONE', #1385, #1297, #1932, .T. ) ;
#326 = VERTEX_POINT ( 'NONE', #2818 ) ;
#327 = PLANE ( 'NONE',  #1743 ) ;
#328 = CARTESIAN_POINT ( 'NONE',  ( -1.616580753733118936, -25.69999999999987139, 2.799999999999999822 ) ) ;
#329 = PERSON_AND_ORGANIZATION_ROLE ( 'creator' ) ;
#330 = EDGE_CURVE ( 'NONE', #186, #842, #2028, .T. ) ;
#331 = ORIENTED_EDGE ( 'NONE', *, *, #2347, .T. ) ;
#332 = CARTESIAN_POINT ( 'NONE',  ( 19.49353775130135702, -17.07718996378241272, 6.000000000000000000 ) ) ;
#333 = VECTOR ( 'NONE', #2651, 1000.000000000000114 ) ;
#334 = DIRECTION ( 'NONE',  ( -0.000000000000000000, -0.000000000000000000, 1.000000000000000000 ) ) ;
#335 = ORIENTED_EDGE ( 'NONE', *, *, #1021, .T. ) ;
#336 = DIRECTION ( 'NONE',  ( 0.2588190451025141336, -0.9659258262890700886, 0.000000000000000000 ) ) ;
#337 = AXIS2_PLACEMENT_3D ( 'NONE', #1257, #1530, #270 ) ;
#338 = CARTESIAN_POINT ( 'NONE',  ( -23.06514325412711486, -11.44999999999896190, 2.799999999999999822 ) ) ;
#339 = ADVANCED_FACE ( 'NONE', ( #475 ), #269, .F. ) ;
#340 = CARTESIAN_POINT ( 'NONE',  ( 0.000000000000000000, 0.000000000000000000, 6.000000000000000000 ) ) ;
#341 = ORIENTED_EDGE ( 'NONE', *, *, #1277, .F. ) ;
#342 = PLANE ( 'NONE',  #260 ) ;
#343 = DIRECTION ( 'NONE',  ( 1.000000000000000000, 0.000000000000000000, 0.000000000000000000 ) ) ;
#344 = VERTEX_POINT ( 'NONE', #2535 ) ;
#345 = DIRECTION ( 'NONE',  ( 1.000000000000000000, 0.000000000000000000, 0.000000000000000000 ) ) ;
#346 = CARTESIAN_POINT ( 'NONE',  ( 24.68172400785650566, -14.24999999999999467, 0.000000000000000000 ) ) ;
#347 = PERSON_AND_ORGANIZATION ( #461, #1593 ) ;
#348 = ORIENTED_EDGE ( 'NONE', *, *, #3039, .F. ) ;
#349 = CARTESIAN_POINT ( 'NONE',  ( -23.06514325412711486, -11.44999999999896190, 0.000000000000000000 ) ) ;
#350 = DIRECTION ( 'NONE',  ( 0.000000000000000000, 0.000000000000000000, 1.000000000000000000 ) ) ;
#351 = EDGE_CURVE ( 'NONE', #463, #1017, #519, .T. ) ;
#352 = FACE_OUTER_BOUND ( 'NONE', #3248, .T. ) ;
#353 = ORIENTED_EDGE ( 'NONE', *, *, #1369, .F. ) ;
#354 = CARTESIAN_POINT ( 'NONE',  ( 18.35254326381666701, 20.15254326381653982, 0.000000000000000000 ) ) ;
#355 = LINE ( 'NONE', #2652, #1330 ) ;
#356 = LINE ( 'NONE', #3134, #594 ) ;
#357 = ORIENTED_EDGE ( 'NONE', *, *, #1765, .F. ) ;
#358 = CARTESIAN_POINT ( 'NONE',  ( 3.469446951953614189E-15, -28.50000000000000000, 2.799999999999999822 ) ) ;
#359 = AXIS2_PLACEMENT_3D ( 'NONE', #2194, #1938, #2980 ) ;
#360 = CARTESIAN_POINT ( 'NONE',  ( 0.000000000000000000, 0.000000000000000000, 6.000000000000000000 ) ) ;
#361 = ORIENTED_EDGE ( 'NONE', *, *, #2338, .T. ) ;
#362 = DIRECTION ( 'NONE',  ( 1.000000000000000000, 0.000000000000000000, 0.000000000000000000 ) ) ;
#363 = EDGE_CURVE ( 'NONE', #1715, #1132, #1747, .T. ) ;
#364 = CARTESIAN_POINT ( 'NONE',  ( 26.29830476158686636, 11.44999999999907203, 0.000000000000000000 ) ) ;
#365 = ORIENTED_EDGE ( 'NONE', *, *, #826, .T. ) ;
#366 = CARTESIAN_POINT ( 'NONE',  ( -26.48172400785650282, 14.25000000000000533, 2.799999999999999822 ) ) ;
#367 = CARTESIAN_POINT ( 'NONE',  ( 1.616580753728785957, -31.29999999999987637, 0.000000000000000000 ) ) ;
#368 = DIRECTION ( 'NONE',  ( -0.5000000000000012212, -0.8660254037844379305, 0.000000000000000000 ) ) ;
#369 = AXIS2_PLACEMENT_3D ( 'NONE', #801, #1535, #2792 ) ;
#370 = DIRECTION ( 'NONE',  ( -0.000000000000000000, -0.000000000000000000, 1.000000000000000000 ) ) ;
#371 = LINE ( 'NONE', #2417, #1050 ) ;
#372 = ORIENTED_EDGE ( 'NONE', *, *, #938, .T. ) ;
#373 = DIRECTION ( 'NONE',  ( -1.000000000000000000, 0.000000000000000000, -0.000000000000000000 ) ) ;
#374 = VECTOR ( 'NONE', #711, 1000.000000000000114 ) ;
#375 = DIRECTION ( 'NONE',  ( 1.000000000000000000, 0.000000000000000000, 0.000000000000000000 ) ) ;
#376 = EDGE_CURVE ( 'NONE', #2476, #2323, #1774, .T. ) ;
#377 = VERTEX_POINT ( 'NONE', #1009 ) ;
#378 = ORIENTED_EDGE ( 'NONE', *, *, #1558, .F. ) ;
#379 = CARTESIAN_POINT ( 'NONE',  ( -3.233161507464071605, -28.49999999999987210, 0.000000000000000000 ) ) ;
#380 = DIRECTION ( 'NONE',  ( -1.000000000000000000, 0.000000000000000000, 0.000000000000000000 ) ) ;
#381 = FACE_BOUND ( 'NONE', #2046, .T. ) ;
#382 = ORIENTED_EDGE ( 'NONE', *, *, #1706, .T. ) ;
#383 = EDGE_CURVE ( 'NONE', #2118, #463, #3031, .T. ) ;
#384 = CYLINDRICAL_SURFACE ( 'NONE', #3291, 23.99999999999999645 ) ;
#385 = AXIS2_PLACEMENT_3D ( 'NONE', #2438, #148, #921 ) ;
#386 = VECTOR ( 'NONE', #1495, 1000.000000000000000 ) ;
#387 = LINE ( 'NONE', #2962, #152 ) ;
#388 = ORIENTED_EDGE ( 'NONE', *, *, #2434, .F. ) ;
#389 = DIRECTION ( 'NONE',  ( 1.000000000000000000, 0.000000000000000000, 0.000000000000000000 ) ) ;
#390 = CARTESIAN_POINT ( 'NONE',  ( -22.43873369041443411, -17.86635283721874146, 3.200000000000000178 ) ) ;
#391 = CARTESIAN_POINT ( 'NONE',  ( 23.06514325412386768, -11.45000000000085372, 2.799999999999999822 ) ) ;
#392 = ORIENTED_EDGE ( 'NONE', *, *, #1171, .F. ) ;
#393 = VECTOR ( 'NONE', #2483, 1000.000000000000114 ) ;
#394 = LINE ( 'NONE', #136, #1125 ) ;
#395 = ADVANCED_FACE ( 'NONE', ( #1517, #241 ), #3316, .T. ) ;
#396 = DIRECTION ( 'NONE',  ( -1.000000000000000000, 5.365409281204141229E-16, 0.000000000000000000 ) ) ;
#397 = ORIENTED_EDGE ( 'NONE', *, *, #3148, .F. ) ;
#398 = CARTESIAN_POINT ( 'NONE',  ( -21.44856250039616441, -14.24999999999896616, 2.799999999999999822 ) ) ;
#399 = AXIS2_PLACEMENT_3D ( 'NONE', #2817, #283, #225 ) ;
#400 = VERTEX_POINT ( 'NONE', #2770 ) ;
#401 = ORIENTED_EDGE ( 'NONE', *, *, #1815, .T. ) ;
#402 = CARTESIAN_POINT ( 'NONE',  ( -17.02954906319545714, 19.31573948979308852, 3.200000000000000178 ) ) ;
#403 = FACE_BOUND ( 'NONE', #1744, .T. ) ;
#404 = EDGE_CURVE ( 'NONE', #3027, #19, #1256, .T. ) ;
#405 = DIRECTION ( 'NONE',  ( 1.000000000000000000, 0.000000000000000000, 0.000000000000000000 ) ) ;
#406 = EDGE_LOOP ( 'NONE', ( #1754, #1188 ) ) ;
#407 = DIRECTION ( 'NONE',  ( 1.000000000000000000, 0.000000000000000000, 0.000000000000000000 ) ) ;
#408 = VECTOR ( 'NONE', #1527, 1000.000000000000000 ) ;
#409 = EDGE_CURVE ( 'NONE', #614, #2860, #460, .T. ) ;
#410 = LINE ( 'NONE', #2163, #2492 ) ;
#411 = VECTOR ( 'NONE', #253, 1000.000000000000000 ) ;
#412 = ORIENTED_EDGE ( 'NONE', *, *, #485, .F. ) ;
#413 = CARTESIAN_POINT ( 'NONE',  ( 1.616580753730953557, 31.30000000000000071, 0.000000000000000000 ) ) ;
#414 = ORIENTED_EDGE ( 'NONE', *, *, #1854, .F. ) ;
#415 = CARTESIAN_POINT ( 'NONE',  ( -17.10147394245077734, -19.58416679350125733, 6.000000000000000000 ) ) ;
#416 = CARTESIAN_POINT ( 'NONE',  ( -22.43873369041423871, 17.86635283721896528, 3.200000000000000178 ) ) ;
#417 = CARTESIAN_POINT ( 'NONE',  ( -1.616580753733118048, -31.29999999999987637, 2.799999999999999822 ) ) ;
#418 = VECTOR ( 'NONE', #3198, 1000.000000000000114 ) ;
#419 = VERTEX_POINT ( 'NONE', #2005 ) ;
#420 = ADVANCED_FACE ( 'NONE', ( #3048 ), #2504, .F. ) ;
#421 = ORIENTED_EDGE ( 'NONE', *, *, #383, .T. ) ;
#422 = DIRECTION ( 'NONE',  ( 0.8660254037844390407, 0.4999999999999995004, -0.000000000000000000 ) ) ;
#423 = CARTESIAN_POINT ( 'NONE',  ( -17.86635283721921041, -22.43873369041405397, 3.200000000000000178 ) ) ;
#424 = CARTESIAN_POINT ( 'NONE',  ( -26.29830476158902997, -17.04999999999896687, 2.799999999999999822 ) ) ;
#425 = CYLINDRICAL_SURFACE ( 'NONE', #2858, 1.799999999999999600 ) ;
#426 = DIRECTION ( 'NONE',  ( 0.000000000000000000, 0.000000000000000000, 1.000000000000000000 ) ) ;
#427 = ORIENTED_EDGE ( 'NONE', *, *, #907, .T. ) ;
#428 = CARTESIAN_POINT ( 'NONE',  ( -24.68172400785650211, 14.25000000000000533, 2.799999999999999822 ) ) ;
#429 = DIRECTION ( 'NONE',  ( -0.000000000000000000, -0.000000000000000000, 1.000000000000000000 ) ) ;
#430 = FACE_BOUND ( 'NONE', #732, .T. ) ;
#431 = VERTEX_POINT ( 'NONE', #3095 ) ;
#432 = EDGE_CURVE ( 'NONE', #1680, #3183, #1804, .T. ) ;
#433 = PLANE ( 'NONE',  #969 ) ;
#434 = VECTOR ( 'NONE', #52, 1000.000000000000114 ) ;
#435 = ORIENTED_EDGE ( 'NONE', *, *, #2479, .T. ) ;
#436 = CARTESIAN_POINT ( 'NONE',  ( 17.02954906319532213, -19.31573948979320221, 3.200000000000000178 ) ) ;
#437 = CARTESIAN_POINT ( 'NONE',  ( -17.86635283721921041, -22.43873369041405397, 3.200000000000000178 ) ) ;
#438 = DIRECTION ( 'NONE',  ( -1.000000000000000000, 5.365409281204135312E-16, 0.000000000000000000 ) ) ;
#439 = AXIS2_PLACEMENT_3D ( 'NONE', #1839, #2870, #629 ) ;
#440 = ORIENTED_EDGE ( 'NONE', *, *, #1283, .T. ) ;
#441 = CARTESIAN_POINT ( 'NONE',  ( 1.800000000000003153, -28.50000000000000000, 2.799999999999999822 ) ) ;
#442 = DIRECTION ( 'NONE',  ( -0.000000000000000000, -0.000000000000000000, -1.000000000000000000 ) ) ;
#443 = ADVANCED_FACE ( 'NONE', ( #798 ), #284, .F. ) ;
#444 = LINE ( 'NONE', #164, #682 ) ;
#445 = AXIS2_PLACEMENT_3D ( 'NONE', #2489, #2234, #882 ) ;
#446 = ORIENTED_EDGE ( 'NONE', *, *, #595, .T. ) ;
#447 = CARTESIAN_POINT ( 'NONE',  ( -23.06514325412603128, 11.45000000000096740, 0.000000000000000000 ) ) ;
#448 = CARTESIAN_POINT ( 'NONE',  ( 32.00000000000000000, 3.918869757271530263E-15, 6.000000000000000000 ) ) ;
#449 = ORIENTED_EDGE ( 'NONE', *, *, #1580, .T. ) ;
#450 = APPROVAL_STATUS ( 'not_yet_approved' ) ;
#451 = DIRECTION ( 'NONE',  ( 0.8660254037844388186, 0.4999999999999997224, -0.000000000000000000 ) ) ;
#452 = ADVANCED_FACE ( 'NONE', ( #27 ), #2829, .F. ) ;
#453 = CARTESIAN_POINT ( 'NONE',  ( 26.29830476158687347, 17.04999999999907700, 2.799999999999999822 ) ) ;
#454 = ORIENTED_EDGE ( 'NONE', *, *, #3064, .T. ) ;
#455 = VECTOR ( 'NONE', #3181, 1000.000000000000000 ) ;
#456 = LINE ( 'NONE', #3292, #2266 ) ;
#457 = DIRECTION ( 'NONE',  ( 1.000000000000000000, 0.000000000000000000, 0.000000000000000000 ) ) ;
#458 = ORIENTED_EDGE ( 'NONE', *, *, #2935, .T. ) ;
#459 = CARTESIAN_POINT ( 'NONE',  ( -18.35254326381661016, 20.15254326381660377, 0.000000000000000000 ) ) ;
#460 = LINE ( 'NONE', #2271, #411 ) ;
#461 = PERSON ( 'æœª', 'æœª', 'æœª', ('æœª'), ('æœª'), ('æœª') ) ;
#462 = DIRECTION ( 'NONE',  ( 0.000000000000000000, -0.000000000000000000, -1.000000000000000000 ) ) ;
#463 = VERTEX_POINT ( 'NONE', #1157 ) ;
#464 = PLANE ( 'NONE',  #2568 ) ;
#465 = CARTESIAN_POINT ( 'NONE',  ( 3.233161507459740847, -28.49999999999987210, 2.799999999999999822 ) ) ;
#466 = EDGE_CURVE ( 'NONE', #2058, #1423, #1428, .T. ) ;
#467 = EDGE_LOOP ( 'NONE', ( #2681, #2182 ) ) ;
#468 = EDGE_CURVE ( 'NONE', #658, #1866, #750, .T. ) ;
#469 = VECTOR ( 'NONE', #1584, 1000.000000000000000 ) ;
#470 = DIRECTION ( 'NONE',  ( -1.000000000000000000, 0.000000000000000000, 0.000000000000000000 ) ) ;
#471 = LINE ( 'NONE', #2513, #242 ) ;
#472 = ORIENTED_EDGE ( 'NONE', *, *, #1594, .F. ) ;
#473 = VERTEX_POINT ( 'NONE', #2215 ) ;
#474 = LINE ( 'NONE', #1484, #1575 ) ;
#475 = FACE_OUTER_BOUND ( 'NONE', #2733, .T. ) ;
#476 = EDGE_CURVE ( 'NONE', #795, #104, #197, .T. ) ;
#477 = ORIENTED_EDGE ( 'NONE', *, *, #2355, .F. ) ;
#478 = ORIENTED_EDGE ( 'NONE', *, *, #1266, .T. ) ;
#479 = DIRECTION ( 'NONE',  ( -0.9659258262890711988, -0.2588190451025098038, 0.000000000000000000 ) ) ;
#480 = EDGE_CURVE ( 'NONE', #84, #400, #1901, .T. ) ;
#481 = CARTESIAN_POINT ( 'NONE',  ( 0.000000000000000000, 0.000000000000000000, 2.799999999999999822 ) ) ;
#482 = ORIENTED_EDGE ( 'NONE', *, *, #1171, .T. ) ;
#483 = LINE ( 'NONE', #3091, #179 ) ;
#484 = CARTESIAN_POINT ( 'NONE',  ( -17.02954906319566319, -19.31573948979292155, 3.200000000000000178 ) ) ;
#485 = EDGE_CURVE ( 'NONE', #2521, #2205, #387, .T. ) ;
#486 = LINE ( 'NONE', #2512, #2306 ) ;
#487 = FACE_OUTER_BOUND ( 'NONE', #1194, .T. ) ;
#488 = CIRCLE ( 'NONE', #1041, 1.799999999999999600 ) ;
#489 = VERTEX_POINT ( 'NONE', #1412 ) ;
#490 = PRODUCT_DEFINITION_FORMATION_WITH_SPECIFIED_SOURCE ( 'ä»', '', #182, .NOT_KNOWN. ) ;
#491 = ORIENTED_EDGE ( 'NONE', *, *, #847, .T. ) ;
#492 = DIRECTION ( 'NONE',  ( 0.000000000000000000, 0.000000000000000000, 1.000000000000000000 ) ) ;
#493 = DIRECTION ( 'NONE',  ( -0.5000000000000008882, -0.8660254037844380415, 0.000000000000000000 ) ) ;
#494 = AXIS2_PLACEMENT_3D ( 'NONE', #1293, #2309, #20 ) ;
#495 = EDGE_CURVE ( 'NONE', #1489, #2761, #2924, .T. ) ;
#496 = ORIENTED_EDGE ( 'NONE', *, *, #2947, .T. ) ;
#497 = CARTESIAN_POINT ( 'NONE',  ( 20.98934703783996270, -23.27553746443789251, 6.000000000000000000 ) ) ;
#498 = CARTESIAN_POINT ( 'NONE',  ( -21.44856250039616441, -14.24999999999896616, 0.000000000000000000 ) ) ;
#499 = FACE_OUTER_BOUND ( 'NONE', #1959, .T. ) ;
#500 = DIRECTION ( 'NONE',  ( -1.000000000000000000, 0.000000000000000000, -0.000000000000000000 ) ) ;
#501 = ORIENTED_EDGE ( 'NONE', *, *, #200, .F. ) ;
#502 = CARTESIAN_POINT ( 'NONE',  ( 21.44856250039401147, 14.24999999999907807, 0.000000000000000000 ) ) ;
#503 = DIRECTION ( 'NONE',  ( 1.000000000000000000, 0.000000000000000000, 0.000000000000000000 ) ) ;
#504 = ADVANCED_FACE ( 'NONE', ( #146 ), #901, .F. ) ;
#505 = ORIENTED_EDGE ( 'NONE', *, *, #2877, .F. ) ;
#506 = ORIENTED_EDGE ( 'NONE', *, *, #2256, .T. ) ;
#507 = DIRECTION ( 'NONE',  ( 0.000000000000000000, 0.000000000000000000, 1.000000000000000000 ) ) ;
#508 = LINE ( 'NONE', #3260, #550 ) ;
#509 = CIRCLE ( 'NONE', #1995, 1.799999999999999600 ) ;
#510 = ORIENTED_EDGE ( 'NONE', *, *, #102, .T. ) ;
#511 = ORIENTED_EDGE ( 'NONE', *, *, #3142, .F. ) ;
#512 = CARTESIAN_POINT ( 'NONE',  ( 3.233161507459740847, -28.49999999999987210, 2.799999999999999822 ) ) ;
#513 = VERTEX_POINT ( 'NONE', #178 ) ;
#514 = EDGE_CURVE ( 'NONE', #400, #795, #1178, .T. ) ;
#515 = CARTESIAN_POINT ( 'NONE',  ( -19.49353775130164124, -17.07718996378208587, 6.000000000000000000 ) ) ;
#516 = ORIENTED_EDGE ( 'NONE', *, *, #3222, .F. ) ;
#517 = ORIENTED_EDGE ( 'NONE', *, *, #315, .T. ) ;
#518 = CARTESIAN_POINT ( 'NONE',  ( 21.44856250039401147, 14.24999999999907807, 2.799999999999999822 ) ) ;
#519 = LINE ( 'NONE', #1529, #298 ) ;
#520 = FACE_BOUND ( 'NONE', #2190, .T. ) ;
#521 = CARTESIAN_POINT ( 'NONE',  ( 32.00000000000000000, 3.918869757271530263E-15, 2.000000000000000000 ) ) ;
#522 = ADVANCED_FACE ( 'NONE', ( #2666 ), #1651, .F. ) ;
#523 = EDGE_LOOP ( 'NONE', ( #1793, #53, #855, #1685 ) ) ;
#524 = ORIENTED_EDGE ( 'NONE', *, *, #3190, .F. ) ;
#525 = LINE ( 'NONE', #1536, #867 ) ;
#526 = CIRCLE ( 'NONE', #3207, 25.00000000000000000 ) ;
#527 = DIRECTION ( 'NONE',  ( 0.8660254037844387076, -0.4999999999999998890, 0.000000000000000000 ) ) ;
#528 = CARTESIAN_POINT ( 'NONE',  ( -26.29830476158793928, 17.05000000000097415, 0.000000000000000000 ) ) ;
#529 = ORIENTED_EDGE ( 'NONE', *, *, #894, .F. ) ;
#530 = ADVANCED_FACE ( 'NONE', ( #2158 ), #919, .F. ) ;
#531 = CARTESIAN_POINT ( 'NONE',  ( 23.06514325412496547, 11.44999999999907381, 2.799999999999999822 ) ) ;
#532 = TOROIDAL_SURFACE ( 'NONE', #1539, 26.00000000000000355, 1.000000000000000000 ) ;
#533 = ORIENTED_EDGE ( 'NONE', *, *, #1192, .T. ) ;
#534 = DIRECTION ( 'NONE',  ( -0.000000000000000000, -0.000000000000000000, 1.000000000000000000 ) ) ;
#535 = DIRECTION ( 'NONE',  ( 0.4999999999999990008, -0.8660254037844391517, 0.000000000000000000 ) ) ;
#536 = VECTOR ( 'NONE', #2871, 1000.000000000000000 ) ;
#537 = DIRECTION ( 'NONE',  ( 1.000000000000000000, -1.073081856240825879E-15, 0.000000000000000000 ) ) ;
#538 = CIRCLE ( 'NONE', #170, 1.800000000000002931 ) ;
#539 = EDGE_LOOP ( 'NONE', ( #517, #821, #2036, #1948 ) ) ;
#540 = CARTESIAN_POINT ( 'NONE',  ( 26.48172400785650282, 14.25000000000000355, 2.799999999999999822 ) ) ;
#541 = CARTESIAN_POINT ( 'NONE',  ( -24.68172400785650211, 14.25000000000000533, 6.000000000000000000 ) ) ;
#542 = DIRECTION ( 'NONE',  ( 0.2588190451025115246, -0.9659258262890707547, 0.000000000000000000 ) ) ;
#543 = EDGE_CURVE ( 'NONE', #1004, #860, #2721, .T. ) ;
#544 = VECTOR ( 'NONE', #48, 1000.000000000000000 ) ;
#545 = ORIENTED_EDGE ( 'NONE', *, *, #2765, .T. ) ;
#546 = PLANE ( 'NONE',  #24 ) ;
#547 = DIRECTION ( 'NONE',  ( -1.000000000000000000, 0.000000000000000000, 0.000000000000000000 ) ) ;
#548 = AXIS2_PLACEMENT_3D ( 'NONE', #2669, #1078, #674 ) ;
#549 = VECTOR ( 'NONE', #2985, 1000.000000000000000 ) ;
#550 = VECTOR ( 'NONE', #493, 1000.000000000000227 ) ;
#551 = ADVANCED_FACE ( 'NONE', ( #1920 ), #2706, .F. ) ;
#552 = VERTEX_POINT ( 'NONE', #2455 ) ;
#553 = LINE ( 'NONE', #54, #318 ) ;
#554 = PLANE ( 'NONE',  #2289 ) ;
#555 = EDGE_CURVE ( 'NONE', #282, #137, #3247, .T. ) ;
#556 = ORIENTED_EDGE ( 'NONE', *, *, #3294, .T. ) ;
#557 = CARTESIAN_POINT ( 'NONE',  ( 0.000000000000000000, 0.000000000000000000, 6.000000000000000000 ) ) ;
#558 = CARTESIAN_POINT ( 'NONE',  ( 0.000000000000000000, 0.000000000000000000, 3.200000000000000178 ) ) ;
#559 = DIRECTION ( 'NONE',  ( -1.000000000000000000, 0.000000000000000000, 0.000000000000000000 ) ) ;
#560 = VECTOR ( 'NONE', #2284, 1000.000000000000000 ) ;
#561 = CC_DESIGN_PERSON_AND_ORGANIZATION_ASSIGNMENT ( #1315, #329, ( #256 ) ) ;
#562 = ORIENTED_EDGE ( 'NONE', *, *, #2841, .T. ) ;
#563 = DIRECTION ( 'NONE',  ( 0.4999999999999993339, 0.8660254037844389297, 0.000000000000000000 ) ) ;
#564 = PLANE ( 'NONE',  #714 ) ;
#565 = EDGE_CURVE ( 'NONE', #1772, #129, #444, .T. ) ;
#566 = DIRECTION ( 'NONE',  ( 0.000000000000000000, 0.000000000000000000, 1.000000000000000000 ) ) ;
#567 = VERTEX_POINT ( 'NONE', #1689 ) ;
#568 = CARTESIAN_POINT ( 'NONE',  ( 26.29830476158577568, -17.05000000000086047, 2.799999999999999822 ) ) ;
#569 = CARTESIAN_POINT ( 'NONE',  ( -24.68172400785649856, -14.25000000000001243, 2.799999999999999822 ) ) ;
#570 = VECTOR ( 'NONE', #2679, 1000.000000000000114 ) ;
#571 = APPROVAL_ROLE ( '' ) ;
#572 = AXIS2_PLACEMENT_3D ( 'NONE', #3279, #3062, #2039 ) ;
#573 = ORIENTED_EDGE ( 'NONE', *, *, #622, .F. ) ;
#574 = ADVANCED_FACE ( 'NONE', ( #703 ), #425, .F. ) ;
#575 = DIRECTION ( 'NONE',  ( 1.000000000000000000, 0.000000000000000000, 0.000000000000000000 ) ) ;
#576 = CARTESIAN_POINT ( 'NONE',  ( 0.000000000000000000, 0.000000000000000000, 5.000000000000000000 ) ) ;
#577 = CARTESIAN_POINT ( 'NONE',  ( 21.44856250039291368, -14.25000000000085620, 2.799999999999999822 ) ) ;
#578 = ORIENTED_EDGE ( 'NONE', *, *, #495, .F. ) ;
#579 = LINE ( 'NONE', #3162, #2051 ) ;
#580 = VECTOR ( 'NONE', #612, 1000.000000000000000 ) ;
#581 = DIRECTION ( 'NONE',  ( 0.000000000000000000, 0.000000000000000000, 1.000000000000000000 ) ) ;
#582 = ORIENTED_EDGE ( 'NONE', *, *, #977, .T. ) ;
#583 = CARTESIAN_POINT ( 'NONE',  ( -26.29830476158902997, -17.04999999999896687, 2.799999999999999822 ) ) ;
#584 = B_SPLINE_CURVE_WITH_KNOTS ( 'NONE', 3,
 ( #589, #313, #1834, #3155 ),
 .UNSPECIFIED., .F., .F.,
 ( 4, 4 ),
 ( 0.000000000000000000, 0.0002796815957600257249 ),
 .UNSPECIFIED. ) ;
#585 = EDGE_CURVE ( 'NONE', #1612, #2807, #2351, .T. ) ;
#586 = ORIENTED_EDGE ( 'NONE', *, *, #1727, .T. ) ;
#587 = FACE_OUTER_BOUND ( 'NONE', #2934, .T. ) ;
#588 = CARTESIAN_POINT ( 'NONE',  ( 18.93472753728444147, 17.41056101570409353, 5.959745713280493185 ) ) ;
#589 = CARTESIAN_POINT ( 'NONE',  ( -17.02954906319545714, 19.31573948979308852, 5.968450208005761759 ) ) ;
#590 = DIRECTION ( 'NONE',  ( 1.000000000000000000, 0.000000000000000000, 0.000000000000000000 ) ) ;
#591 = AXIS2_PLACEMENT_3D ( 'NONE', #416, #2500, #735 ) ;
#592 = ORIENTED_EDGE ( 'NONE', *, *, #3262, .T. ) ;
#593 = DIRECTION ( 'NONE',  ( 1.000000000000000000, 0.000000000000000000, 0.000000000000000000 ) ) ;
#594 = VECTOR ( 'NONE', #886, 1000.000000000000000 ) ;
#595 = EDGE_CURVE ( 'NONE', #19, #2661, #832, .T. ) ;
#596 = DIRECTION ( 'NONE',  ( 1.000000000000000000, 0.000000000000000000, 0.000000000000000000 ) ) ;
#597 = ORIENTED_EDGE ( 'NONE', *, *, #466, .T. ) ;
#598 = DIRECTION ( 'NONE',  ( 0.9659258262890665359, -0.2588190451025269012, 0.000000000000000000 ) ) ;
#599 = VECTOR ( 'NONE', #1281, 1000.000000000000000 ) ;
#600 = CARTESIAN_POINT ( 'NONE',  ( 17.02954906319532213, -19.31573948979320221, 3.200000000000000178 ) ) ;
#601 = ORIENTED_EDGE ( 'NONE', *, *, #3109, .T. ) ;
#602 = CARTESIAN_POINT ( 'NONE',  ( 0.000000000000000000, 28.50000000000000000, 2.799999999999999822 ) ) ;
#603 = FACE_OUTER_BOUND ( 'NONE', #2971, .T. ) ;
#604 = VECTOR ( 'NONE', #1887, 1000.000000000000000 ) ;
#605 = ORIENTED_EDGE ( 'NONE', *, *, #1497, .F. ) ;
#606 = CARTESIAN_POINT ( 'NONE',  ( 1.616580753728785957, -31.29999999999987637, 2.799999999999999822 ) ) ;
#607 = DIRECTION ( 'NONE',  ( -0.7071067811865474617, -0.7071067811865474617, 0.000000000000000000 ) ) ;
#608 = ORIENTED_EDGE ( 'NONE', *, *, #1982, .F. ) ;
#609 = CARTESIAN_POINT ( 'NONE',  ( -23.27553746443775751, 20.98934703784012257, 6.000000000000000000 ) ) ;
#610 = CARTESIAN_POINT ( 'NONE',  ( 26.48172400785650282, 14.25000000000000355, 0.000000000000000000 ) ) ;
#611 = DIRECTION ( 'NONE',  ( 1.000000000000000000, 0.000000000000000000, -0.000000000000000000 ) ) ;
#612 = DIRECTION ( 'NONE',  ( -0.000000000000000000, -0.000000000000000000, 1.000000000000000000 ) ) ;
#613 = AXIS2_PLACEMENT_3D ( 'NONE', #1731, #2200, #479 ) ;
#614 = VERTEX_POINT ( 'NONE', #3047 ) ;
#615 = CARTESIAN_POINT ( 'NONE',  ( -32.00000000000000000, 0.000000000000000000, 2.000000000000000000 ) ) ;
#616 = DIRECTION ( 'NONE',  ( 0.8660254037844387076, -0.4999999999999998335, 0.000000000000000000 ) ) ;
#617 = B_SPLINE_CURVE_WITH_KNOTS ( 'NONE', 3,
 ( #1367, #2148, #1110, #2928 ),
 .UNSPECIFIED., .F., .F.,
 ( 4, 4 ),
 ( 0.000000000000000000, 0.0002796815957600187860 ),
 .UNSPECIFIED. ) ;
#618 = DIRECTION ( 'NONE',  ( 0.000000000000000000, 0.000000000000000000, 1.000000000000000000 ) ) ;
#619 = CIRCLE ( 'NONE', #2104, 1.800000000000002931 ) ;
#620 = ORIENTED_EDGE ( 'NONE', *, *, #1840, .F. ) ;
#621 = CARTESIAN_POINT ( 'NONE',  ( 17.02954906319532213, -19.31573948979320221, 5.968450208005759983 ) ) ;
#622 = EDGE_CURVE ( 'NONE', #2629, #2558, #755, .T. ) ;
#623 = CARTESIAN_POINT ( 'NONE',  ( -19.31573948979309208, 17.02954906319545358, 5.968450208005761759 ) ) ;
#624 = LINE ( 'NONE', #3138, #2251 ) ;
#625 = EDGE_LOOP ( 'NONE', ( #573, #2988, #2953, #491 ) ) ;
#626 = LINE ( 'NONE', #1625, #2197 ) ;
#627 = DIRECTION ( 'NONE',  ( -0.7071067811865495711, -0.7071067811865454633, 0.000000000000000000 ) ) ;
#628 = ADVANCED_FACE ( 'NONE', ( #2560 ), #2248, .F. ) ;
#629 = DIRECTION ( 'NONE',  ( 1.000000000000000000, 0.000000000000000000, 0.000000000000000000 ) ) ;
#630 = VERTEX_POINT ( 'NONE', #1516 ) ;
#631 = DIRECTION ( 'NONE',  ( 1.000000000000000000, 0.000000000000000000, -0.000000000000000000 ) ) ;
#632 = PLANE ( 'NONE',  #2297 ) ;
#633 = EDGE_CURVE ( 'NONE', #1772, #1914, #14, .T. ) ;
#634 = DIRECTION ( 'NONE',  ( -0.7071067811865421326, 0.7071067811865530128, 0.000000000000000000 ) ) ;
#635 = ORIENTED_EDGE ( 'NONE', *, *, #2505, .F. ) ;
#636 = DIRECTION ( 'NONE',  ( 0.000000000000000000, 0.000000000000000000, 1.000000000000000000 ) ) ;
#637 = DIRECTION ( 'NONE',  ( 0.9659258262890683122, 0.2588190451025206840, 0.000000000000000000 ) ) ;
#638 = CARTESIAN_POINT ( 'NONE',  ( 0.000000000000000000, 0.000000000000000000, 2.000000000000000000 ) ) ;
#639 = FACE_OUTER_BOUND ( 'NONE', #864, .T. ) ;
#640 = ORIENTED_EDGE ( 'NONE', *, *, #2065, .T. ) ;
#641 = EDGE_CURVE ( 'NONE', #282, #3038, #797, .T. ) ;
#642 = EDGE_LOOP ( 'NONE', ( #592, #2510, #1455, #1728 ) ) ;
#643 = CARTESIAN_POINT ( 'NONE',  ( -23.27553746443775751, 20.98934703784012257, 6.000000000000000000 ) ) ;
#644 = ORIENTED_EDGE ( 'NONE', *, *, #2967, .F. ) ;
#645 = FACE_OUTER_BOUND ( 'NONE', #3110, .T. ) ;
#646 = DIRECTION ( 'NONE',  ( 0.7071067811865496822, 0.7071067811865453523, 0.000000000000000000 ) ) ;
#647 = LINE ( 'NONE', #787, #158 ) ;
#648 = VECTOR ( 'NONE', #2867, 1000.000000000000000 ) ;
#649 = DIRECTION ( 'NONE',  ( -0.5000000000000003331, 0.8660254037844384856, 0.000000000000000000 ) ) ;
#650 = DIRECTION ( 'NONE',  ( 0.7071067811865475727, -0.7071067811865475727, 0.000000000000000000 ) ) ;
#651 = EDGE_LOOP ( 'NONE', ( #1243, #201, #1603, #2915 ) ) ;
#652 = CARTESIAN_POINT ( 'NONE',  ( 0.000000000000000000, 0.000000000000000000, 6.000000000000000000 ) ) ;
#653 = EDGE_CURVE ( 'NONE', #153, #1682, #2704, .T. ) ;
#654 = AXIS2_PLACEMENT_3D ( 'NONE', #360, #118, #2933 ) ;
#655 = CARTESIAN_POINT ( 'NONE',  ( -24.68172400785650211, 14.25000000000000533, 0.000000000000000000 ) ) ;
#656 = DIRECTION ( 'NONE',  ( 1.000000000000000000, 0.000000000000000000, 0.000000000000000000 ) ) ;
#657 = CARTESIAN_POINT ( 'NONE',  ( 0.000000000000000000, 0.000000000000000000, 2.799999999999999822 ) ) ;
#658 = VERTEX_POINT ( 'NONE', #2038 ) ;
#659 = VECTOR ( 'NONE', #3068, 1000.000000000000000 ) ;
#660 = LINE ( 'NONE', #1203, #1492 ) ;
#661 = VERTEX_POINT ( 'NONE', #988 ) ;
#662 = DIRECTION ( 'NONE',  ( 0.000000000000000000, 0.000000000000000000, 1.000000000000000000 ) ) ;
#663 = ADVANCED_FACE ( 'NONE', ( #2055 ), #3079, .F. ) ;
#664 = EDGE_LOOP ( 'NONE', ( #1763, #790, #850, #1164 ) ) ;
#665 = APPLICATION_CONTEXT ( 'configuration controlled 3d designs of mechanical parts and assemblies' ) ;
#666 = ORIENTED_EDGE ( 'NONE', *, *, #2557, .F. ) ;
#667 = LINE ( 'NONE', #2702, #3125 ) ;
#668 = CIRCLE ( 'NONE', #2744, 1.799999999999999600 ) ;
#669 = ADVANCED_FACE ( 'NONE', ( #1756 ), #3030, .F. ) ;
#670 = AXIS2_PLACEMENT_3D ( 'NONE', #1915, #2213, #631 ) ;
#671 = DIRECTION ( 'NONE',  ( 0.000000000000000000, 0.000000000000000000, 1.000000000000000000 ) ) ;
#672 = LINE ( 'NONE', #2925, #1259 ) ;
#673 = ORIENTED_EDGE ( 'NONE', *, *, #1046, .F. ) ;
#674 = DIRECTION ( 'NONE',  ( 1.000000000000000000, 0.000000000000000000, 0.000000000000000000 ) ) ;
#675 = DIRECTION ( 'NONE',  ( -1.000000000000000000, 0.000000000000000000, 0.000000000000000000 ) ) ;
#676 = DIRECTION ( 'NONE',  ( 1.000000000000000000, 0.000000000000000000, 0.000000000000000000 ) ) ;
#677 = EDGE_LOOP ( 'NONE', ( #890, #2212 ) ) ;
#678 = EDGE_CURVE ( 'NONE', #2499, #1507, #1008, .T. ) ;
#679 = DIRECTION ( 'NONE',  ( 0.7071067811865527908, 0.7071067811865422437, 0.000000000000000000 ) ) ;
#680 = ORIENTED_EDGE ( 'NONE', *, *, #2894, .T. ) ;
#681 = DIRECTION ( 'NONE',  ( 0.000000000000000000, 0.000000000000000000, 1.000000000000000000 ) ) ;
#682 = VECTOR ( 'NONE', #1939, 1000.000000000000000 ) ;
#683 = PLANE ( 'NONE',  #1833 ) ;
#684 = ORIENTED_EDGE ( 'NONE', *, *, #2120, .T. ) ;
#685 = ORIENTED_EDGE ( 'NONE', *, *, #2725, .T. ) ;
#686 = CARTESIAN_POINT ( 'NONE',  ( 21.44856250039291368, -14.25000000000085620, 2.799999999999999822 ) ) ;
#687 = CYLINDRICAL_SURFACE ( 'NONE', #1219, 25.00000000000000000 ) ;
#688 = EDGE_CURVE ( 'NONE', #2431, #326, #2281, .T. ) ;
#689 = CARTESIAN_POINT ( 'NONE',  ( 3.233161507459740847, -28.49999999999987210, 2.799999999999999822 ) ) ;
#690 = ORIENTED_EDGE ( 'NONE', *, *, #2411, .F. ) ;
#691 = DIRECTION ( 'NONE',  ( 0.4999999999999997224, -0.8660254037844388186, 0.000000000000000000 ) ) ;
#692 = EDGE_LOOP ( 'NONE', ( #1339, #562, #1220, #1306, #767 ) ) ;
#693 = DESIGN_CONTEXT ( 'detailed design', #665, 'design' ) ;
#694 = LINE ( 'NONE', #484, #2556 ) ;
#695 = ORIENTED_EDGE ( 'NONE', *, *, #468, .T. ) ;
#696 = DIRECTION ( 'NONE',  ( 1.000000000000000000, 0.000000000000000000, 0.000000000000000000 ) ) ;
#697 = DIRECTION ( 'NONE',  ( -0.000000000000000000, -0.000000000000000000, 1.000000000000000000 ) ) ;
#698 = ADVANCED_FACE ( 'NONE', ( #2303 ), #1789, .F. ) ;
#699 = CIRCLE ( 'NONE', #3261, 1.000000000000000888 ) ;
#700 = EDGE_LOOP ( 'NONE', ( #3120, #952, #427, #440, #2687, #3126 ) ) ;
#701 = EDGE_LOOP ( 'NONE', ( #3281, #1230 ) ) ;
#702 = FACE_OUTER_BOUND ( 'NONE', #1635, .T. ) ;
#703 = FACE_OUTER_BOUND ( 'NONE', #998, .T. ) ;
#704 = FACE_OUTER_BOUND ( 'NONE', #2064, .T. ) ;
#705 = ORIENTED_EDGE ( 'NONE', *, *, #1342, .T. ) ;
#706 = LINE ( 'NONE', #1923, #1880 ) ;
#707 = AXIS2_PLACEMENT_3D ( 'NONE', #1206, #2482, #362 ) ;
#708 = EDGE_CURVE ( 'NONE', #2233, #186, #2828, .T. ) ;
#709 = DIRECTION ( 'NONE',  ( -0.000000000000000000, -0.000000000000000000, 1.000000000000000000 ) ) ;
#710 = VECTOR ( 'NONE', #1075, 1000.000000000000000 ) ;
#711 = DIRECTION ( 'NONE',  ( 0.4999999999999997224, 0.8660254037844388186, 0.000000000000000000 ) ) ;
#712 = LINE ( 'NONE', #391, #321 ) ;
#713 = VERTEX_POINT ( 'NONE', #1802 ) ;
#714 = AXIS2_PLACEMENT_3D ( 'NONE', #1574, #308, #1337 ) ;
#715 = PLANE ( 'NONE',  #862 ) ;
#716 = EDGE_LOOP ( 'NONE', ( #1647, #2735, #100, #2596 ) ) ;
#717 = DIRECTION ( 'NONE',  ( -0.000000000000000000, -0.000000000000000000, 1.000000000000000000 ) ) ;
#718 = LINE ( 'NONE', #1931, #1963 ) ;
#719 = LINE ( 'NONE', #3293, #393 ) ;
#720 = VECTOR ( 'NONE', #1811, 1000.000000000000114 ) ;
#721 = EDGE_CURVE ( 'NONE', #3173, #1968, #1057, .T. ) ;
#722 = ORIENTED_EDGE ( 'NONE', *, *, #3222, .T. ) ;
#723 = CARTESIAN_POINT ( 'NONE',  ( 17.86635283721881606, -22.43873369041435595, 6.000000000000000000 ) ) ;
#724 = EDGE_LOOP ( 'NONE', ( #222, #949, #3034, #1182 ) ) ;
#726 = CARTESIAN_POINT ( 'NONE',  ( -23.27553746443775751, 20.98934703784012257, 3.200000000000000178 ) ) ;
#725 = CIRCLE ( 'NONE', #3020, 1.799999999999999600 ) ;
#727 = VERTEX_POINT ( 'NONE', #2769 ) ;
#728 = CARTESIAN_POINT ( 'NONE',  ( -24.68172400785649856, -14.25000000000001243, 0.000000000000000000 ) ) ;
#729 = VECTOR ( 'NONE', #470, 1000.000000000000000 ) ;
#730 = ORIENTED_EDGE ( 'NONE', *, *, #1277, .T. ) ;
#731 = DIRECTION ( 'NONE',  ( 0.8660254037844380415, -0.5000000000000009992, 0.000000000000000000 ) ) ;
#732 = EDGE_LOOP ( 'NONE', ( #1787, #454 ) ) ;
#733 = ADVANCED_FACE ( 'NONE', ( #1500 ), #2534, .T. ) ;
#734 =( LENGTH_UNIT ( ) NAMED_UNIT ( * ) SI_UNIT ( .MILLI., .METRE. ) );
#735 = DIRECTION ( 'NONE',  ( 0.9659258262890685343, -0.2588190451025198513, 0.000000000000000000 ) ) ;
#736 = DIRECTION ( 'NONE',  ( -0.7071067811865454633, 0.7071067811865496822, 0.000000000000000000 ) ) ;
#737 = ORIENTED_EDGE ( 'NONE', *, *, #708, .T. ) ;
#738 = ORIENTED_EDGE ( 'NONE', *, *, #1892, .F. ) ;
#739 = DIRECTION ( 'NONE',  ( -0.4999999999999990008, 0.8660254037844391517, 0.000000000000000000 ) ) ;
#740 = DIRECTION ( 'NONE',  ( 1.000000000000000000, 0.000000000000000000, -0.000000000000000000 ) ) ;
#741 = PLANE ( 'NONE',  #337 ) ;
#742 = ORIENTED_EDGE ( 'NONE', *, *, #3202, .F. ) ;
#743 = EDGE_LOOP ( 'NONE', ( #2146, #3170, #1801, #1056 ) ) ;
#744 = CARTESIAN_POINT ( 'NONE',  ( -32.00000000000000000, 0.000000000000000000, 6.000000000000000000 ) ) ;
#745 = EDGE_CURVE ( 'NONE', #1587, #1866, #474, .T. ) ;
#746 = ORIENTED_EDGE ( 'NONE', *, *, #1024, .F. ) ;
#747 = CARTESIAN_POINT ( 'NONE',  ( -19.31573948979327326, -17.02954906319525819, 6.000000000000000000 ) ) ;
#748 = AXIS2_PLACEMENT_3D ( 'NONE', #3061, #507, #2136 ) ;
#749 = FACE_OUTER_BOUND ( 'NONE', #1273, .T. ) ;
#750 = CIRCLE ( 'NONE', #3199, 1.799999999999999600 ) ;
#751 = DIRECTION ( 'NONE',  ( 1.000000000000000000, 0.000000000000000000, 0.000000000000000000 ) ) ;
#752 = ADVANCED_FACE ( 'NONE', ( #1274 ), #2165, .T. ) ;
#753 = ORIENTED_EDGE ( 'NONE', *, *, #315, .F. ) ;
#754 = ORIENTED_EDGE ( 'NONE', *, *, #3273, .F. ) ;
#755 = LINE ( 'NONE', #2803, #835 ) ;
#756 = AXIS2_PLACEMENT_3D ( 'NONE', #1290, #772, #462 ) ;
#757 = CARTESIAN_POINT ( 'NONE',  ( -23.27553746443798133, -20.98934703783988454, 3.200000000000000178 ) ) ;
#758 = ORIENTED_EDGE ( 'NONE', *, *, #1093, .F. ) ;
#759 = EDGE_LOOP ( 'NONE', ( #2904, #1292, #3307, #2480 ) ) ;
#760 = CARTESIAN_POINT ( 'NONE',  ( 3.233161507461907558, 28.49999999999999645, 2.799999999999999822 ) ) ;
#761 = CARTESIAN_POINT ( 'NONE',  ( -22.43873369041443411, -17.86635283721874146, 3.200000000000000178 ) ) ;
#762 = EDGE_CURVE ( 'NONE', #1228, #312, #2021, .T. ) ;
#763 = ORIENTED_EDGE ( 'NONE', *, *, #1823, .T. ) ;
#764 = DIRECTION ( 'NONE',  ( 1.000000000000000000, 0.000000000000000000, 0.000000000000000000 ) ) ;
#765 = CARTESIAN_POINT ( 'NONE',  ( -20.15254326381661087, 20.15254326381660377, 3.200000000000000178 ) ) ;
#766 = ORIENTED_EDGE ( 'NONE', *, *, #953, .T. ) ;
#767 = ORIENTED_EDGE ( 'NONE', *, *, #2355, .T. ) ;
#768 = CARTESIAN_POINT ( 'NONE',  ( 0.000000000000000000, 0.000000000000000000, 2.000000000000000000 ) ) ;
#769 = DIRECTION ( 'NONE',  ( 0.000000000000000000, 0.000000000000000000, 1.000000000000000000 ) ) ;
#770 = FACE_BOUND ( 'NONE', #701, .T. ) ;
#771 = VECTOR ( 'NONE', #1307, 1000.000000000000227 ) ;
#772 = DIRECTION ( 'NONE',  ( 0.000000000000000000, -1.000000000000000000, 0.000000000000000000 ) ) ;
#773 = ORIENTED_EDGE ( 'NONE', *, *, #1706, .F. ) ;
#774 = EDGE_CURVE ( 'NONE', #104, #2242, #2084, .T. ) ;
#775 = ORIENTED_EDGE ( 'NONE', *, *, #1750, .T. ) ;
#776 = CARTESIAN_POINT ( 'NONE',  ( 20.15254326381646166, -20.15254326381675298, 0.000000000000000000 ) ) ;
#777 = AXIS2_PLACEMENT_3D ( 'NONE', #2983, #426, #957 ) ;
#778 = ORIENTED_EDGE ( 'NONE', *, *, #1270, .T. ) ;
#779 = CARTESIAN_POINT ( 'NONE',  ( -1.616580753733118048, -31.29999999999987637, 2.799999999999999822 ) ) ;
#780 = CARTESIAN_POINT ( 'NONE',  ( 20.98934703783996270, -23.27553746443789251, 3.200000000000000178 ) ) ;
#781 = CARTESIAN_POINT ( 'NONE',  ( 1.800000000000003153, -28.50000000000000000, 6.000000000000000000 ) ) ;
#782 = ADVANCED_FACE ( 'NONE', ( #1356 ), #327, .F. ) ;
#783 = ORIENTED_EDGE ( 'NONE', *, *, #3202, .T. ) ;
#784 = EDGE_LOOP ( 'NONE', ( #2054, #1732 ) ) ;
#785 = CARTESIAN_POINT ( 'NONE',  ( -20.15254326381681338, -20.15254326381639771, 3.200000000000000178 ) ) ;
#786 = DIRECTION ( 'NONE',  ( 0.7071067811865454633, -0.7071067811865496822, 0.000000000000000000 ) ) ;
#787 = CARTESIAN_POINT ( 'NONE',  ( -23.06514325412602773, 17.05000000000097415, 2.799999999999999822 ) ) ;
#788 = VECTOR ( 'NONE', #73, 1000.000000000000000 ) ;
#789 = ORIENTED_EDGE ( 'NONE', *, *, #2852, .F. ) ;
#790 = ORIENTED_EDGE ( 'NONE', *, *, #3284, .F. ) ;
#791 = CARTESIAN_POINT ( 'NONE',  ( -17.02954906319545714, 19.31573948979308852, 3.200000000000000178 ) ) ;
#792 = ADVANCED_FACE ( 'NONE', ( #1818 ), #554, .F. ) ;
#793 = ORIENTED_EDGE ( 'NONE', *, *, #2085, .F. ) ;
#794 = PERSON_AND_ORGANIZATION ( #461, #1593 ) ;
#795 = VERTEX_POINT ( 'NONE', #2658 ) ;
#796 = EDGE_CURVE ( 'NONE', #2323, #344, #2597, .T. ) ;
#797 = LINE ( 'NONE', #518, #246 ) ;
#798 = FACE_OUTER_BOUND ( 'NONE', #1152, .T. ) ;
#799 = CARTESIAN_POINT ( 'NONE',  ( 26.29830476158577568, -17.05000000000086047, 2.799999999999999822 ) ) ;
#800 = ORIENTED_EDGE ( 'NONE', *, *, #1552, .T. ) ;
#801 = CARTESIAN_POINT ( 'NONE',  ( 24.68172400785650566, -14.24999999999999467, 2.799999999999999822 ) ) ;
#802 = LINE ( 'NONE', #2793, #2524 ) ;
#803 = VECTOR ( 'NONE', #2183, 1000.000000000000000 ) ;
#804 = LINE ( 'NONE', #2072, #1972 ) ;
#805 = ORIENTED_EDGE ( 'NONE', *, *, #221, .T. ) ;
#806 = ADVANCED_FACE ( 'NONE', ( #2884 ), #1099, .F. ) ;
#807 = CARTESIAN_POINT ( 'NONE',  ( -23.06514325412711841, -17.04999999999896687, 0.000000000000000000 ) ) ;
#808 = DIRECTION ( 'NONE',  ( -1.000000000000000000, 0.000000000000000000, 0.000000000000000000 ) ) ;
#809 = ORIENTED_EDGE ( 'NONE', *, *, #2372, .T. ) ;
#810 = CARTESIAN_POINT ( 'NONE',  ( 20.98934703784019717, 23.27553746443767935, 3.200000000000000178 ) ) ;
#811 = DIRECTION ( 'NONE',  ( 1.000000000000000000, 0.000000000000000000, 0.000000000000000000 ) ) ;
#812 = VECTOR ( 'NONE', #2797, 1000.000000000000000 ) ;
#813 = CC_DESIGN_DATE_AND_TIME_ASSIGNMENT ( #1357, #2394, ( #256 ) ) ;
#814 = DATE_AND_TIME ( #2086, #2624 ) ;
#815 = EDGE_LOOP ( 'NONE', ( #2437, #970, #2326, #1832 ) ) ;
#816 = CARTESIAN_POINT ( 'NONE',  ( 1.616580753730955999, 25.69999999999999574, 2.799999999999999822 ) ) ;
#817 = DIRECTION ( 'NONE',  ( -0.5000000000000001110, -0.8660254037844385966, 0.000000000000000000 ) ) ;
#818 = DIRECTION ( 'NONE',  ( 0.5000000000000002220, 0.8660254037844384856, 0.000000000000000000 ) ) ;
#819 = ADVANCED_FACE ( 'NONE', ( #1863 ), #3141, .F. ) ;
#820 = CARTESIAN_POINT ( 'NONE',  ( -1.799999999999999600, 28.50000000000000000, 6.000000000000000000 ) ) ;
#821 = ORIENTED_EDGE ( 'NONE', *, *, #404, .F. ) ;
#822 = APPLICATION_PROTOCOL_DEFINITION ( 'international standard', 'config_control_design', 1994, #665 ) ;
#823 = AXIS2_PLACEMENT_3D ( 'NONE', #1781, #1037, #3072 ) ;
#824 = CIRCLE ( 'NONE', #234, 1.799999999999999600 ) ;
#825 = AXIS2_PLACEMENT_3D ( 'NONE', #1174, #1391, #3211 ) ;
#826 = EDGE_CURVE ( 'NONE', #2993, #2521, #2379, .T. ) ;
#827 = VERTEX_POINT ( 'NONE', #2918 ) ;
#828 = CARTESIAN_POINT ( 'NONE',  ( 17.79157588296335746, 18.55371267002518110, 5.953939388471072292 ) ) ;
#829 = DIRECTION ( 'NONE',  ( 0.000000000000000000, 1.000000000000000000, 0.000000000000000000 ) ) ;
#830 = ORIENTED_EDGE ( 'NONE', *, *, #1727, .F. ) ;
#831 = DIRECTION ( 'NONE',  ( -0.000000000000000000, -0.000000000000000000, 1.000000000000000000 ) ) ;
#832 = LINE ( 'NONE', #2089, #2542 ) ;
#833 = VECTOR ( 'NONE', #2193, 1000.000000000000000 ) ;
#834 = CARTESIAN_POINT ( 'NONE',  ( 22.88172400785650495, -14.24999999999999467, 2.799999999999999822 ) ) ;
#835 = VECTOR ( 'NONE', #2580, 1000.000000000000000 ) ;
#836 = VERTEX_POINT ( 'NONE', #1626 ) ;
#837 = CARTESIAN_POINT ( 'NONE',  ( -23.99999999999999645, 0.000000000000000000, 2.000000000000000000 ) ) ;
#838 = EDGE_CURVE ( 'NONE', #2323, #180, #1070, .T. ) ;
#839 = DIRECTION ( 'NONE',  ( -0.000000000000000000, -0.000000000000000000, -1.000000000000000000 ) ) ;
#840 = ORIENTED_EDGE ( 'NONE', *, *, #721, .T. ) ;
#841 = CARTESIAN_POINT ( 'NONE',  ( 20.15254326381646166, -20.15254326381675298, 0.000000000000000000 ) ) ;
#842 = VERTEX_POINT ( 'NONE', #1850 ) ;
#843 = CARTESIAN_POINT ( 'NONE',  ( 18.55367255488090805, 17.79161599810763050, 5.953939014372661376 ) ) ;
#844 = CARTESIAN_POINT ( 'NONE',  ( 26.29830476158577568, -17.05000000000086047, 2.799999999999999822 ) ) ;
#845 = DIRECTION ( 'NONE',  ( 0.000000000000000000, 0.000000000000000000, 1.000000000000000000 ) ) ;
#846 = VECTOR ( 'NONE', #2614, 1000.000000000000000 ) ;
#847 = EDGE_CURVE ( 'NONE', #1069, #2558, #2603, .T. ) ;
#848 = CALENDAR_DATE ( 2026, 28, 8 ) ;
#849 = VECTOR ( 'NONE', #1672, 1000.000000000000000 ) ;
#850 = ORIENTED_EDGE ( 'NONE', *, *, #2065, .F. ) ;
#851 = LINE ( 'NONE', #1868, #710 ) ;
#852 = ORIENTED_EDGE ( 'NONE', *, *, #2776, .F. ) ;
#853 = CARTESIAN_POINT ( 'NONE',  ( 17.02954906319532213, -19.31573948979320221, 3.200000000000000178 ) ) ;
#854 = VERTEX_POINT ( 'NONE', #3122 ) ;
#855 = ORIENTED_EDGE ( 'NONE', *, *, #688, .T. ) ;
#856 = DIRECTION ( 'NONE',  ( -0.000000000000000000, -0.000000000000000000, -1.000000000000000000 ) ) ;
#857 = DIRECTION ( 'NONE',  ( 0.000000000000000000, -0.000000000000000000, -1.000000000000000000 ) ) ;
#858 = LINE ( 'NONE', #1851, #788 ) ;
#859 = AXIS2_PLACEMENT_3D ( 'NONE', #2095, #2035, #3309 ) ;
#860 = VERTEX_POINT ( 'NONE', #2900 ) ;
#861 = CARTESIAN_POINT ( 'NONE',  ( -22.43873369041423871, 17.86635283721896528, 3.200000000000000178 ) ) ;
#862 = AXIS2_PLACEMENT_3D ( 'NONE', #1166, #2746, #1928 ) ;
#863 = EDGE_CURVE ( 'NONE', #2521, #2009, #1578, .T. ) ;
#864 = EDGE_LOOP ( 'NONE', ( #1094, #3271, #305, #2331 ) ) ;
#865 = DIRECTION ( 'NONE',  ( 1.000000000000000000, 0.000000000000000000, 0.000000000000000000 ) ) ;
#866 = LINE ( 'NONE', #1873, #455 ) ;
#867 = VECTOR ( 'NONE', #2325, 1000.000000000000000 ) ;
#868 = PLANE ( 'NONE',  #2880 ) ;
#869 = ORIENTED_EDGE ( 'NONE', *, *, #1317, .F. ) ;
#870 = PLANE ( 'NONE',  #2262 ) ;
#871 = EDGE_CURVE ( 'NONE', #3038, #1228, #2066, .T. ) ;
#872 = CIRCLE ( 'NONE', #548, 1.799999999999999600 ) ;
#873 = EDGE_LOOP ( 'NONE', ( #2878, #2802 ) ) ;
#874 = CARTESIAN_POINT ( 'NONE',  ( 1.616580753728787512, -25.69999999999987139, 2.799999999999999822 ) ) ;
#875 = CARTESIAN_POINT ( 'NONE',  ( 3.469446951953614189E-15, -28.50000000000000000, 6.000000000000000000 ) ) ;
#876 = EDGE_CURVE ( 'NONE', #877, #489, #584, .T. ) ;
#877 = VERTEX_POINT ( 'NONE', #2119 ) ;
#878 = CARTESIAN_POINT ( 'NONE',  ( -23.06514325412711486, -11.44999999999896190, 2.799999999999999822 ) ) ;
#879 = CARTESIAN_POINT ( 'NONE',  ( 22.43873369041429910, 17.86635283721888712, 3.200000000000000178 ) ) ;
#880 = CIRCLE ( 'NONE', #2214, 1.799999999999999600 ) ;
#881 = DIRECTION ( 'NONE',  ( 1.000000000000000000, 0.000000000000000000, 0.000000000000000000 ) ) ;
#882 = DIRECTION ( 'NONE',  ( 0.5000000000000002220, -0.8660254037844384856, 0.000000000000000000 ) ) ;
#883 = ORIENTED_EDGE ( 'NONE', *, *, #2977, .F. ) ;
#884 = PLANE ( 'NONE',  #1782 ) ;
#885 = ADVANCED_FACE ( 'NONE', ( #1328 ), #3107, .F. ) ;
#886 = DIRECTION ( 'NONE',  ( -0.000000000000000000, -0.000000000000000000, 1.000000000000000000 ) ) ;
#887 = PLANE ( 'NONE',  #3032 ) ;
#888 = ORIENTED_EDGE ( 'NONE', *, *, #953, .F. ) ;
#889 = CARTESIAN_POINT ( 'NONE',  ( -18.55371267002525215, 17.79157588296329706, 5.953939388471075844 ) ) ;
#890 = ORIENTED_EDGE ( 'NONE', *, *, #2162, .F. ) ;
#891 = CARTESIAN_POINT ( 'NONE',  ( 21.95254326381667198, 20.15254326381653982, 0.000000000000000000 ) ) ;
#892 = DIRECTION ( 'NONE',  ( 0.9659258262890694224, 0.2588190451025162986, 0.000000000000000000 ) ) ;
#893 = CARTESIAN_POINT ( 'NONE',  ( 17.07718996378214982, -19.49353775130158084, 6.000000000000000000 ) ) ;
#894 = EDGE_CURVE ( 'NONE', #661, #1612, #1082, .T. ) ;
#895 = VECTOR ( 'NONE', #1562, 1000.000000000000000 ) ;
#896 = ORIENTED_EDGE ( 'NONE', *, *, #2569, .T. ) ;
#897 = CARTESIAN_POINT ( 'NONE',  ( -20.98934703784012612, 23.27553746443775395, 3.200000000000000178 ) ) ;
#898 = DIRECTION ( 'NONE',  ( 0.2588190451025306760, 0.9659258262890655367, 0.000000000000000000 ) ) ;
#899 = DIRECTION ( 'NONE',  ( 0.5000000000000003331, -0.8660254037844384856, 0.000000000000000000 ) ) ;
#900 = CARTESIAN_POINT ( 'NONE',  ( 23.27553746443761185, -20.98934703784027889, 6.000000000000000000 ) ) ;
#901 = CYLINDRICAL_SURFACE ( 'NONE', #2341, 25.00000000000000000 ) ;
#902 = LINE ( 'NONE', #2944, #604 ) ;
#903 = VERTEX_POINT ( 'NONE', #1592 ) ;
#904 = LINE ( 'NONE', #3249, #2844 ) ;
#905 = FACE_BOUND ( 'NONE', #1958, .T. ) ;
#906 = DIRECTION ( 'NONE',  ( 1.000000000000000000, 0.000000000000000000, 0.000000000000000000 ) ) ;
#907 = EDGE_CURVE ( 'NONE', #58, #1891, #1453, .T. ) ;
#908 = CARTESIAN_POINT ( 'NONE',  ( 26.29830476158687347, 17.04999999999907700, 2.799999999999999822 ) ) ;
#909 = VERTEX_POINT ( 'NONE', #2992 ) ;
#910 = VERTEX_POINT ( 'NONE', #1894 ) ;
#911 = EDGE_CURVE ( 'NONE', #2558, #1069, #2445, .T. ) ;
#912 = CARTESIAN_POINT ( 'NONE',  ( -21.95254326381681409, -20.15254326381639771, 0.000000000000000000 ) ) ;
#913 = CARTESIAN_POINT ( 'NONE',  ( 23.06514325412386768, -11.45000000000085372, 0.000000000000000000 ) ) ;
#914 = CARTESIAN_POINT ( 'NONE',  ( 1.799999999999999600, 28.50000000000000000, 2.799999999999999822 ) ) ;
#915 = EDGE_LOOP ( 'NONE', ( #934, #1282, #505, #980 ) ) ;
#916 = ORIENTED_EDGE ( 'NONE', *, *, #3262, .F. ) ;
#917 = CARTESIAN_POINT ( 'NONE',  ( 21.44856250039401147, 14.24999999999907807, 2.799999999999999822 ) ) ;
#918 = CC_DESIGN_PERSON_AND_ORGANIZATION_ASSIGNMENT ( #2141, #105, ( #182 ) ) ;
#919 = PLANE ( 'NONE',  #1997 ) ;
#920 = ORIENTED_EDGE ( 'NONE', *, *, #200, .T. ) ;
#921 = DIRECTION ( 'NONE',  ( 0.000000000000000000, -0.000000000000000000, -1.000000000000000000 ) ) ;
#922 = CYLINDRICAL_SURFACE ( 'NONE', #35, 1.799999999999999600 ) ;
#923 = EDGE_CURVE ( 'NONE', #3259, #3236, #1150, .T. ) ;
#924 = DIRECTION ( 'NONE',  ( -1.000000000000000000, 5.365409281204141229E-16, 0.000000000000000000 ) ) ;
#925 = LOCAL_TIME ( 11, 20, 3.000000000000000000, #1374 ) ;
#926 = ORIENTED_EDGE ( 'NONE', *, *, #2172, .F. ) ;
#927 = VECTOR ( 'NONE', #1999, 1000.000000000000000 ) ;
#928 = LINE ( 'NONE', #1699, #1752 ) ;
#929 = ORIENTED_EDGE ( 'NONE', *, *, #1021, .F. ) ;
#930 = CARTESIAN_POINT ( 'NONE',  ( -20.15254326381681338, -20.15254326381639771, 3.200000000000000178 ) ) ;
#931 = CARTESIAN_POINT ( 'NONE',  ( -19.31573948979309208, 17.02954906319545358, 3.200000000000000178 ) ) ;
#932 = EDGE_CURVE ( 'NONE', #323, #65, #2263, .T. ) ;
#933 = ORIENTED_EDGE ( 'NONE', *, *, #1085, .F. ) ;
#934 = ORIENTED_EDGE ( 'NONE', *, *, #3148, .T. ) ;
#935 = FACE_OUTER_BOUND ( 'NONE', #1456, .T. ) ;
#936 = LINE ( 'NONE', #1425, #833 ) ;
#937 = CARTESIAN_POINT ( 'NONE',  ( -1.799999999999996270, -28.50000000000000000, 2.799999999999999822 ) ) ;
#938 = EDGE_CURVE ( 'NONE', #827, #3314, #2461, .T. ) ;
#939 = DIRECTION ( 'NONE',  ( 0.5000000000000001110, 0.8660254037844384856, 0.000000000000000000 ) ) ;
#940 = FACE_OUTER_BOUND ( 'NONE', #2890, .T. ) ;
#941 = VERTEX_POINT ( 'NONE', #643 ) ;
#942 = FACE_OUTER_BOUND ( 'NONE', #2002, .T. ) ;
#943 = CARTESIAN_POINT ( 'NONE',  ( -20.15254326381661087, 20.15254326381660377, 0.000000000000000000 ) ) ;
#944 = CYLINDRICAL_SURFACE ( 'NONE', #1464, 1.799999999999999600 ) ;
#945 = EDGE_CURVE ( 'NONE', #1466, #1780, #107, .T. ) ;
#946 = ORIENTED_EDGE ( 'NONE', *, *, #2367, .T. ) ;
#947 = AXIS2_PLACEMENT_3D ( 'NONE', #1373, #2901, #3189 ) ;
#948 = FACE_BOUND ( 'NONE', #3060, .T. ) ;
#949 = ORIENTED_EDGE ( 'NONE', *, *, #1776, .F. ) ;
#950 = LINE ( 'NONE', #1950, #2811 ) ;
#951 = EDGE_LOOP ( 'NONE', ( #97, #2391, #556, #207, #684, #800 ) ) ;
#952 = ORIENTED_EDGE ( 'NONE', *, *, #1046, .T. ) ;
#953 = EDGE_CURVE ( 'NONE', #2111, #941, #1662, .T. ) ;
#954 = PLANE ( 'NONE',  #2423 ) ;
#955 = CARTESIAN_POINT ( 'NONE',  ( 0.000000000000000000, 0.000000000000000000, 6.000000000000000000 ) ) ;
#956 = DIRECTION ( 'NONE',  ( -0.000000000000000000, -0.000000000000000000, 1.000000000000000000 ) ) ;
#957 = DIRECTION ( 'NONE',  ( 1.000000000000000000, 0.000000000000000000, 0.000000000000000000 ) ) ;
#958 = ORIENTED_EDGE ( 'NONE', *, *, #77, .T. ) ;
#959 = FACE_OUTER_BOUND ( 'NONE', #119, .T. ) ;
#960 = LINE ( 'NONE', #1905, #2518 ) ;
#961 = CARTESIAN_POINT ( 'NONE',  ( -26.29830476158902286, -11.44999999999896190, 0.000000000000000000 ) ) ;
#962 = ORIENTED_EDGE ( 'NONE', *, *, #40, .F. ) ;
#963 = CC_DESIGN_PERSON_AND_ORGANIZATION_ASSIGNMENT ( #3143, #1595, ( #490 ) ) ;
#964 = ORIENTED_EDGE ( 'NONE', *, *, #1644, .T. ) ;
#965 = LINE ( 'NONE', #1978, #175 ) ;
#966 = CARTESIAN_POINT ( 'NONE',  ( 1.800000000000003153, -28.50000000000000000, 0.000000000000000000 ) ) ;
#967 = DIRECTION ( 'NONE',  ( 1.000000000000000000, 0.000000000000000000, 0.000000000000000000 ) ) ;
#968 = CARTESIAN_POINT ( 'NONE',  ( 1.616580753730953557, 31.30000000000000071, 2.799999999999999822 ) ) ;
#969 = AXIS2_PLACEMENT_3D ( 'NONE', #2745, #451, #1184 ) ;
#970 = ORIENTED_EDGE ( 'NONE', *, *, #2935, .F. ) ;
#971 = DIRECTION ( 'NONE',  ( -0.000000000000000000, -0.000000000000000000, -1.000000000000000000 ) ) ;
#972 = LINE ( 'NONE', #2979, #3242 ) ;
#973 = ORIENTED_EDGE ( 'NONE', *, *, #480, .T. ) ;
#974 = ORIENTED_EDGE ( 'NONE', *, *, #1139, .T. ) ;
#975 = CARTESIAN_POINT ( 'NONE',  ( 21.95254326381645882, -20.15254326381675298, 0.000000000000000000 ) ) ;
#976 = LINE ( 'NONE', #167, #3151 ) ;
#977 = EDGE_CURVE ( 'NONE', #1673, #1102, #1721, .T. ) ;
#978 = ORIENTED_EDGE ( 'NONE', *, *, #2268, .T. ) ;
#979 = AXIS2_PLACEMENT_3D ( 'NONE', #1116, #2135, #892 ) ;
#980 = ORIENTED_EDGE ( 'NONE', *, *, #1085, .T. ) ;
#981 = DIRECTION ( 'NONE',  ( 1.000000000000000000, 0.000000000000000000, 0.000000000000000000 ) ) ;
#982 = EDGE_CURVE ( 'NONE', #2629, #258, #265, .T. ) ;
#983 = DIRECTION ( 'NONE',  ( -0.000000000000000000, -0.000000000000000000, 1.000000000000000000 ) ) ;
#984 = VECTOR ( 'NONE', #81, 1000.000000000000000 ) ;
#985 = ORIENTED_EDGE ( 'NONE', *, *, #1155, .T. ) ;
#986 = EDGE_CURVE ( 'NONE', #552, #2881, #718, .T. ) ;
#987 = ORIENTED_EDGE ( 'NONE', *, *, #2599, .F. ) ;
#988 = CARTESIAN_POINT ( 'NONE',  ( 17.86635283721904344, 22.43873369041416765, 3.200000000000000178 ) ) ;
#989 = CARTESIAN_POINT ( 'NONE',  ( 19.31573948979314537, 17.02954906319538608, 5.968450208005759983 ) ) ;
#990 = CARTESIAN_POINT ( 'NONE',  ( -18.35254326381661016, 20.15254326381660377, 3.200000000000000178 ) ) ;
#991 = ORIENTED_EDGE ( 'NONE', *, *, #2426, .F. ) ;
#992 = AXIS2_PLACEMENT_3D ( 'NONE', #2330, #1965, #808 ) ;
#993 = ORIENTED_EDGE ( 'NONE', *, *, #151, .F. ) ;
#994 = DIRECTION ( 'NONE',  ( 0.000000000000000000, 0.000000000000000000, 1.000000000000000000 ) ) ;
#995 = PRODUCT_DEFINITION_SHAPE ( 'NONE', 'NONE',  #256 ) ;
#996 = AXIS2_PLACEMENT_3D ( 'NONE', #1572, #306, #1023 ) ;
#997 = FACE_OUTER_BOUND ( 'NONE', #1661, .T. ) ;
#998 = EDGE_LOOP ( 'NONE', ( #1252, #809, #2768, #2640 ) ) ;
#999 = FACE_OUTER_BOUND ( 'NONE', #1983, .T. ) ;
#1000 = EDGE_CURVE ( 'NONE', #1780, #1466, #1135, .T. ) ;
#1001 = DIRECTION ( 'NONE',  ( -0.2588190451025145777, 0.9659258262890699775, 0.000000000000000000 ) ) ;
#1002 = CARTESIAN_POINT ( 'NONE',  ( 23.06514325412496547, 11.44999999999907381, 2.799999999999999822 ) ) ;
#1003 = VECTOR ( 'NONE', #1207, 1000.000000000000000 ) ;
#1004 = VERTEX_POINT ( 'NONE', #2407 ) ;
#1005 = DIRECTION ( 'NONE',  ( 1.000000000000000000, 0.000000000000000000, 0.000000000000000000 ) ) ;
#1006 = VECTOR ( 'NONE', #1255, 1000.000000000000000 ) ;
#1007 = ORIENTED_EDGE ( 'NONE', *, *, #923, .T. ) ;
#1008 = LINE ( 'NONE', #2785, #139 ) ;
#1009 = CARTESIAN_POINT ( 'NONE',  ( -21.44856250039507728, 14.25000000000097167, 0.000000000000000000 ) ) ;
#1010 = PLANE ( 'NONE',  #756 ) ;
#1011 = EDGE_CURVE ( 'NONE', #1993, #3259, #121, .T. ) ;
#1012 = ORIENTED_EDGE ( 'NONE', *, *, #2920, .F. ) ;
#1013 = ORIENTED_EDGE ( 'NONE', *, *, #409, .F. ) ;
#1014 = LINE ( 'NONE', #760, #2321 ) ;
#1015 = DIRECTION ( 'NONE',  ( 0.9659258262890707547, 0.2588190451025115246, 0.000000000000000000 ) ) ;
#1016 = LINE ( 'NONE', #261, #599 ) ;
#1017 = VERTEX_POINT ( 'NONE', #2209 ) ;
#1018 = AXIS2_PLACEMENT_3D ( 'NONE', #174, #681, #696 ) ;
#1019 = CARTESIAN_POINT ( 'NONE',  ( -19.31573948979309208, 17.02954906319545358, 5.968450208005761759 ) ) ;
#1020 = VECTOR ( 'NONE', #1458, 1000.000000000000000 ) ;
#1021 = EDGE_CURVE ( 'NONE', #2311, #33, #2463, .T. ) ;
#1022 = CARTESIAN_POINT ( 'NONE',  ( 23.99999999999999645, 2.939152317953647500E-15, 2.000000000000000000 ) ) ;
#1023 = DIRECTION ( 'NONE',  ( 0.4999999999999997224, -0.8660254037844387076, 0.000000000000000000 ) ) ;
#1024 = EDGE_CURVE ( 'NONE', #65, #2722, #2697, .T. ) ;
#1025 = VERTEX_POINT ( 'NONE', #3206 ) ;
#1026 = EDGE_LOOP ( 'NONE', ( #1846, #1240, #216, #1470 ) ) ;
#1027 = DIRECTION ( 'NONE',  ( -0.000000000000000000, -0.000000000000000000, -1.000000000000000000 ) ) ;
#1028 = VECTOR ( 'NONE', #1616, 1000.000000000000000 ) ;
#1029 = CARTESIAN_POINT ( 'NONE',  ( -1.616580753730951336, 25.69999999999999574, 2.799999999999999822 ) ) ;
#1030 = CARTESIAN_POINT ( 'NONE',  ( -18.35254326381681622, -20.15254326381639771, 0.000000000000000000 ) ) ;
#1031 = ORIENTED_EDGE ( 'NONE', *, *, #2186, .T. ) ;
#1032 = CARTESIAN_POINT ( 'NONE',  ( 17.41055549790458912, 18.93473305508395299, 5.959745839338501661 ) ) ;
#1033 = CARTESIAN_POINT ( 'NONE',  ( 3.233161507461907558, 28.49999999999999645, 2.799999999999999822 ) ) ;
#1034 = PLANE ( 'NONE',  #1045 ) ;
#1035 = DIRECTION ( 'NONE',  ( 0.000000000000000000, 0.000000000000000000, 1.000000000000000000 ) ) ;
#1036 = VERTEX_POINT ( 'NONE', #913 ) ;
#1037 = DIRECTION ( 'NONE',  ( 0.8660254037844384856, 0.5000000000000004441, -0.000000000000000000 ) ) ;
#1038 = VECTOR ( 'NONE', #3188, 1000.000000000000000 ) ;
#1039 = ADVANCED_FACE ( 'NONE', ( #3240 ), #532, .T. ) ;
#1040 = FACE_OUTER_BOUND ( 'NONE', #1305, .T. ) ;
#1041 = AXIS2_PLACEMENT_3D ( 'NONE', #2713, #1930, #156 ) ;
#1042 = ORIENTED_EDGE ( 'NONE', *, *, #1431, .T. ) ;
#1043 = VERTEX_POINT ( 'NONE', #398 ) ;
#1044 = CARTESIAN_POINT ( 'NONE',  ( 26.29830476158687347, 17.04999999999907700, 0.000000000000000000 ) ) ;
#1045 = AXIS2_PLACEMENT_3D ( 'NONE', #3099, #2027, #1320 ) ;
#1046 = EDGE_CURVE ( 'NONE', #3173, #58, #157, .T. ) ;
#1047 = VERTEX_POINT ( 'NONE', #931 ) ;
#1048 = ORIENTED_EDGE ( 'NONE', *, *, #3157, .F. ) ;
#1049 = CARTESIAN_POINT ( 'NONE',  ( 23.27553746443782501, 20.98934703784003730, 6.000000000000000000 ) ) ;
#1050 = VECTOR ( 'NONE', #1652, 1000.000000000000227 ) ;
#1051 = CARTESIAN_POINT ( 'NONE',  ( 22.88172400785650140, 14.25000000000000355, 0.000000000000000000 ) ) ;
#1052 =( NAMED_UNIT ( * ) PLANE_ANGLE_UNIT ( ) SI_UNIT ( $, .RADIAN. ) );
#1053 = VERTEX_POINT ( 'NONE', #2973 ) ;
#1054 = ADVANCED_FACE ( 'NONE', ( #1949 ), #2714, .F. ) ;
#1055 = VECTOR ( 'NONE', #1712, 1000.000000000000000 ) ;
#1056 = ORIENTED_EDGE ( 'NONE', *, *, #641, .T. ) ;
#1057 = LINE ( 'NONE', #3094, #408 ) ;
#1058 = DIRECTION ( 'NONE',  ( 1.000000000000000000, 0.000000000000000000, 0.000000000000000000 ) ) ;
#1059 = AXIS2_PLACEMENT_3D ( 'NONE', #576, #1585, #1441 ) ;
#1060 = EDGE_CURVE ( 'NONE', #3235, #1102, #10, .T. ) ;
#1061 = EDGE_LOOP ( 'NONE', ( #2456, #273, #1312, #3295 ) ) ;
#1062 = ORIENTED_EDGE ( 'NONE', *, *, #1580, .F. ) ;
#1063 = FACE_OUTER_BOUND ( 'NONE', #75, .T. ) ;
#1064 = B_SPLINE_CURVE_WITH_KNOTS ( 'NONE', 3,
 ( #2425, #3136, #310, #2610, #1165, #621 ),
 .UNSPECIFIED., .F., .F.,
 ( 4, 2, 4 ),
 ( 0.000000000000000000, 0.001616613714999438596, 0.003233227429998877193 ),
 .UNSPECIFIED. ) ;
#1065 = PLANE ( 'NONE',  #2034 ) ;
#1066 = VERTEX_POINT ( 'NONE', #9 ) ;
#1067 = LINE ( 'NONE', #2014, #2892 ) ;
#1068 = ADVANCED_FACE ( 'NONE', ( #3131 ), #3076, .F. ) ;
#1069 = VERTEX_POINT ( 'NONE', #781 ) ;
#1070 = LINE ( 'NONE', #844, #1323 ) ;
#1071 = EDGE_CURVE ( 'NONE', #2285, #2032, #486, .T. ) ;
#1072 = CARTESIAN_POINT ( 'NONE',  ( -17.41056101570416814, 18.93472753728438107, 5.959745713280494961 ) ) ;
#1073 = APPROVAL_ROLE ( '' ) ;
#1074 = EDGE_LOOP ( 'NONE', ( #2115, #974 ) ) ;
#1075 = DIRECTION ( 'NONE',  ( -0.000000000000000000, -0.000000000000000000, 1.000000000000000000 ) ) ;
#1076 = CARTESIAN_POINT ( 'NONE',  ( -21.44856250039507728, 14.25000000000097167, 2.799999999999999822 ) ) ;
#1077 = ORIENTED_EDGE ( 'NONE', *, *, #2280, .F. ) ;
#1078 = DIRECTION ( 'NONE',  ( 0.000000000000000000, 0.000000000000000000, 1.000000000000000000 ) ) ;
#1079 = EDGE_CURVE ( 'NONE', #1934, #2418, #2283, .T. ) ;
#1080 = EDGE_CURVE ( 'NONE', #2211, #2311, #1826, .T. ) ;
#1081 = ORIENTED_EDGE ( 'NONE', *, *, #838, .T. ) ;
#1082 = LINE ( 'NONE', #2862, #3042 ) ;
#1083 = AXIS2_PLACEMENT_3D ( 'NONE', #2241, #1909, #3270 ) ;
#1084 = PERSON_AND_ORGANIZATION_ROLE ( 'classification_officer' ) ;
#1085 = EDGE_CURVE ( 'NONE', #2756, #1017, #2854, .T. ) ;
#1086 = ORIENTED_EDGE ( 'NONE', *, *, #2310, .F. ) ;
#1087 = AXIS2_PLACEMENT_3D ( 'NONE', #3304, #542, #1015 ) ;
#1088 = LINE ( 'NONE', #2645, #648 ) ;
#1089 = DIRECTION ( 'NONE',  ( -0.2588190451025241257, -0.9659258262890673130, 0.000000000000000000 ) ) ;
#1090 = ORIENTED_EDGE ( 'NONE', *, *, #83, .T. ) ;
#1091 = CARTESIAN_POINT ( 'NONE',  ( 24.68172400785650211, 14.25000000000000355, 0.000000000000000000 ) ) ;
#1092 = CARTESIAN_POINT ( 'NONE',  ( 27.91488551531782747, 14.24999999999907452, 2.799999999999999822 ) ) ;
#1093 = EDGE_CURVE ( 'NONE', #1047, #1556, #2799, .T. ) ;
#1094 = ORIENTED_EDGE ( 'NONE', *, *, #173, .F. ) ;
#1095 = AXIS2_PLACEMENT_3D ( 'NONE', #841, #3201, #2359 ) ;
#1096 = VECTOR ( 'NONE', #786, 1000.000000000000114 ) ;
#1097 = ORIENTED_EDGE ( 'NONE', *, *, #986, .F. ) ;
#1098 = DIRECTION ( 'NONE',  ( 0.5000000000000004441, 0.8660254037844382635, 0.000000000000000000 ) ) ;
#1099 = CYLINDRICAL_SURFACE ( 'NONE', #150, 1.799999999999999600 ) ;
#1100 = CARTESIAN_POINT ( 'NONE',  ( 26.29830476158577568, -17.05000000000086047, 2.799999999999999822 ) ) ;
#1101 = DATE_AND_TIME ( #286, #3276 ) ;
#1102 = VERTEX_POINT ( 'NONE', #1284 ) ;
#1103 = DIRECTION ( 'NONE',  ( 0.2588190451025306760, 0.9659258262890655367, 0.000000000000000000 ) ) ;
#1104 = CARTESIAN_POINT ( 'NONE',  ( 26.29830476158686636, 11.44999999999907203, 2.799999999999999822 ) ) ;
#1105 = AXIS2_PLACEMENT_3D ( 'NONE', #2536, #210, #1276 ) ;
#1106 = EDGE_CURVE ( 'NONE', #3180, #2118, #2000, .T. ) ;
#1107 = AXIS2_PLACEMENT_3D ( 'NONE', #3315, #1302, #739 ) ;
#1108 = EDGE_LOOP ( 'NONE', ( #12, #1355, #1951, #705 ) ) ;
#1109 = CARTESIAN_POINT ( 'NONE',  ( 0.000000000000000000, 0.000000000000000000, 2.799999999999999822 ) ) ;
#1110 = CARTESIAN_POINT ( 'NONE',  ( -17.05321379488678346, -19.40405747081166865, 5.989524552513729283 ) ) ;
#1111 = CARTESIAN_POINT ( 'NONE',  ( 1.616580753730953557, 31.30000000000000071, 0.000000000000000000 ) ) ;
#1112 = ORIENTED_EDGE ( 'NONE', *, *, #3039, .T. ) ;
#1113 = CARTESIAN_POINT ( 'NONE',  ( 17.05321379488664135, 19.40405747081178234, 5.989524552513726618 ) ) ;
#1114 = ORIENTED_EDGE ( 'NONE', *, *, #2570, .T. ) ;
#1115 = DIRECTION ( 'NONE',  ( 1.000000000000000000, 0.000000000000000000, 0.000000000000000000 ) ) ;
#1116 = CARTESIAN_POINT ( 'NONE',  ( 19.31573948979314537, 17.02954906319538608, 3.200000000000000178 ) ) ;
#1117 = DIRECTION ( 'NONE',  ( -0.000000000000000000, -0.000000000000000000, -1.000000000000000000 ) ) ;
#1118 = ADVANCED_FACE ( 'NONE', ( #1040 ), #2260, .F. ) ;
#1119 = APPROVAL_DATE_TIME ( #297, #1681 ) ;
#1120 = VERTEX_POINT ( 'NONE', #1336 ) ;
#1121 = CARTESIAN_POINT ( 'NONE',  ( -3.233161507464071605, -28.49999999999987210, 2.799999999999999822 ) ) ;
#1122 = ADVANCED_FACE ( 'NONE', ( #2354 ), #1480, .F. ) ;
#1123 = ORIENTED_EDGE ( 'NONE', *, *, #1750, .F. ) ;
#1124 = CARTESIAN_POINT ( 'NONE',  ( -26.29830476158902997, -17.04999999999896687, 2.799999999999999822 ) ) ;
#1125 = VECTOR ( 'NONE', #2895, 1000.000000000000000 ) ;
#1126 = EDGE_CURVE ( 'NONE', #2472, #3302, #66, .T. ) ;
#1127 = LINE ( 'NONE', #2130, #3226 ) ;
#1128 = EDGE_LOOP ( 'NONE', ( #3191, #2037, #510, #2806 ) ) ;
#1129 = CARTESIAN_POINT ( 'NONE',  ( 19.31573948979297484, -17.02954906319558148, 5.968450208005760871 ) ) ;
#1130 = CARTESIAN_POINT ( 'NONE',  ( -17.02954906319545714, 19.31573948979308852, 5.968450208005761759 ) ) ;
#1131 = FACE_OUTER_BOUND ( 'NONE', #1992, .T. ) ;
#1132 = VERTEX_POINT ( 'NONE', #837 ) ;
#1133 = DIRECTION ( 'NONE',  ( 0.7071067811865550112, 0.7071067811865400232, 0.000000000000000000 ) ) ;
#1134 = DIRECTION ( 'NONE',  ( 0.000000000000000000, -1.000000000000000000, 0.000000000000000000 ) ) ;
#1135 = CIRCLE ( 'NONE', #3004, 1.799999999999999600 ) ;
#1136 = COORDINATED_UNIVERSAL_TIME_OFFSET ( 8, 0, .AHEAD. ) ;
#1137 = ORIENTED_EDGE ( 'NONE', *, *, #1478, .T. ) ;
#1138 = FACE_OUTER_BOUND ( 'NONE', #1128, .T. ) ;
#1139 = EDGE_CURVE ( 'NONE', #1682, #153, #3290, .T. ) ;
#1140 = CARTESIAN_POINT ( 'NONE',  ( -23.06514325412602773, 17.05000000000097415, 2.799999999999999822 ) ) ;
#1141 = AXIS2_PLACEMENT_3D ( 'NONE', #943, #2421, #676 ) ;
#1142 = ORIENTED_EDGE ( 'NONE', *, *, #1126, .F. ) ;
#1143 = CARTESIAN_POINT ( 'NONE',  ( -23.27553746443775751, 20.98934703784012257, 3.200000000000000178 ) ) ;
#1144 = AXIS2_PLACEMENT_3D ( 'NONE', #1800, #2016, #1816 ) ;
#1145 = ORIENTED_EDGE ( 'NONE', *, *, #2222, .F. ) ;
#1146 = DIRECTION ( 'NONE',  ( 0.4999999999999989453, -0.8660254037844392627, 0.000000000000000000 ) ) ;
#1147 = EDGE_CURVE ( 'NONE', #25, #1004, #456, .T. ) ;
#1148 = VERTEX_POINT ( 'NONE', #1002 ) ;
#1149 = CARTESIAN_POINT ( 'NONE',  ( -27.91488551531997686, -14.24999999999896261, 0.000000000000000000 ) ) ;
#1150 = LINE ( 'NONE', #1911, #2564 ) ;
#1151 = VECTOR ( 'NONE', #149, 1000.000000000000114 ) ;
#1152 = EDGE_LOOP ( 'NONE', ( #2812, #1443, #2842, #1778 ) ) ;
#1153 = CARTESIAN_POINT ( 'NONE',  ( 22.43873369041411436, -17.86635283721911449, 3.200000000000000178 ) ) ;
#1154 = LINE ( 'NONE', #3193, #1696 ) ;
#1155 = EDGE_CURVE ( 'NONE', #1148, #2466, #3040, .T. ) ;
#1156 = CARTESIAN_POINT ( 'NONE',  ( -17.41055549790473478, -18.93473305508383930, 5.959745839338505213 ) ) ;
#1157 = CARTESIAN_POINT ( 'NONE',  ( -26.29830476158793218, 11.45000000000096563, 0.000000000000000000 ) ) ;
#1158 = ORIENTED_EDGE ( 'NONE', *, *, #1342, .F. ) ;
#1159 = CARTESIAN_POINT ( 'NONE',  ( -1.799999999999999600, 28.50000000000000000, 2.799999999999999822 ) ) ;
#1160 = CARTESIAN_POINT ( 'NONE',  ( 26.29830476158577568, -11.45000000000085194, 2.799999999999999822 ) ) ;
#1161 = EDGE_CURVE ( 'NONE', #2546, #2673, #824, .T. ) ;
#1162 = CARTESIAN_POINT ( 'NONE',  ( 22.43873369041411436, -17.86635283721911449, 3.200000000000000178 ) ) ;
#1163 = VECTOR ( 'NONE', #2177, 1000.000000000000114 ) ;
#1164 = ORIENTED_EDGE ( 'NONE', *, *, #2671, .T. ) ;
#1165 = CARTESIAN_POINT ( 'NONE',  ( 17.41056101570403669, -18.93472753728449831, 5.959745713280495849 ) ) ;
#1166 = CARTESIAN_POINT ( 'NONE',  ( 0.000000000000000000, 0.000000000000000000, 2.799999999999999822 ) ) ;
#1167 = ORIENTED_EDGE ( 'NONE', *, *, #1401, .T. ) ;
#1168 = DIRECTION ( 'NONE',  ( 0.5000000000000001110, 0.8660254037844385966, 0.000000000000000000 ) ) ;
#1169 = DIRECTION ( 'NONE',  ( 0.2588190451025141336, -0.9659258262890700886, 0.000000000000000000 ) ) ;
#1170 = FACE_BOUND ( 'NONE', #1862, .T. ) ;
#1171 = EDGE_CURVE ( 'NONE', #239, #1053, #1753, .T. ) ;
#1172 = ORIENTED_EDGE ( 'NONE', *, *, #2338, .F. ) ;
#1173 = LINE ( 'NONE', #897, #2633 ) ;
#1174 = CARTESIAN_POINT ( 'NONE',  ( 0.000000000000000000, 0.000000000000000000, 2.000000000000000000 ) ) ;
#1175 = FACE_BOUND ( 'NONE', #873, .T. ) ;
#1176 = DIRECTION ( 'NONE',  ( 1.000000000000000000, 0.000000000000000000, 0.000000000000000000 ) ) ;
#1177 = VECTOR ( 'NONE', #2982, 1000.000000000000000 ) ;
#1178 = LINE ( 'NONE', #2488, #849 ) ;
#1179 = ORIENTED_EDGE ( 'NONE', *, *, #2329, .T. ) ;
#1180 = FACE_OUTER_BOUND ( 'NONE', #2565, .T. ) ;
#1181 = LINE ( 'NONE', #3219, #135 ) ;
#1182 = ORIENTED_EDGE ( 'NONE', *, *, #3308, .T. ) ;
#1183 = EDGE_CURVE ( 'NONE', #431, #1780, #2528, .T. ) ;
#1184 = DIRECTION ( 'NONE',  ( -0.4999999999999997224, 0.8660254037844388186, 0.000000000000000000 ) ) ;
#1185 = EDGE_LOOP ( 'NONE', ( #401, #896, #1077, #3135 ) ) ;
#1186 = CARTESIAN_POINT ( 'NONE',  ( -17.86635283721897238, 22.43873369041423871, 3.200000000000000178 ) ) ;
#1187 = ORIENTED_EDGE ( 'NONE', *, *, #2090, .F. ) ;
#1188 = ORIENTED_EDGE ( 'NONE', *, *, #1631, .T. ) ;
#1189 = CARTESIAN_POINT ( 'NONE',  ( -3.233161507461904893, 28.49999999999999645, 2.799999999999999822 ) ) ;
#1190 = DIRECTION ( 'NONE',  ( -0.000000000000000000, -0.000000000000000000, 1.000000000000000000 ) ) ;
#1191 = PLANE ( 'NONE',  #359 ) ;
#1192 = EDGE_CURVE ( 'NONE', #2118, #2756, #1366, .T. ) ;
#1193 = DIRECTION ( 'NONE',  ( -1.000000000000000000, 0.000000000000000000, 0.000000000000000000 ) ) ;
#1194 = EDGE_LOOP ( 'NONE', ( #110, #2796, #3228, #1933 ) ) ;
#1195 = DIRECTION ( 'NONE',  ( -0.000000000000000000, -0.000000000000000000, 1.000000000000000000 ) ) ;
#1196 =( GEOMETRIC_REPRESENTATION_CONTEXT ( 3 ) GLOBAL_UNCERTAINTY_ASSIGNED_CONTEXT ( ( #1946 ) ) GLOBAL_UNIT_ASSIGNED_CONTEXT ( ( #734, #1052, #262 ) ) REPRESENTATION_CONTEXT ( 'NONE', 'WORKASPACE' ) );
#1197 = DIRECTION ( 'NONE',  ( 1.000000000000000000, 0.000000000000000000, 0.000000000000000000 ) ) ;
#1198 = LOCAL_TIME ( 11, 20, 3.000000000000000000, #1136 ) ;
#1199 = ORIENTED_EDGE ( 'NONE', *, *, #2800, .T. ) ;
#1200 = CIRCLE ( 'NONE', #1348, 1.799999999999999600 ) ;
#1201 = DIRECTION ( 'NONE',  ( -0.000000000000000000, -0.000000000000000000, -1.000000000000000000 ) ) ;
#1202 = EDGE_CURVE ( 'NONE', #3302, #2984, #2688, .T. ) ;
#1203 = CARTESIAN_POINT ( 'NONE',  ( 26.29830476158686636, 11.44999999999907203, 0.000000000000000000 ) ) ;
#1204 = ORIENTED_EDGE ( 'NONE', *, *, #1060, .F. ) ;
#1205 = LINE ( 'NONE', #966, #2403 ) ;
#1206 = CARTESIAN_POINT ( 'NONE',  ( 0.000000000000000000, 28.50000000000000000, 6.000000000000000000 ) ) ;
#1207 = DIRECTION ( 'NONE',  ( 1.000000000000000000, 5.365409281204135312E-16, 0.000000000000000000 ) ) ;
#1208 = CIRCLE ( 'NONE', #1095, 1.799999999999999600 ) ;
#1209 = EDGE_LOOP ( 'NONE', ( #267, #1479, #582, #2766 ) ) ;
#1210 = DIRECTION ( 'NONE',  ( -0.4999999999999994449, 0.8660254037844389297, 0.000000000000000000 ) ) ;
#1211 = LINE ( 'NONE', #402, #125 ) ;
#1212 = CARTESIAN_POINT ( 'NONE',  ( 0.000000000000000000, 0.000000000000000000, 6.000000000000000000 ) ) ;
#1213 = ORIENTED_EDGE ( 'NONE', *, *, #94, .F. ) ;
#1214 = PLANE ( 'NONE',  #2809 ) ;
#1215 = EDGE_CURVE ( 'NONE', #1236, #2726, #2946, .T. ) ;
#1216 = AXIS2_PLACEMENT_3D ( 'NONE', #1618, #2387, #2875 ) ;
#1217 = CARTESIAN_POINT ( 'NONE',  ( 17.86635283721904344, 22.43873369041416765, 3.200000000000000178 ) ) ;
#1218 = ORIENTED_EDGE ( 'NONE', *, *, #1998, .T. ) ;
#1219 = AXIS2_PLACEMENT_3D ( 'NONE', #955, #442, #2923 ) ;
#1220 = ORIENTED_EDGE ( 'NONE', *, *, #2570, .F. ) ;
#1221 = CYLINDRICAL_SURFACE ( 'NONE', #3009, 1.799999999999999600 ) ;
#1222 = DIRECTION ( 'NONE',  ( 1.000000000000000000, 0.000000000000000000, 0.000000000000000000 ) ) ;
#1223 = CARTESIAN_POINT ( 'NONE',  ( 23.27553746443782501, 20.98934703784003730, 3.200000000000000178 ) ) ;
#1224 = EDGE_LOOP ( 'NONE', ( #116, #763, #506, #3015 ) ) ;
#1225 = ORIENTED_EDGE ( 'NONE', *, *, #2748, .T. ) ;
#1226 = LINE ( 'NONE', #1708, #1407 ) ;
#1227 = ADVANCED_FACE ( 'NONE', ( #1180 ), #1588, .F. ) ;
#1228 = VERTEX_POINT ( 'NONE', #3217 ) ;
#1229 = DIRECTION ( 'NONE',  ( 0.7071067811865474617, 0.7071067811865474617, 0.000000000000000000 ) ) ;
#1230 = ORIENTED_EDGE ( 'NONE', *, *, #2256, .F. ) ;
#1231 = FACE_OUTER_BOUND ( 'NONE', #1404, .T. ) ;
#1232 = EDGE_CURVE ( 'NONE', #2199, #836, #2670, .T. ) ;
#1233 = VERTEX_POINT ( 'NONE', #354 ) ;
#1234 = CARTESIAN_POINT ( 'NONE',  ( -23.06514325412602773, 17.05000000000097415, 0.000000000000000000 ) ) ;
#1235 = ADVANCED_FACE ( 'NONE', ( #79, #905 ), #1414, .T. ) ;
#1236 = VERTEX_POINT ( 'NONE', #2112 ) ;
#1237 = DIRECTION ( 'NONE',  ( -0.000000000000000000, -0.000000000000000000, -1.000000000000000000 ) ) ;
#1238 = DIRECTION ( 'NONE',  ( -0.000000000000000000, -0.000000000000000000, -1.000000000000000000 ) ) ;
#1239 = VECTOR ( 'NONE', #1001, 1000.000000000000000 ) ;
#1240 = ORIENTED_EDGE ( 'NONE', *, *, #1270, .F. ) ;
#1241 = CARTESIAN_POINT ( 'NONE',  ( 17.02954906319551753, 19.31573948979302813, 3.200000000000000178 ) ) ;
#1242 = ADVANCED_FACE ( 'NONE', ( #2621 ), #3147, .F. ) ;
#1243 = ORIENTED_EDGE ( 'NONE', *, *, #3273, .T. ) ;
#1244 = CARTESIAN_POINT ( 'NONE',  ( -3.233161507464071605, -28.49999999999987210, 0.000000000000000000 ) ) ;
#1245 = CARTESIAN_POINT ( 'NONE',  ( -21.44856250039616441, -14.24999999999896616, 0.000000000000000000 ) ) ;
#1246 = VECTOR ( 'NONE', #2905, 1000.000000000000114 ) ;
#1247 = CARTESIAN_POINT ( 'NONE',  ( -19.58416679350144207, 17.10147394245056773, 6.000000000000000000 ) ) ;
#1248 = ORIENTED_EDGE ( 'NONE', *, *, #514, .T. ) ;
#1249 = CIRCLE ( 'NONE', #3115, 26.00000000000000355 ) ;
#1250 = CARTESIAN_POINT ( 'NONE',  ( 20.15254326381666772, 20.15254326381653982, 3.200000000000000178 ) ) ;
#1251 = ADVANCED_FACE ( 'NONE', ( #1351 ), #1397, .F. ) ;
#1252 = ORIENTED_EDGE ( 'NONE', *, *, #1973, .F. ) ;
#1253 = FACE_OUTER_BOUND ( 'NONE', #1471, .T. ) ;
#1254 = VERTEX_POINT ( 'NONE', #130 ) ;
#1255 = DIRECTION ( 'NONE',  ( -0.000000000000000000, -0.000000000000000000, -1.000000000000000000 ) ) ;
#1256 = LINE ( 'NONE', #3012, #2874 ) ;
#1257 = CARTESIAN_POINT ( 'NONE',  ( 0.000000000000000000, 0.000000000000000000, 2.799999999999999822 ) ) ;
#1258 = ORIENTED_EDGE ( 'NONE', *, *, #2411, .T. ) ;
#1259 = VECTOR ( 'NONE', #1634, 1000.000000000000000 ) ;
#1260 = ORIENTED_EDGE ( 'NONE', *, *, #2053, .T. ) ;
#1261 = FACE_OUTER_BOUND ( 'NONE', #82, .T. ) ;
#1262 = VECTOR ( 'NONE', #983, 1000.000000000000000 ) ;
#1263 = VECTOR ( 'NONE', #2804, 1000.000000000000114 ) ;
#1264 = EDGE_CURVE ( 'NONE', #3185, #3027, #2891, .T. ) ;
#1265 = ORIENTED_EDGE ( 'NONE', *, *, #1759, .F. ) ;
#1266 = EDGE_CURVE ( 'NONE', #2418, #2242, #579, .T. ) ;
#1267 = CARTESIAN_POINT ( 'NONE',  ( 24.68172400785650211, 14.25000000000000355, 2.799999999999999822 ) ) ;
#1268 = LINE ( 'NONE', #2245, #193 ) ;
#1269 = VECTOR ( 'NONE', #2346, 999.9999999999998863 ) ;
#1270 = EDGE_CURVE ( 'NONE', #2866, #552, #93, .T. ) ;
#1271 = VERTEX_POINT ( 'NONE', #2147 ) ;
#1272 = AXIS2_PLACEMENT_3D ( 'NONE', #26, #2004, #2318 ) ;
#1273 = EDGE_LOOP ( 'NONE', ( #2540, #3277, #2620, #2789 ) ) ;
#1274 = FACE_OUTER_BOUND ( 'NONE', #2566, .T. ) ;
#1275 = DIRECTION ( 'NONE',  ( 0.000000000000000000, 0.000000000000000000, -1.000000000000000000 ) ) ;
#1276 = DIRECTION ( 'NONE',  ( 1.000000000000000000, 0.000000000000000000, -0.000000000000000000 ) ) ;
#1277 = EDGE_CURVE ( 'NONE', #630, #400, #866, .T. ) ;
#1278 = EDGE_LOOP ( 'NONE', ( #2960, #1301, #1142, #1137 ) ) ;
#1279 = VERTEX_POINT ( 'NONE', #1159 ) ;
#1280 = LINE ( 'NONE', #2567, #1768 ) ;
#1281 = DIRECTION ( 'NONE',  ( -0.000000000000000000, -0.000000000000000000, 1.000000000000000000 ) ) ;
#1282 = ORIENTED_EDGE ( 'NONE', *, *, #633, .F. ) ;
#1283 = EDGE_CURVE ( 'NONE', #1891, #172, #2910, .T. ) ;
#1284 = CARTESIAN_POINT ( 'NONE',  ( 21.95254326381667198, 20.15254326381653982, 3.200000000000000178 ) ) ;
#1285 = EDGE_LOOP ( 'NONE', ( #1145, #1945 ) ) ;
#1286 = ORIENTED_EDGE ( 'NONE', *, *, #1552, .F. ) ;
#1287 = DIRECTION ( 'NONE',  ( 1.000000000000000000, 0.000000000000000000, 0.000000000000000000 ) ) ;
#1288 = AXIS2_PLACEMENT_3D ( 'NONE', #1925, #168, #1197 ) ;
#1289 = CARTESIAN_POINT ( 'NONE',  ( 0.000000000000000000, 0.000000000000000000, 2.799999999999999822 ) ) ;
#1290 = CARTESIAN_POINT ( 'NONE',  ( 1.616580753730955999, 25.69999999999999574, 2.799999999999999822 ) ) ;
#1291 = ORIENTED_EDGE ( 'NONE', *, *, #1947, .T. ) ;
#1292 = ORIENTED_EDGE ( 'NONE', *, *, #745, .T. ) ;
#1293 = CARTESIAN_POINT ( 'NONE',  ( 21.44856250039291368, -14.25000000000085620, 2.799999999999999822 ) ) ;
#1294 = ADVANCED_FACE ( 'NONE', ( #111 ), #884, .F. ) ;
#1295 = PLANE ( 'NONE',  #3105 ) ;
#1296 = CARTESIAN_POINT ( 'NONE',  ( 0.000000000000000000, 0.000000000000000000, 2.000000000000000000 ) ) ;
#1297 = VERTEX_POINT ( 'NONE', #3196 ) ;
#1298 = VECTOR ( 'NONE', #1960, 1000.000000000000114 ) ;
#1299 = CIRCLE ( 'NONE', #3164, 1.799999999999999600 ) ;
#1300 = EDGE_CURVE ( 'NONE', #1335, #2451, #189, .T. ) ;
#1301 = ORIENTED_EDGE ( 'NONE', *, *, #2144, .F. ) ;
#1302 = DIRECTION ( 'NONE',  ( 0.8660254037844392627, 0.4999999999999990563, -0.000000000000000000 ) ) ;
#1303 = CARTESIAN_POINT ( 'NONE',  ( 0.000000000000000000, 0.000000000000000000, 2.000000000000000000 ) ) ;
#1304 = VECTOR ( 'NONE', #275, 1000.000000000000000 ) ;
#1305 = EDGE_LOOP ( 'NONE', ( #335, #1326, #1172, #1537 ) ) ;
#1306 = ORIENTED_EDGE ( 'NONE', *, *, #1861, .F. ) ;
#1307 = DIRECTION ( 'NONE',  ( -0.5000000000000008882, -0.8660254037844380415, 0.000000000000000000 ) ) ;
#1308 = CIRCLE ( 'NONE', #777, 1.800000000000002931 ) ;
#1309 = ADVANCED_FACE ( 'NONE', ( #2217 ), #1214, .F. ) ;
#1310 = ORIENTED_EDGE ( 'NONE', *, *, #2800, .F. ) ;
#1311 = FACE_OUTER_BOUND ( 'NONE', #1278, .T. ) ;
#1312 = ORIENTED_EDGE ( 'NONE', *, *, #1060, .T. ) ;
#1313 = DIRECTION ( 'NONE',  ( -0.000000000000000000, -0.000000000000000000, 1.000000000000000000 ) ) ;
#1314 = PLANE ( 'NONE',  #2218 ) ;
#1315 = PERSON_AND_ORGANIZATION ( #461, #1593 ) ;
#1316 = ORIENTED_EDGE ( 'NONE', *, *, #2967, .T. ) ;
#1317 = EDGE_CURVE ( 'NONE', #1729, #463, #1956, .T. ) ;
#1318 = CARTESIAN_POINT ( 'NONE',  ( 23.06514325412386412, -17.05000000000085691, 2.799999999999999822 ) ) ;
#1319 = DIRECTION ( 'NONE',  ( 1.000000000000000000, 0.000000000000000000, 0.000000000000000000 ) ) ;
#1320 = DIRECTION ( 'NONE',  ( 0.000000000000000000, -0.000000000000000000, 1.000000000000000000 ) ) ;
#1321 = LINE ( 'NONE', #1841, #536 ) ;
#1322 = ORIENTED_EDGE ( 'NONE', *, *, #2551, .F. ) ;
#1323 = VECTOR ( 'NONE', #2642, 1000.000000000000000 ) ;
#1324 = VECTOR ( 'NONE', #535, 1000.000000000000114 ) ;
#1325 = ADVANCED_FACE ( 'NONE', ( #1261 ), #1971, .F. ) ;
#1326 = ORIENTED_EDGE ( 'NONE', *, *, #3301, .F. ) ;
#1327 = PLANE ( 'NONE',  #979 ) ;
#1328 = FACE_OUTER_BOUND ( 'NONE', #2235, .T. ) ;
#1329 = FACE_OUTER_BOUND ( 'NONE', #287, .T. ) ;
#1330 = VECTOR ( 'NONE', #1381, 1000.000000000000000 ) ;
#1331 = ORIENTED_EDGE ( 'NONE', *, *, #2627, .F. ) ;
#1332 = LINE ( 'NONE', #2397, #1986 ) ;
#1333 = LINE ( 'NONE', #761, #659 ) ;
#1334 = ADVANCED_FACE ( 'NONE', ( #1231 ), #922, .F. ) ;
#1335 = VERTEX_POINT ( 'NONE', #744 ) ;
#1336 = CARTESIAN_POINT ( 'NONE',  ( -27.91488551531997686, -14.24999999999896261, 2.799999999999999822 ) ) ;
#1337 = DIRECTION ( 'NONE',  ( -0.9659258262890666469, 0.2588190451025264016, 0.000000000000000000 ) ) ;
#1338 = CARTESIAN_POINT ( 'NONE',  ( -21.95254326381681409, -20.15254326381639771, 0.000000000000000000 ) ) ;
#1339 = ORIENTED_EDGE ( 'NONE', *, *, #1514, .T. ) ;
#1340 = EDGE_LOOP ( 'NONE', ( #1577, #2579, #1624, #1522 ) ) ;
#1341 = FACE_OUTER_BOUND ( 'NONE', #1788, .T. ) ;
#1342 = EDGE_CURVE ( 'NONE', #2872, #2499, #3233, .T. ) ;
#1343 = DIRECTION ( 'NONE',  ( -0.000000000000000000, -0.000000000000000000, 1.000000000000000000 ) ) ;
#1344 = DIRECTION ( 'NONE',  ( -1.000000000000000000, 0.000000000000000000, 0.000000000000000000 ) ) ;
#1345 = VECTOR ( 'NONE', #1168, 1000.000000000000000 ) ;
#1346 = ORIENTED_EDGE ( 'NONE', *, *, #3033, .T. ) ;
#1347 = DIRECTION ( 'NONE',  ( 0.2588190451025210725, -0.9659258262890680902, 0.000000000000000000 ) ) ;
#1348 = AXIS2_PLACEMENT_3D ( 'NONE', #776, #2851, #3113 ) ;
#1349 = CARTESIAN_POINT ( 'NONE',  ( -3.233161507461905781, 28.49999999999999645, 0.000000000000000000 ) ) ;
#1350 = EDGE_LOOP ( 'NONE', ( #1187, #926 ) ) ;
#1351 = FACE_OUTER_BOUND ( 'NONE', #1061, .T. ) ;
#1352 = ORIENTED_EDGE ( 'NONE', *, *, #1962, .T. ) ;
#1353 = ADVANCED_FACE ( 'NONE', ( #2741 ), #214, .F. ) ;
#1354 = LINE ( 'NONE', #2897, #17 ) ;
#1355 = ORIENTED_EDGE ( 'NONE', *, *, #3167, .F. ) ;
#1356 = FACE_OUTER_BOUND ( 'NONE', #716, .T. ) ;
#1357 = DATE_AND_TIME ( #2616, #2360 ) ;
#1358 = VECTOR ( 'NONE', #2126, 1000.000000000000000 ) ;
#1359 = VERTEX_POINT ( 'NONE', #975 ) ;
#1360 = DIRECTION ( 'NONE',  ( 0.9659258262890707547, 0.2588190451025115246, 0.000000000000000000 ) ) ;
#1361 = CARTESIAN_POINT ( 'NONE',  ( 1.616580753730953557, 31.30000000000000071, 2.799999999999999822 ) ) ;
#1362 = CARTESIAN_POINT ( 'NONE',  ( 3.233161507459740847, -28.49999999999987210, 0.000000000000000000 ) ) ;
#1363 = AXIS2_PLACEMENT_3D ( 'NONE', #541, #1550, #1319 ) ;
#1364 = EDGE_CURVE ( 'NONE', #2199, #291, #880, .T. ) ;
#1365 = ORIENTED_EDGE ( 'NONE', *, *, #3070, .T. ) ;
#1366 = LINE ( 'NONE', #1600, #1985 ) ;
#1367 = CARTESIAN_POINT ( 'NONE',  ( -17.10147394245077734, -19.58416679350125733, 6.000000000000000000 ) ) ;
#1368 = EDGE_LOOP ( 'NONE', ( #2167, #2707, #2003, #1791, #1513, #888, #1596, #1390, #2814, #2223, #3253, #3144, #92, #2398, #3275, #1888, #1310, #2502, #3085, #753, #746, #2931, #1977, #738, #2376, #2626 ) ) ;
#1369 = EDGE_CURVE ( 'NONE', #2860, #552, #706, .T. ) ;
#1370 = DIRECTION ( 'NONE',  ( -0.4999999999999994449, 0.8660254037844389297, 0.000000000000000000 ) ) ;
#1371 = EDGE_LOOP ( 'NONE', ( #309, #690, #69, #2446 ) ) ;
#1372 = DIRECTION ( 'NONE',  ( 0.000000000000000000, -0.000000000000000000, 1.000000000000000000 ) ) ;
#1373 = CARTESIAN_POINT ( 'NONE',  ( 0.000000000000000000, 28.50000000000000000, 6.000000000000000000 ) ) ;
#1374 = COORDINATED_UNIVERSAL_TIME_OFFSET ( 8, 0, .AHEAD. ) ;
#1375 = ORIENTED_EDGE ( 'NONE', *, *, #3142, .T. ) ;
#1376 = CARTESIAN_POINT ( 'NONE',  ( -20.98934703784012612, 23.27553746443775395, 3.200000000000000178 ) ) ;
#1377 = VERTEX_POINT ( 'NONE', #1245 ) ;
#1378 = CARTESIAN_POINT ( 'NONE',  ( 3.233161507461907558, 28.49999999999999645, 2.799999999999999822 ) ) ;
#1379 = EDGE_CURVE ( 'NONE', #2476, #3183, #166, .T. ) ;
#1380 = VECTOR ( 'NONE', #3285, 1000.000000000000000 ) ;
#1381 = DIRECTION ( 'NONE',  ( -0.000000000000000000, -0.000000000000000000, 1.000000000000000000 ) ) ;
#1382 = DIRECTION ( 'NONE',  ( 1.000000000000000000, 0.000000000000000000, 0.000000000000000000 ) ) ;
#1383 = ORIENTED_EDGE ( 'NONE', *, *, #3119, .F. ) ;
#1384 = CARTESIAN_POINT ( 'NONE',  ( -1.616580753730951336, 25.69999999999999574, 2.799999999999999822 ) ) ;
#1385 = VERTEX_POINT ( 'NONE', #2759 ) ;
#1386 = CARTESIAN_POINT ( 'NONE',  ( -23.06514325412603128, 11.45000000000096740, 2.799999999999999822 ) ) ;
#1387 = DIRECTION ( 'NONE',  ( -0.000000000000000000, 0.000000000000000000, 1.000000000000000000 ) ) ;
#1388 = ADVANCED_FACE ( 'NONE', ( #942 ), #2254, .F. ) ;
#1389 = LINE ( 'NONE', #1984, #117 ) ;
#1390 = ORIENTED_EDGE ( 'NONE', *, *, #2102, .F. ) ;
#1391 = DIRECTION ( 'NONE',  ( -0.000000000000000000, -0.000000000000000000, -1.000000000000000000 ) ) ;
#1392 = CARTESIAN_POINT ( 'NONE',  ( -20.15254326381661087, 20.15254326381660377, 3.200000000000000178 ) ) ;
#1393 = DIRECTION ( 'NONE',  ( 0.000000000000000000, -0.000000000000000000, 1.000000000000000000 ) ) ;
#1394 = CC_DESIGN_APPROVAL ( #1786, ( #2839 ) ) ;
#1395 = CARTESIAN_POINT ( 'NONE',  ( 1.616580753730955999, 25.69999999999999574, 2.799999999999999822 ) ) ;
#1396 = ORIENTED_EDGE ( 'NONE', *, *, #2314, .T. ) ;
#1397 = CYLINDRICAL_SURFACE ( 'NONE', #1216, 1.800000000000002931 ) ;
#1398 = EDGE_CURVE ( 'NONE', #1254, #658, #181, .T. ) ;
#1399 = ORIENTED_EDGE ( 'NONE', *, *, #1870, .F. ) ;
#1400 = CARTESIAN_POINT ( 'NONE',  ( -18.93473305508401694, 17.41055549790453227, 5.959745839338501661 ) ) ;
#1401 = EDGE_CURVE ( 'NONE', #3264, #1812, #1610, .T. ) ;
#1402 = LINE ( 'NONE', #324, #2079 ) ;
#1403 = AXIS2_PLACEMENT_3D ( 'NONE', #1792, #1534, #1969 ) ;
#1404 = EDGE_LOOP ( 'NONE', ( #2996, #1331, #224, #695 ) ) ;
#1405 = CARTESIAN_POINT ( 'NONE',  ( 21.95254326381667198, 20.15254326381653982, 0.000000000000000000 ) ) ;
#1406 = AXIS2_PLACEMENT_3D ( 'NONE', #1091, #3058, #2017 ) ;
#1407 = VECTOR ( 'NONE', #2232, 1000.000000000000114 ) ;
#1408 = ORIENTED_EDGE ( 'NONE', *, *, #383, .F. ) ;
#1409 = CARTESIAN_POINT ( 'NONE',  ( -21.44856250039507728, 14.25000000000097167, 0.000000000000000000 ) ) ;
#1410 = CARTESIAN_POINT ( 'NONE',  ( 32.00000000000000000, 3.918869757271530263E-15, 0.000000000000000000 ) ) ;
#1411 = EDGE_CURVE ( 'NONE', #1755, #3185, #1444, .T. ) ;
#1412 = CARTESIAN_POINT ( 'NONE',  ( -17.10147394245057129, 19.58416679350143497, 6.000000000000000000 ) ) ;
#1413 = ORIENTED_EDGE ( 'NONE', *, *, #94, .T. ) ;
#1414 = PLANE ( 'NONE',  #2422 ) ;
#1415 = CIRCLE ( 'NONE', #2917, 26.00000000000000355 ) ;
#1416 = DIRECTION ( 'NONE',  ( -0.5000000000000001110, -0.8660254037844385966, 0.000000000000000000 ) ) ;
#1417 = AXIS2_PLACEMENT_3D ( 'NONE', #1988, #3297, #268 ) ;
#1418 = ORIENTED_EDGE ( 'NONE', *, *, #1411, .F. ) ;
#1419 = CARTESIAN_POINT ( 'NONE',  ( -27.91488551531889328, 14.25000000000097167, 2.799999999999999822 ) ) ;
#1420 = ORIENTED_EDGE ( 'NONE', *, *, #688, .F. ) ;
#1421 = DIRECTION ( 'NONE',  ( 1.000000000000000000, 0.000000000000000000, 0.000000000000000000 ) ) ;
#1422 = EDGE_CURVE ( 'NONE', #291, #2199, #2410, .T. ) ;
#1423 = VERTEX_POINT ( 'NONE', #1692 ) ;
#1424 = LINE ( 'NONE', #2452, #74 ) ;
#1425 = CARTESIAN_POINT ( 'NONE',  ( -1.616580753733118936, -25.69999999999987139, 2.799999999999999822 ) ) ;
#1426 = FACE_OUTER_BOUND ( 'NONE', #23, .T. ) ;
#1427 = AXIS2_PLACEMENT_3D ( 'NONE', #1303, #769, #2304 ) ;
#1428 = LINE ( 'NONE', #3179, #1020 ) ;
#1429 = ORIENTED_EDGE ( 'NONE', *, *, #303, .F. ) ;
#1430 = DIRECTION ( 'NONE',  ( -1.000000000000000000, 0.000000000000000000, 0.000000000000000000 ) ) ;
#1431 = EDGE_CURVE ( 'NONE', #312, #2009, #2457, .T. ) ;
#1432 = VECTOR ( 'NONE', #839, 1000.000000000000000 ) ;
#1433 = ORIENTED_EDGE ( 'NONE', *, *, #982, .F. ) ;
#1434 = DIRECTION ( 'NONE',  ( -0.8660254037844387076, -0.4999999999999998890, 0.000000000000000000 ) ) ;
#1435 = ORIENTED_EDGE ( 'NONE', *, *, #1478, .F. ) ;
#1436 = CARTESIAN_POINT ( 'NONE',  ( 24.68172400785650566, -14.24999999999999467, 6.000000000000000000 ) ) ;
#1437 = ORIENTED_EDGE ( 'NONE', *, *, #1908, .F. ) ;
#1438 = VECTOR ( 'NONE', #2448, 1000.000000000000227 ) ;
#1439 = ORIENTED_EDGE ( 'NONE', *, *, #1071, .F. ) ;
#1440 = FACE_OUTER_BOUND ( 'NONE', #294, .T. ) ;
#1441 = DIRECTION ( 'NONE',  ( 1.000000000000000000, 0.000000000000000000, 0.000000000000000000 ) ) ;
#1442 = CARTESIAN_POINT ( 'NONE',  ( 0.000000000000000000, 28.50000000000000000, 0.000000000000000000 ) ) ;
#1443 = ORIENTED_EDGE ( 'NONE', *, *, #3052, .T. ) ;
#1444 = LINE ( 'NONE', #1994, #549 ) ;
#1445 = VECTOR ( 'NONE', #2114, 1000.000000000000000 ) ;
#1446 = CARTESIAN_POINT ( 'NONE',  ( 22.43873369041429910, 17.86635283721888712, 3.200000000000000178 ) ) ;
#1447 = VERTEX_POINT ( 'NONE', #230 ) ;
#1448 = DIRECTION ( 'NONE',  ( 1.000000000000000000, 0.000000000000000000, 0.000000000000000000 ) ) ;
#1449 = CIRCLE ( 'NONE', #277, 32.00000000000000000 ) ;
#1450 = FACE_OUTER_BOUND ( 'NONE', #2358, .T. ) ;
#1451 = ORIENTED_EDGE ( 'NONE', *, *, #2776, .T. ) ;
#1452 = ADVANCED_FACE ( 'NONE', ( #2473, #959 ), #2276, .T. ) ;
#1453 = LINE ( 'NONE', #2937, #570 ) ;
#1454 = CIRCLE ( 'NONE', #992, 1.799999999999999600 ) ;
#1455 = ORIENTED_EDGE ( 'NONE', *, *, #2725, .F. ) ;
#1456 = EDGE_LOOP ( 'NONE', ( #2959, #1123, #229, #1955 ) ) ;
#1457 = CARTESIAN_POINT ( 'NONE',  ( 0.000000000000000000, 0.000000000000000000, 2.000000000000000000 ) ) ;
#1458 = DIRECTION ( 'NONE',  ( -0.000000000000000000, -0.000000000000000000, -1.000000000000000000 ) ) ;
#1459 = VERTEX_POINT ( 'NONE', #290 ) ;
#1460 = DIRECTION ( 'NONE',  ( 0.8660254037844385966, -0.5000000000000001110, 0.000000000000000000 ) ) ;
#1461 = EDGE_CURVE ( 'NONE', #228, #2976, #1280, .T. ) ;
#1462 = AXIS2_PLACEMENT_3D ( 'NONE', #2491, #2236, #3265 ) ;
#1463 = ORIENTED_EDGE ( 'NONE', *, *, #2748, .F. ) ;
#1464 = AXIS2_PLACEMENT_3D ( 'NONE', #3182, #2692, #906 ) ;
#1465 = LINE ( 'NONE', #2780, #2612 ) ;
#1466 = VERTEX_POINT ( 'NONE', #2292 ) ;
#1467 = DIRECTION ( 'NONE',  ( -0.2588190451025298988, -0.9659258262890658697, 0.000000000000000000 ) ) ;
#1468 = CARTESIAN_POINT ( 'NONE',  ( 26.29830476158686636, 11.44999999999907203, 2.799999999999999822 ) ) ;
#1469 = ADVANCED_FACE ( 'NONE', ( #5 ), #1034, .F. ) ;
#1470 = ORIENTED_EDGE ( 'NONE', *, *, #409, .T. ) ;
#1471 = EDGE_LOOP ( 'NONE', ( #2926, #3160, #1704, #2274 ) ) ;
#1472 = FACE_OUTER_BOUND ( 'NONE', #2164, .T. ) ;
#1473 = ORIENTED_EDGE ( 'NONE', *, *, #514, .F. ) ;
#1474 = CARTESIAN_POINT ( 'NONE',  ( -27.91488551531997686, -14.24999999999896261, 2.799999999999999822 ) ) ;
#1475 = DIRECTION ( 'NONE',  ( -0.000000000000000000, -0.000000000000000000, -1.000000000000000000 ) ) ;
#1476 = DIRECTION ( 'NONE',  ( -0.000000000000000000, -0.000000000000000000, 1.000000000000000000 ) ) ;
#1477 = AXIS2_PLACEMENT_3D ( 'NONE', #557, #2587, #593 ) ;
#1478 = EDGE_CURVE ( 'NONE', #2472, #25, #1333, .T. ) ;
#1479 = ORIENTED_EDGE ( 'NONE', *, *, #3289, .F. ) ;
#1480 = CYLINDRICAL_SURFACE ( 'NONE', #1406, 1.799999999999999600 ) ;
#1481 = DIRECTION ( 'NONE',  ( -5.365409281204141229E-16, -1.000000000000000000, 0.000000000000000000 ) ) ;
#1482 = EDGE_LOOP ( 'NONE', ( #1701, #1158, #2592, #3232 ) ) ;
#1483 = EDGE_CURVE ( 'NONE', #1132, #13, #2602, .T. ) ;
#1484 = CARTESIAN_POINT ( 'NONE',  ( -26.48172400785649927, -14.25000000000001243, 0.000000000000000000 ) ) ;
#1485 = CARTESIAN_POINT ( 'NONE',  ( 19.40405747081189958, 17.05321379488650635, 5.989524552513727507 ) ) ;
#1486 = DIRECTION ( 'NONE',  ( 1.000000000000000000, 0.000000000000000000, 0.000000000000000000 ) ) ;
#1487 = EDGE_LOOP ( 'NONE', ( #964, #2816, #2238, #361, #685, #2783 ) ) ;
#1488 = EDGE_CURVE ( 'NONE', #1929, #1359, #1200, .T. ) ;
#1489 = VERTEX_POINT ( 'NONE', #512 ) ;
#1490 = DIRECTION ( 'NONE',  ( -0.000000000000000000, -0.000000000000000000, -1.000000000000000000 ) ) ;
#1491 = EDGE_LOOP ( 'NONE', ( #1433, #2324, #1837, #2424 ) ) ;
#1492 = VECTOR ( 'NONE', #396, 1000.000000000000000 ) ;
#1493 = EDGE_CURVE ( 'NONE', #2984, #1993, #2823, .T. ) ;
#1494 = CARTESIAN_POINT ( 'NONE',  ( -19.40405747081202392, -17.05321379488637845, 5.989524552513728395 ) ) ;
#1495 = DIRECTION ( 'NONE',  ( -1.000000000000000000, 0.000000000000000000, 0.000000000000000000 ) ) ;
#1496 = PLANE ( 'NONE',  #1676 ) ;
#1497 = EDGE_CURVE ( 'NONE', #180, #910, #2538, .T. ) ;
#1498 = EDGE_LOOP ( 'NONE', ( #263, #2335, #673, #840 ) ) ;
#1499 = EDGE_LOOP ( 'NONE', ( #783, #78 ) ) ;
#1500 = FACE_OUTER_BOUND ( 'NONE', #176, .T. ) ;
#1501 = FACE_BOUND ( 'NONE', #1074, .T. ) ;
#1502 = ORIENTED_EDGE ( 'NONE', *, *, #876, .F. ) ;
#1503 = CARTESIAN_POINT ( 'NONE',  ( -22.43873369041443055, -17.86635283721873435, 6.000000000000000000 ) ) ;
#1504 = CARTESIAN_POINT ( 'NONE',  ( 0.000000000000000000, 0.000000000000000000, 3.200000000000000178 ) ) ;
#1505 = AXIS2_PLACEMENT_3D ( 'NONE', #1289, #1275, #1726 ) ;
#1506 = EDGE_CURVE ( 'NONE', #2285, #661, #802, .T. ) ;
#1507 = VERTEX_POINT ( 'NONE', #3051 ) ;
#1508 = CARTESIAN_POINT ( 'NONE',  ( -19.40405747081184629, 17.05321379488657385, 5.989524552513727507 ) ) ;
#1509 = PLANE ( 'NONE',  #1976 ) ;
#1510 = ADVANCED_FACE ( 'NONE', ( #2554 ), #2588, .F. ) ;
#1511 = DIRECTION ( 'NONE',  ( 0.000000000000000000, 0.000000000000000000, 1.000000000000000000 ) ) ;
#1512 = AXIS2_PLACEMENT_3D ( 'NONE', #2272, #28, #811 ) ;
#1513 = ORIENTED_EDGE ( 'NONE', *, *, #1900, .F. ) ;
#1514 = EDGE_CURVE ( 'NONE', #419, #1777, #245, .T. ) ;
#1515 = ORIENTED_EDGE ( 'NONE', *, *, #1266, .F. ) ;
#1516 = CARTESIAN_POINT ( 'NONE',  ( 3.233161507461907558, 28.49999999999999645, 0.000000000000000000 ) ) ;
#1517 = FACE_BOUND ( 'NONE', #2156, .T. ) ;
#1518 = LINE ( 'NONE', #1030, #2015 ) ;
#1519 = VERTEX_POINT ( 'NONE', #1521 ) ;
#1520 = DIRECTION ( 'NONE',  ( -0.5000000000000004441, -0.8660254037844383745, 0.000000000000000000 ) ) ;
#1521 = CARTESIAN_POINT ( 'NONE',  ( 26.29830476158577568, -11.45000000000085194, 2.799999999999999822 ) ) ;
#1522 = ORIENTED_EDGE ( 'NONE', *, *, #2090, .T. ) ;
#1523 = DIRECTION ( 'NONE',  ( -0.9659258262890711988, -0.2588190451025098038, 0.000000000000000000 ) ) ;
#1524 = EDGE_CURVE ( 'NONE', #1377, #2860, #1810, .T. ) ;
#1525 = ORIENTED_EDGE ( 'NONE', *, *, #3213, .F. ) ;
#1526 = ORIENTED_EDGE ( 'NONE', *, *, #2347, .F. ) ;
#1527 = DIRECTION ( 'NONE',  ( -0.000000000000000000, -0.000000000000000000, 1.000000000000000000 ) ) ;
#1528 = AXIS2_PLACEMENT_3D ( 'NONE', #1632, #1393, #3212 ) ;
#1529 = CARTESIAN_POINT ( 'NONE',  ( -26.29830476158793573, 11.45000000000096740, 0.000000000000000000 ) ) ;
#1530 = DIRECTION ( 'NONE',  ( 0.000000000000000000, 0.000000000000000000, -1.000000000000000000 ) ) ;
#1531 = DIRECTION ( 'NONE',  ( -0.000000000000000000, -0.000000000000000000, -1.000000000000000000 ) ) ;
#1532 = APPROVAL ( #450, 'æœª' ) ;
#1533 = ORIENTED_EDGE ( 'NONE', *, *, #2551, .T. ) ;
#1534 = DIRECTION ( 'NONE',  ( -5.365409281204135312E-16, 1.000000000000000000, 0.000000000000000000 ) ) ;
#1535 = DIRECTION ( 'NONE',  ( -0.000000000000000000, -0.000000000000000000, 1.000000000000000000 ) ) ;
#1536 = CARTESIAN_POINT ( 'NONE',  ( -1.616580753730951336, 25.69999999999999574, 2.799999999999999822 ) ) ;
#1537 = ORIENTED_EDGE ( 'NONE', *, *, #2855, .T. ) ;
#1538 = CARTESIAN_POINT ( 'NONE',  ( -23.06514325412602773, 17.05000000000097415, 2.799999999999999822 ) ) ;
#1539 = AXIS2_PLACEMENT_3D ( 'NONE', #2955, #662, #1222 ) ;
#1540 = VECTOR ( 'NONE', #106, 1000.000000000000000 ) ;
#1541 = AXIS2_PLACEMENT_3D ( 'NONE', #2952, #154, #679 ) ;
#1542 = ADVANCED_FACE ( 'NONE', ( #2059 ), #259, .F. ) ;
#1543 = VERTEX_POINT ( 'NONE', #1049 ) ;
#1544 = DIRECTION ( 'NONE',  ( -0.000000000000000000, -0.000000000000000000, 1.000000000000000000 ) ) ;
#1545 = DIRECTION ( 'NONE',  ( 0.7071067811865399122, -0.7071067811865551223, 0.000000000000000000 ) ) ;
#1546 = AXIS2_PLACEMENT_3D ( 'NONE', #908, #1657, #2204 ) ;
#1547 = CARTESIAN_POINT ( 'NONE',  ( 3.233161507459744399, -28.49999999999986855, 0.000000000000000000 ) ) ;
#1548 = ORIENTED_EDGE ( 'NONE', *, *, #3157, .T. ) ;
#1549 = DIRECTION ( 'NONE',  ( -0.8660254037844385966, 0.5000000000000001110, 0.000000000000000000 ) ) ;
#1550 = DIRECTION ( 'NONE',  ( 0.000000000000000000, 0.000000000000000000, 1.000000000000000000 ) ) ;
#1551 = LINE ( 'NONE', #2047, #544 ) ;
#1552 = EDGE_CURVE ( 'NONE', #84, #300, #1551, .T. ) ;
#1553 = VECTOR ( 'NONE', #2295, 1000.000000000000000 ) ;
#1554 = FACE_OUTER_BOUND ( 'NONE', #677, .T. ) ;
#1555 = CARTESIAN_POINT ( 'NONE',  ( -23.27553746443798133, -20.98934703783988454, 3.200000000000000178 ) ) ;
#1556 = VERTEX_POINT ( 'NONE', #791 ) ;
#1557 = AXIS2_PLACEMENT_3D ( 'NONE', #853, #1857, #336 ) ;
#1558 = EDGE_CURVE ( 'NONE', #300, #795, #525, .T. ) ;
#1559 = CARTESIAN_POINT ( 'NONE',  ( -17.86635283721897238, 22.43873369041423516, 6.000000000000000000 ) ) ;
#1560 = ORIENTED_EDGE ( 'NONE', *, *, #311, .T. ) ;
#1561 = AXIS2_PLACEMENT_3D ( 'NONE', #657, #184, #2221 ) ;
#1562 = DIRECTION ( 'NONE',  ( -0.000000000000000000, -0.000000000000000000, -1.000000000000000000 ) ) ;
#1563 = DIRECTION ( 'NONE',  ( 1.000000000000000000, 0.000000000000000000, 0.000000000000000000 ) ) ;
#1564 = ADVANCED_FACE ( 'NONE', ( #1063 ), #2834, .F. ) ;
#1565 = AXIS2_PLACEMENT_3D ( 'NONE', #1773, #1544, #2270 ) ;
#1566 = ORIENTED_EDGE ( 'NONE', *, *, #3208, .F. ) ;
#1567 = DIRECTION ( 'NONE',  ( 0.000000000000000000, -0.000000000000000000, -1.000000000000000000 ) ) ;
#1568 = LINE ( 'NONE', #1104, #2267 ) ;
#1569 = DIRECTION ( 'NONE',  ( -0.000000000000000000, -0.000000000000000000, -1.000000000000000000 ) ) ;
#1570 = DIRECTION ( 'NONE',  ( -0.000000000000000000, -0.000000000000000000, -1.000000000000000000 ) ) ;
#1571 = ORIENTED_EDGE ( 'NONE', *, *, #1106, .F. ) ;
#1572 = CARTESIAN_POINT ( 'NONE',  ( -1.616580753733118048, -31.29999999999987637, 2.799999999999999822 ) ) ;
#1573 = ADVANCED_FACE ( 'NONE', ( #1822, #2604, #381, #1170, #1897, #304, #1666, #2938, #2352, #2061, #1554, #2589 ), #2339, .F. ) ;
#1574 = CARTESIAN_POINT ( 'NONE',  ( 22.43873369041411436, -17.86635283721911449, 3.200000000000000178 ) ) ;
#1575 = VECTOR ( 'NONE', #2516, 1000.000000000000000 ) ;
#1576 = AXIS2_PLACEMENT_3D ( 'NONE', #757, #1757, #1545 ) ;
#1577 = ORIENTED_EDGE ( 'NONE', *, *, #3052, .F. ) ;
#1578 = LINE ( 'NONE', #2392, #3311 ) ;
#1579 = CARTESIAN_POINT ( 'NONE',  ( -1.616580753733118048, -31.29999999999987637, 0.000000000000000000 ) ) ;
#1580 = EDGE_CURVE ( 'NONE', #661, #2062, #3100, .T. ) ;
#1581 = VECTOR ( 'NONE', #38, 1000.000000000000000 ) ;
#1582 = VERTEX_POINT ( 'NONE', #834 ) ;
#1583 = LINE ( 'NONE', #31, #1824 ) ;
#1584 = DIRECTION ( 'NONE',  ( -0.000000000000000000, -0.000000000000000000, 1.000000000000000000 ) ) ;
#1585 = DIRECTION ( 'NONE',  ( 0.000000000000000000, 0.000000000000000000, 1.000000000000000000 ) ) ;
#1586 = EDGE_CURVE ( 'NONE', #1297, #1385, #1919, .T. ) ;
#1587 = VERTEX_POINT ( 'NONE', #2659 ) ;
#1588 = PLANE ( 'NONE',  #1724 ) ;
#1589 = VERTEX_POINT ( 'NONE', #364 ) ;
#1590 = ORIENTED_EDGE ( 'NONE', *, *, #3057, .F. ) ;
#1591 = LINE ( 'NONE', #3154, #1764 ) ;
#1592 = CARTESIAN_POINT ( 'NONE',  ( 3.233161507461907558, 28.49999999999999645, 2.799999999999999822 ) ) ;
#1593 = ORGANIZATION ( 'æœª', 'æœª', '' ) ;
#1594 = EDGE_CURVE ( 'NONE', #1872, #513, #1389, .T. ) ;
#1595 = PERSON_AND_ORGANIZATION_ROLE ( 'design_supplier' ) ;
#1596 = ORIENTED_EDGE ( 'NONE', *, *, #285, .F. ) ;
#1597 = VECTOR ( 'NONE', #2153, 1000.000000000000227 ) ;
#1598 = LINE ( 'NONE', #2336, #1540 ) ;
#1599 = ORIENTED_EDGE ( 'NONE', *, *, #2715, .T. ) ;
#1600 = CARTESIAN_POINT ( 'NONE',  ( -26.29830476158793573, 11.45000000000096740, 2.799999999999999822 ) ) ;
#1601 = ADVANCED_FACE ( 'NONE', ( #1253 ), #2751, .F. ) ;
#1602 = VECTOR ( 'NONE', #1347, 1000.000000000000114 ) ;
#1603 = ORIENTED_EDGE ( 'NONE', *, *, #565, .F. ) ;
#1604 = DIRECTION ( 'NONE',  ( -1.000000000000000000, 0.000000000000000000, 0.000000000000000000 ) ) ;
#1605 = PLANE ( 'NONE',  #2660 ) ;
#1606 = DIRECTION ( 'NONE',  ( -0.8660254037844390407, 0.4999999999999993339, 0.000000000000000000 ) ) ;
#1607 = ORIENTED_EDGE ( 'NONE', *, *, #1506, .T. ) ;
#1608 = LINE ( 'NONE', #874, #2140 ) ;
#1609 = CARTESIAN_POINT ( 'NONE',  ( -3.233161507461904893, 28.49999999999999645, 0.000000000000000000 ) ) ;
#1610 = CIRCLE ( 'NONE', #2914, 1.799999999999999600 ) ;
#1611 = EDGE_CURVE ( 'NONE', #1120, #2872, #2301, .T. ) ;
#1612 = VERTEX_POINT ( 'NONE', #2168 ) ;
#1613 = CARTESIAN_POINT ( 'NONE',  ( 21.44856250039291368, -14.25000000000085620, 0.000000000000000000 ) ) ;
#1614 = CARTESIAN_POINT ( 'NONE',  ( -23.06514325412603128, 11.45000000000096740, 2.799999999999999822 ) ) ;
#1615 = VECTOR ( 'NONE', #205, 1000.000000000000000 ) ;
#1616 = DIRECTION ( 'NONE',  ( -0.000000000000000000, -0.000000000000000000, -1.000000000000000000 ) ) ;
#1617 = ORIENTED_EDGE ( 'NONE', *, *, #2030, .T. ) ;
#1618 = CARTESIAN_POINT ( 'NONE',  ( 20.15254326381666772, 20.15254326381653982, 0.000000000000000000 ) ) ;
#1619 = DIRECTION ( 'NONE',  ( 1.000000000000000000, 0.000000000000000000, -0.000000000000000000 ) ) ;
#1620 = ADVANCED_FACE ( 'NONE', ( #587 ), #1641, .F. ) ;
#1621 = VERTEX_POINT ( 'NONE', #2882 ) ;
#1622 = DIRECTION ( 'NONE',  ( -0.8660254037844392627, -0.4999999999999989453, 0.000000000000000000 ) ) ;
#1623 = CARTESIAN_POINT ( 'NONE',  ( 17.10147394245063523, 19.58416679350137457, 6.000000000000000000 ) ) ;
#1624 = ORIENTED_EDGE ( 'NONE', *, *, #1232, .T. ) ;
#1625 = CARTESIAN_POINT ( 'NONE',  ( 1.799999999999999600, 28.50000000000000000, 0.000000000000000000 ) ) ;
#1626 = CARTESIAN_POINT ( 'NONE',  ( -22.88172400785650140, 14.25000000000000533, 6.000000000000000000 ) ) ;
#1627 = DIRECTION ( 'NONE',  ( 1.000000000000000000, 0.000000000000000000, -0.000000000000000000 ) ) ;
#1628 = ORIENTED_EDGE ( 'NONE', *, *, #1962, .F. ) ;
#1629 = CARTESIAN_POINT ( 'NONE',  ( 26.00000000000000355, 0.000000000000000000, 5.000000000000000000 ) ) ;
#1630 = CYLINDRICAL_SURFACE ( 'NONE', #825, 32.00000000000000000 ) ;
#1631 = EDGE_CURVE ( 'NONE', #2451, #1335, #1449, .T. ) ;
#1632 = CARTESIAN_POINT ( 'NONE',  ( -24.68172400785649856, -14.25000000000001243, 2.799999999999999822 ) ) ;
#1633 = CARTESIAN_POINT ( 'NONE',  ( -23.27553746443798133, -20.98934703783988454, 6.000000000000000000 ) ) ;
#1634 = DIRECTION ( 'NONE',  ( 0.9659258262890685343, -0.2588190451025199068, 0.000000000000000000 ) ) ;
#1635 = EDGE_LOOP ( 'NONE', ( #1533, #3200 ) ) ;
#1636 = DIRECTION ( 'NONE',  ( -0.000000000000000000, -0.000000000000000000, 1.000000000000000000 ) ) ;
#1637 = VECTOR ( 'NONE', #1967, 1000.000000000000000 ) ;
#1638 = DIRECTION ( 'NONE',  ( 0.2588190451025210170, -0.9659258262890680902, 0.000000000000000000 ) ) ;
#1639 = ORIENTED_EDGE ( 'NONE', *, *, #476, .F. ) ;
#1640 = ORIENTED_EDGE ( 'NONE', *, *, #3019, .T. ) ;
#1641 = PLANE ( 'NONE',  #2361 ) ;
#1642 = FACE_OUTER_BOUND ( 'NONE', #3166, .T. ) ;
#1643 = CARTESIAN_POINT ( 'NONE',  ( -20.98934703784012612, 23.27553746443775395, 6.000000000000000000 ) ) ;
#1644 = EDGE_CURVE ( 'NONE', #2058, #1489, #1608, .T. ) ;
#1645 = VECTOR ( 'NONE', #2026, 1000.000000000000000 ) ;
#1646 = VECTOR ( 'NONE', #2709, 1000.000000000000114 ) ;
#1647 = ORIENTED_EDGE ( 'NONE', *, *, #2393, .T. ) ;
#1648 = FACE_BOUND ( 'NONE', #257, .T. ) ;
#1649 = FACE_OUTER_BOUND ( 'NONE', #1690, .T. ) ;
#1650 = CC_DESIGN_APPROVAL ( #1532, ( #256 ) ) ;
#1651 = PLANE ( 'NONE',  #2595 ) ;
#1652 = DIRECTION ( 'NONE',  ( 0.9659258262890694224, 0.2588190451025162986, 0.000000000000000000 ) ) ;
#1653 = ORIENTED_EDGE ( 'NONE', *, *, #325, .T. ) ;
#1654 = FACE_OUTER_BOUND ( 'NONE', #1734, .T. ) ;
#1655 = DIRECTION ( 'NONE',  ( 0.000000000000000000, 0.000000000000000000, 1.000000000000000000 ) ) ;
#1656 = EDGE_CURVE ( 'NONE', #2349, #827, #626, .T. ) ;
#1657 = DIRECTION ( 'NONE',  ( 0.8660254037844388186, 0.4999999999999997224, -0.000000000000000000 ) ) ;
#1658 = VERTEX_POINT ( 'NONE', #2428 ) ;
#1659 = DIRECTION ( 'NONE',  ( -0.8660254037844384856, -0.5000000000000004441, 0.000000000000000000 ) ) ;
#1660 = AXIS2_PLACEMENT_3D ( 'NONE', #878, #422, #1210 ) ;
#1661 = EDGE_LOOP ( 'NONE', ( #3066, #533, #1797, #1825, #640, #165 ) ) ;
#1662 = LINE ( 'NONE', #1643, #1298 ) ;
#1663 = VECTOR ( 'NONE', #2439, 1000.000000000000114 ) ;
#1664 = VECTOR ( 'NONE', #2994, 1000.000000000000000 ) ;
#1665 = ORIENTED_EDGE ( 'NONE', *, *, #221, .F. ) ;
#1666 = FACE_BOUND ( 'NONE', #2227, .T. ) ;
#1667 = ORIENTED_EDGE ( 'NONE', *, *, #248, .F. ) ;
#1668 = EDGE_CURVE ( 'NONE', #2881, #2499, #2405, .T. ) ;
#1669 = DIRECTION ( 'NONE',  ( -0.7071067811865453523, 0.7071067811865496822, 0.000000000000000000 ) ) ;
#1670 = CARTESIAN_POINT ( 'NONE',  ( -22.88172400785650140, 14.25000000000000533, 2.799999999999999822 ) ) ;
#1671 = CARTESIAN_POINT ( 'NONE',  ( -27.91488551531997686, -14.24999999999896261, 0.000000000000000000 ) ) ;
#1672 = DIRECTION ( 'NONE',  ( -1.000000000000000000, 0.000000000000000000, 0.000000000000000000 ) ) ;
#1673 = VERTEX_POINT ( 'NONE', #891 ) ;
#1674 = DIRECTION ( 'NONE',  ( -0.2588190451025206285, 0.9659258262890683122, 0.000000000000000000 ) ) ;
#1675 = DIRECTION ( 'NONE',  ( 1.000000000000000000, 0.000000000000000000, 0.000000000000000000 ) ) ;
#1676 = AXIS2_PLACEMENT_3D ( 'NONE', #1468, #1481, #1980 ) ;
#1677 = CYLINDRICAL_SURFACE ( 'NONE', #1957, 1.799999999999999600 ) ;
#1678 = LINE ( 'NONE', #1162, #1646 ) ;
#1679 = VECTOR ( 'NONE', #534, 1000.000000000000000 ) ;
#1680 = VERTEX_POINT ( 'NONE', #2208 ) ;
#1681 = APPROVAL ( #1819, 'æœª' ) ;
#1682 = VERTEX_POINT ( 'NONE', #3237 ) ;
#1683 = CARTESIAN_POINT ( 'NONE',  ( 17.02954906319532213, -19.31573948979320221, 5.968450208005759983 ) ) ;
#1684 = DIRECTION ( 'NONE',  ( -0.4999999999999997780, 0.8660254037844387076, 0.000000000000000000 ) ) ;
#1685 = ORIENTED_EDGE ( 'NONE', *, *, #2680, .F. ) ;
#1686 = ORIENTED_EDGE ( 'NONE', *, *, #2947, .F. ) ;
#1687 = DIRECTION ( 'NONE',  ( 0.2588190451025233485, 0.9659258262890675351, 0.000000000000000000 ) ) ;
#1688 = CARTESIAN_POINT ( 'NONE',  ( 22.43873369041411436, -17.86635283721911449, 6.000000000000000000 ) ) ;
#1689 = CARTESIAN_POINT ( 'NONE',  ( -25.00000000000000000, 0.000000000000000000, 5.000000000000000000 ) ) ;
#1690 = EDGE_LOOP ( 'NONE', ( #2634, #2025, #1322, #1686 ) ) ;
#1691 = CARTESIAN_POINT ( 'NONE',  ( -17.02954906319566319, -19.31573948979292155, 3.200000000000000178 ) ) ;
#1692 = CARTESIAN_POINT ( 'NONE',  ( 1.616580753728787512, -25.69999999999987139, 0.000000000000000000 ) ) ;
#1693 = FACE_OUTER_BOUND ( 'NONE', #1340, .T. ) ;
#1694 = EDGE_CURVE ( 'NONE', #137, #1228, #965, .T. ) ;
#1695 = LINE ( 'NONE', #3252, #374 ) ;
#1696 = VECTOR ( 'NONE', #2685, 1000.000000000000227 ) ;
#1697 = ORIENTED_EDGE ( 'NONE', *, *, #2841, .F. ) ;
#1698 = DIRECTION ( 'NONE',  ( 0.000000000000000000, 0.000000000000000000, 1.000000000000000000 ) ) ;
#1699 = CARTESIAN_POINT ( 'NONE',  ( 22.43873369041411436, -17.86635283721911449, 6.000000000000000000 ) ) ;
#1700 = CARTESIAN_POINT ( 'NONE',  ( -21.44856250039616441, -14.24999999999896616, 2.799999999999999822 ) ) ;
#1701 = ORIENTED_EDGE ( 'NONE', *, *, #1668, .T. ) ;
#1702 = DIRECTION ( 'NONE',  ( 1.000000000000000000, 1.776356839400250465E-15, 0.000000000000000000 ) ) ;
#1703 = DIRECTION ( 'NONE',  ( 0.000000000000000000, 0.000000000000000000, 1.000000000000000000 ) ) ;
#1704 = ORIENTED_EDGE ( 'NONE', *, *, #1854, .T. ) ;
#1705 = AXIS2_PLACEMENT_3D ( 'NONE', #1436, #1703, #1421 ) ;
#1706 = EDGE_CURVE ( 'NONE', #1053, #473, #3028, .T. ) ;
#1707 = EDGE_LOOP ( 'NONE', ( #680, #243, #516, #160 ) ) ;
#1708 = CARTESIAN_POINT ( 'NONE',  ( -21.44856250039507728, 14.25000000000097167, 2.799999999999999822 ) ) ;
#1709 = DIRECTION ( 'NONE',  ( 0.000000000000000000, 1.000000000000000000, 0.000000000000000000 ) ) ;
#1710 = ORIENTED_EDGE ( 'NONE', *, *, #351, .F. ) ;
#1711 = CARTESIAN_POINT ( 'NONE',  ( -17.02954906319545714, 19.31573948979308852, 3.200000000000000178 ) ) ;
#1712 = DIRECTION ( 'NONE',  ( -0.000000000000000000, -0.000000000000000000, 1.000000000000000000 ) ) ;
#1713 = CIRCLE ( 'NONE', #115, 1.799999999999999600 ) ;
#1714 = CARTESIAN_POINT ( 'NONE',  ( 19.31573948979297484, -17.02954906319558148, 3.200000000000000178 ) ) ;
#1715 = VERTEX_POINT ( 'NONE', #1022 ) ;
#1716 = AXIS2_PLACEMENT_3D ( 'NONE', #1296, #1035, #2031 ) ;
#1717 = EDGE_CURVE ( 'NONE', #567, #1872, #2576, .T. ) ;
#1718 = CARTESIAN_POINT ( 'NONE',  ( 23.27553746443761185, -20.98934703784027889, 3.200000000000000178 ) ) ;
#1719 = ORIENTED_EDGE ( 'NONE', *, *, #1644, .F. ) ;
#1720 = DIRECTION ( 'NONE',  ( -0.000000000000000000, -0.000000000000000000, 1.000000000000000000 ) ) ;
#1721 = LINE ( 'NONE', #1405, #2888 ) ;
#1722 = AXIS2_PLACEMENT_3D ( 'NONE', #558, #2906, #611 ) ;
#1723 = EDGE_LOOP ( 'NONE', ( #2353, #2991, #987, #1062, #37 ) ) ;
#1724 = AXIS2_PLACEMENT_3D ( 'NONE', #1378, #616, #2179 ) ;
#1725 = ORIENTED_EDGE ( 'NONE', *, *, #2599, .T. ) ;
#1726 = DIRECTION ( 'NONE',  ( -1.000000000000000000, 0.000000000000000000, -0.000000000000000000 ) ) ;
#1727 = EDGE_CURVE ( 'NONE', #2984, #860, #2052, .T. ) ;
#1728 = ORIENTED_EDGE ( 'NONE', *, *, #3301, .T. ) ;
#1729 = VERTEX_POINT ( 'NONE', #1769 ) ;
#1730 = LINE ( 'NONE', #1711, #1875 ) ;
#1731 = CARTESIAN_POINT ( 'NONE',  ( -19.31573948979327326, -17.02954906319525819, 3.200000000000000178 ) ) ;
#1732 = ORIENTED_EDGE ( 'NONE', *, *, #945, .F. ) ;
#1733 = ADVANCED_FACE ( 'NONE', ( #2798 ), #1509, .F. ) ;
#1734 = EDGE_LOOP ( 'NONE', ( #2963, #1408, #1571, #3312 ) ) ;
#1735 = DIRECTION ( 'NONE',  ( -0.000000000000000000, -0.000000000000000000, 1.000000000000000000 ) ) ;
#1736 = CARTESIAN_POINT ( 'NONE',  ( -1.799999999999999600, 28.50000000000000000, 0.000000000000000000 ) ) ;
#1737 = EDGE_CURVE ( 'NONE', #3264, #2431, #2577, .T. ) ;
#1738 = VERTEX_POINT ( 'NONE', #2357 ) ;
#1739 = VERTEX_POINT ( 'NONE', #1111 ) ;
#1740 = CARTESIAN_POINT ( 'NONE',  ( 19.31573948979314537, 17.02954906319538608, 3.200000000000000178 ) ) ;
#1741 = PLANE ( 'NONE',  #1505 ) ;
#1742 = CYLINDRICAL_SURFACE ( 'NONE', #1803, 1.799999999999999600 ) ;
#1743 = AXIS2_PLACEMENT_3D ( 'NONE', #3172, #829, #1372 ) ;
#1744 = EDGE_LOOP ( 'NONE', ( #2908, #1590 ) ) ;
#1745 = ORIENTED_EDGE ( 'NONE', *, *, #476, .T. ) ;
#1746 = CARTESIAN_POINT ( 'NONE',  ( 0.000000000000000000, 0.000000000000000000, 2.000000000000000000 ) ) ;
#1747 = CIRCLE ( 'NONE', #1427, 23.99999999999999645 ) ;
#1748 = CYLINDRICAL_SURFACE ( 'NONE', #3053, 1.799999999999999600 ) ;
#1749 = ORIENTED_EDGE ( 'NONE', *, *, #325, .F. ) ;
#1750 = EDGE_CURVE ( 'NONE', #2726, #1543, #2099, .T. ) ;
#1751 = CARTESIAN_POINT ( 'NONE',  ( 23.06514325412386412, -17.05000000000085691, 2.799999999999999822 ) ) ;
#1752 = VECTOR ( 'NONE', #2498, 1000.000000000000114 ) ;
#1753 = LINE ( 'NONE', #2781, #1262 ) ;
#1754 = ORIENTED_EDGE ( 'NONE', *, *, #1300, .T. ) ;
#1755 = VERTEX_POINT ( 'NONE', #600 ) ;
#1756 = FACE_OUTER_BOUND ( 'NONE', #2386, .T. ) ;
#1757 = DIRECTION ( 'NONE',  ( -0.7071067811865551223, -0.7071067811865399122, 0.000000000000000000 ) ) ;
#1758 = DIRECTION ( 'NONE',  ( 1.000000000000000000, 0.000000000000000000, 0.000000000000000000 ) ) ;
#1759 = EDGE_CURVE ( 'NONE', #489, #2807, #3013, .T. ) ;
#1760 = ORIENTED_EDGE ( 'NONE', *, *, #2280, .T. ) ;
#1761 = DIRECTION ( 'NONE',  ( 1.000000000000000000, 0.000000000000000000, 0.000000000000000000 ) ) ;
#1762 = CARTESIAN_POINT ( 'NONE',  ( 23.06514325412386412, -17.05000000000085691, 2.799999999999999822 ) ) ;
#1763 = ORIENTED_EDGE ( 'NONE', *, *, #2434, .T. ) ;
#1764 = VECTOR ( 'NONE', #856, 1000.000000000000000 ) ;
#1765 = EDGE_CURVE ( 'NONE', #2362, #903, #1127, .T. ) ;
#1766 = ADVANCED_FACE ( 'NONE', ( #2475 ), #1926, .F. ) ;
#1767 = LINE ( 'NONE', #1783, #812 ) ;
#1768 = VECTOR ( 'NONE', #559, 1000.000000000000000 ) ;
#1769 = CARTESIAN_POINT ( 'NONE',  ( -23.06514325412603128, 11.45000000000096740, 0.000000000000000000 ) ) ;
#1770 = DIRECTION ( 'NONE',  ( -0.2588190451025298988, -0.9659258262890658697, 0.000000000000000000 ) ) ;
#1771 = ORIENTED_EDGE ( 'NONE', *, *, #2594, .T. ) ;
#1772 = VERTEX_POINT ( 'NONE', #185 ) ;
#1773 = CARTESIAN_POINT ( 'NONE',  ( 24.68172400785650211, 14.25000000000000355, 2.799999999999999822 ) ) ;
#1774 = LINE ( 'NONE', #1989, #3045 ) ;
#1775 = PLANE ( 'NONE',  #1105 ) ;
#1776 = EDGE_CURVE ( 'NONE', #1271, #1036, #712, .T. ) ;
#1777 = VERTEX_POINT ( 'NONE', #1247 ) ;
#1778 = ORIENTED_EDGE ( 'NONE', *, *, #1232, .F. ) ;
#1779 = DIRECTION ( 'NONE',  ( 0.000000000000000000, 0.000000000000000000, 1.000000000000000000 ) ) ;
#1780 = VERTEX_POINT ( 'NONE', #3286 ) ;
#1781 = CARTESIAN_POINT ( 'NONE',  ( 1.616580753728787512, -25.69999999999987139, 2.799999999999999822 ) ) ;
#1782 = AXIS2_PLACEMENT_3D ( 'NONE', #2927, #637, #2161 ) ;
#1783 = CARTESIAN_POINT ( 'NONE',  ( 26.29830476158577568, -11.45000000000085194, 2.799999999999999822 ) ) ;
#1784 = DIRECTION ( 'NONE',  ( 0.4999999999999994449, -0.8660254037844389297, 0.000000000000000000 ) ) ;
#1785 = CIRCLE ( 'NONE', #80, 23.99999999999999645 ) ;
#1786 = APPROVAL ( #2333, 'æœª' ) ;
#1787 = ORIENTED_EDGE ( 'NONE', *, *, #11, .T. ) ;
#1788 = EDGE_LOOP ( 'NONE', ( #737, #247, #3059, #2921, #1399 ) ) ;
#1789 = PLANE ( 'NONE',  #1272 ) ;
#1790 = CARTESIAN_POINT ( 'NONE',  ( 17.02954906319532213, -19.31573948979320221, 5.968450208005759983 ) ) ;
#1791 = ORIENTED_EDGE ( 'NONE', *, *, #1514, .F. ) ;
#1792 = CARTESIAN_POINT ( 'NONE',  ( 23.06514325412386768, -11.45000000000085372, 2.799999999999999822 ) ) ;
#1793 = ORIENTED_EDGE ( 'NONE', *, *, #1401, .F. ) ;
#1794 = CARTESIAN_POINT ( 'NONE',  ( -23.99999999999999645, 0.000000000000000000, 2.000000000000000000 ) ) ;
#1795 = CARTESIAN_POINT ( 'NONE',  ( -20.15254326381661087, 20.15254326381660377, 0.000000000000000000 ) ) ;
#1796 = DIRECTION ( 'NONE',  ( 1.000000000000000000, 0.000000000000000000, 0.000000000000000000 ) ) ;
#1797 = ORIENTED_EDGE ( 'NONE', *, *, #2877, .T. ) ;
#1798 = PLANE ( 'NONE',  #823 ) ;
#1799 = ADVANCED_FACE ( 'NONE', ( #997, #2777 ), #1065, .T. ) ;
#1800 = CARTESIAN_POINT ( 'NONE',  ( 0.000000000000000000, 0.000000000000000000, 5.000000000000000000 ) ) ;
#1801 = ORIENTED_EDGE ( 'NONE', *, *, #555, .F. ) ;
#1802 = CARTESIAN_POINT ( 'NONE',  ( -21.44856250039507728, 14.25000000000097167, 2.799999999999999822 ) ) ;
#1803 = AXIS2_PLACEMENT_3D ( 'NONE', #227, #2023, #1486 ) ;
#1804 = LINE ( 'NONE', #2056, #1324 ) ;
#1805 = DIRECTION ( 'NONE',  ( -1.073081856240825879E-15, -1.000000000000000000, 0.000000000000000000 ) ) ;
#1806 = PERSON_AND_ORGANIZATION ( #461, #1593 ) ;
#1807 = EDGE_CURVE ( 'NONE', #3185, #2722, #1016, .T. ) ;
#1808 = EDGE_LOOP ( 'NONE', ( #766, #2717, #2402, #1291 ) ) ;
#1809 = CARTESIAN_POINT ( 'NONE',  ( 23.06514325412496547, 17.04999999999907700, 2.799999999999999822 ) ) ;
#1810 = LINE ( 'NONE', #498, #771 ) ;
#1811 = DIRECTION ( 'NONE',  ( -0.2588190451025241257, -0.9659258262890673130, 0.000000000000000000 ) ) ;
#1812 = VERTEX_POINT ( 'NONE', #2293 ) ;
#1813 = DIRECTION ( 'NONE',  ( 0.4999999999999997224, -0.8660254037844388186, 0.000000000000000000 ) ) ;
#1814 = CIRCLE ( 'NONE', #3114, 25.00000000000000000 ) ;
#1815 = EDGE_CURVE ( 'NONE', #1132, #1715, #3168, .T. ) ;
#1816 = DIRECTION ( 'NONE',  ( 1.000000000000000000, 0.000000000000000000, 0.000000000000000000 ) ) ;
#1817 = ORIENTED_EDGE ( 'NONE', *, *, #1656, .T. ) ;
#1818 = FACE_OUTER_BOUND ( 'NONE', #2711, .T. ) ;
#1819 = APPROVAL_STATUS ( 'not_yet_approved' ) ;
#1820 = ORIENTED_EDGE ( 'NONE', *, *, #2930, .F. ) ;
#1821 = LINE ( 'NONE', #610, #469 ) ;
#1822 = FACE_BOUND ( 'NONE', #2390, .T. ) ;
#1823 = EDGE_CURVE ( 'NONE', #1682, #1025, #22, .T. ) ;
#1824 = VECTOR ( 'NONE', #1103, 1000.000000000000114 ) ;
#1825 = ORIENTED_EDGE ( 'NONE', *, *, #565, .T. ) ;
#1826 = LINE ( 'NONE', #2763, #729 ) ;
#1827 = VECTOR ( 'NONE', #1770, 1000.000000000000000 ) ;
#1828 = AXIS2_PLACEMENT_3D ( 'NONE', #423, #123, #898 ) ;
#1829 = LINE ( 'NONE', #2609, #1445 ) ;
#1830 = ADVANCED_FACE ( 'NONE', ( #2049 ), #3089, .F. ) ;
#1831 = DIRECTION ( 'NONE',  ( -0.9659258262890711988, -0.2588190451025098038, 0.000000000000000000 ) ) ;
#1832 = ORIENTED_EDGE ( 'NONE', *, *, #3213, .T. ) ;
#1833 = AXIS2_PLACEMENT_3D ( 'NONE', #2919, #3241, #438 ) ;
#1834 = CARTESIAN_POINT ( 'NONE',  ( -17.07718996378228127, 19.49353775130146715, 6.000000000000000000 ) ) ;
#1835 = FACE_OUTER_BOUND ( 'NONE', #1808, .T. ) ;
#1836 = ADVANCED_FACE ( 'NONE', ( #940 ), #2159, .F. ) ;
#1837 = ORIENTED_EDGE ( 'NONE', *, *, #911, .T. ) ;
#1838 = DIRECTION ( 'NONE',  ( -0.000000000000000000, -0.000000000000000000, -1.000000000000000000 ) ) ;
#1839 = CARTESIAN_POINT ( 'NONE',  ( 20.15254326381646166, -20.15254326381675298, 3.200000000000000178 ) ) ;
#1840 = EDGE_CURVE ( 'NONE', #1102, #3235, #1308, .T. ) ;
#1841 = CARTESIAN_POINT ( 'NONE',  ( -3.233161507464071605, -28.49999999999987210, 2.799999999999999822 ) ) ;
#1842 = EDGE_LOOP ( 'NONE', ( #2970, #789, #1086, #778 ) ) ;
#1843 = DIRECTION ( 'NONE',  ( -0.000000000000000000, -0.000000000000000000, 1.000000000000000000 ) ) ;
#1844 = AXIS2_PLACEMENT_3D ( 'NONE', #768, #1027, #240 ) ;
#1845 = ADVANCED_FACE ( 'NONE', ( #704 ), #1921, .F. ) ;
#1846 = ORIENTED_EDGE ( 'NONE', *, *, #1369, .T. ) ;
#1847 = DIRECTION ( 'NONE',  ( -1.000000000000000000, 0.000000000000000000, 0.000000000000000000 ) ) ;
#1848 = AXIS2_PLACEMENT_3D ( 'NONE', #2145, #1709, #127 ) ;
#1849 = EDGE_LOOP ( 'NONE', ( #722, #2975, #3303, #2, #1418 ) ) ;
#1850 = CARTESIAN_POINT ( 'NONE',  ( 19.58416679350149536, 17.10147394245050023, 6.000000000000000000 ) ) ;
#1851 = CARTESIAN_POINT ( 'NONE',  ( -21.44856250039616441, -14.24999999999896616, 2.799999999999999822 ) ) ;
#1852 = CIRCLE ( 'NONE', #1528, 1.799999999999999600 ) ;
#1853 = ORIENTED_EDGE ( 'NONE', *, *, #363, .F. ) ;
#1854 = EDGE_CURVE ( 'NONE', #1359, #1297, #902, .T. ) ;
#1855 = CARTESIAN_POINT ( 'NONE',  ( 17.02954906319551753, 19.31573948979302813, 5.968450208005759983 ) ) ;
#1856 = ORIENTED_EDGE ( 'NONE', *, *, #49, .F. ) ;
#1857 = DIRECTION ( 'NONE',  ( -0.9659258262890700886, -0.2588190451025141336, 0.000000000000000000 ) ) ;
#1858 = AXIS2_PLACEMENT_3D ( 'NONE', #1250, #1511, #503 ) ;
#1859 = DIRECTION ( 'NONE',  ( -0.000000000000000000, -0.000000000000000000, 1.000000000000000000 ) ) ;
#1860 = ORIENTED_EDGE ( 'NONE', *, *, #1011, .T. ) ;
#1861 = EDGE_CURVE ( 'NONE', #172, #1047, #672, .T. ) ;
#1862 = EDGE_LOOP ( 'NONE', ( #2123, #2459, #2617, #916, #929, #3209 ) ) ;
#1863 = FACE_OUTER_BOUND ( 'NONE', #2559, .T. ) ;
#1864 = DIRECTION ( 'NONE',  ( 0.5000000000000004441, 0.8660254037844382635, 0.000000000000000000 ) ) ;
#1865 = VECTOR ( 'NONE', #2966, 1000.000000000000000 ) ;
#1866 = VERTEX_POINT ( 'NONE', #2667 ) ;
#1867 = VECTOR ( 'NONE', #2337, 1000.000000000000114 ) ;
#1868 = CARTESIAN_POINT ( 'NONE',  ( -17.02954906319566319, -19.31573948979292155, 3.200000000000000178 ) ) ;
#1869 = FACE_BOUND ( 'NONE', #1285, .T. ) ;
#1870 = EDGE_CURVE ( 'NONE', #2233, #1236, #371, .T. ) ;
#1871 = CARTESIAN_POINT ( 'NONE',  ( -18.93472753728456937, -17.41056101570396919, 5.959745713280497625 ) ) ;
#1872 = VERTEX_POINT ( 'NONE', #2044 ) ;
#1873 = CARTESIAN_POINT ( 'NONE',  ( 3.233161507461907558, 28.49999999999999645, 0.000000000000000000 ) ) ;
#1874 = CARTESIAN_POINT ( 'NONE',  ( 0.000000000000000000, 0.000000000000000000, 3.200000000000000178 ) ) ;
#1875 = VECTOR ( 'NONE', #1674, 1000.000000000000114 ) ;
#1876 = EDGE_LOOP ( 'NONE', ( #169, #2043, #2555, #2404 ) ) ;
#1877 = ORIENTED_EDGE ( 'NONE', *, *, #2695, .T. ) ;
#1878 = ADVANCED_FACE ( 'NONE', ( #2790 ), #3, .F. ) ;
#1879 = CARTESIAN_POINT ( 'NONE',  ( 21.44856250039401147, 14.24999999999907807, 0.000000000000000000 ) ) ;
#1880 = VECTOR ( 'NONE', #2964, 1000.000000000000000 ) ;
#1881 = ORIENTED_EDGE ( 'NONE', *, *, #2113, .F. ) ;
#1882 = PLANE ( 'NONE',  #670 ) ;
#1883 = DIRECTION ( 'NONE',  ( 1.000000000000000000, 0.000000000000000000, 0.000000000000000000 ) ) ;
#1884 = CIRCLE ( 'NONE', #1059, 25.00000000000000000 ) ;
#1885 = CARTESIAN_POINT ( 'NONE',  ( -3.233161507461904893, 28.49999999999999645, 2.799999999999999822 ) ) ;
#1886 = DIRECTION ( 'NONE',  ( -0.000000000000000000, -0.000000000000000000, -1.000000000000000000 ) ) ;
#1887 = DIRECTION ( 'NONE',  ( -0.000000000000000000, -0.000000000000000000, 1.000000000000000000 ) ) ;
#1888 = ORIENTED_EDGE ( 'NONE', *, *, #2240, .T. ) ;
#1889 = CARTESIAN_POINT ( 'NONE',  ( 17.86635283721881606, -22.43873369041435595, 3.200000000000000178 ) ) ;
#1890 = DIRECTION ( 'NONE',  ( -0.000000000000000000, -0.000000000000000000, 1.000000000000000000 ) ) ;
#1891 = VERTEX_POINT ( 'NONE', #726 ) ;
#1892 = EDGE_CURVE ( 'NONE', #860, #3259, #2757, .T. ) ;
#1893 = ORIENTED_EDGE ( 'NONE', *, *, #2085, .T. ) ;
#1894 = CARTESIAN_POINT ( 'NONE',  ( 23.06514325412386412, -17.05000000000085691, 0.000000000000000000 ) ) ;
#1895 = LINE ( 'NONE', #417, #3088 ) ;
#1896 = AXIS2_PLACEMENT_3D ( 'NONE', #2088, #831, #575 ) ;
#1897 = FACE_BOUND ( 'NONE', #319, .T. ) ;
#1898 = ORIENTED_EDGE ( 'NONE', *, *, #641, .F. ) ;
#1899 = LINE ( 'NONE', #1409, #2693 ) ;
#1900 = EDGE_CURVE ( 'NONE', #941, #419, #288, .T. ) ;
#1901 = LINE ( 'NONE', #1395, #1177 ) ;
#1902 = VERTEX_POINT ( 'NONE', #1613 ) ;
#1903 = CARTESIAN_POINT ( 'NONE',  ( 22.43873369041429910, 17.86635283721888712, 3.200000000000000178 ) ) ;
#1904 = CARTESIAN_POINT ( 'NONE',  ( -1.799999999999996270, -28.50000000000000000, 6.000000000000000000 ) ) ;
#1905 = CARTESIAN_POINT ( 'NONE',  ( 23.27553746443761185, -20.98934703784027889, 3.200000000000000178 ) ) ;
#1906 = CARTESIAN_POINT ( 'NONE',  ( 23.06514325412496547, 11.44999999999907381, 0.000000000000000000 ) ) ;
#1907 = EDGE_LOOP ( 'NONE', ( #1525, #1420 ) ) ;
#1908 = EDGE_CURVE ( 'NONE', #1993, #2100, #1583, .T. ) ;
#1909 = DIRECTION ( 'NONE',  ( -0.000000000000000000, -0.000000000000000000, -1.000000000000000000 ) ) ;
#1910 = ORIENTED_EDGE ( 'NONE', *, *, #863, .F. ) ;
#1911 = CARTESIAN_POINT ( 'NONE',  ( -17.86635283721921041, -22.43873369041405397, 6.000000000000000000 ) ) ;
#1912 = ORIENTED_EDGE ( 'NONE', *, *, #376, .F. ) ;
#1913 = VECTOR ( 'NONE', #1416, 1000.000000000000000 ) ;
#1914 = VERTEX_POINT ( 'NONE', #59 ) ;
#1915 = CARTESIAN_POINT ( 'NONE',  ( 0.000000000000000000, 0.000000000000000000, 2.000000000000000000 ) ) ;
#1916 = DIRECTION ( 'NONE',  ( -0.000000000000000000, -0.000000000000000000, 1.000000000000000000 ) ) ;
#1917 = APPROVAL_PERSON_ORGANIZATION ( #2830, #1681, #571 ) ;
#1918 = CARTESIAN_POINT ( 'NONE',  ( -26.29830476158902286, -11.44999999999896190, 2.799999999999999822 ) ) ;
#1919 = CIRCLE ( 'NONE', #439, 1.799999999999999600 ) ;
#1920 = FACE_OUTER_BOUND ( 'NONE', #1491, .T. ) ;
#1921 = PLANE ( 'NONE',  #445 ) ;
#1922 = ORIENTED_EDGE ( 'NONE', *, *, #2557, .T. ) ;
#1923 = CARTESIAN_POINT ( 'NONE',  ( -23.06514325412711841, -17.04999999999896687, 0.000000000000000000 ) ) ;
#1924 = ADVANCED_FACE ( 'NONE', ( #2832 ), #46, .F. ) ;
#1925 = CARTESIAN_POINT ( 'NONE',  ( 0.000000000000000000, 0.000000000000000000, 0.000000000000000000 ) ) ;
#1926 = PLANE ( 'NONE',  #1546 ) ;
#1927 = ORIENTED_EDGE ( 'NONE', *, *, #2045, .T. ) ;
#1928 = DIRECTION ( 'NONE',  ( -1.000000000000000000, 0.000000000000000000, 0.000000000000000000 ) ) ;
#1929 = VERTEX_POINT ( 'NONE', #2467 ) ;
#1930 = DIRECTION ( 'NONE',  ( 0.000000000000000000, 0.000000000000000000, 1.000000000000000000 ) ) ;
#1931 = CARTESIAN_POINT ( 'NONE',  ( -26.29830476158902997, -17.04999999999896687, 0.000000000000000000 ) ) ;
#1932 = CIRCLE ( 'NONE', #3313, 1.799999999999999600 ) ;
#1933 = ORIENTED_EDGE ( 'NONE', *, *, #140, .T. ) ;
#1934 = VERTEX_POINT ( 'NONE', #1189 ) ;
#1935 = PLANE ( 'NONE',  #1660 ) ;
#1936 = PLANE ( 'NONE',  #2096 ) ;
#1937 = ADVANCED_FACE ( 'NONE', ( #1138 ), #143, .F. ) ;
#1938 = DIRECTION ( 'NONE',  ( 0.8660254037844379305, -0.5000000000000013323, 0.000000000000000000 ) ) ;
#1939 = DIRECTION ( 'NONE',  ( 1.000000000000000000, 0.000000000000000000, 0.000000000000000000 ) ) ;
#1940 = CARTESIAN_POINT ( 'NONE',  ( -19.31573948979309208, 17.02954906319545358, 3.200000000000000178 ) ) ;
#1941 = ORIENTED_EDGE ( 'NONE', *, *, #911, .F. ) ;
#1942 = CARTESIAN_POINT ( 'NONE',  ( -20.15254326381681338, -20.15254326381639771, 0.000000000000000000 ) ) ;
#1943 = AXIS2_PLACEMENT_3D ( 'NONE', #1990, #3063, #3081 ) ;
#1944 = CARTESIAN_POINT ( 'NONE',  ( -23.27553746443775751, 20.98934703784012257, 3.200000000000000178 ) ) ;
#1945 = ORIENTED_EDGE ( 'NONE', *, *, #1161, .F. ) ;
#1946 = UNCERTAINTY_MEASURE_WITH_UNIT (LENGTH_MEASURE( 1.000000000000000082E-05 ), #734, 'distance_accuracy_value', 'NONE');
#1947 = EDGE_CURVE ( 'NONE', #58, #2111, #1173, .T. ) ;
#1948 = ORIENTED_EDGE ( 'NONE', *, *, #1807, .T. ) ;
#1949 = FACE_OUTER_BOUND ( 'NONE', #692, .T. ) ;
#1950 = CARTESIAN_POINT ( 'NONE',  ( -22.43873369041423871, 17.86635283721896528, 3.200000000000000178 ) ) ;
#1951 = ORIENTED_EDGE ( 'NONE', *, *, #292, .F. ) ;
#1952 = CARTESIAN_POINT ( 'NONE',  ( -19.31573948979327326, -17.02954906319525819, 3.200000000000000178 ) ) ;
#1953 = ADVANCED_FACE ( 'NONE', ( #645 ), #1935, .F. ) ;
#1954 = DIRECTION ( 'NONE',  ( -0.7071067811865530128, -0.7071067811865421326, 0.000000000000000000 ) ) ;
#1955 = ORIENTED_EDGE ( 'NONE', *, *, #2578, .T. ) ;
#1956 = LINE ( 'NONE', #447, #2374 ) ;
#1957 = AXIS2_PLACEMENT_3D ( 'NONE', #655, #2999, #3266 ) ;
#1958 = EDGE_LOOP ( 'NONE', ( #3093, #45 ) ) ;
#1959 = EDGE_LOOP ( 'NONE', ( #1090, #41, #1912, #2188 ) ) ;
#1960 = DIRECTION ( 'NONE',  ( -0.7071067811865474617, -0.7071067811865474617, 0.000000000000000000 ) ) ;
#1961 = LINE ( 'NONE', #2545, #3133 ) ;
#1962 = EDGE_CURVE ( 'NONE', #3014, #1872, #233, .T. ) ;
#1963 = VECTOR ( 'NONE', #2154, 999.9999999999998863 ) ;
#1964 = VERTEX_POINT ( 'NONE', #459 ) ;
#1965 = DIRECTION ( 'NONE',  ( -0.000000000000000000, -0.000000000000000000, 1.000000000000000000 ) ) ;
#1966 = DIRECTION ( 'NONE',  ( 0.000000000000000000, 0.000000000000000000, 1.000000000000000000 ) ) ;
#1967 = DIRECTION ( 'NONE',  ( 0.5000000000000001110, 0.8660254037844385966, 0.000000000000000000 ) ) ;
#1968 = VERTEX_POINT ( 'NONE', #1559 ) ;
#1969 = DIRECTION ( 'NONE',  ( -1.000000000000000000, -5.365409281204135312E-16, 0.000000000000000000 ) ) ;
#1970 = ORIENTED_EDGE ( 'NONE', *, *, #1161, .T. ) ;
#1971 = PLANE ( 'NONE',  #613 ) ;
#1972 = VECTOR ( 'NONE', #1570, 1000.000000000000000 ) ;
#1973 = EDGE_CURVE ( 'NONE', #1279, #2349, #1454, .T. ) ;
#1974 = LINE ( 'NONE', #3017, #7 ) ;
#1975 = ORIENTED_EDGE ( 'NONE', *, *, #2320, .T. ) ;
#1976 = AXIS2_PLACEMENT_3D ( 'NONE', #531, #2543, #1784 ) ;
#1977 = ORIENTED_EDGE ( 'NONE', *, *, #923, .F. ) ;
#1978 = CARTESIAN_POINT ( 'NONE',  ( 23.06514325412496547, 17.04999999999907700, 2.799999999999999822 ) ) ;
#1979 = CARTESIAN_POINT ( 'NONE',  ( -27.91488551531889328, 14.25000000000097167, 2.799999999999999822 ) ) ;
#1980 = DIRECTION ( 'NONE',  ( 1.000000000000000000, -5.365409281204141229E-16, 0.000000000000000000 ) ) ;
#1981 = AXIS2_PLACEMENT_3D ( 'NONE', #2068, #3111, #1567 ) ;
#1982 = EDGE_CURVE ( 'NONE', #2349, #1279, #725, .T. ) ;
#1983 = EDGE_LOOP ( 'NONE', ( #1031, #578, #1719, #597 ) ) ;
#1984 = CARTESIAN_POINT ( 'NONE',  ( 25.00000000000000000, 3.061616997868383043E-15, 6.000000000000000000 ) ) ;
#1985 = VECTOR ( 'NONE', #2371, 1000.000000000000114 ) ;
#1986 = VECTOR ( 'NONE', #289, 1000.000000000000000 ) ;
#1987 = ORIENTED_EDGE ( 'NONE', *, *, #721, .F. ) ;
#1988 = CARTESIAN_POINT ( 'NONE',  ( 20.15254326381666772, 20.15254326381653982, 0.000000000000000000 ) ) ;
#1989 = CARTESIAN_POINT ( 'NONE',  ( 27.91488551531672613, -14.25000000000085976, 2.799999999999999822 ) ) ;
#1990 = CARTESIAN_POINT ( 'NONE',  ( 24.68172400785650211, 14.25000000000000355, 6.000000000000000000 ) ) ;
#1991 = EDGE_CURVE ( 'NONE', #2008, #323, #1064, .T. ) ;
#1992 = EDGE_LOOP ( 'NONE', ( #2103, #1013, #2125, #1975 ) ) ;
#1993 = VERTEX_POINT ( 'NONE', #2101 ) ;
#1994 = CARTESIAN_POINT ( 'NONE',  ( 17.02954906319532213, -19.31573948979320221, 3.200000000000000178 ) ) ;
#1995 = AXIS2_PLACEMENT_3D ( 'NONE', #569, #2615, #1344 ) ;
#1996 = ORIENTED_EDGE ( 'NONE', *, *, #1080, .T. ) ;
#1997 = AXIS2_PLACEMENT_3D ( 'NONE', #3231, #634, #1954 ) ;
#1998 = EDGE_CURVE ( 'NONE', #1359, #1929, #1208, .T. ) ;
#1999 = DIRECTION ( 'NONE',  ( -0.000000000000000000, -0.000000000000000000, 1.000000000000000000 ) ) ;
#2000 = LINE ( 'NONE', #2607, #386 ) ;
#2001 = LINE ( 'NONE', #1736, #1615 ) ;
#2002 = EDGE_LOOP ( 'NONE', ( #2108, #30, #2668, #635 ) ) ;
#2003 = ORIENTED_EDGE ( 'NONE', *, *, #133, .T. ) ;
#2004 = DIRECTION ( 'NONE',  ( -0.8660254037844385966, 0.5000000000000003331, 0.000000000000000000 ) ) ;
#2005 = CARTESIAN_POINT ( 'NONE',  ( -22.43873369041423871, 17.86635283721896528, 6.000000000000000000 ) ) ;
#2006 = DIRECTION ( 'NONE',  ( -0.000000000000000000, -0.000000000000000000, 1.000000000000000000 ) ) ;
#2007 = VECTOR ( 'NONE', #101, 1000.000000000000227 ) ;
#2008 = VERTEX_POINT ( 'NONE', #1129 ) ;
#2009 = VERTEX_POINT ( 'NONE', #2857 ) ;
#2010 = CARTESIAN_POINT ( 'NONE',  ( -22.43873369041423871, 17.86635283721896528, 6.000000000000000000 ) ) ;
#2011 = VECTOR ( 'NONE', #2943, 1000.000000000000000 ) ;
#2012 = EDGE_CURVE ( 'NONE', #258, #2629, #2530, .T. ) ;
#2013 = ORIENTED_EDGE ( 'NONE', *, *, #1431, .F. ) ;
#2014 = CARTESIAN_POINT ( 'NONE',  ( 23.06514325412496547, 17.04999999999907700, 2.799999999999999822 ) ) ;
#2015 = VECTOR ( 'NONE', #2006, 1000.000000000000000 ) ;
#2016 = DIRECTION ( 'NONE',  ( 0.000000000000000000, 0.000000000000000000, 1.000000000000000000 ) ) ;
#2017 = DIRECTION ( 'NONE',  ( 1.000000000000000000, 0.000000000000000000, 0.000000000000000000 ) ) ;
#2018 = ADVANCED_FACE ( 'NONE', ( #2879 ), #870, .F. ) ;
#2019 = ORIENTED_EDGE ( 'NONE', *, *, #1815, .F. ) ;
#2020 = EDGE_LOOP ( 'NONE', ( #3204, #1749 ) ) ;
#2021 = LINE ( 'NONE', #72, #846 ) ;
#2022 = DIRECTION ( 'NONE',  ( 1.000000000000000000, 0.000000000000000000, 0.000000000000000000 ) ) ;
#2023 = DIRECTION ( 'NONE',  ( -0.000000000000000000, -0.000000000000000000, 1.000000000000000000 ) ) ;
#2024 = VECTOR ( 'NONE', #3224, 1000.000000000000000 ) ;
#2025 = ORIENTED_EDGE ( 'NONE', *, *, #1594, .T. ) ;
#2026 = DIRECTION ( 'NONE',  ( -0.000000000000000000, -0.000000000000000000, -1.000000000000000000 ) ) ;
#2027 = DIRECTION ( 'NONE',  ( 0.000000000000000000, 1.000000000000000000, 0.000000000000000000 ) ) ;
#2028 = B_SPLINE_CURVE_WITH_KNOTS ( 'NONE', 3,
 ( #989, #1485, #3298, #2517 ),
 .UNSPECIFIED., .F., .F.,
 ( 4, 4 ),
 ( 0.000000000000000000, 0.0002796815957600292486 ),
 .UNSPECIFIED. ) ;
#2029 = DIRECTION ( 'NONE',  ( 0.4999999999999998890, 0.8660254037844387076, 0.000000000000000000 ) ) ;
#2030 = EDGE_CURVE ( 'NONE', #2242, #1739, #2779, .T. ) ;
#2031 = DIRECTION ( 'NONE',  ( 1.000000000000000000, 0.000000000000000000, 0.000000000000000000 ) ) ;
#2032 = VERTEX_POINT ( 'NONE', #2279 ) ;
#2033 = CIRCLE ( 'NONE', #1083, 26.00000000000000355 ) ;
#2034 = AXIS2_PLACEMENT_3D ( 'NONE', #481, #3306, #500 ) ;
#2035 = DIRECTION ( 'NONE',  ( -0.000000000000000000, -0.000000000000000000, 1.000000000000000000 ) ) ;
#2036 = ORIENTED_EDGE ( 'NONE', *, *, #1264, .F. ) ;
#2037 = ORIENTED_EDGE ( 'NONE', *, *, #653, .F. ) ;
#2038 = CARTESIAN_POINT ( 'NONE',  ( -22.88172400785649785, -14.25000000000001243, 6.000000000000000000 ) ) ;
#2039 = DIRECTION ( 'NONE',  ( -0.2588190451025145777, 0.9659258262890699775, 0.000000000000000000 ) ) ;
#2040 = CARTESIAN_POINT ( 'NONE',  ( 19.31573948979314537, 17.02954906319538608, 3.200000000000000178 ) ) ;
#2041 = VECTOR ( 'NONE', #1813, 1000.000000000000114 ) ;
#2042 = DIRECTION ( 'NONE',  ( 1.224646799147353207E-16, 1.000000000000000000, -0.000000000000000000 ) ) ;
#2043 = ORIENTED_EDGE ( 'NONE', *, *, #3187, .F. ) ;
#2044 = CARTESIAN_POINT ( 'NONE',  ( 25.00000000000000000, 3.061616997868383043E-15, 5.000000000000000000 ) ) ;
#2045 = EDGE_CURVE ( 'NONE', #473, #25, #2063, .T. ) ;
#2046 = EDGE_LOOP ( 'NONE', ( #278, #1463, #524, #2637, #348, #2151 ) ) ;
#2047 = CARTESIAN_POINT ( 'NONE',  ( 1.616580753730955999, 25.69999999999999574, 2.799999999999999822 ) ) ;
#2048 = B_SPLINE_CURVE_WITH_KNOTS ( 'NONE', 3,
 ( #2494, #1032, #828, #843, #588, #2883 ),
 .UNSPECIFIED., .F., .F.,
 ( 4, 2, 4 ),
 ( 0.000000000000000000, 0.001616613714999438813, 0.003233227429998877626 ),
 .UNSPECIFIED. ) ;
#2049 = FACE_OUTER_BOUND ( 'NONE', #2246, .T. ) ;
#2050 = ORIENTED_EDGE ( 'NONE', *, *, #1493, .T. ) ;
#2051 = VECTOR ( 'NONE', #2635, 1000.000000000000000 ) ;
#2052 = LINE ( 'NONE', #2258, #927 ) ;
#2053 = EDGE_CURVE ( 'NONE', #180, #195, #483, .T. ) ;
#2054 = ORIENTED_EDGE ( 'NONE', *, *, #1000, .F. ) ;
#2055 = FACE_OUTER_BOUND ( 'NONE', #1209, .T. ) ;
#2056 = CARTESIAN_POINT ( 'NONE',  ( 26.29830476158577568, -11.45000000000085194, 0.000000000000000000 ) ) ;
#2057 = ORIENTED_EDGE ( 'NONE', *, *, #1493, .F. ) ;
#2058 = VERTEX_POINT ( 'NONE', #3056 ) ;
#2059 = FACE_OUTER_BOUND ( 'NONE', #724, .T. ) ;
#2060 = ADVANCED_FACE ( 'NONE', ( #999 ), #1798, .F. ) ;
#2061 = FACE_BOUND ( 'NONE', #1499, .T. ) ;
#2062 = VERTEX_POINT ( 'NONE', #3103 ) ;
#2063 = LINE ( 'NONE', #747, #124 ) ;
#2064 = EDGE_LOOP ( 'NONE', ( #2649, #933, #3078, #421 ) ) ;
#2065 = EDGE_CURVE ( 'NONE', #129, #713, #2312, .T. ) ;
#2066 = LINE ( 'NONE', #1879, #2007 ) ;
#2067 = ORIENTED_EDGE ( 'NONE', *, *, #2825, .T. ) ;
#2068 = CARTESIAN_POINT ( 'NONE',  ( -23.06514325412711841, -17.04999999999896687, 2.799999999999999822 ) ) ;
#2069 = LINE ( 'NONE', #1361, #2075 ) ;
#2070 = FACE_OUTER_BOUND ( 'NONE', #700, .T. ) ;
#2071 = DIRECTION ( 'NONE',  ( 0.8660254037844385966, -0.5000000000000003331, 0.000000000000000000 ) ) ;
#2072 = CARTESIAN_POINT ( 'NONE',  ( -21.44856250039507728, 14.25000000000097167, 2.799999999999999822 ) ) ;
#2073 = ORIENTED_EDGE ( 'NONE', *, *, #1079, .F. ) ;
#2074 = ADVANCED_FACE ( 'NONE', ( #1311 ), #546, .F. ) ;
#2075 = VECTOR ( 'NONE', #1838, 1000.000000000000000 ) ;
#2076 = CARTESIAN_POINT ( 'NONE',  ( -27.91488551531997686, -14.24999999999896261, 2.799999999999999822 ) ) ;
#2077 = LINE ( 'NONE', #2388, #62 ) ;
#2078 = APPLICATION_CONTEXT ( 'configuration controlled 3d designs of mechanical parts and assemblies' ) ;
#2079 = VECTOR ( 'NONE', #1831, 1000.000000000000000 ) ;
#2080 = EDGE_CURVE ( 'NONE', #909, #1025, #668, .T. ) ;
#2081 = ADVANCED_BREP_SHAPE_REPRESENTATION ( '2\X2\987676d6\X0\', ( #1, #3065 ), #1196 ) ;
#2082 = ORIENTED_EDGE ( 'NONE', *, *, #1892, .T. ) ;
#2083 = DIRECTION ( 'NONE',  ( -0.000000000000000000, -0.000000000000000000, -1.000000000000000000 ) ) ;
#2084 = LINE ( 'NONE', #1609, #2296 ) ;
#2085 = EDGE_CURVE ( 'NONE', #1335, #727, #2909, .T. ) ;
#2086 = CALENDAR_DATE ( 2026, 28, 8 ) ;
#2087 = ORIENTED_EDGE ( 'NONE', *, *, #982, .T. ) ;
#2088 = CARTESIAN_POINT ( 'NONE',  ( 3.469446951953614189E-15, -28.50000000000000000, 0.000000000000000000 ) ) ;
#2089 = CARTESIAN_POINT ( 'NONE',  ( 20.98934703783996270, -23.27553746443789251, 6.000000000000000000 ) ) ;
#2090 = EDGE_CURVE ( 'NONE', #836, #51, #872, .T. ) ;
#2091 = AXIS2_PLACEMENT_3D ( 'NONE', #3174, #2191, #2682 ) ;
#2092 = CARTESIAN_POINT ( 'NONE',  ( 17.86635283721904344, 22.43873369041416765, 3.200000000000000178 ) ) ;
#2093 = LINE ( 'NONE', #2762, #3221 ) ;
#2094 = ORIENTED_EDGE ( 'NONE', *, *, #2366, .T. ) ;
#2095 = CARTESIAN_POINT ( 'NONE',  ( -24.68172400785649856, -14.25000000000001243, 0.000000000000000000 ) ) ;
#2096 = AXIS2_PLACEMENT_3D ( 'NONE', #879, #144, #1687 ) ;
#2097 = LINE ( 'NONE', #1160, #418 ) ;
#2098 = LINE ( 'NONE', #2929, #1913 ) ;
#2099 = LINE ( 'NONE', #3149, #2840 ) ;
#2100 = VERTEX_POINT ( 'NONE', #1691 ) ;
#2101 = CARTESIAN_POINT ( 'NONE',  ( -17.86635283721921041, -22.43873369041405397, 3.200000000000000178 ) ) ;
#2102 = EDGE_CURVE ( 'NONE', #489, #1968, #904, .T. ) ;
#2103 = ORIENTED_EDGE ( 'NONE', *, *, #1524, .T. ) ;
#2104 = AXIS2_PLACEMENT_3D ( 'NONE', #2261, #2495, #131 ) ;
#2105 = DIRECTION ( 'NONE',  ( 0.7071067811865454633, -0.7071067811865495711, 0.000000000000000000 ) ) ;
#2106 = LINE ( 'NONE', #2885, #2378 ) ;
#2107 = VECTOR ( 'NONE', #1089, 1000.000000000000114 ) ;
#2108 = ORIENTED_EDGE ( 'NONE', *, *, #2569, .F. ) ;
#2109 = LINE ( 'NONE', #1614, #217 ) ;
#2110 = ADVANCED_FACE ( 'NONE', ( #1654 ), #2723, .F. ) ;
#2111 = VERTEX_POINT ( 'NONE', #2997 ) ;
#2112 = CARTESIAN_POINT ( 'NONE',  ( 22.43873369041429910, 17.86635283721888712, 3.200000000000000178 ) ) ;
#2113 = EDGE_CURVE ( 'NONE', #1556, #3173, #1730, .T. ) ;
#2114 = DIRECTION ( 'NONE',  ( -1.000000000000000000, 1.073081856240825879E-15, 0.000000000000000000 ) ) ;
#2115 = ORIENTED_EDGE ( 'NONE', *, *, #653, .T. ) ;
#2116 = DIRECTION ( 'NONE',  ( -0.000000000000000000, -0.000000000000000000, 1.000000000000000000 ) ) ;
#2117 = DIRECTION ( 'NONE',  ( -0.000000000000000000, -0.000000000000000000, -1.000000000000000000 ) ) ;
#2118 = VERTEX_POINT ( 'NONE', #2740 ) ;
#2119 = CARTESIAN_POINT ( 'NONE',  ( -17.02954906319545714, 19.31573948979308852, 5.968450208005761759 ) ) ;
#2120 = EDGE_CURVE ( 'NONE', #903, #84, #1014, .T. ) ;
#2121 = SHAPE_DEFINITION_REPRESENTATION ( #995, #2081 ) ;
#2122 = VECTOR ( 'NONE', #709, 1000.000000000000000 ) ;
#2123 = ORIENTED_EDGE ( 'NONE', *, *, #2128, .F. ) ;
#2124 = DIRECTION ( 'NONE',  ( -0.5000000000000001110, -0.8660254037844385966, 0.000000000000000000 ) ) ;
#2125 = ORIENTED_EDGE ( 'NONE', *, *, #311, .F. ) ;
#2126 = DIRECTION ( 'NONE',  ( -0.000000000000000000, -0.000000000000000000, -1.000000000000000000 ) ) ;
#2127 = CARTESIAN_POINT ( 'NONE',  ( -17.02954906319566319, -19.31573948979292155, 5.968450208005764424 ) ) ;
#2128 = EDGE_CURVE ( 'NONE', #2761, #2211, #3176, .T. ) ;
#2129 = AXIS2_PLACEMENT_3D ( 'NONE', #190, #1387, #380 ) ;
#2130 = CARTESIAN_POINT ( 'NONE',  ( 1.616580753730953557, 31.30000000000000071, 2.799999999999999822 ) ) ;
#2131 = ORIENTED_EDGE ( 'NONE', *, *, #847, .F. ) ;
#2132 = DIRECTION ( 'NONE',  ( -0.000000000000000000, 0.000000000000000000, 1.000000000000000000 ) ) ;
#2133 = PLANE ( 'NONE',  #2313 ) ;
#2134 = ORIENTED_EDGE ( 'NONE', *, *, #871, .F. ) ;
#2135 = DIRECTION ( 'NONE',  ( 0.2588190451025163541, -0.9659258262890695335, 0.000000000000000000 ) ) ;
#2136 = DIRECTION ( 'NONE',  ( 1.000000000000000000, 0.000000000000000000, 0.000000000000000000 ) ) ;
#2137 = CIRCLE ( 'NONE', #2788, 1.799999999999999600 ) ;
#2138 = ORIENTED_EDGE ( 'NONE', *, *, #2181, .F. ) ;
#2139 = DIRECTION ( 'NONE',  ( -0.000000000000000000, -0.000000000000000000, 1.000000000000000000 ) ) ;
#2140 = VECTOR ( 'NONE', #2916, 1000.000000000000114 ) ;
#2141 = PERSON_AND_ORGANIZATION ( #461, #1593 ) ;
#2142 = CARTESIAN_POINT ( 'NONE',  ( 19.31573948979297484, -17.02954906319558148, 5.968450208005760871 ) ) ;
#2143 = CARTESIAN_POINT ( 'NONE',  ( -3.233161507461904893, 28.49999999999999645, 2.799999999999999822 ) ) ;
#2144 = EDGE_CURVE ( 'NONE', #3302, #1004, #91, .T. ) ;
#2145 = CARTESIAN_POINT ( 'NONE',  ( -1.616580753730953335, 31.30000000000000071, 2.799999999999999822 ) ) ;
#2146 = ORIENTED_EDGE ( 'NONE', *, *, #871, .T. ) ;
#2147 = CARTESIAN_POINT ( 'NONE',  ( 23.06514325412386768, -11.45000000000085372, 2.799999999999999822 ) ) ;
#2148 = CARTESIAN_POINT ( 'NONE',  ( -17.07718996378248733, -19.49353775130128952, 6.000000000000000000 ) ) ;
#2149 = VECTOR ( 'NONE', #2571, 1000.000000000000000 ) ;
#2150 = VECTOR ( 'NONE', #2298, 1000.000000000000114 ) ;
#2151 = ORIENTED_EDGE ( 'NONE', *, *, #83, .F. ) ;
#2152 = ORIENTED_EDGE ( 'NONE', *, *, #2889, .T. ) ;
#2153 = DIRECTION ( 'NONE',  ( 0.5000000000000004441, 0.8660254037844382635, 0.000000000000000000 ) ) ;
#2154 = DIRECTION ( 'NONE',  ( -0.4999999999999989453, 0.8660254037844393737, 0.000000000000000000 ) ) ;
#2155 = ADVANCED_FACE ( 'NONE', ( #1869, #2070 ), #2850, .T. ) ;
#2156 = EDGE_LOOP ( 'NONE', ( #620, #1204 ) ) ;
#2157 = PLANE ( 'NONE',  #1828 ) ;
#2158 = FACE_OUTER_BOUND ( 'NONE', #1707, .T. ) ;
#2159 = PLANE ( 'NONE',  #2477 ) ;
#2160 = EDGE_LOOP ( 'NONE', ( #1316, #1898, #3071, #985 ) ) ;
#2161 = DIRECTION ( 'NONE',  ( -0.2588190451025206840, 0.9659258262890683122, 0.000000000000000000 ) ) ;
#2162 = EDGE_CURVE ( 'NONE', #727, #2230, #280, .T. ) ;
#2163 = CARTESIAN_POINT ( 'NONE',  ( 19.31573948979297484, -17.02954906319558148, 3.200000000000000178 ) ) ;
#2164 = EDGE_LOOP ( 'NONE', ( #3220, #1640, #365, #274, #435, #1365 ) ) ;
#2165 = TOROIDAL_SURFACE ( 'NONE', #748, 26.00000000000000355, 1.000000000000000000 ) ;
#2166 = PLANE ( 'NONE',  #1541 ) ;
#2167 = ORIENTED_EDGE ( 'NONE', *, *, #2045, .F. ) ;
#2168 = CARTESIAN_POINT ( 'NONE',  ( 17.86635283721904344, 22.43873369041416765, 6.000000000000000000 ) ) ;
#2169 = DIRECTION ( 'NONE',  ( -0.000000000000000000, -0.000000000000000000, 1.000000000000000000 ) ) ;
#2170 = LINE ( 'NONE', #2698, #1003 ) ;
#2171 = AXIS2_PLACEMENT_3D ( 'NONE', #2319, #2581, #1058 ) ;
#2172 = EDGE_CURVE ( 'NONE', #51, #836, #36, .T. ) ;
#2173 = VERTEX_POINT ( 'NONE', #2601 ) ;
#2174 = CARTESIAN_POINT ( 'NONE',  ( 23.06514325412386412, -17.05000000000085691, 0.000000000000000000 ) ) ;
#2175 = FACE_BOUND ( 'NONE', #1350, .T. ) ;
#2176 = VECTOR ( 'NONE', #3246, 1000.000000000000114 ) ;
#2177 = DIRECTION ( 'NONE',  ( 0.7071067811865399122, -0.7071067811865551223, 0.000000000000000000 ) ) ;
#2178 = ORIENTED_EDGE ( 'NONE', *, *, #2519, .F. ) ;
#2179 = DIRECTION ( 'NONE',  ( 0.4999999999999998335, 0.8660254037844387076, 0.000000000000000000 ) ) ;
#2180 = FACE_OUTER_BOUND ( 'NONE', #3227, .T. ) ;
#2181 = EDGE_CURVE ( 'NONE', #1872, #567, #1884, .T. ) ;
#2182 = ORIENTED_EDGE ( 'NONE', *, *, #1422, .T. ) ;
#2183 = DIRECTION ( 'NONE',  ( -0.000000000000000000, -0.000000000000000000, 1.000000000000000000 ) ) ;
#2184 = FACE_OUTER_BOUND ( 'NONE', #3210, .T. ) ;
#2185 = ORIENTED_EDGE ( 'NONE', *, *, #1300, .F. ) ;
#2186 = EDGE_CURVE ( 'NONE', #1423, #2761, #972, .T. ) ;
#2187 = CARTESIAN_POINT ( 'NONE',  ( 17.05321379488644240, -19.40405747081195642, 5.989524552513728395 ) ) ;
#2188 = ORIENTED_EDGE ( 'NONE', *, *, #1379, .T. ) ;
#2189 = VECTOR ( 'NONE', #50, 1000.000000000000000 ) ;
#2190 = EDGE_LOOP ( 'NONE', ( #2131, #1941 ) ) ;
#2191 = DIRECTION ( 'NONE',  ( -0.000000000000000000, -0.000000000000000000, 1.000000000000000000 ) ) ;
#2192 = LINE ( 'NONE', #3244, #235 ) ;
#2193 = DIRECTION ( 'NONE',  ( 1.000000000000000000, 0.000000000000000000, 0.000000000000000000 ) ) ;
#2194 = CARTESIAN_POINT ( 'NONE',  ( 27.91488551531782747, 14.24999999999907452, 2.799999999999999822 ) ) ;
#2195 = CC_DESIGN_APPROVAL ( #1681, ( #490 ) ) ;
#2196 = CARTESIAN_POINT ( 'NONE',  ( -18.55367255488103595, -17.79161599810750616, 5.953939014372664040 ) ) ;
#2197 = VECTOR ( 'NONE', #2657, 1000.000000000000000 ) ;
#2198 = DIRECTION ( 'NONE',  ( 0.000000000000000000, -0.000000000000000000, 1.000000000000000000 ) ) ;
#2199 = VERTEX_POINT ( 'NONE', #1670 ) ;
#2200 = DIRECTION ( 'NONE',  ( -0.2588190451025098038, 0.9659258262890711988, 0.000000000000000000 ) ) ;
#2201 = EDGE_CURVE ( 'NONE', #2286, #2058, #936, .T. ) ;
#2202 = CARTESIAN_POINT ( 'NONE',  ( -20.15254326381661087, 20.15254326381660377, 0.000000000000000000 ) ) ;
#2203 = FACE_OUTER_BOUND ( 'NONE', #2382, .T. ) ;
#2204 = DIRECTION ( 'NONE',  ( -0.4999999999999997224, 0.8660254037844388186, 0.000000000000000000 ) ) ;
#2205 = VERTEX_POINT ( 'NONE', #2941 ) ;
#2206 = FACE_OUTER_BOUND ( 'NONE', #664, .T. ) ;
#2207 = ORIENTED_EDGE ( 'NONE', *, *, #49, .T. ) ;
#2208 = CARTESIAN_POINT ( 'NONE',  ( 26.29830476158577568, -11.45000000000085372, 0.000000000000000000 ) ) ;
#2209 = CARTESIAN_POINT ( 'NONE',  ( -27.91488551531889328, 14.25000000000097167, 0.000000000000000000 ) ) ;
#2210 = ADVANCED_FACE ( 'NONE', ( #1649 ), #687, .F. ) ;
#2211 = VERTEX_POINT ( 'NONE', #367 ) ;
#2212 = ORIENTED_EDGE ( 'NONE', *, *, #2268, .F. ) ;
#2213 = DIRECTION ( 'NONE',  ( 0.000000000000000000, 0.000000000000000000, 1.000000000000000000 ) ) ;
#2214 = AXIS2_PLACEMENT_3D ( 'NONE', #428, #3016, #1430 ) ;
#2215 = CARTESIAN_POINT ( 'NONE',  ( -19.58416679350161260, -17.10147394245036878, 6.000000000000000000 ) ) ;
#2216 = ORIENTED_EDGE ( 'NONE', *, *, #2894, .F. ) ;
#2217 = FACE_OUTER_BOUND ( 'NONE', #1371, .T. ) ;
#2218 = AXIS2_PLACEMENT_3D ( 'NONE', #2364, #2643, #607 ) ;
#2219 = CARTESIAN_POINT ( 'NONE',  ( 17.02954906319551753, 19.31573948979302813, 3.200000000000000178 ) ) ;
#2220 = DIRECTION ( 'NONE',  ( -0.9659258262890674240, 0.2588190451025242367, 0.000000000000000000 ) ) ;
#2221 = DIRECTION ( 'NONE',  ( -1.000000000000000000, 0.000000000000000000, -0.000000000000000000 ) ) ;
#2222 = EDGE_CURVE ( 'NONE', #2673, #2546, #2277, .T. ) ;
#2223 = ORIENTED_EDGE ( 'NONE', *, *, #585, .F. ) ;
#2224 = CARTESIAN_POINT ( 'NONE',  ( 0.000000000000000000, 0.000000000000000000, 0.000000000000000000 ) ) ;
#2225 = LINE ( 'NONE', #2076, #2774 ) ;
#2226 = CARTESIAN_POINT ( 'NONE',  ( -20.98934703784037126, -23.27553746443754434, 3.200000000000000178 ) ) ;
#2227 = EDGE_LOOP ( 'NONE', ( #458, #1167 ) ) ;
#2228 = DIRECTION ( 'NONE',  ( 1.000000000000000000, 0.000000000000000000, 0.000000000000000000 ) ) ;
#2229 = CARTESIAN_POINT ( 'NONE',  ( 24.68172400785650566, -14.24999999999999467, 6.000000000000000000 ) ) ;
#2230 = VERTEX_POINT ( 'NONE', #1410 ) ;
#2231 = ADVANCED_FACE ( 'NONE', ( #145, #1175, #2175, #403, #520, #254, #770, #3280 ), #1775, .T. ) ;
#2232 = DIRECTION ( 'NONE',  ( -0.5000000000000003331, -0.8660254037844384856, 0.000000000000000000 ) ) ;
#2233 = VERTEX_POINT ( 'NONE', #2040 ) ;
#2234 = DIRECTION ( 'NONE',  ( -0.8660254037844385966, -0.5000000000000003331, 0.000000000000000000 ) ) ;
#2235 = EDGE_LOOP ( 'NONE', ( #1877, #529, #2465, #2368 ) ) ;
#2236 = DIRECTION ( 'NONE',  ( -0.8660254037844388186, 0.4999999999999997224, 0.000000000000000000 ) ) ;
#2237 = AXIS2_PLACEMENT_3D ( 'NONE', #1751, #1434, #3269 ) ;
#2238 = ORIENTED_EDGE ( 'NONE', *, *, #1461, .T. ) ;
#2239 = DIRECTION ( 'NONE',  ( 0.4999999999999999445, -0.8660254037844387076, 0.000000000000000000 ) ) ;
#2240 = EDGE_CURVE ( 'NONE', #3014, #1621, #1415, .T. ) ;
#2241 = CARTESIAN_POINT ( 'NONE',  ( 0.000000000000000000, 0.000000000000000000, 6.000000000000000000 ) ) ;
#2242 = VERTEX_POINT ( 'NONE', #2562 ) ;
#2243 = CARTESIAN_POINT ( 'NONE',  ( 20.15254326381646166, -20.15254326381675298, 0.000000000000000000 ) ) ;
#2244 = DIRECTION ( 'NONE',  ( 0.000000000000000000, 0.000000000000000000, 1.000000000000000000 ) ) ;
#2245 = CARTESIAN_POINT ( 'NONE',  ( -1.616580753733118936, -25.69999999999987139, 0.000000000000000000 ) ) ;
#2246 = EDGE_LOOP ( 'NONE', ( #1383, #251, #1970, #2462 ) ) ;
#2247 = ORIENTED_EDGE ( 'NONE', *, *, #70, .T. ) ;
#2248 = PLANE ( 'NONE',  #399 ) ;
#2249 = DIRECTION ( 'NONE',  ( 0.9659258262890665359, -0.2588190451025269012, 0.000000000000000000 ) ) ;
#2250 = CIRCLE ( 'NONE', #369, 1.799999999999999600 ) ;
#2251 = VECTOR ( 'NONE', #2117, 1000.000000000000000 ) ;
#2252 = ORIENTED_EDGE ( 'NONE', *, *, #40, .T. ) ;
#2253 = LINE ( 'NONE', #1033, #1645 ) ;
#2254 = CYLINDRICAL_SURFACE ( 'NONE', #2487, 23.99999999999999645 ) ;
#2255 = CARTESIAN_POINT ( 'NONE',  ( 22.43873369041411436, -17.86635283721911449, 3.200000000000000178 ) ) ;
#2256 = EDGE_CURVE ( 'NONE', #1025, #909, #2974, .T. ) ;
#2257 = EDGE_LOOP ( 'NONE', ( #3139, #2623, #2207, #545, #1375, #206 ) ) ;
#2258 = CARTESIAN_POINT ( 'NONE',  ( -20.98934703784037126, -23.27553746443754434, 3.200000000000000178 ) ) ;
#2259 = ADVANCED_FACE ( 'NONE', ( #2819, #3317 ), #741, .T. ) ;
#2260 = PLANE ( 'NONE',  #996 ) ;
#2261 = CARTESIAN_POINT ( 'NONE',  ( 20.15254326381666772, 20.15254326381653982, 0.000000000000000000 ) ) ;
#2262 = AXIS2_PLACEMENT_3D ( 'NONE', #583, #1622, #1146 ) ;
#2263 = B_SPLINE_CURVE_WITH_KNOTS ( 'NONE', 3,
 ( #1683, #2187, #893, #3006 ),
 .UNSPECIFIED., .F., .F.,
 ( 4, 4 ),
 ( 0.000000000000000000, 0.0002796815957600368380 ),
 .UNSPECIFIED. ) ;
#2264 = ORIENTED_EDGE ( 'NONE', *, *, #2902, .F. ) ;
#2265 = DIRECTION ( 'NONE',  ( -0.000000000000000000, -0.000000000000000000, 1.000000000000000000 ) ) ;
#2266 = VECTOR ( 'NONE', #1467, 1000.000000000000000 ) ;
#2267 = VECTOR ( 'NONE', #2887, 1000.000000000000000 ) ;
#2268 = EDGE_CURVE ( 'NONE', #2230, #727, #2699, .T. ) ;
#2269 = EDGE_LOOP ( 'NONE', ( #1225, #2831, #1526, #2656 ) ) ;
#2270 = DIRECTION ( 'NONE',  ( -1.000000000000000000, 0.000000000000000000, 0.000000000000000000 ) ) ;
#2271 = CARTESIAN_POINT ( 'NONE',  ( -23.06514325412711841, -17.04999999999896687, 2.799999999999999822 ) ) ;
#2272 = CARTESIAN_POINT ( 'NONE',  ( 0.000000000000000000, 0.000000000000000000, 0.000000000000000000 ) ) ;
#2273 = FACE_OUTER_BOUND ( 'NONE', #2752, .T. ) ;
#2274 = ORIENTED_EDGE ( 'NONE', *, *, #1586, .T. ) ;
#2275 = ORIENTED_EDGE ( 'NONE', *, *, #2181, .T. ) ;
#2276 = PLANE ( 'NONE',  #2737 ) ;
#2277 = CIRCLE ( 'NONE', #2539, 1.799999999999999600 ) ;
#2278 = ORIENTED_EDGE ( 'NONE', *, *, #3187, .T. ) ;
#2279 = CARTESIAN_POINT ( 'NONE',  ( 20.98934703784019717, 23.27553746443767935, 6.000000000000000000 ) ) ;
#2280 = EDGE_CURVE ( 'NONE', #13, #2730, #1785, .T. ) ;
#2281 = CIRCLE ( 'NONE', #3137, 1.799999999999999600 ) ;
#2282 = CARTESIAN_POINT ( 'NONE',  ( -19.31573948979327326, -17.02954906319525819, 5.968450208005763535 ) ) ;
#2283 = LINE ( 'NONE', #2544, #2728 ) ;
#2284 = DIRECTION ( 'NONE',  ( -0.000000000000000000, -0.000000000000000000, -1.000000000000000000 ) ) ;
#2285 = VERTEX_POINT ( 'NONE', #2582 ) ;
#2286 = VERTEX_POINT ( 'NONE', #328 ) ;
#2287 = CARTESIAN_POINT ( 'NONE',  ( -26.29830476158793573, 11.45000000000096740, 2.799999999999999822 ) ) ;
#2288 = ADVANCED_FACE ( 'NONE', ( #1835 ), #1314, .F. ) ;
#2289 = AXIS2_PLACEMENT_3D ( 'NONE', #606, #1134, #857 ) ;
#2290 = ORIENTED_EDGE ( 'NONE', *, *, #140, .F. ) ;
#2291 = FACE_OUTER_BOUND ( 'NONE', #1482, .T. ) ;
#2292 = CARTESIAN_POINT ( 'NONE',  ( 22.88172400785650495, -14.24999999999999467, 6.000000000000000000 ) ) ;
#2293 = CARTESIAN_POINT ( 'NONE',  ( -18.35254326381681622, -20.15254326381639771, 0.000000000000000000 ) ) ;
#2294 = EDGE_LOOP ( 'NONE', ( #1617, #2537, #188, #478 ) ) ;
#2295 = DIRECTION ( 'NONE',  ( 1.000000000000000000, 0.000000000000000000, 0.000000000000000000 ) ) ;
#2296 = VECTOR ( 'NONE', #2332, 1000.000000000000114 ) ;
#2297 = AXIS2_PLACEMENT_3D ( 'NONE', #2664, #2414, #162 ) ;
#2298 = DIRECTION ( 'NONE',  ( 0.7071067811865474617, 0.7071067811865474617, 0.000000000000000000 ) ) ;
#2299 = ADVANCED_FACE ( 'NONE', ( #1329 ), #87, .F. ) ;
#2300 = ORIENTED_EDGE ( 'NONE', *, *, #3167, .T. ) ;
#2301 = LINE ( 'NONE', #2377, #3069 ) ;
#2302 = ORIENTED_EDGE ( 'NONE', *, *, #212, .F. ) ;
#2303 = FACE_OUTER_BOUND ( 'NONE', #743, .T. ) ;
#2304 = DIRECTION ( 'NONE',  ( 1.000000000000000000, 0.000000000000000000, 0.000000000000000000 ) ) ;
#2305 = CARTESIAN_POINT ( 'NONE',  ( 20.98934703784019717, 23.27553746443767935, 6.000000000000000000 ) ) ;
#2306 = VECTOR ( 'NONE', #1735, 1000.000000000000000 ) ;
#2307 = ORIENTED_EDGE ( 'NONE', *, *, #2864, .F. ) ;
#2308 = ORIENTED_EDGE ( 'NONE', *, *, #3109, .F. ) ;
#2309 = DIRECTION ( 'NONE',  ( -0.8660254037844383745, 0.5000000000000004441, 0.000000000000000000 ) ) ;
#2310 = EDGE_CURVE ( 'NONE', #2866, #1120, #2863, .T. ) ;
#2311 = VERTEX_POINT ( 'NONE', #1579 ) ;
#2312 = LINE ( 'NONE', #1538, #2041 ) ;
#2313 = AXIS2_PLACEMENT_3D ( 'NONE', #1700, #731, #187 ) ;
#2314 = EDGE_CURVE ( 'NONE', #1587, #1254, #509, .T. ) ;
#2315 = VECTOR ( 'NONE', #691, 1000.000000000000114 ) ;
#2316 = CARTESIAN_POINT ( 'NONE',  ( -19.58416679350161260, -17.10147394245036878, 6.000000000000000000 ) ) ;
#2317 = EDGE_LOOP ( 'NONE', ( #1042, #1910, #2701, #2278 ) ) ;
#2318 = DIRECTION ( 'NONE',  ( -0.5000000000000002220, -0.8660254037844384856, 0.000000000000000000 ) ) ;
#2319 = CARTESIAN_POINT ( 'NONE',  ( -24.68172400785650211, 14.25000000000000533, 0.000000000000000000 ) ) ;
#2320 = EDGE_CURVE ( 'NONE', #1043, #1377, #858, .T. ) ;
#2321 = VECTOR ( 'NONE', #2632, 1000.000000000000000 ) ;
#2322 = CARTESIAN_POINT ( 'NONE',  ( -3.233161507464071605, -28.49999999999987210, 2.799999999999999822 ) ) ;
#2323 = VERTEX_POINT ( 'NONE', #1100 ) ;
#2324 = ORIENTED_EDGE ( 'NONE', *, *, #622, .T. ) ;
#2325 = DIRECTION ( 'NONE',  ( -0.000000000000000000, -0.000000000000000000, -1.000000000000000000 ) ) ;
#2326 = ORIENTED_EDGE ( 'NONE', *, *, #2680, .T. ) ;
#2327 = CARTESIAN_POINT ( 'NONE',  ( -1.616580753730953335, 31.30000000000000071, 0.000000000000000000 ) ) ;
#2328 = VECTOR ( 'NONE', #1490, 1000.000000000000000 ) ;
#2329 = EDGE_CURVE ( 'NONE', #195, #1271, #2106, .T. ) ;
#2330 = CARTESIAN_POINT ( 'NONE',  ( 0.000000000000000000, 28.50000000000000000, 2.799999999999999822 ) ) ;
#2331 = ORIENTED_EDGE ( 'NONE', *, *, #1000, .T. ) ;
#2332 = DIRECTION ( 'NONE',  ( 0.4999999999999993339, 0.8660254037844389297, 0.000000000000000000 ) ) ;
#2333 = APPROVAL_STATUS ( 'not_yet_approved' ) ;
#2334 = EDGE_CURVE ( 'NONE', #3314, #827, #2641, .T. ) ;
#2335 = ORIENTED_EDGE ( 'NONE', *, *, #1947, .F. ) ;
#2336 = CARTESIAN_POINT ( 'NONE',  ( 27.91488551531672613, -14.25000000000085976, 0.000000000000000000 ) ) ;
#2337 = DIRECTION ( 'NONE',  ( 0.9659258262890707547, 0.2588190451025115246, 0.000000000000000000 ) ) ;
#2338 = EDGE_CURVE ( 'NONE', #2976, #1658, #1895, .T. ) ;
#2339 = PLANE ( 'NONE',  #2896 ) ;
#2340 = ORIENTED_EDGE ( 'NONE', *, *, #1870, .T. ) ;
#2341 = AXIS2_PLACEMENT_3D ( 'NONE', #1212, #1886, #1193 ) ;
#2342 = CIRCLE ( 'NONE', #1477, 26.00000000000000355 ) ;
#2343 = ADVANCED_FACE ( 'NONE', ( #3225 ), #683, .F. ) ;
#2344 = ORIENTED_EDGE ( 'NONE', *, *, #2222, .T. ) ;
#2345 = DIRECTION ( 'NONE',  ( -0.2588190451025181305, 0.9659258262890689783, 0.000000000000000000 ) ) ;
#2346 = DIRECTION ( 'NONE',  ( -0.4999999999999989453, 0.8660254037844393737, 0.000000000000000000 ) ) ;
#2347 = EDGE_CURVE ( 'NONE', #1271, #1519, #2170, .T. ) ;
#2348 = COORDINATED_UNIVERSAL_TIME_OFFSET ( 8, 0, .AHEAD. ) ;
#2349 = VERTEX_POINT ( 'NONE', #914 ) ;
#2350 = CARTESIAN_POINT ( 'NONE',  ( 20.98934703783996270, -23.27553746443789251, 3.200000000000000178 ) ) ;
#2351 = LINE ( 'NONE', #61, #2107 ) ;
#2352 = FACE_BOUND ( 'NONE', #3018, .T. ) ;
#2353 = ORIENTED_EDGE ( 'NONE', *, *, #585, .T. ) ;
#2354 = FACE_OUTER_BOUND ( 'NONE', #1224, .T. ) ;
#2355 = EDGE_CURVE ( 'NONE', #172, #419, #950, .T. ) ;
#2356 = VECTOR ( 'NONE', #3238, 1000.000000000000000 ) ;
#2357 = CARTESIAN_POINT ( 'NONE',  ( 23.27553746443761185, -20.98934703784027889, 3.200000000000000178 ) ) ;
#2358 = EDGE_LOOP ( 'NONE', ( #446, #2308, #1856, #2886 ) ) ;
#2359 = DIRECTION ( 'NONE',  ( 1.000000000000000000, 0.000000000000000000, 0.000000000000000000 ) ) ;
#2360 = LOCAL_TIME ( 11, 20, 3.000000000000000000, #57 ) ;
#2361 = AXIS2_PLACEMENT_3D ( 'NONE', #2677, #1133, #3171 ) ;
#2362 = VERTEX_POINT ( 'NONE', #968 ) ;
#2363 = DIRECTION ( 'NONE',  ( 1.000000000000000000, 0.000000000000000000, 0.000000000000000000 ) ) ;
#2364 = CARTESIAN_POINT ( 'NONE',  ( -20.98934703784012612, 23.27553746443775395, 3.200000000000000178 ) ) ;
#2365 = CALENDAR_DATE ( 2026, 28, 8 ) ;
#2366 = EDGE_CURVE ( 'NONE', #614, #2866, #1961, .T. ) ;
#2367 = EDGE_CURVE ( 'NONE', #1543, #2032, #719, .T. ) ;
#2368 = ORIENTED_EDGE ( 'NONE', *, *, #1071, .T. ) ;
#2369 = FACE_OUTER_BOUND ( 'NONE', #539, .T. ) ;
#2370 = ORIENTED_EDGE ( 'NONE', *, *, #133, .F. ) ;
#2371 = DIRECTION ( 'NONE',  ( -0.5000000000000003331, 0.8660254037844384856, 0.000000000000000000 ) ) ;
#2372 = EDGE_CURVE ( 'NONE', #1279, #3314, #2001, .T. ) ;
#2373 = EDGE_LOOP ( 'NONE', ( #3255, #1599, #978, #793 ) ) ;
#2374 = VECTOR ( 'NONE', #675, 1000.000000000000000 ) ;
#2375 = CARTESIAN_POINT ( 'NONE',  ( 17.07718996378234166, 19.49353775130140320, 6.000000000000000000 ) ) ;
#2376 = ORIENTED_EDGE ( 'NONE', *, *, #543, .F. ) ;
#2377 = CARTESIAN_POINT ( 'NONE',  ( -27.91488551531997686, -14.24999999999896261, 2.799999999999999822 ) ) ;
#2378 = VECTOR ( 'NONE', #1864, 1000.000000000000227 ) ;
#2379 = LINE ( 'NONE', #2628, #2764 ) ;
#2380 = CARTESIAN_POINT ( 'NONE',  ( 0.000000000000000000, 0.000000000000000000, 0.000000000000000000 ) ) ;
#2381 = APPROVAL_DATE_TIME ( #2845, #1786 ) ;
#2382 = EDGE_LOOP ( 'NONE', ( #2605, #477, #2443, #1771 ) ) ;
#2383 = CARTESIAN_POINT ( 'NONE',  ( -26.48172400785650282, 14.25000000000000533, 6.000000000000000000 ) ) ;
#2384 = DIRECTION ( 'NONE',  ( -0.000000000000000000, -0.000000000000000000, 1.000000000000000000 ) ) ;
#2385 = CC_DESIGN_PERSON_AND_ORGANIZATION_ASSIGNMENT ( #1806, #1084, ( #2839 ) ) ;
#2386 = EDGE_LOOP ( 'NONE', ( #2533, #3268, #666, #1346 ) ) ;
#2387 = DIRECTION ( 'NONE',  ( -0.000000000000000000, -0.000000000000000000, 1.000000000000000000 ) ) ;
#2388 = CARTESIAN_POINT ( 'NONE',  ( 23.06514325412496547, 11.44999999999907381, 2.799999999999999822 ) ) ;
#2389 = DIRECTION ( 'NONE',  ( -0.000000000000000000, -0.000000000000000000, -1.000000000000000000 ) ) ;
#2390 = EDGE_LOOP ( 'NONE', ( #3046, #1639, #1473, #341, #852, #147 ) ) ;
#2391 = ORIENTED_EDGE ( 'NONE', *, *, #1079, .T. ) ;
#2392 = CARTESIAN_POINT ( 'NONE',  ( 27.91488551531782747, 14.24999999999907452, 2.799999999999999822 ) ) ;
#2393 = EDGE_CURVE ( 'NONE', #854, #1423, #1268, .T. ) ;
#2394 = DATE_TIME_ROLE ( 'creation_date' ) ;
#2395 = VECTOR ( 'NONE', #3251, 1000.000000000000000 ) ;
#2396 = ORIENTED_EDGE ( 'NONE', *, *, #945, .T. ) ;
#2397 = CARTESIAN_POINT ( 'NONE',  ( 22.88172400785650495, -14.24999999999999467, 0.000000000000000000 ) ) ;
#2398 = ORIENTED_EDGE ( 'NONE', *, *, #2655, .F. ) ;
#2399 = CARTESIAN_POINT ( 'NONE',  ( -22.88172400785650140, 14.25000000000000533, 0.000000000000000000 ) ) ;
#2400 = CARTESIAN_POINT ( 'NONE',  ( -21.95254326381660803, 20.15254326381660377, 3.200000000000000178 ) ) ;
#2401 = ADVANCED_FACE ( 'NONE', ( #487 ), #1496, .F. ) ;
#2402 = ORIENTED_EDGE ( 'NONE', *, *, #907, .F. ) ;
#2403 = VECTOR ( 'NONE', #717, 1000.000000000000000 ) ;
#2404 = ORIENTED_EDGE ( 'NONE', *, *, #1694, .T. ) ;
#2405 = LINE ( 'NONE', #1149, #1597 ) ;
#2406 = CARTESIAN_POINT ( 'NONE',  ( 27.91488551531672613, -14.25000000000085976, 0.000000000000000000 ) ) ;
#2407 = CARTESIAN_POINT ( 'NONE',  ( -23.27553746443798133, -20.98934703783988454, 6.000000000000000000 ) ) ;
#2408 = VECTOR ( 'NONE', #1098, 1000.000000000000227 ) ;
#2409 = ORIENTED_EDGE ( 'NONE', *, *, #6, .F. ) ;
#2410 = CIRCLE ( 'NONE', #2470, 1.799999999999999600 ) ;
#2411 = EDGE_CURVE ( 'NONE', #228, #2211, #2501, .T. ) ;
#2412 = CARTESIAN_POINT ( 'NONE',  ( -1.616580753730951336, 25.69999999999999574, 2.799999999999999822 ) ) ;
#2413 = DIRECTION ( 'NONE',  ( 1.000000000000000000, 0.000000000000000000, 0.000000000000000000 ) ) ;
#2414 = DIRECTION ( 'NONE',  ( 0.8660254037844387076, 0.4999999999999998890, -0.000000000000000000 ) ) ;
#2415 = LINE ( 'NONE', #2435, #2176 ) ;
#2416 = DIRECTION ( 'NONE',  ( 0.000000000000000000, 1.000000000000000000, 0.000000000000000000 ) ) ;
#2417 = CARTESIAN_POINT ( 'NONE',  ( 19.31573948979314537, 17.02954906319538608, 3.200000000000000178 ) ) ;
#2418 = VERTEX_POINT ( 'NONE', #3026 ) ;
#2419 = DIRECTION ( 'NONE',  ( 0.000000000000000000, 0.000000000000000000, -1.000000000000000000 ) ) ;
#2420 = AXIS2_PLACEMENT_3D ( 'NONE', #1795, #334, #596 ) ;
#2421 = DIRECTION ( 'NONE',  ( -0.000000000000000000, -0.000000000000000000, 1.000000000000000000 ) ) ;
#2422 = AXIS2_PLACEMENT_3D ( 'NONE', #1109, #2419, #373 ) ;
#2423 = AXIS2_PLACEMENT_3D ( 'NONE', #2468, #646, #1669 ) ;
#2424 = ORIENTED_EDGE ( 'NONE', *, *, #3245, .F. ) ;
#2425 = CARTESIAN_POINT ( 'NONE',  ( 19.31573948979297484, -17.02954906319558148, 5.968450208005760871 ) ) ;
#2426 = EDGE_CURVE ( 'NONE', #2726, #2285, #3310, .T. ) ;
#2427 = ORIENTED_EDGE ( 'NONE', *, *, #303, .T. ) ;
#2428 = CARTESIAN_POINT ( 'NONE',  ( -3.233161507464071605, -28.49999999999987210, 2.799999999999999822 ) ) ;
#2429 = CARTESIAN_POINT ( 'NONE',  ( -1.616580753733118048, -31.29999999999987637, 0.000000000000000000 ) ) ;
#2430 = VECTOR ( 'NONE', #736, 1000.000000000000114 ) ;
#2431 = VERTEX_POINT ( 'NONE', #3258 ) ;
#2432 = DIRECTION ( 'NONE',  ( -1.000000000000000000, 0.000000000000000000, 0.000000000000000000 ) ) ;
#2433 = VECTOR ( 'NONE', #939, 1000.000000000000227 ) ;
#2434 = EDGE_CURVE ( 'NONE', #2821, #377, #471, .T. ) ;
#2435 = CARTESIAN_POINT ( 'NONE',  ( -27.91488551531889328, 14.25000000000097167, 2.799999999999999822 ) ) ;
#2436 = DIRECTION ( 'NONE',  ( -0.5000000000000012212, -0.8660254037844379305, 0.000000000000000000 ) ) ;
#2437 = ORIENTED_EDGE ( 'NONE', *, *, #1737, .F. ) ;
#2438 = CARTESIAN_POINT ( 'NONE',  ( -23.06514325412603128, 11.45000000000096740, 2.799999999999999822 ) ) ;
#2439 = DIRECTION ( 'NONE',  ( 0.7071067811865399122, -0.7071067811865551223, 0.000000000000000000 ) ) ;
#2440 = EDGE_CURVE ( 'NONE', #1233, #1673, #619, .T. ) ;
#2441 = CARTESIAN_POINT ( 'NONE',  ( 23.27553746443761185, -20.98934703784027889, 6.000000000000000000 ) ) ;
#2442 = DIRECTION ( 'NONE',  ( -0.000000000000000000, -0.000000000000000000, -1.000000000000000000 ) ) ;
#2443 = ORIENTED_EDGE ( 'NONE', *, *, #1283, .F. ) ;
#2444 = CARTESIAN_POINT ( 'NONE',  ( 18.35254326381646095, -20.15254326381675298, 0.000000000000000000 ) ) ;
#2445 = CIRCLE ( 'NONE', #1018, 1.799999999999999822 ) ;
#2446 = ORIENTED_EDGE ( 'NONE', *, *, #495, .T. ) ;
#2447 = CC_DESIGN_PERSON_AND_ORGANIZATION_ASSIGNMENT ( #347, #88, ( #490 ) ) ;
#2448 = DIRECTION ( 'NONE',  ( -0.4999999999999997780, 0.8660254037844387076, 0.000000000000000000 ) ) ;
#2449 = AXIS2_PLACEMENT_3D ( 'NONE', #2549, #1966, #740 ) ;
#2450 = ADVANCED_FACE ( 'NONE', ( #639 ), #944, .F. ) ;
#2451 = VERTEX_POINT ( 'NONE', #448 ) ;
#2452 = CARTESIAN_POINT ( 'NONE',  ( -26.29830476158902286, -11.44999999999896190, 2.799999999999999822 ) ) ;
#2453 = VECTOR ( 'NONE', #1531, 1000.000000000000000 ) ;
#2454 = CARTESIAN_POINT ( 'NONE',  ( -17.02954906319566319, -19.31573948979292155, 5.968450208005764424 ) ) ;
#2455 = CARTESIAN_POINT ( 'NONE',  ( -26.29830476158902997, -17.04999999999896687, 0.000000000000000000 ) ) ;
#2456 = ORIENTED_EDGE ( 'NONE', *, *, #2440, .F. ) ;
#2457 = LINE ( 'NONE', #2522, #2315 ) ;
#2458 = LINE ( 'NONE', #1446, #1380 ) ;
#2459 = ORIENTED_EDGE ( 'NONE', *, *, #2186, .F. ) ;
#2460 = ADVANCED_FACE ( 'NONE', ( #2203 ), #887, .F. ) ;
#2461 = CIRCLE ( 'NONE', #707, 1.799999999999999600 ) ;
#2462 = ORIENTED_EDGE ( 'NONE', *, *, #77, .F. ) ;
#2463 = LINE ( 'NONE', #2429, #1438 ) ;
#2464 = EDGE_CURVE ( 'NONE', #3150, #1755, #410, .T. ) ;
#2465 = ORIENTED_EDGE ( 'NONE', *, *, #1506, .F. ) ;
#2466 = VERTEX_POINT ( 'NONE', #1906 ) ;
#2467 = CARTESIAN_POINT ( 'NONE',  ( 18.35254326381646095, -20.15254326381675298, 0.000000000000000000 ) ) ;
#2468 = CARTESIAN_POINT ( 'NONE',  ( 23.27553746443782501, 20.98934703784003730, 3.200000000000000178 ) ) ;
#2469 = ADVANCED_FACE ( 'NONE', ( #2180, #430 ), #2949, .T. ) ;
#2470 = AXIS2_PLACEMENT_3D ( 'NONE', #3036, #2724, #2773 ) ;
#2471 = CARTESIAN_POINT ( 'NONE',  ( 3.469446951953614189E-15, -28.50000000000000000, 0.000000000000000000 ) ) ;
#2472 = VERTEX_POINT ( 'NONE', #390 ) ;
#2473 = FACE_BOUND ( 'NONE', #1907, .T. ) ;
#2474 = LINE ( 'NONE', #2219, #2395 ) ;
#2475 = FACE_OUTER_BOUND ( 'NONE', #2317, .T. ) ;
#2476 = VERTEX_POINT ( 'NONE', #2672 ) ;
#2477 = AXIS2_PLACEMENT_3D ( 'NONE', #1940, #650, #1229 ) ;
#2478 = LINE ( 'NONE', #413, #99 ) ;
#2479 = EDGE_CURVE ( 'NONE', #2205, #1148, #1181, .T. ) ;
#2480 = ORIENTED_EDGE ( 'NONE', *, *, #1398, .F. ) ;
#2481 = CARTESIAN_POINT ( 'NONE',  ( 18.35254326381666701, 20.15254326381653982, 3.200000000000000178 ) ) ;
#2482 = DIRECTION ( 'NONE',  ( 0.000000000000000000, 0.000000000000000000, 1.000000000000000000 ) ) ;
#2483 = DIRECTION ( 'NONE',  ( -0.7071067811865454633, 0.7071067811865496822, 0.000000000000000000 ) ) ;
#2484 = ORIENTED_EDGE ( 'NONE', *, *, #2611, .F. ) ;
#2485 = EDGE_LOOP ( 'NONE', ( #805, #2694, #8, #1987, #1881 ) ) ;
#2486 = DIRECTION ( 'NONE',  ( 0.2588190451025234040, 0.9659258262890675351, 0.000000000000000000 ) ) ;
#2487 = AXIS2_PLACEMENT_3D ( 'NONE', #1746, #1475, #2509 ) ;
#2488 = CARTESIAN_POINT ( 'NONE',  ( 1.616580753730955999, 25.69999999999999574, 0.000000000000000000 ) ) ;
#2489 = CARTESIAN_POINT ( 'NONE',  ( -26.29830476158793573, 11.45000000000096740, 2.799999999999999822 ) ) ;
#2490 = ORIENTED_EDGE ( 'NONE', *, *, #796, .T. ) ;
#2491 = CARTESIAN_POINT ( 'NONE',  ( -27.91488551531889328, 14.25000000000097167, 2.799999999999999822 ) ) ;
#2492 = VECTOR ( 'NONE', #2987, 1000.000000000000000 ) ;
#2493 = PRODUCT_RELATED_PRODUCT_CATEGORY ( 'detail', '', ( #182 ) ) ;
#2494 = CARTESIAN_POINT ( 'NONE',  ( 17.02954906319551753, 19.31573948979302813, 5.968450208005759983 ) ) ;
#2495 = DIRECTION ( 'NONE',  ( 0.000000000000000000, 0.000000000000000000, 1.000000000000000000 ) ) ;
#2496 = ORIENTED_EDGE ( 'NONE', *, *, #1908, .T. ) ;
#2497 = B_SPLINE_CURVE_WITH_KNOTS ( 'NONE', 3,
 ( #3003, #2575, #1508, #1019 ),
 .UNSPECIFIED., .F., .F.,
 ( 4, 4 ),
 ( 0.000000000000000000, 0.0002796815957600291402 ),
 .UNSPECIFIED. ) ;
#2498 = DIRECTION ( 'NONE',  ( -0.9659258262890666469, 0.2588190451025264016, 0.000000000000000000 ) ) ;
#2499 = VERTEX_POINT ( 'NONE', #961 ) ;
#2500 = DIRECTION ( 'NONE',  ( -0.2588190451025198513, -0.9659258262890685343, 0.000000000000000000 ) ) ;
#2501 = LINE ( 'NONE', #191, #560 ) ;
#2502 = ORIENTED_EDGE ( 'NONE', *, *, #3092, .F. ) ;
#2503 = ORIENTED_EDGE ( 'NONE', *, *, #2144, .T. ) ;
#2504 = PLANE ( 'NONE',  #1576 ) ;
#2505 = EDGE_CURVE ( 'NONE', #2730, #13, #2826, .T. ) ;
#2506 = LINE ( 'NONE', #2305, #2720 ) ;
#2507 = ORIENTED_EDGE ( 'NONE', *, *, #1668, .F. ) ;
#2508 = CARTESIAN_POINT ( 'NONE',  ( -23.99999999999999645, 0.000000000000000000, 0.000000000000000000 ) ) ;
#2509 = DIRECTION ( 'NONE',  ( -1.000000000000000000, 0.000000000000000000, 0.000000000000000000 ) ) ;
#2510 = ORIENTED_EDGE ( 'NONE', *, *, #2810, .F. ) ;
#2511 = ADVANCED_FACE ( 'NONE', ( #499 ), #1295, .F. ) ;
#2512 = CARTESIAN_POINT ( 'NONE',  ( 20.98934703784019717, 23.27553746443767935, 3.200000000000000178 ) ) ;
#2513 = CARTESIAN_POINT ( 'NONE',  ( -23.06514325412602773, 17.05000000000097415, 0.000000000000000000 ) ) ;
#2514 = VERTEX_POINT ( 'NONE', #2127 ) ;
#2515 = ORIENTED_EDGE ( 'NONE', *, *, #2732, .F. ) ;
#2516 = DIRECTION ( 'NONE',  ( -0.000000000000000000, -0.000000000000000000, 1.000000000000000000 ) ) ;
#2517 = CARTESIAN_POINT ( 'NONE',  ( 19.58416679350149536, 17.10147394245050023, 6.000000000000000000 ) ) ;
#2518 = VECTOR ( 'NONE', #2948, 1000.000000000000000 ) ;
#2519 = EDGE_CURVE ( 'NONE', #3236, #2514, #617, .T. ) ;
#2520 = EDGE_LOOP ( 'NONE', ( #1199, #2824, #2216, #511, #3223 ) ) ;
#2521 = VERTEX_POINT ( 'NONE', #1092 ) ;
#2522 = CARTESIAN_POINT ( 'NONE',  ( 26.29830476158687347, 17.04999999999907700, 0.000000000000000000 ) ) ;
#2523 = CC_DESIGN_SECURITY_CLASSIFICATION ( #2839, ( #490 ) ) ;
#2524 = VECTOR ( 'NONE', #302, 1000.000000000000114 ) ;
#2525 = ORIENTED_EDGE ( 'NONE', *, *, #2864, .T. ) ;
#2526 = DIRECTION ( 'NONE',  ( -0.9659258262890658697, 0.2588190451025298988, 0.000000000000000000 ) ) ;
#2527 = DIRECTION ( 'NONE',  ( -0.000000000000000000, -0.000000000000000000, -1.000000000000000000 ) ) ;
#2528 = LINE ( 'NONE', #236, #2846 ) ;
#2529 = ADVANCED_FACE ( 'NONE', ( #3163, #2912 ), #868, .T. ) ;
#2530 = CIRCLE ( 'NONE', #3075, 1.799999999999999822 ) ;
#2531 = ORIENTED_EDGE ( 'NONE', *, *, #543, .T. ) ;
#2532 = AXIS2_PLACEMENT_3D ( 'NONE', #1121, #1549, #2124 ) ;
#2533 = ORIENTED_EDGE ( 'NONE', *, *, #432, .T. ) ;
#2534 = CYLINDRICAL_SURFACE ( 'NONE', #1844, 32.00000000000000000 ) ;
#2535 = CARTESIAN_POINT ( 'NONE',  ( 26.29830476158577568, -17.05000000000086047, 0.000000000000000000 ) ) ;
#2536 = CARTESIAN_POINT ( 'NONE',  ( 0.000000000000000000, 0.000000000000000000, 6.000000000000000000 ) ) ;
#2537 = ORIENTED_EDGE ( 'NONE', *, *, #70, .F. ) ;
#2538 = LINE ( 'NONE', #1762, #21 ) ;
#2539 = AXIS2_PLACEMENT_3D ( 'NONE', #1392, #2703, #2413 ) ;
#2540 = ORIENTED_EDGE ( 'NONE', *, *, #183, .T. ) ;
#2541 = EDGE_CURVE ( 'NONE', #1233, #3235, #355, .T. ) ;
#2542 = VECTOR ( 'NONE', #3128, 1000.000000000000000 ) ;
#2543 = DIRECTION ( 'NONE',  ( -0.8660254037844390407, -0.4999999999999995004, 0.000000000000000000 ) ) ;
#2544 = CARTESIAN_POINT ( 'NONE',  ( -3.233161507461904893, 28.49999999999999645, 2.799999999999999822 ) ) ;
#2545 = CARTESIAN_POINT ( 'NONE',  ( -23.06514325412711841, -17.04999999999896687, 2.799999999999999822 ) ) ;
#2546 = VERTEX_POINT ( 'NONE', #2400 ) ;
#2547 = VERTEX_POINT ( 'NONE', #112 ) ;
#2548 = CARTESIAN_POINT ( 'NONE',  ( -26.29830476158793928, 17.05000000000097415, 2.799999999999999822 ) ) ;
#2549 = CARTESIAN_POINT ( 'NONE',  ( 0.000000000000000000, 0.000000000000000000, 3.200000000000000178 ) ) ;
#2550 = DIRECTION ( 'NONE',  ( -0.000000000000000000, -0.000000000000000000, -1.000000000000000000 ) ) ;
#2551 = EDGE_CURVE ( 'NONE', #1459, #513, #526, .T. ) ;
#2552 = ORIENTED_EDGE ( 'NONE', *, *, #2627, .T. ) ;
#2553 = ORIENTED_EDGE ( 'NONE', *, *, #1488, .T. ) ;
#2554 = FACE_OUTER_BOUND ( 'NONE', #232, .T. ) ;
#2555 = ORIENTED_EDGE ( 'NONE', *, *, #3019, .F. ) ;
#2556 = VECTOR ( 'NONE', #2989, 1000.000000000000114 ) ;
#2557 = EDGE_CURVE ( 'NONE', #1519, #2476, #2097, .T. ) ;
#2558 = VERTEX_POINT ( 'NONE', #1904 ) ;
#2559 = EDGE_LOOP ( 'NONE', ( #1725, #1548, #2838, #1429 ) ) ;
#2560 = FACE_OUTER_BOUND ( 'NONE', #1498, .T. ) ;
#2561 = DIRECTION ( 'NONE',  ( -0.5000000000000003331, 0.8660254037844384856, 0.000000000000000000 ) ) ;
#2562 = CARTESIAN_POINT ( 'NONE',  ( -1.616580753730953335, 31.30000000000000071, 0.000000000000000000 ) ) ;
#2563 = CARTESIAN_POINT ( 'NONE',  ( 17.86635283721881606, -22.43873369041435595, 6.000000000000000000 ) ) ;
#2564 = VECTOR ( 'NONE', #3257, 1000.000000000000114 ) ;
#2565 = EDGE_LOOP ( 'NONE', ( #730, #2712, #2598, #2252 ) ) ;
#2566 = EDGE_LOOP ( 'NONE', ( #2370, #3035, #2138, #1628, #2801, #316, #1048, #3215, #1265, #1502, #2515, #1697 ) ) ;
#2567 = CARTESIAN_POINT ( 'NONE',  ( 1.616580753728785957, -31.29999999999987637, 2.799999999999999822 ) ) ;
#2568 = AXIS2_PLACEMENT_3D ( 'NONE', #1474, #4, #1520 ) ;
#2569 = EDGE_CURVE ( 'NONE', #1715, #2730, #2608, .T. ) ;
#2570 = EDGE_CURVE ( 'NONE', #1047, #122, #2622, .T. ) ;
#2571 = DIRECTION ( 'NONE',  ( -0.000000000000000000, -0.000000000000000000, 1.000000000000000000 ) ) ;
#2572 = MECHANICAL_CONTEXT ( 'NONE', #2078, 'mechanical' ) ;
#2573 = VERTEX_POINT ( 'NONE', #2255 ) ;
#2574 = VECTOR ( 'NONE', #3101, 1000.000000000000000 ) ;
#2575 = CARTESIAN_POINT ( 'NONE',  ( -19.49353775130147071, 17.07718996378227772, 6.000000000000000000 ) ) ;
#2576 = CIRCLE ( 'NONE', #1144, 25.00000000000000000 ) ;
#2577 = LINE ( 'NONE', #1338, #984 ) ;
#2578 = EDGE_CURVE ( 'NONE', #1236, #1447, #2458, .T. ) ;
#2579 = ORIENTED_EDGE ( 'NONE', *, *, #1364, .F. ) ;
#2580 = DIRECTION ( 'NONE',  ( -0.000000000000000000, -0.000000000000000000, 1.000000000000000000 ) ) ;
#2581 = DIRECTION ( 'NONE',  ( -0.000000000000000000, -0.000000000000000000, 1.000000000000000000 ) ) ;
#2582 = CARTESIAN_POINT ( 'NONE',  ( 20.98934703784019717, 23.27553746443767935, 3.200000000000000178 ) ) ;
#2583 = AXIS2_PLACEMENT_3D ( 'NONE', #2646, #350, #1883 ) ;
#2584 = LINE ( 'NONE', #1718, #1239 ) ;
#2585 = VECTOR ( 'NONE', #1238, 1000.000000000000000 ) ;
#2586 = ORIENTED_EDGE ( 'NONE', *, *, #2765, .F. ) ;
#2587 = DIRECTION ( 'NONE',  ( -0.000000000000000000, -0.000000000000000000, -1.000000000000000000 ) ) ;
#2588 = PLANE ( 'NONE',  #1087 ) ;
#2589 = FACE_BOUND ( 'NONE', #203, .T. ) ;
#2590 = ADVANCED_FACE ( 'NONE', ( #1693 ), #1677, .F. ) ;
#2591 = LINE ( 'NONE', #577, #2189 ) ;
#2592 = ORIENTED_EDGE ( 'NONE', *, *, #1611, .F. ) ;
#2593 = CARTESIAN_POINT ( 'NONE',  ( -22.43873369041443411, -17.86635283721874146, 3.200000000000000178 ) ) ;
#2594 = EDGE_CURVE ( 'NONE', #1891, #941, #976, .T. ) ;
#2595 = AXIS2_PLACEMENT_3D ( 'NONE', #3214, #2416, #2198 ) ;
#2596 = ORIENTED_EDGE ( 'NONE', *, *, #2810, .T. ) ;
#2597 = LINE ( 'NONE', #568, #895 ) ;
#2598 = ORIENTED_EDGE ( 'NONE', *, *, #2120, .F. ) ;
#2599 = EDGE_CURVE ( 'NONE', #2062, #142, #2474, .T. ) ;
#2600 = FACE_OUTER_BOUND ( 'NONE', #642, .T. ) ;
#2601 = CARTESIAN_POINT ( 'NONE',  ( -23.06514325412711486, -11.44999999999896190, 2.799999999999999822 ) ) ;
#2602 = LINE ( 'NONE', #1794, #2625 ) ;
#2603 = CIRCLE ( 'NONE', #3197, 1.799999999999999822 ) ;
#2604 = FACE_BOUND ( 'NONE', #3077, .T. ) ;
#2605 = ORIENTED_EDGE ( 'NONE', *, *, #1900, .T. ) ;
#2606 = VECTOR ( 'NONE', #649, 1000.000000000000114 ) ;
#2607 = CARTESIAN_POINT ( 'NONE',  ( -23.06514325412603128, 11.45000000000096740, 2.799999999999999822 ) ) ;
#2608 = LINE ( 'NONE', #3132, #1432 ) ;
#2609 = CARTESIAN_POINT ( 'NONE',  ( 26.29830476158577568, -17.05000000000086047, 0.000000000000000000 ) ) ;
#2610 = CARTESIAN_POINT ( 'NONE',  ( 17.79161599810757011, -18.55367255488096490, 5.953939014372661376 ) ) ;
#2611 = EDGE_CURVE ( 'NONE', #2547, #2546, #1974, .T. ) ;
#2612 = VECTOR ( 'NONE', #1201, 1000.000000000000000 ) ;
#2613 = ORIENTED_EDGE ( 'NONE', *, *, #2902, .T. ) ;
#2614 = DIRECTION ( 'NONE',  ( 1.000000000000000000, 0.000000000000000000, 0.000000000000000000 ) ) ;
#2615 = DIRECTION ( 'NONE',  ( 0.000000000000000000, -0.000000000000000000, 1.000000000000000000 ) ) ;
#2616 = CALENDAR_DATE ( 2026, 28, 8 ) ;
#2617 = ORIENTED_EDGE ( 'NONE', *, *, #2393, .F. ) ;
#2618 = CARTESIAN_POINT ( 'NONE',  ( 17.86635283721881606, -22.43873369041435595, 3.200000000000000178 ) ) ;
#2619 = ADVANCED_FACE ( 'NONE', ( #215 ), #1748, .F. ) ;
#2620 = ORIENTED_EDGE ( 'NONE', *, *, #2053, .F. ) ;
#2621 = FACE_OUTER_BOUND ( 'NONE', #1849, .T. ) ;
#2622 = LINE ( 'NONE', #2876, #2122 ) ;
#2623 = ORIENTED_EDGE ( 'NONE', *, *, #1264, .T. ) ;
#2624 = LOCAL_TIME ( 11, 20, 3.000000000000000000, #103 ) ;
#2625 = VECTOR ( 'NONE', #2808, 1000.000000000000000 ) ;
#2626 = ORIENTED_EDGE ( 'NONE', *, *, #1147, .F. ) ;
#2627 = EDGE_CURVE ( 'NONE', #1254, #1587, #1852, .T. ) ;
#2628 = CARTESIAN_POINT ( 'NONE',  ( 26.29830476158687347, 17.04999999999907700, 2.799999999999999822 ) ) ;
#2629 = VERTEX_POINT ( 'NONE', #937 ) ;
#2630 = CARTESIAN_POINT ( 'NONE',  ( -20.98934703784037126, -23.27553746443754434, 6.000000000000000000 ) ) ;
#2631 = CYLINDRICAL_SURFACE ( 'NONE', #1896, 1.799999999999999822 ) ;
#2632 = DIRECTION ( 'NONE',  ( -0.4999999999999998335, -0.8660254037844387076, 0.000000000000000000 ) ) ;
#2633 = VECTOR ( 'NONE', #2139, 1000.000000000000000 ) ;
#2634 = ORIENTED_EDGE ( 'NONE', *, *, #1717, .T. ) ;
#2635 = DIRECTION ( 'NONE',  ( -0.000000000000000000, -0.000000000000000000, -1.000000000000000000 ) ) ;
#2636 = LINE ( 'NONE', #338, #434 ) ;
#2637 = ORIENTED_EDGE ( 'NONE', *, *, #183, .F. ) ;
#2638 = ADVANCED_FACE ( 'NONE', ( #2719 ), #632, .F. ) ;
#2639 = VECTOR ( 'NONE', #598, 1000.000000000000227 ) ;
#2640 = ORIENTED_EDGE ( 'NONE', *, *, #1656, .F. ) ;
#2641 = CIRCLE ( 'NONE', #947, 1.799999999999999600 ) ;
#2642 = DIRECTION ( 'NONE',  ( -1.000000000000000000, 1.073081856240825879E-15, 0.000000000000000000 ) ) ;
#2643 = DIRECTION ( 'NONE',  ( -0.7071067811865475727, 0.7071067811865475727, 0.000000000000000000 ) ) ;
#2644 = EDGE_LOOP ( 'NONE', ( #1112, #605, #3055, #2490 ) ) ;
#2645 = CARTESIAN_POINT ( 'NONE',  ( -18.35254326381661016, 20.15254326381660377, 0.000000000000000000 ) ) ;
#2646 = CARTESIAN_POINT ( 'NONE',  ( 0.000000000000000000, 0.000000000000000000, 0.000000000000000000 ) ) ;
#2647 = ADVANCED_FACE ( 'NONE', ( #1426 ), #1191, .F. ) ;
#2648 = CARTESIAN_POINT ( 'NONE',  ( 19.31573948979297484, -17.02954906319558148, 3.200000000000000178 ) ) ;
#2649 = ORIENTED_EDGE ( 'NONE', *, *, #351, .T. ) ;
#2650 = DIRECTION ( 'NONE',  ( -0.000000000000000000, -0.000000000000000000, -1.000000000000000000 ) ) ;
#2651 = DIRECTION ( 'NONE',  ( 0.2588190451025210725, -0.9659258262890680902, 0.000000000000000000 ) ) ;
#2652 = CARTESIAN_POINT ( 'NONE',  ( 18.35254326381666701, 20.15254326381653982, 0.000000000000000000 ) ) ;
#2653 = DIRECTION ( 'NONE',  ( 0.000000000000000000, 0.000000000000000000, 1.000000000000000000 ) ) ;
#2654 = ORIENTED_EDGE ( 'NONE', *, *, #2791, .F. ) ;
#2655 = EDGE_CURVE ( 'NONE', #842, #1447, #1154, .T. ) ;
#2656 = ORIENTED_EDGE ( 'NONE', *, *, #1776, .T. ) ;
#2657 = DIRECTION ( 'NONE',  ( -0.000000000000000000, -0.000000000000000000, 1.000000000000000000 ) ) ;
#2658 = CARTESIAN_POINT ( 'NONE',  ( -1.616580753730951336, 25.69999999999999574, 0.000000000000000000 ) ) ;
#2659 = CARTESIAN_POINT ( 'NONE',  ( -26.48172400785649927, -14.25000000000001243, 2.799999999999999822 ) ) ;
#2660 = AXIS2_PLACEMENT_3D ( 'NONE', #799, #1805, #537 ) ;
#2661 = VERTEX_POINT ( 'NONE', #900 ) ;
#2662 = DIRECTION ( 'NONE',  ( 0.000000000000000000, -1.000000000000000000, 0.000000000000000000 ) ) ;
#2663 = DIRECTION ( 'NONE',  ( -0.9659258262890684232, 0.2588190451025203509, 0.000000000000000000 ) ) ;
#2664 = CARTESIAN_POINT ( 'NONE',  ( 1.616580753730953557, 31.30000000000000071, 2.799999999999999822 ) ) ;
#2665 = LINE ( 'NONE', #3230, #307 ) ;
#2666 = FACE_OUTER_BOUND ( 'NONE', #651, .T. ) ;
#2667 = CARTESIAN_POINT ( 'NONE',  ( -26.48172400785649927, -14.25000000000001243, 6.000000000000000000 ) ) ;
#2668 = ORIENTED_EDGE ( 'NONE', *, *, #1483, .T. ) ;
#2669 = CARTESIAN_POINT ( 'NONE',  ( -24.68172400785650211, 14.25000000000000533, 6.000000000000000000 ) ) ;
#2670 = LINE ( 'NONE', #2399, #281 ) ;
#2671 = EDGE_CURVE ( 'NONE', #129, #2821, #647, .T. ) ;
#2672 = CARTESIAN_POINT ( 'NONE',  ( 27.91488551531672613, -14.25000000000085976, 2.799999999999999822 ) ) ;
#2673 = VERTEX_POINT ( 'NONE', #990 ) ;
#2674 = CLOSED_SHELL ( 'NONE', ( #752, #2684, #3254, #1251, #1830, #2210, #266, #279, #574, #443, #1068, #551, #2299, #1122, #1937, #2450, #95, #1334, #2590, #2619, #238, #1573, #733, #1388, #2231, #504, #1294, #1836, #1054, #2460, #2288, #628, #2155, #3178, #819, #3104, #885, #231, #276, #395, #1242, #530, #3074, #339, #3010, #126, #2529, #1325, #1620, #192, #1510, #420, #2074, #1452, #3129, #663, #1601, #806, #1235, #2755, #2690, #1227, #2638, #452, #2911, #1799, #2110, #1564, #2815, #522, #1353, #1845, #2990, #2969, #1953, #2343, #32, #2018, #1924, #2259, #2060, #782, #159, #1118, #792, #1309, #2469, #1878, #1542, #2784, #2760, #2511, #669, #322, #698, #1733, #2401, #2647, #1766, #1469, #1039 ) ) ;
#2675 = AXIS2_PLACEMENT_3D ( 'NONE', #2202, #2742, #656 ) ;
#2676 = ORIENTED_EDGE ( 'NONE', *, *, #3064, .F. ) ;
#2677 = CARTESIAN_POINT ( 'NONE',  ( -17.02954906319566319, -19.31573948979292155, 3.200000000000000178 ) ) ;
#2678 = LINE ( 'NONE', #379, #1345 ) ;
#2679 = DIRECTION ( 'NONE',  ( -0.7071067811865474617, -0.7071067811865474617, 0.000000000000000000 ) ) ;
#2680 = EDGE_CURVE ( 'NONE', #1812, #326, #1518, .T. ) ;
#2681 = ORIENTED_EDGE ( 'NONE', *, *, #1364, .T. ) ;
#2682 = DIRECTION ( 'NONE',  ( 1.000000000000000000, 0.000000000000000000, 0.000000000000000000 ) ) ;
#2683 = FACE_OUTER_BOUND ( 'NONE', #3153, .T. ) ;
#2684 = ADVANCED_FACE ( 'NONE', ( #2805 ), #1742, .F. ) ;
#2685 = DIRECTION ( 'NONE',  ( 0.9659258262890694224, 0.2588190451025162986, 0.000000000000000000 ) ) ;
#2686 = CARTESIAN_POINT ( 'NONE',  ( -24.68172400785649856, -14.25000000000001243, 6.000000000000000000 ) ) ;
#2687 = ORIENTED_EDGE ( 'NONE', *, *, #1861, .T. ) ;
#2688 = LINE ( 'NONE', #320, #1663 ) ;
#2689 = AXIS2_PLACEMENT_3D ( 'NONE', #1629, #2662, #2753 ) ;
#2690 = ADVANCED_FACE ( 'NONE', ( #2273 ), #1010, .F. ) ;
#2691 = FACE_OUTER_BOUND ( 'NONE', #1723, .T. ) ;
#2692 = DIRECTION ( 'NONE',  ( -0.000000000000000000, -0.000000000000000000, 1.000000000000000000 ) ) ;
#2693 = VECTOR ( 'NONE', #2736, 1000.000000000000114 ) ;
#2694 = ORIENTED_EDGE ( 'NONE', *, *, #876, .T. ) ;
#2695 = EDGE_CURVE ( 'NONE', #2032, #1612, #2506, .T. ) ;
#2696 = ORIENTED_EDGE ( 'NONE', *, *, #2505, .T. ) ;
#2697 = LINE ( 'NONE', #138, #3159 ) ;
#2698 = CARTESIAN_POINT ( 'NONE',  ( 23.06514325412386768, -11.45000000000085372, 2.799999999999999822 ) ) ;
#2699 = CIRCLE ( 'NONE', #1512, 32.00000000000000000 ) ;
#2700 = ORIENTED_EDGE ( 'NONE', *, *, #1461, .F. ) ;
#2701 = ORIENTED_EDGE ( 'NONE', *, *, #826, .F. ) ;
#2702 = CARTESIAN_POINT ( 'NONE',  ( -17.86635283721897238, 22.43873369041423871, 6.000000000000000000 ) ) ;
#2703 = DIRECTION ( 'NONE',  ( 0.000000000000000000, 0.000000000000000000, 1.000000000000000000 ) ) ;
#2704 = CIRCLE ( 'NONE', #1565, 1.799999999999999600 ) ;
#2705 = EDGE_CURVE ( 'NONE', #1066, #567, #699, .T. ) ;
#2706 = CYLINDRICAL_SURFACE ( 'NONE', #3037, 1.799999999999999822 ) ;
#2707 = ORIENTED_EDGE ( 'NONE', *, *, #3208, .T. ) ;
#2708 = CARTESIAN_POINT ( 'NONE',  ( 27.91488551531672613, -14.25000000000085976, 2.799999999999999822 ) ) ;
#2709 = DIRECTION ( 'NONE',  ( -0.9659258262890666469, 0.2588190451025264016, 0.000000000000000000 ) ) ;
#2710 = DIRECTION ( 'NONE',  ( -0.9659258262890682012, -0.2588190451025210725, 0.000000000000000000 ) ) ;
#2711 = EDGE_LOOP ( 'NONE', ( #1996, #2848, #2700, #1258 ) ) ;
#2712 = ORIENTED_EDGE ( 'NONE', *, *, #480, .F. ) ;
#2713 = CARTESIAN_POINT ( 'NONE',  ( -20.15254326381661087, 20.15254326381660377, 0.000000000000000000 ) ) ;
#2714 = PLANE ( 'NONE',  #591 ) ;
#2715 = EDGE_CURVE ( 'NONE', #2451, #2230, #2820, .T. ) ;
#2716 = ORIENTED_EDGE ( 'NONE', *, *, #2705, .F. ) ;
#2717 = ORIENTED_EDGE ( 'NONE', *, *, #2594, .F. ) ;
#2718 = LINE ( 'NONE', #1153, #2847 ) ;
#2719 = FACE_OUTER_BOUND ( 'NONE', #3117, .T. ) ;
#2720 = VECTOR ( 'NONE', #3299, 1000.000000000000114 ) ;
#2721 = LINE ( 'NONE', #1633, #1163 ) ;
#2722 = VERTEX_POINT ( 'NONE', #2563 ) ;
#2723 = PLANE ( 'NONE',  #385 ) ;
#2724 = DIRECTION ( 'NONE',  ( -0.000000000000000000, -0.000000000000000000, 1.000000000000000000 ) ) ;
#2725 = EDGE_CURVE ( 'NONE', #1658, #2286, #271, .T. ) ;
#2726 = VERTEX_POINT ( 'NONE', #3184 ) ;
#2727 = CARTESIAN_POINT ( 'NONE',  ( 17.10147394245063523, 19.58416679350137457, 6.000000000000000000 ) ) ;
#2728 = VECTOR ( 'NONE', #563, 1000.000000000000114 ) ;
#2729 = CARTESIAN_POINT ( 'NONE',  ( -1.616580753733118048, -31.29999999999987637, 2.799999999999999822 ) ) ;
#2730 = VERTEX_POINT ( 'NONE', #98 ) ;
#2731 = DIRECTION ( 'NONE',  ( 0.000000000000000000, 0.000000000000000000, 1.000000000000000000 ) ) ;
#2732 = EDGE_CURVE ( 'NONE', #122, #877, #141, .T. ) ;
#2733 = EDGE_LOOP ( 'NONE', ( #71, #2302, #2586, #601 ) ) ;
#2734 = AXIS2_PLACEMENT_3D ( 'NONE', #1217, #2220, #2986 ) ;
#2735 = ORIENTED_EDGE ( 'NONE', *, *, #466, .F. ) ;
#2736 = DIRECTION ( 'NONE',  ( -0.5000000000000003331, -0.8660254037844384856, 0.000000000000000000 ) ) ;
#2737 = AXIS2_PLACEMENT_3D ( 'NONE', #1504, #1779, #34 ) ;
#2738 = CARTESIAN_POINT ( 'NONE',  ( 21.44856250039401147, 14.24999999999907807, 2.799999999999999822 ) ) ;
#2739 = ORIENTED_EDGE ( 'NONE', *, *, #67, .F. ) ;
#2740 = CARTESIAN_POINT ( 'NONE',  ( -26.29830476158793573, 11.45000000000096740, 2.799999999999999822 ) ) ;
#2741 = FACE_OUTER_BOUND ( 'NONE', #915, .T. ) ;
#2742 = DIRECTION ( 'NONE',  ( 0.000000000000000000, 0.000000000000000000, 1.000000000000000000 ) ) ;
#2743 = ORIENTED_EDGE ( 'NONE', *, *, #1126, .T. ) ;
#2744 = AXIS2_PLACEMENT_3D ( 'NONE', #2873, #636, #865 ) ;
#2745 = CARTESIAN_POINT ( 'NONE',  ( -23.06514325412602773, 17.05000000000097415, 2.799999999999999822 ) ) ;
#2746 = DIRECTION ( 'NONE',  ( 0.000000000000000000, 0.000000000000000000, -1.000000000000000000 ) ) ;
#2747 = ORIENTED_EDGE ( 'NONE', *, *, #2732, .T. ) ;
#2748 = EDGE_CURVE ( 'NONE', #1036, #1680, #394, .T. ) ;
#2749 = DIRECTION ( 'NONE',  ( -1.000000000000000000, 0.000000000000000000, 0.000000000000000000 ) ) ;
#2750 = ORIENTED_EDGE ( 'NONE', *, *, #678, .F. ) ;
#2751 = CYLINDRICAL_SURFACE ( 'NONE', #68, 1.799999999999999600 ) ;
#2752 = EDGE_LOOP ( 'NONE', ( #1248, #378, #1286, #973 ) ) ;
#2753 = DIRECTION ( 'NONE',  ( 0.000000000000000000, 0.000000000000000000, -1.000000000000000000 ) ) ;
#2754 = DIRECTION ( 'NONE',  ( -0.000000000000000000, -0.000000000000000000, 1.000000000000000000 ) ) ;
#2755 = ADVANCED_FACE ( 'NONE', ( #603 ), #342, .F. ) ;
#2756 = VERTEX_POINT ( 'NONE', #1419 ) ;
#2757 = LINE ( 'NONE', #2630, #3288 ) ;
#2758 = CARTESIAN_POINT ( 'NONE',  ( 0.000000000000000000, 0.000000000000000000, 2.000000000000000000 ) ) ;
#2759 = CARTESIAN_POINT ( 'NONE',  ( 18.35254326381646095, -20.15254326381675298, 3.200000000000000178 ) ) ;
#2760 = ADVANCED_FACE ( 'NONE', ( #29 ), #1605, .F. ) ;
#2761 = VERTEX_POINT ( 'NONE', #1547 ) ;
#2762 = CARTESIAN_POINT ( 'NONE',  ( -1.616580753730953335, 31.30000000000000071, 2.799999999999999822 ) ) ;
#2763 = CARTESIAN_POINT ( 'NONE',  ( 1.616580753728785957, -31.29999999999987637, 0.000000000000000000 ) ) ;
#2764 = VECTOR ( 'NONE', #42, 1000.000000000000114 ) ;
#2765 = EDGE_CURVE ( 'NONE', #1738, #2573, #2584, .T. ) ;
#2766 = ORIENTED_EDGE ( 'NONE', *, *, #1840, .T. ) ;
#2767 = VECTOR ( 'NONE', #971, 1000.000000000000000 ) ;
#2768 = ORIENTED_EDGE ( 'NONE', *, *, #2334, .T. ) ;
#2769 = CARTESIAN_POINT ( 'NONE',  ( -32.00000000000000000, 0.000000000000000000, 0.000000000000000000 ) ) ;
#2770 = CARTESIAN_POINT ( 'NONE',  ( 1.616580753730955999, 25.69999999999999574, 0.000000000000000000 ) ) ;
#2771 = ORIENTED_EDGE ( 'NONE', *, *, #1011, .F. ) ;
#2772 = ORIENTED_EDGE ( 'NONE', *, *, #863, .T. ) ;
#2773 = DIRECTION ( 'NONE',  ( -1.000000000000000000, 0.000000000000000000, 0.000000000000000000 ) ) ;
#2774 = VECTOR ( 'NONE', #2527, 1000.000000000000000 ) ;
#2775 = CARTESIAN_POINT ( 'NONE',  ( 0.000000000000000000, 28.50000000000000000, 0.000000000000000000 ) ) ;
#2776 = EDGE_CURVE ( 'NONE', #1739, #630, #2478, .T. ) ;
#2777 = FACE_BOUND ( 'NONE', #467, .T. ) ;
#2778 = ORIENTED_EDGE ( 'NONE', *, *, #1488, .F. ) ;
#2779 = LINE ( 'NONE', #2327, #1553 ) ;
#2780 = CARTESIAN_POINT ( 'NONE',  ( -1.616580753733118936, -25.69999999999987139, 2.799999999999999822 ) ) ;
#2781 = CARTESIAN_POINT ( 'NONE',  ( -19.31573948979327326, -17.02954906319525819, 3.200000000000000178 ) ) ;
#2782 = EDGE_LOOP ( 'NONE', ( #2531, #830, #3296, #2503 ) ) ;
#2783 = ORIENTED_EDGE ( 'NONE', *, *, #2201, .T. ) ;
#2784 = ADVANCED_FACE ( 'NONE', ( #749 ), #202, .F. ) ;
#2785 = CARTESIAN_POINT ( 'NONE',  ( -26.29830476158902286, -11.44999999999896190, 0.000000000000000000 ) ) ;
#2786 = LINE ( 'NONE', #1241, #1096 ) ;
#2787 = CARTESIAN_POINT ( 'NONE',  ( 0.000000000000000000, 0.000000000000000000, 6.000000000000000000 ) ) ;
#2788 = AXIS2_PLACEMENT_3D ( 'NONE', #2859, #566, #343 ) ;
#2789 = ORIENTED_EDGE ( 'NONE', *, *, #1497, .T. ) ;
#2790 = FACE_OUTER_BOUND ( 'NONE', #2269, .T. ) ;
#2791 = EDGE_CURVE ( 'NONE', #2100, #239, #694, .T. ) ;
#2792 = DIRECTION ( 'NONE',  ( -1.000000000000000000, 0.000000000000000000, 0.000000000000000000 ) ) ;
#2793 = CARTESIAN_POINT ( 'NONE',  ( 20.98934703784019717, 23.27553746443767935, 3.200000000000000178 ) ) ;
#2794 = APPROVAL_PERSON_ORGANIZATION ( #44, #1786, #1073 ) ;
#2795 = AXIS2_PLACEMENT_3D ( 'NONE', #340, #2389, #96 ) ;
#2796 = ORIENTED_EDGE ( 'NONE', *, *, #1155, .F. ) ;
#2797 = DIRECTION ( 'NONE',  ( -0.000000000000000000, -0.000000000000000000, -1.000000000000000000 ) ) ;
#2798 = FACE_OUTER_BOUND ( 'NONE', #2160, .T. ) ;
#2799 = LINE ( 'NONE', #249, #2150 ) ;
#2800 = EDGE_CURVE ( 'NONE', #2898, #1621, #928, .T. ) ;
#2801 = ORIENTED_EDGE ( 'NONE', *, *, #3000, .F. ) ;
#2802 = ORIENTED_EDGE ( 'NONE', *, *, #2334, .F. ) ;
#2803 = CARTESIAN_POINT ( 'NONE',  ( -1.799999999999996270, -28.50000000000000000, 0.000000000000000000 ) ) ;
#2804 = DIRECTION ( 'NONE',  ( -0.5000000000000003331, 0.8660254037844384856, 0.000000000000000000 ) ) ;
#2805 = FACE_OUTER_BOUND ( 'NONE', #523, .T. ) ;
#2806 = ORIENTED_EDGE ( 'NONE', *, *, #2080, .T. ) ;
#2807 = VERTEX_POINT ( 'NONE', #2727 ) ;
#2808 = DIRECTION ( 'NONE',  ( -0.000000000000000000, -0.000000000000000000, -1.000000000000000000 ) ) ;
#2809 = AXIS2_PLACEMENT_3D ( 'NONE', #465, #1460, #199 ) ;
#2810 = EDGE_CURVE ( 'NONE', #2286, #854, #1465, .T. ) ;
#2811 = VECTOR ( 'NONE', #697, 1000.000000000000000 ) ;
#2812 = ORIENTED_EDGE ( 'NONE', *, *, #1422, .F. ) ;
#2813 = B_SPLINE_CURVE_WITH_KNOTS ( 'NONE', 3,
 ( #1623, #2375, #1113, #3152 ),
 .UNSPECIFIED., .F., .F.,
 ( 4, 4 ),
 ( 0.000000000000000000, 0.0002796815957600293570 ),
 .UNSPECIFIED. ) ;
#2814 = ORIENTED_EDGE ( 'NONE', *, *, #1759, .T. ) ;
#2815 = ADVANCED_FACE ( 'NONE', ( #2206 ), #433, .F. ) ;
#2816 = ORIENTED_EDGE ( 'NONE', *, *, #3083, .T. ) ;
#2817 = CARTESIAN_POINT ( 'NONE',  ( -17.86635283721897238, 22.43873369041423871, 3.200000000000000178 ) ) ;
#2818 = CARTESIAN_POINT ( 'NONE',  ( -18.35254326381681622, -20.15254326381639771, 3.200000000000000178 ) ) ;
#2819 = FACE_OUTER_BOUND ( 'NONE', #1487, .T. ) ;
#2820 = LINE ( 'NONE', #521, #2453 ) ;
#2821 = VERTEX_POINT ( 'NONE', #1234 ) ;
#2822 = ORIENTED_EDGE ( 'NONE', *, *, #1717, .F. ) ;
#2823 = LINE ( 'NONE', #3086, #1867 ) ;
#2824 = ORIENTED_EDGE ( 'NONE', *, *, #151, .T. ) ;
#2825 = EDGE_CURVE ( 'NONE', #1929, #1385, #3021, .T. ) ;
#2826 = CIRCLE ( 'NONE', #1288, 23.99999999999999645 ) ;
#2827 = ORIENTED_EDGE ( 'NONE', *, *, #2889, .F. ) ;
#2828 = LINE ( 'NONE', #1740, #1679 ) ;
#2829 = PLANE ( 'NONE',  #1848 ) ;
#2830 = PERSON_AND_ORGANIZATION ( #461, #1593 ) ;
#2831 = ORIENTED_EDGE ( 'NONE', *, *, #3033, .F. ) ;
#2832 = FACE_OUTER_BOUND ( 'NONE', #1026, .T. ) ;
#2833 = CARTESIAN_POINT ( 'NONE',  ( 19.58416679350132839, -17.10147394245069918, 6.000000000000000000 ) ) ;
#2834 = PLANE ( 'NONE',  #2957 ) ;
#2835 = AXIS2_PLACEMENT_3D ( 'NONE', #2143, #1606, #3169 ) ;
#2836 = CARTESIAN_POINT ( 'NONE',  ( 0.000000000000000000, 0.000000000000000000, 0.000000000000000000 ) ) ;
#2837 = DIRECTION ( 'NONE',  ( 1.000000000000000000, 0.000000000000000000, 0.000000000000000000 ) ) ;
#2838 = ORIENTED_EDGE ( 'NONE', *, *, #708, .F. ) ;
#2839 = SECURITY_CLASSIFICATION ( '', '', #3108 ) ;
#2840 = VECTOR ( 'NONE', #1859, 1000.000000000000000 ) ;
#2841 = EDGE_CURVE ( 'NONE', #1777, #122, #2497, .T. ) ;
#2842 = ORIENTED_EDGE ( 'NONE', *, *, #2172, .T. ) ;
#2843 = CARTESIAN_POINT ( 'NONE',  ( 17.02954906319551753, 19.31573948979302813, 3.200000000000000178 ) ) ;
#2844 = VECTOR ( 'NONE', #3216, 1000.000000000000114 ) ;
#2845 = DATE_AND_TIME ( #848, #1198 ) ;
#2846 = VECTOR ( 'NONE', #1636, 1000.000000000000000 ) ;
#2847 = VECTOR ( 'NONE', #2940, 1000.000000000000000 ) ;
#2848 = ORIENTED_EDGE ( 'NONE', *, *, #2855, .F. ) ;
#2849 = DIRECTION ( 'NONE',  ( 0.9659258262890665359, -0.2588190451025269012, 0.000000000000000000 ) ) ;
#2850 = PLANE ( 'NONE',  #1722 ) ;
#2851 = DIRECTION ( 'NONE',  ( 0.000000000000000000, 0.000000000000000000, 1.000000000000000000 ) ) ;
#2852 = EDGE_CURVE ( 'NONE', #1120, #2881, #2225, .T. ) ;
#2853 = EDGE_LOOP ( 'NONE', ( #3011, #2087 ) ) ;
#2854 = LINE ( 'NONE', #1979, #3022 ) ;
#2855 = EDGE_CURVE ( 'NONE', #2976, #2311, #3073, .T. ) ;
#2856 = DIRECTION ( 'NONE',  ( -0.4999999999999994449, 0.8660254037844389297, 0.000000000000000000 ) ) ;
#2857 = CARTESIAN_POINT ( 'NONE',  ( 27.91488551531782747, 14.24999999999907452, 0.000000000000000000 ) ) ;
#2858 = AXIS2_PLACEMENT_3D ( 'NONE', #1442, #956, #2995 ) ;
#2859 = CARTESIAN_POINT ( 'NONE',  ( -20.15254326381681338, -20.15254326381639771, 0.000000000000000000 ) ) ;
#2860 = VERTEX_POINT ( 'NONE', #807 ) ;
#2861 = CARTESIAN_POINT ( 'NONE',  ( 21.44856250039291368, -14.25000000000085620, 0.000000000000000000 ) ) ;
#2862 = CARTESIAN_POINT ( 'NONE',  ( 17.86635283721904344, 22.43873369041416765, 3.200000000000000178 ) ) ;
#2863 = LINE ( 'NONE', #314, #1269 ) ;
#2864 = EDGE_CURVE ( 'NONE', #2009, #1589, #2665, .T. ) ;
#2865 = APPROVAL_DATE_TIME ( #1101, #1532 ) ;
#2866 = VERTEX_POINT ( 'NONE', #424 ) ;
#2867 = DIRECTION ( 'NONE',  ( -0.000000000000000000, -0.000000000000000000, 1.000000000000000000 ) ) ;
#2868 = CARTESIAN_POINT ( 'NONE',  ( -23.27553746443798133, -20.98934703783988454, 3.200000000000000178 ) ) ;
#2869 = AXIS2_PLACEMENT_3D ( 'NONE', #2843, #627, #2105 ) ;
#2870 = DIRECTION ( 'NONE',  ( 0.000000000000000000, 0.000000000000000000, 1.000000000000000000 ) ) ;
#2871 = DIRECTION ( 'NONE',  ( -0.000000000000000000, -0.000000000000000000, -1.000000000000000000 ) ) ;
#2872 = VERTEX_POINT ( 'NONE', #1918 ) ;
#2873 = CARTESIAN_POINT ( 'NONE',  ( 24.68172400785650211, 14.25000000000000355, 6.000000000000000000 ) ) ;
#2874 = VECTOR ( 'NONE', #2754, 1000.000000000000000 ) ;
#2875 = DIRECTION ( 'NONE',  ( 1.000000000000000000, 0.000000000000000000, 0.000000000000000000 ) ) ;
#2876 = CARTESIAN_POINT ( 'NONE',  ( -19.31573948979309208, 17.02954906319545358, 3.200000000000000178 ) ) ;
#2877 = EDGE_CURVE ( 'NONE', #2756, #1772, #2415, .T. ) ;
#2878 = ORIENTED_EDGE ( 'NONE', *, *, #938, .F. ) ;
#2879 = FACE_OUTER_BOUND ( 'NONE', #1842, .T. ) ;
#2880 = AXIS2_PLACEMENT_3D ( 'NONE', #1874, #618, #1619 ) ;
#2881 = VERTEX_POINT ( 'NONE', #1671 ) ;
#2882 = CARTESIAN_POINT ( 'NONE',  ( 19.58416679350132839, -17.10147394245069918, 6.000000000000000000 ) ) ;
#2883 = CARTESIAN_POINT ( 'NONE',  ( 19.31573948979314537, 17.02954906319538608, 5.968450208005759983 ) ) ;
#2884 = FACE_OUTER_BOUND ( 'NONE', #815, .T. ) ;
#2885 = CARTESIAN_POINT ( 'NONE',  ( 21.44856250039291368, -14.25000000000085620, 2.799999999999999822 ) ) ;
#2886 = ORIENTED_EDGE ( 'NONE', *, *, #404, .T. ) ;
#2887 = DIRECTION ( 'NONE',  ( -0.000000000000000000, -0.000000000000000000, -1.000000000000000000 ) ) ;
#2888 = VECTOR ( 'NONE', #2169, 1000.000000000000000 ) ;
#2889 = EDGE_CURVE ( 'NONE', #2514, #1053, #3305, .T. ) ;
#2890 = EDGE_LOOP ( 'NONE', ( #1114, #2747, #1665, #758 ) ) ;
#2891 = LINE ( 'NONE', #1889, #2639 ) ;
#2892 = VECTOR ( 'NONE', #764, 1000.000000000000000 ) ;
#2893 = ORIENTED_EDGE ( 'NONE', *, *, #2240, .F. ) ;
#2894 = EDGE_CURVE ( 'NONE', #3150, #2008, #2981, .T. ) ;
#2895 = DIRECTION ( 'NONE',  ( 1.000000000000000000, 5.365409281204135312E-16, 0.000000000000000000 ) ) ;
#2896 = AXIS2_PLACEMENT_3D ( 'NONE', #2836, #63, #1627 ) ;
#2897 = CARTESIAN_POINT ( 'NONE',  ( 23.06514325412496547, 11.44999999999907381, 0.000000000000000000 ) ) ;
#2898 = VERTEX_POINT ( 'NONE', #1688 ) ;
#2899 = CARTESIAN_POINT ( 'NONE',  ( 0.000000000000000000, 0.000000000000000000, 6.000000000000000000 ) ) ;
#2900 = CARTESIAN_POINT ( 'NONE',  ( -20.98934703784037126, -23.27553746443754434, 6.000000000000000000 ) ) ;
#2901 = DIRECTION ( 'NONE',  ( 0.000000000000000000, 0.000000000000000000, 1.000000000000000000 ) ) ;
#2902 = EDGE_CURVE ( 'NONE', #1934, #104, #2907, .T. ) ;
#2903 = DATE_TIME_ROLE ( 'classification_date' ) ;
#2904 = ORIENTED_EDGE ( 'NONE', *, *, #2314, .F. ) ;
#2905 = DIRECTION ( 'NONE',  ( 0.4999999999999994449, -0.8660254037844389297, 0.000000000000000000 ) ) ;
#2906 = DIRECTION ( 'NONE',  ( 0.000000000000000000, 0.000000000000000000, 1.000000000000000000 ) ) ;
#2907 = LINE ( 'NONE', #1885, #1028 ) ;
#2908 = ORIENTED_EDGE ( 'NONE', *, *, #468, .F. ) ;
#2909 = LINE ( 'NONE', #615, #2965 ) ;
#2910 = LINE ( 'NONE', #1143, #333 ) ;
#2911 = ADVANCED_FACE ( 'NONE', ( #352 ), #108, .F. ) ;
#2912 = FACE_OUTER_BOUND ( 'NONE', #2257, .T. ) ;
#2913 = ORIENTED_EDGE ( 'NONE', *, *, #1611, .T. ) ;
#2914 = AXIS2_PLACEMENT_3D ( 'NONE', #1942, #994, #407 ) ;
#2915 = ORIENTED_EDGE ( 'NONE', *, *, #633, .T. ) ;
#2916 = DIRECTION ( 'NONE',  ( 0.5000000000000003331, -0.8660254037844384856, 0.000000000000000000 ) ) ;
#2917 = AXIS2_PLACEMENT_3D ( 'NONE', #2787, #16, #1758 ) ;
#2918 = CARTESIAN_POINT ( 'NONE',  ( 1.799999999999999600, 28.50000000000000000, 6.000000000000000000 ) ) ;
#2919 = CARTESIAN_POINT ( 'NONE',  ( -26.29830476158902286, -11.44999999999896190, 2.799999999999999822 ) ) ;
#2920 = EDGE_CURVE ( 'NONE', #239, #2472, #1402, .T. ) ;
#2921 = ORIENTED_EDGE ( 'NONE', *, *, #2578, .F. ) ;
#2922 = FACE_OUTER_BOUND ( 'NONE', #2373, .T. ) ;
#2923 = DIRECTION ( 'NONE',  ( -1.000000000000000000, 0.000000000000000000, 0.000000000000000000 ) ) ;
#2924 = LINE ( 'NONE', #689, #2011 ) ;
#2925 = CARTESIAN_POINT ( 'NONE',  ( -22.43873369041423871, 17.86635283721896528, 3.200000000000000178 ) ) ;
#2926 = ORIENTED_EDGE ( 'NONE', *, *, #2825, .F. ) ;
#2927 = CARTESIAN_POINT ( 'NONE',  ( -17.02954906319545714, 19.31573948979308852, 3.200000000000000178 ) ) ;
#2928 = CARTESIAN_POINT ( 'NONE',  ( -17.02954906319566319, -19.31573948979292155, 5.968450208005764424 ) ) ;
#2929 = CARTESIAN_POINT ( 'NONE',  ( 3.233161507459740847, -28.49999999999987210, 2.799999999999999822 ) ) ;
#2930 = EDGE_CURVE ( 'NONE', #65, #3236, #2951, .T. ) ;
#2931 = ORIENTED_EDGE ( 'NONE', *, *, #2930, .T. ) ;
#2932 = CARTESIAN_POINT ( 'NONE',  ( -17.79161599810769445, 18.55367255488084766, 5.953939014372665817 ) ) ;
#2933 = DIRECTION ( 'NONE',  ( 1.000000000000000000, 0.000000000000000000, 0.000000000000000000 ) ) ;
#2934 = EDGE_LOOP ( 'NONE', ( #1413, #2152, #392, #2654 ) ) ;
#2935 = EDGE_CURVE ( 'NONE', #1812, #3264, #2137, .T. ) ;
#2936 = CARTESIAN_POINT ( 'NONE',  ( -17.86635283721921041, -22.43873369041405397, 6.000000000000000000 ) ) ;
#2937 = CARTESIAN_POINT ( 'NONE',  ( -20.98934703784012612, 23.27553746443775395, 3.200000000000000178 ) ) ;
#2938 = FACE_BOUND ( 'NONE', #3044, .T. ) ;
#2939 = ORIENTED_EDGE ( 'NONE', *, *, #932, .F. ) ;
#2940 = DIRECTION ( 'NONE',  ( -0.000000000000000000, -0.000000000000000000, 1.000000000000000000 ) ) ;
#2941 = CARTESIAN_POINT ( 'NONE',  ( 26.29830476158686636, 11.44999999999907203, 2.799999999999999822 ) ) ;
#2942 = CARTESIAN_POINT ( 'NONE',  ( -19.31573948979327326, -17.02954906319525819, 5.968450208005763535 ) ) ;
#2943 = DIRECTION ( 'NONE',  ( -0.000000000000000000, -0.000000000000000000, -1.000000000000000000 ) ) ;
#2944 = CARTESIAN_POINT ( 'NONE',  ( 21.95254326381645882, -20.15254326381675298, 0.000000000000000000 ) ) ;
#2945 = ORIENTED_EDGE ( 'NONE', *, *, #2162, .T. ) ;
#2946 = LINE ( 'NONE', #1903, #1151 ) ;
#2947 = EDGE_CURVE ( 'NONE', #567, #1459, #624, .T. ) ;
#2948 = DIRECTION ( 'NONE',  ( -0.000000000000000000, -0.000000000000000000, 1.000000000000000000 ) ) ;
#2949 = PLANE ( 'NONE',  #1561 ) ;
#2950 = ORIENTED_EDGE ( 'NONE', *, *, #1183, .F. ) ;
#2951 = CIRCLE ( 'NONE', #654, 26.00000000000000355 ) ;
#2952 = CARTESIAN_POINT ( 'NONE',  ( 20.98934703783996270, -23.27553746443789251, 3.200000000000000178 ) ) ;
#2953 = ORIENTED_EDGE ( 'NONE', *, *, #3245, .T. ) ;
#2954 = LINE ( 'NONE', #528, #2574 ) ;
#2955 = CARTESIAN_POINT ( 'NONE',  ( 0.000000000000000000, 0.000000000000000000, 5.000000000000000000 ) ) ;
#2956 = APPROVAL_PERSON_ORGANIZATION ( #794, #1532, #39 ) ;
#2957 = AXIS2_PLACEMENT_3D ( 'NONE', #1076, #2071, #818 ) ;
#2958 = EDGE_CURVE ( 'NONE', #2807, #142, #2813, .T. ) ;
#2959 = ORIENTED_EDGE ( 'NONE', *, *, #208, .T. ) ;
#2960 = ORIENTED_EDGE ( 'NONE', *, *, #1147, .T. ) ;
#2961 = FACE_OUTER_BOUND ( 'NONE', #1185, .T. ) ;
#2962 = CARTESIAN_POINT ( 'NONE',  ( 27.91488551531782747, 14.24999999999907452, 2.799999999999999822 ) ) ;
#2963 = ORIENTED_EDGE ( 'NONE', *, *, #1317, .T. ) ;
#2964 = DIRECTION ( 'NONE',  ( -1.000000000000000000, 0.000000000000000000, 0.000000000000000000 ) ) ;
#2965 = VECTOR ( 'NONE', #2650, 1000.000000000000000 ) ;
#2966 = DIRECTION ( 'NONE',  ( -0.2588190451025145777, 0.9659258262890699775, 0.000000000000000000 ) ) ;
#2967 = EDGE_CURVE ( 'NONE', #2466, #3038, #1354, .T. ) ;
#2968 = VECTOR ( 'NONE', #2249, 1000.000000000000227 ) ;
#2969 = ADVANCED_FACE ( 'NONE', ( #1131 ), #2133, .F. ) ;
#2970 = ORIENTED_EDGE ( 'NONE', *, *, #986, .T. ) ;
#2971 = EDGE_LOOP ( 'NONE', ( #1745, #2264, #194, #213 ) ) ;
#2972 = LINE ( 'NONE', #436, #2356 ) ;
#2973 = CARTESIAN_POINT ( 'NONE',  ( -19.31573948979327326, -17.02954906319525819, 5.968450208005763535 ) ) ;
#2974 = CIRCLE ( 'NONE', #1943, 1.799999999999999600 ) ;
#2975 = ORIENTED_EDGE ( 'NONE', *, *, #932, .T. ) ;
#2976 = VERTEX_POINT ( 'NONE', #2729 ) ;
#2977 = EDGE_CURVE ( 'NONE', #1589, #2466, #660, .T. ) ;
#2978 = LINE ( 'NONE', #2412, #1263 ) ;
#2979 = CARTESIAN_POINT ( 'NONE',  ( 1.616580753728787512, -25.69999999999987139, 0.000000000000000000 ) ) ;
#2980 = DIRECTION ( 'NONE',  ( 0.5000000000000013323, 0.8660254037844380415, 0.000000000000000000 ) ) ;
#2981 = LINE ( 'NONE', #2648, #580 ) ;
#2982 = DIRECTION ( 'NONE',  ( -0.000000000000000000, -0.000000000000000000, -1.000000000000000000 ) ) ;
#2983 = CARTESIAN_POINT ( 'NONE',  ( 20.15254326381666772, 20.15254326381653982, 3.200000000000000178 ) ) ;
#2984 = VERTEX_POINT ( 'NONE', #2226 ) ;
#2985 = DIRECTION ( 'NONE',  ( 0.2588190451025141336, -0.9659258262890700886, 0.000000000000000000 ) ) ;
#2986 = DIRECTION ( 'NONE',  ( -0.2588190451025241812, -0.9659258262890673130, 0.000000000000000000 ) ) ;
#2987 = DIRECTION ( 'NONE',  ( -0.7071067811865529018, -0.7071067811865422437, 0.000000000000000000 ) ) ;
#2988 = ORIENTED_EDGE ( 'NONE', *, *, #2012, .F. ) ;
#2989 = DIRECTION ( 'NONE',  ( -0.7071067811865399122, 0.7071067811865551223, 0.000000000000000000 ) ) ;
#2990 = ADVANCED_FACE ( 'NONE', ( #2184, #948 ), #715, .T. ) ;
#2991 = ORIENTED_EDGE ( 'NONE', *, *, #2958, .T. ) ;
#2992 = CARTESIAN_POINT ( 'NONE',  ( 26.48172400785650282, 14.25000000000000355, 6.000000000000000000 ) ) ;
#2993 = VERTEX_POINT ( 'NONE', #453 ) ;
#2994 = DIRECTION ( 'NONE',  ( -0.4999999999999999445, 0.8660254037844387076, 0.000000000000000000 ) ) ;
#2995 = DIRECTION ( 'NONE',  ( 1.000000000000000000, 0.000000000000000000, 0.000000000000000000 ) ) ;
#2996 = ORIENTED_EDGE ( 'NONE', *, *, #745, .F. ) ;
#2997 = CARTESIAN_POINT ( 'NONE',  ( -20.98934703784012612, 23.27553746443775395, 6.000000000000000000 ) ) ;
#2998 = CARTESIAN_POINT ( 'NONE',  ( -26.29830476158902286, -11.44999999999896190, 2.799999999999999822 ) ) ;
#2999 = DIRECTION ( 'NONE',  ( -0.000000000000000000, -0.000000000000000000, 1.000000000000000000 ) ) ;
#3000 = EDGE_CURVE ( 'NONE', #842, #3014, #2033, .T. ) ;
#3001 = CYLINDRICAL_SURFACE ( 'NONE', #1141, 1.799999999999999600 ) ;
#3002 = EDGE_LOOP ( 'NONE', ( #2340, #3106, #3263, #1607, #449, #2427 ) ) ;
#3003 = CARTESIAN_POINT ( 'NONE',  ( -19.58416679350144207, 17.10147394245056773, 6.000000000000000000 ) ) ;
#3004 = AXIS2_PLACEMENT_3D ( 'NONE', #2229, #2731, #967 ) ;
#3005 = EDGE_LOOP ( 'NONE', ( #1710, #869, #501, #388, #754, #397 ) ) ;
#3006 = CARTESIAN_POINT ( 'NONE',  ( 17.10147394245043628, -19.58416679350155576, 6.000000000000000000 ) ) ;
#3007 = EDGE_LOOP ( 'NONE', ( #472, #2275, #496, #2409 ) ) ;
#3008 = DIRECTION ( 'NONE',  ( -0.000000000000000000, -0.000000000000000000, -1.000000000000000000 ) ) ;
#3009 = AXIS2_PLACEMENT_3D ( 'NONE', #2243, #1720, #981 ) ;
#3010 = ADVANCED_FACE ( 'NONE', ( #1450 ), #2166, .F. ) ;
#3011 = ORIENTED_EDGE ( 'NONE', *, *, #2012, .T. ) ;
#3012 = CARTESIAN_POINT ( 'NONE',  ( 20.98934703783996270, -23.27553746443789251, 3.200000000000000178 ) ) ;
#3013 = CIRCLE ( 'NONE', #2795, 26.00000000000000355 ) ;
#3014 = VERTEX_POINT ( 'NONE', #171 ) ;
#3015 = ORIENTED_EDGE ( 'NONE', *, *, #102, .F. ) ;
#3016 = DIRECTION ( 'NONE',  ( -0.000000000000000000, -0.000000000000000000, 1.000000000000000000 ) ) ;
#3017 = CARTESIAN_POINT ( 'NONE',  ( -21.95254326381660803, 20.15254326381660377, 0.000000000000000000 ) ) ;
#3018 = EDGE_LOOP ( 'NONE', ( #3146, #3243 ) ) ;
#3019 = EDGE_CURVE ( 'NONE', #137, #2993, #1067, .T. ) ;
#3020 = AXIS2_PLACEMENT_3D ( 'NONE', #602, #2116, #1604 ) ;
#3021 = LINE ( 'NONE', #2444, #803 ) ;
#3022 = VECTOR ( 'NONE', #3025, 1000.000000000000000 ) ;
#3023 = ORIENTED_EDGE ( 'NONE', *, *, #1991, .F. ) ;
#3024 = DIRECTION ( 'NONE',  ( -0.000000000000000000, -0.000000000000000000, -1.000000000000000000 ) ) ;
#3025 = DIRECTION ( 'NONE',  ( -0.000000000000000000, -0.000000000000000000, -1.000000000000000000 ) ) ;
#3026 = CARTESIAN_POINT ( 'NONE',  ( -1.616580753730953335, 31.30000000000000071, 2.799999999999999822 ) ) ;
#3027 = VERTEX_POINT ( 'NONE', #780 ) ;
#3028 = B_SPLINE_CURVE_WITH_KNOTS ( 'NONE', 3,
 ( #2282, #1494, #515, #2316 ),
 .UNSPECIFIED., .F., .F.,
 ( 4, 4 ),
 ( 0.000000000000000000, 0.0002796815957600179729 ),
 .UNSPECIFIED. ) ;
#3029 = EDGE_LOOP ( 'NONE', ( #2484, #742, #958, #2344 ) ) ;
#3030 = PLANE ( 'NONE',  #1107 ) ;
#3031 = LINE ( 'NONE', #2287, #2767 ) ;
#3032 = AXIS2_PLACEMENT_3D ( 'NONE', #1944, #2710, #1638 ) ;
#3033 = EDGE_CURVE ( 'NONE', #1519, #1680, #1767, .T. ) ;
#3034 = ORIENTED_EDGE ( 'NONE', *, *, #2329, .F. ) ;
#3035 = ORIENTED_EDGE ( 'NONE', *, *, #2705, .T. ) ;
#3036 = CARTESIAN_POINT ( 'NONE',  ( -24.68172400785650211, 14.25000000000000533, 2.799999999999999822 ) ) ;
#3037 = AXIS2_PLACEMENT_3D ( 'NONE', #2471, #370, #405 ) ;
#3038 = VERTEX_POINT ( 'NONE', #502 ) ;
#3039 = EDGE_CURVE ( 'NONE', #344, #910, #1829, .T. ) ;
#3040 = LINE ( 'NONE', #204, #2585 ) ;
#3041 = DIRECTION ( 'NONE',  ( -1.000000000000000000, 0.000000000000000000, 0.000000000000000000 ) ) ;
#3042 = VECTOR ( 'NONE', #1343, 1000.000000000000000 ) ;
#3043 = EDGE_CURVE ( 'NONE', #2173, #1043, #2636, .T. ) ;
#3044 = EDGE_LOOP ( 'NONE', ( #1218, #2553 ) ) ;
#3045 = VECTOR ( 'NONE', #226, 1000.000000000000000 ) ;
#3046 = ORIENTED_EDGE ( 'NONE', *, *, #774, .F. ) ;
#3047 = CARTESIAN_POINT ( 'NONE',  ( -23.06514325412711841, -17.04999999999896687, 2.799999999999999822 ) ) ;
#3048 = FACE_OUTER_BOUND ( 'NONE', #2782, .T. ) ;
#3049 = ORIENTED_EDGE ( 'NONE', *, *, #2791, .T. ) ;
#3050 = ORIENTED_EDGE ( 'NONE', *, *, #762, .F. ) ;
#3051 = CARTESIAN_POINT ( 'NONE',  ( -23.06514325412711486, -11.44999999999896190, 0.000000000000000000 ) ) ;
#3052 = EDGE_CURVE ( 'NONE', #291, #51, #356, .T. ) ;
#3053 = AXIS2_PLACEMENT_3D ( 'NONE', #2775, #1916, #1176 ) ;
#3054 = CARTESIAN_POINT ( 'NONE',  ( 27.91488551531672613, -14.25000000000085976, 2.799999999999999822 ) ) ;
#3055 = ORIENTED_EDGE ( 'NONE', *, *, #838, .F. ) ;
#3056 = CARTESIAN_POINT ( 'NONE',  ( 1.616580753728787512, -25.69999999999987139, 2.799999999999999822 ) ) ;
#3057 = EDGE_CURVE ( 'NONE', #1866, #658, #1299, .T. ) ;
#3058 = DIRECTION ( 'NONE',  ( -0.000000000000000000, -0.000000000000000000, 1.000000000000000000 ) ) ;
#3059 = ORIENTED_EDGE ( 'NONE', *, *, #2655, .T. ) ;
#3060 = EDGE_LOOP ( 'NONE', ( #2552, #1396 ) ) ;
#3061 = CARTESIAN_POINT ( 'NONE',  ( 0.000000000000000000, 0.000000000000000000, 5.000000000000000000 ) ) ;
#3062 = DIRECTION ( 'NONE',  ( 0.9659258262890699775, 0.2588190451025145777, 0.000000000000000000 ) ) ;
#3063 = DIRECTION ( 'NONE',  ( 0.000000000000000000, 0.000000000000000000, 1.000000000000000000 ) ) ;
#3064 = EDGE_CURVE ( 'NONE', #1582, #431, #1713, .T. ) ;
#3065 = AXIS2_PLACEMENT_3D ( 'NONE', #2224, #1698, #1448 ) ;
#3066 = ORIENTED_EDGE ( 'NONE', *, *, #1106, .T. ) ;
#3067 = ORIENTED_EDGE ( 'NONE', *, *, #2519, .T. ) ;
#3068 = DIRECTION ( 'NONE',  ( -0.000000000000000000, -0.000000000000000000, 1.000000000000000000 ) ) ;
#3069 = VECTOR ( 'NONE', #3140, 1000.000000000000227 ) ;
#3070 = EDGE_CURVE ( 'NONE', #1148, #282, #2077, .T. ) ;
#3071 = ORIENTED_EDGE ( 'NONE', *, *, #3070, .F. ) ;
#3072 = DIRECTION ( 'NONE',  ( -0.5000000000000003331, 0.8660254037844383745, 0.000000000000000000 ) ) ;
#3073 = LINE ( 'NONE', #779, #1581 ) ;
#3074 = ADVANCED_FACE ( 'NONE', ( #3118 ), #564, .F. ) ;
#3076 = CYLINDRICAL_SURFACE ( 'NONE', #859, 1.799999999999999600 ) ;
#3075 = AXIS2_PLACEMENT_3D ( 'NONE', #358, #2132, #1847 ) ;
#3077 = EDGE_LOOP ( 'NONE', ( #3050, #2134, #644, #883, #2307, #2013 ) ) ;
#3078 = ORIENTED_EDGE ( 'NONE', *, *, #1192, .F. ) ;
#3079 = CYLINDRICAL_SURFACE ( 'NONE', #1417, 1.800000000000002931 ) ;
#3080 = CARTESIAN_POINT ( 'NONE',  ( 20.15254326381646166, -20.15254326381675298, 3.200000000000000178 ) ) ;
#3081 = DIRECTION ( 'NONE',  ( 1.000000000000000000, 0.000000000000000000, 0.000000000000000000 ) ) ;
#3082 = DIRECTION ( 'NONE',  ( -1.000000000000000000, 1.224646799147353454E-16, 0.000000000000000000 ) ) ;
#3083 = EDGE_CURVE ( 'NONE', #1489, #228, #2098, .T. ) ;
#3084 = EDGE_LOOP ( 'NONE', ( #18, #608, #1817, #372 ) ) ;
#3085 = ORIENTED_EDGE ( 'NONE', *, *, #595, .F. ) ;
#3086 = CARTESIAN_POINT ( 'NONE',  ( -20.98934703784037126, -23.27553746443754434, 3.200000000000000178 ) ) ;
#3087 = AXIS2_PLACEMENT_3D ( 'NONE', #652, #1655, #389 ) ;
#3088 = VECTOR ( 'NONE', #1684, 1000.000000000000227 ) ;
#3089 = CYLINDRICAL_SURFACE ( 'NONE', #2420, 1.799999999999999600 ) ;
#3090 = ORIENTED_EDGE ( 'NONE', *, *, #3284, .T. ) ;
#3091 = CARTESIAN_POINT ( 'NONE',  ( 23.06514325412386412, -17.05000000000085691, 2.799999999999999822 ) ) ;
#3092 = EDGE_CURVE ( 'NONE', #2661, #2898, #3218, .T. ) ;
#3093 = ORIENTED_EDGE ( 'NONE', *, *, #1982, .T. ) ;
#3094 = CARTESIAN_POINT ( 'NONE',  ( -17.86635283721897238, 22.43873369041423871, 3.200000000000000178 ) ) ;
#3095 = CARTESIAN_POINT ( 'NONE',  ( 26.48172400785650638, -14.24999999999999467, 2.799999999999999822 ) ) ;
#3096 = DIRECTION ( 'NONE',  ( 0.5000000000000003331, -0.8660254037844383745, 0.000000000000000000 ) ) ;
#3097 = ORIENTED_EDGE ( 'NONE', *, *, #1202, .T. ) ;
#3098 = DIRECTION ( 'NONE',  ( 0.000000000000000000, 0.000000000000000000, 1.000000000000000000 ) ) ;
#3099 = CARTESIAN_POINT ( 'NONE',  ( 23.06514325412496547, 17.04999999999907700, 2.799999999999999822 ) ) ;
#3100 = LINE ( 'NONE', #2092, #720 ) ;
#3101 = DIRECTION ( 'NONE',  ( 1.000000000000000000, 0.000000000000000000, 0.000000000000000000 ) ) ;
#3102 = ORIENTED_EDGE ( 'NONE', *, *, #3043, .F. ) ;
#3103 = CARTESIAN_POINT ( 'NONE',  ( 17.02954906319551753, 19.31573948979302813, 3.200000000000000178 ) ) ;
#3104 = ADVANCED_FACE ( 'NONE', ( #2691 ), #3267, .F. ) ;
#3105 = AXIS2_PLACEMENT_3D ( 'NONE', #3054, #527, #2029 ) ;
#3106 = ORIENTED_EDGE ( 'NONE', *, *, #1215, .T. ) ;
#3107 = PLANE ( 'NONE',  #296 ) ;
#3108 = SECURITY_CLASSIFICATION_LEVEL ( 'unclassified' ) ;
#3109 = EDGE_CURVE ( 'NONE', #1738, #2661, #960, .T. ) ;
#3110 = EDGE_LOOP ( 'NONE', ( #155, #244, #3102, #2300 ) ) ;
#3111 = DIRECTION ( 'NONE',  ( 0.000000000000000000, -1.000000000000000000, 0.000000000000000000 ) ) ;
#3112 = LINE ( 'NONE', #349, #1246 ) ;
#3113 = DIRECTION ( 'NONE',  ( 1.000000000000000000, 0.000000000000000000, 0.000000000000000000 ) ) ;
#3114 = AXIS2_PLACEMENT_3D ( 'NONE', #2758, #3098, #1761 ) ;
#3115 = AXIS2_PLACEMENT_3D ( 'NONE', #3205, #1237, #1702 ) ;
#3116 = CARTESIAN_POINT ( 'NONE',  ( 20.15254326381666772, 20.15254326381653982, 0.000000000000000000 ) ) ;
#3117 = EDGE_LOOP ( 'NONE', ( #1451, #962, #357, #2247 ) ) ;
#3118 = FACE_OUTER_BOUND ( 'NONE', #2520, .T. ) ;
#3119 = EDGE_CURVE ( 'NONE', #2547, #1964, #3274, .T. ) ;
#3120 = ORIENTED_EDGE ( 'NONE', *, *, #2113, .T. ) ;
#3121 = LINE ( 'NONE', #2861, #2408 ) ;
#3122 = CARTESIAN_POINT ( 'NONE',  ( -1.616580753733118936, -25.69999999999987139, 0.000000000000000000 ) ) ;
#3123 = VECTOR ( 'NONE', #2384, 1000.000000000000000 ) ;
#3124 = AXIS2_PLACEMENT_3D ( 'NONE', #1267, #3272, #2749 ) ;
#3125 = VECTOR ( 'NONE', #2663, 1000.000000000000000 ) ;
#3126 = ORIENTED_EDGE ( 'NONE', *, *, #1093, .T. ) ;
#3127 = DIRECTION ( 'NONE',  ( -0.000000000000000000, -0.000000000000000000, -1.000000000000000000 ) ) ;
#3128 = DIRECTION ( 'NONE',  ( 0.7071067811865529018, 0.7071067811865422437, 0.000000000000000000 ) ) ;
#3129 = ADVANCED_FACE ( 'NONE', ( #3234 ), #3001, .F. ) ;
#3130 = EDGE_LOOP ( 'NONE', ( #2716, #1566, #773, #2827, #2178, #1820, #2939, #3023, #993, #2893, #1352, #2822 ) ) ;
#3131 = FACE_OUTER_BOUND ( 'NONE', #759, .T. ) ;
#3132 = CARTESIAN_POINT ( 'NONE',  ( 23.99999999999999645, 2.939152317953647500E-15, 2.000000000000000000 ) ) ;
#3133 = VECTOR ( 'NONE', #3041, 1000.000000000000000 ) ;
#3134 = CARTESIAN_POINT ( 'NONE',  ( -26.48172400785650282, 14.25000000000000533, 0.000000000000000000 ) ) ;
#3135 = ORIENTED_EDGE ( 'NONE', *, *, #1483, .F. ) ;
#3136 = CARTESIAN_POINT ( 'NONE',  ( 18.93473305508389970, -17.41055549790465662, 5.959745839338502549 ) ) ;
#3137 = AXIS2_PLACEMENT_3D ( 'NONE', #785, #492, #1287 ) ;
#3138 = CARTESIAN_POINT ( 'NONE',  ( -25.00000000000000000, 0.000000000000000000, 6.000000000000000000 ) ) ;
#3139 = ORIENTED_EDGE ( 'NONE', *, *, #1411, .T. ) ;
#3140 = DIRECTION ( 'NONE',  ( 0.5000000000000004441, 0.8660254037844382635, 0.000000000000000000 ) ) ;
#3141 = PLANE ( 'NONE',  #2869 ) ;
#3142 = EDGE_CURVE ( 'NONE', #2573, #3150, #1678, .T. ) ;
#3143 = PERSON_AND_ORGANIZATION ( #461, #1593 ) ;
#3144 = ORIENTED_EDGE ( 'NONE', *, *, #2367, .F. ) ;
#3145 = CARTESIAN_POINT ( 'NONE',  ( 19.40405747081172905, -17.05321379488670530, 5.989524552513728395 ) ) ;
#3146 = ORIENTED_EDGE ( 'NONE', *, *, #3289, .T. ) ;
#3147 = PLANE ( 'NONE',  #1557 ) ;
#3148 = EDGE_CURVE ( 'NONE', #1017, #1914, #1695, .T. ) ;
#3149 = CARTESIAN_POINT ( 'NONE',  ( 23.27553746443782501, 20.98934703784003730, 3.200000000000000178 ) ) ;
#3150 = VERTEX_POINT ( 'NONE', #1714 ) ;
#3151 = VECTOR ( 'NONE', #429, 1000.000000000000000 ) ;
#3152 = CARTESIAN_POINT ( 'NONE',  ( 17.02954906319551753, 19.31573948979302813, 5.968450208005759983 ) ) ;
#3153 = EDGE_LOOP ( 'NONE', ( #1007, #3067, #1213, #1437, #1860 ) ) ;
#3154 = CARTESIAN_POINT ( 'NONE',  ( -23.06514325412711486, -11.44999999999896190, 2.799999999999999822 ) ) ;
#3155 = CARTESIAN_POINT ( 'NONE',  ( -17.10147394245057129, 19.58416679350143497, 6.000000000000000000 ) ) ;
#3156 = ORIENTED_EDGE ( 'NONE', *, *, #292, .T. ) ;
#3157 = EDGE_CURVE ( 'NONE', #142, #186, #2048, .T. ) ;
#3158 = DIRECTION ( 'NONE',  ( 0.7071067811865529018, 0.7071067811865422437, 0.000000000000000000 ) ) ;
#3159 = VECTOR ( 'NONE', #1169, 1000.000000000000000 ) ;
#3160 = ORIENTED_EDGE ( 'NONE', *, *, #1998, .F. ) ;
#3161 = DIRECTION ( 'NONE',  ( -0.2588190451025298988, -0.9659258262890658697, 0.000000000000000000 ) ) ;
#3162 = CARTESIAN_POINT ( 'NONE',  ( -1.616580753730953335, 31.30000000000000071, 2.799999999999999822 ) ) ;
#3163 = FACE_BOUND ( 'NONE', #2020, .T. ) ;
#3164 = AXIS2_PLACEMENT_3D ( 'NONE', #293, #2653, #1382 ) ;
#3165 = DIRECTION ( 'NONE',  ( 0.4999999999999999445, -0.8660254037844387076, 0.000000000000000000 ) ) ;
#3166 = EDGE_LOOP ( 'NONE', ( #2778, #2067, #1653, #414 ) ) ;
#3167 = EDGE_CURVE ( 'NONE', #2173, #1507, #1591, .T. ) ;
#3168 = CIRCLE ( 'NONE', #1716, 23.99999999999999645 ) ;
#3169 = DIRECTION ( 'NONE',  ( -0.4999999999999993339, -0.8660254037844390407, 0.000000000000000000 ) ) ;
#3170 = ORIENTED_EDGE ( 'NONE', *, *, #1694, .F. ) ;
#3171 = DIRECTION ( 'NONE',  ( -0.7071067811865400232, 0.7071067811865550112, 0.000000000000000000 ) ) ;
#3172 = CARTESIAN_POINT ( 'NONE',  ( -1.616580753733118936, -25.69999999999987139, 2.799999999999999822 ) ) ;
#3173 = VERTEX_POINT ( 'NONE', #3186 ) ;
#3174 = CARTESIAN_POINT ( 'NONE',  ( 24.68172400785650211, 14.25000000000000355, 0.000000000000000000 ) ) ;
#3175 = FACE_OUTER_BOUND ( 'NONE', #625, .T. ) ;
#3176 = LINE ( 'NONE', #1362, #3177 ) ;
#3177 = VECTOR ( 'NONE', #817, 1000.000000000000000 ) ;
#3178 = ADVANCED_FACE ( 'NONE', ( #1341 ), #1327, .F. ) ;
#3179 = CARTESIAN_POINT ( 'NONE',  ( 1.616580753728787512, -25.69999999999987139, 2.799999999999999822 ) ) ;
#3180 = VERTEX_POINT ( 'NONE', #1386 ) ;
#3181 = DIRECTION ( 'NONE',  ( -0.4999999999999998335, -0.8660254037844387076, 0.000000000000000000 ) ) ;
#3182 = CARTESIAN_POINT ( 'NONE',  ( 24.68172400785650566, -14.24999999999999467, 0.000000000000000000 ) ) ;
#3183 = VERTEX_POINT ( 'NONE', #2406 ) ;
#3184 = CARTESIAN_POINT ( 'NONE',  ( 23.27553746443782501, 20.98934703784003730, 3.200000000000000178 ) ) ;
#3185 = VERTEX_POINT ( 'NONE', #120 ) ;
#3186 = CARTESIAN_POINT ( 'NONE',  ( -17.86635283721897238, 22.43873369041423871, 3.200000000000000178 ) ) ;
#3187 = EDGE_CURVE ( 'NONE', #2993, #312, #553, .T. ) ;
#3188 = DIRECTION ( 'NONE',  ( -0.000000000000000000, -0.000000000000000000, 1.000000000000000000 ) ) ;
#3189 = DIRECTION ( 'NONE',  ( 1.000000000000000000, 0.000000000000000000, 0.000000000000000000 ) ) ;
#3190 = EDGE_CURVE ( 'NONE', #1902, #1036, #3121, .T. ) ;
#3191 = ORIENTED_EDGE ( 'NONE', *, *, #1823, .F. ) ;
#3192 = LINE ( 'NONE', #2174, #1664 ) ;
#3193 = CARTESIAN_POINT ( 'NONE',  ( 19.31573948979314537, 17.02954906319538608, 6.000000000000000000 ) ) ;
#3194 = CARTESIAN_POINT ( 'NONE',  ( -1.616580753730951336, 25.69999999999999574, 0.000000000000000000 ) ) ;
#3195 = ORIENTED_EDGE ( 'NONE', *, *, #2715, .F. ) ;
#3196 = CARTESIAN_POINT ( 'NONE',  ( 21.95254326381645882, -20.15254326381675298, 3.200000000000000178 ) ) ;
#3197 = AXIS2_PLACEMENT_3D ( 'NONE', #875, #86, #345 ) ;
#3198 = DIRECTION ( 'NONE',  ( 0.4999999999999990008, -0.8660254037844391517, 0.000000000000000000 ) ) ;
#3199 = AXIS2_PLACEMENT_3D ( 'NONE', #2686, #671, #881 ) ;
#3200 = ORIENTED_EDGE ( 'NONE', *, *, #6, .T. ) ;
#3201 = DIRECTION ( 'NONE',  ( 0.000000000000000000, 0.000000000000000000, 1.000000000000000000 ) ) ;
#3202 = EDGE_CURVE ( 'NONE', #1964, #2547, #488, .T. ) ;
#3203 = AXIS2_PLACEMENT_3D ( 'NONE', #2618, #76, #2849 ) ;
#3204 = ORIENTED_EDGE ( 'NONE', *, *, #1586, .F. ) ;
#3205 = CARTESIAN_POINT ( 'NONE',  ( 0.000000000000000000, 0.000000000000000000, 6.000000000000000000 ) ) ;
#3206 = CARTESIAN_POINT ( 'NONE',  ( 22.88172400785650140, 14.25000000000000355, 6.000000000000000000 ) ) ;
#3207 = AXIS2_PLACEMENT_3D ( 'NONE', #638, #581, #375 ) ;
#3208 = EDGE_CURVE ( 'NONE', #473, #1066, #1249, .T. ) ;
#3209 = ORIENTED_EDGE ( 'NONE', *, *, #1080, .F. ) ;
#3210 = EDGE_LOOP ( 'NONE', ( #1560, #2094, #132, #2913, #3156, #237 ) ) ;
#3211 = DIRECTION ( 'NONE',  ( -1.000000000000000000, 0.000000000000000000, 0.000000000000000000 ) ) ;
#3212 = DIRECTION ( 'NONE',  ( -1.000000000000000000, 0.000000000000000000, 0.000000000000000000 ) ) ;
#3213 = EDGE_CURVE ( 'NONE', #326, #2431, #272, .T. ) ;
#3214 = CARTESIAN_POINT ( 'NONE',  ( -26.29830476158793928, 17.05000000000097415, 2.799999999999999822 ) ) ;
#3215 = ORIENTED_EDGE ( 'NONE', *, *, #2958, .F. ) ;
#3216 = DIRECTION ( 'NONE',  ( -0.2588190451025206285, 0.9659258262890683122, 0.000000000000000000 ) ) ;
#3217 = CARTESIAN_POINT ( 'NONE',  ( 23.06514325412496547, 17.04999999999907700, 0.000000000000000000 ) ) ;
#3218 = LINE ( 'NONE', #2441, #1865 ) ;
#3219 = CARTESIAN_POINT ( 'NONE',  ( 26.29830476158686636, 11.44999999999907203, 2.799999999999999822 ) ) ;
#3220 = ORIENTED_EDGE ( 'NONE', *, *, #555, .T. ) ;
#3221 = VECTOR ( 'NONE', #1796, 1000.000000000000000 ) ;
#3222 = EDGE_CURVE ( 'NONE', #1755, #323, #2972, .T. ) ;
#3223 = ORIENTED_EDGE ( 'NONE', *, *, #212, .T. ) ;
#3224 = DIRECTION ( 'NONE',  ( -0.9659258262890684232, 0.2588190451025203509, 0.000000000000000000 ) ) ;
#3225 = FACE_OUTER_BOUND ( 'NONE', #1108, .T. ) ;
#3226 = VECTOR ( 'NONE', #3165, 1000.000000000000000 ) ;
#3227 = EDGE_LOOP ( 'NONE', ( #331, #1922, #3282, #1081, #1260, #1179 ) ) ;
#3228 = ORIENTED_EDGE ( 'NONE', *, *, #2479, .F. ) ;
#3229 = DIRECTION ( 'NONE',  ( -0.000000000000000000, -0.000000000000000000, -1.000000000000000000 ) ) ;
#3230 = CARTESIAN_POINT ( 'NONE',  ( 27.91488551531782747, 14.24999999999907452, 0.000000000000000000 ) ) ;
#3231 = CARTESIAN_POINT ( 'NONE',  ( 19.31573948979297484, -17.02954906319558148, 3.200000000000000178 ) ) ;
#3232 = ORIENTED_EDGE ( 'NONE', *, *, #2852, .T. ) ;
#3233 = LINE ( 'NONE', #2998, #3239 ) ;
#3234 = FACE_OUTER_BOUND ( 'NONE', #3029, .T. ) ;
#3235 = VERTEX_POINT ( 'NONE', #2481 ) ;
#3236 = VERTEX_POINT ( 'NONE', #415 ) ;
#3237 = CARTESIAN_POINT ( 'NONE',  ( 22.88172400785650140, 14.25000000000000355, 2.799999999999999822 ) ) ;
#3238 = DIRECTION ( 'NONE',  ( -0.000000000000000000, -0.000000000000000000, 1.000000000000000000 ) ) ;
#3239 = VECTOR ( 'NONE', #3250, 1000.000000000000000 ) ;
#3240 = FACE_OUTER_BOUND ( 'NONE', #3130, .T. ) ;
#3241 = DIRECTION ( 'NONE',  ( 5.365409281204135312E-16, 1.000000000000000000, -0.000000000000000000 ) ) ;
#3242 = VECTOR ( 'NONE', #899, 1000.000000000000114 ) ;
#3243 = ORIENTED_EDGE ( 'NONE', *, *, #2440, .T. ) ;
#3244 = CARTESIAN_POINT ( 'NONE',  ( 22.43873369041429910, 17.86635283721888712, 6.000000000000000000 ) ) ;
#3245 = EDGE_CURVE ( 'NONE', #258, #1069, #1205, .T. ) ;
#3246 = DIRECTION ( 'NONE',  ( 0.4999999999999997224, 0.8660254037844388186, 0.000000000000000000 ) ) ;
#3247 = LINE ( 'NONE', #2738, #2433 ) ;
#3248 = EDGE_LOOP ( 'NONE', ( #198, #1515, #2073, #2613 ) ) ;
#3249 = CARTESIAN_POINT ( 'NONE',  ( -17.02954906319545714, 19.31573948979308852, 6.000000000000000000 ) ) ;
#3250 = DIRECTION ( 'NONE',  ( -0.000000000000000000, -0.000000000000000000, -1.000000000000000000 ) ) ;
#3251 = DIRECTION ( 'NONE',  ( -0.000000000000000000, -0.000000000000000000, 1.000000000000000000 ) ) ;
#3252 = CARTESIAN_POINT ( 'NONE',  ( -27.91488551531889328, 14.25000000000097167, 0.000000000000000000 ) ) ;
#3253 = ORIENTED_EDGE ( 'NONE', *, *, #2695, .F. ) ;
#3254 = ADVANCED_FACE ( 'NONE', ( #1642 ), #1221, .F. ) ;
#3255 = ORIENTED_EDGE ( 'NONE', *, *, #1631, .F. ) ;
#3256 = DIRECTION ( 'NONE',  ( 0.000000000000000000, 0.000000000000000000, 1.000000000000000000 ) ) ;
#3257 = DIRECTION ( 'NONE',  ( 0.2588190451025306760, 0.9659258262890655367, 0.000000000000000000 ) ) ;
#3258 = CARTESIAN_POINT ( 'NONE',  ( -21.95254326381681409, -20.15254326381639771, 3.200000000000000178 ) ) ;
#3259 = VERTEX_POINT ( 'NONE', #2936 ) ;
#3260 = CARTESIAN_POINT ( 'NONE',  ( -21.44856250039616441, -14.24999999999896616, 2.799999999999999822 ) ) ;
#3261 = AXIS2_PLACEMENT_3D ( 'NONE', #255, #2042, #3082 ) ;
#3262 = EDGE_CURVE ( 'NONE', #33, #854, #2678, .T. ) ;
#3263 = ORIENTED_EDGE ( 'NONE', *, *, #2426, .T. ) ;
#3264 = VERTEX_POINT ( 'NONE', #912 ) ;
#3265 = DIRECTION ( 'NONE',  ( -0.4999999999999997224, -0.8660254037844388186, 0.000000000000000000 ) ) ;
#3266 = DIRECTION ( 'NONE',  ( 1.000000000000000000, 0.000000000000000000, 0.000000000000000000 ) ) ;
#3267 = PLANE ( 'NONE',  #2734 ) ;
#3268 = ORIENTED_EDGE ( 'NONE', *, *, #1379, .F. ) ;
#3269 = DIRECTION ( 'NONE',  ( 0.4999999999999998890, -0.8660254037844387076, 0.000000000000000000 ) ) ;
#3270 = DIRECTION ( 'NONE',  ( 1.000000000000000000, -2.664535259100375697E-15, 0.000000000000000000 ) ) ;
#3271 = ORIENTED_EDGE ( 'NONE', *, *, #11, .F. ) ;
#3272 = DIRECTION ( 'NONE',  ( -0.000000000000000000, -0.000000000000000000, 1.000000000000000000 ) ) ;
#3273 = EDGE_CURVE ( 'NONE', #1914, #2821, #2954, .T. ) ;
#3274 = CIRCLE ( 'NONE', #2675, 1.799999999999999600 ) ;
#3275 = ORIENTED_EDGE ( 'NONE', *, *, #3000, .T. ) ;
#3276 = LOCAL_TIME ( 11, 20, 3.000000000000000000, #2348 ) ;
#3277 = ORIENTED_EDGE ( 'NONE', *, *, #3308, .F. ) ;
#3278 = DIRECTION ( 'NONE',  ( -0.000000000000000000, -0.000000000000000000, -1.000000000000000000 ) ) ;
#3279 = CARTESIAN_POINT ( 'NONE',  ( 23.27553746443761185, -20.98934703784027889, 3.200000000000000178 ) ) ;
#3280 = FACE_OUTER_BOUND ( 'NONE', #406, .T. ) ;
#3281 = ORIENTED_EDGE ( 'NONE', *, *, #2080, .F. ) ;
#3282 = ORIENTED_EDGE ( 'NONE', *, *, #376, .T. ) ;
#3283 = CARTESIAN_POINT ( 'NONE',  ( -22.88172400785649785, -14.25000000000001243, 0.000000000000000000 ) ) ;
#3284 = EDGE_CURVE ( 'NONE', #713, #377, #804, .T. ) ;
#3285 = DIRECTION ( 'NONE',  ( -0.000000000000000000, -0.000000000000000000, 1.000000000000000000 ) ) ;
#3286 = CARTESIAN_POINT ( 'NONE',  ( 26.48172400785650638, -14.24999999999999467, 6.000000000000000000 ) ) ;
#3287 = ORIENTED_EDGE ( 'NONE', *, *, #1524, .F. ) ;
#3288 = VECTOR ( 'NONE', #1360, 1000.000000000000114 ) ;
#3289 = EDGE_CURVE ( 'NONE', #1673, #1233, #538, .T. ) ;
#3290 = CIRCLE ( 'NONE', #3124, 1.799999999999999600 ) ;
#3291 = AXIS2_PLACEMENT_3D ( 'NONE', #1457, #3229, #2432 ) ;
#3292 = CARTESIAN_POINT ( 'NONE',  ( -22.43873369041443411, -17.86635283721874146, 6.000000000000000000 ) ) ;
#3293 = CARTESIAN_POINT ( 'NONE',  ( 23.27553746443782501, 20.98934703784003730, 6.000000000000000000 ) ) ;
#3294 = EDGE_CURVE ( 'NONE', #2418, #2362, #2093, .T. ) ;
#3295 = ORIENTED_EDGE ( 'NONE', *, *, #977, .F. ) ;
#3296 = ORIENTED_EDGE ( 'NONE', *, *, #1202, .F. ) ;
#3297 = DIRECTION ( 'NONE',  ( -0.000000000000000000, -0.000000000000000000, 1.000000000000000000 ) ) ;
#3298 = CARTESIAN_POINT ( 'NONE',  ( 19.49353775130152755, 17.07718996378221021, 6.000000000000000000 ) ) ;
#3299 = DIRECTION ( 'NONE',  ( -0.9659258262890689783, -0.2588190451025181305, 0.000000000000000000 ) ) ;
#3300 = AXIS2_PLACEMENT_3D ( 'NONE', #346, #43, #590 ) ;
#3301 = EDGE_CURVE ( 'NONE', #1658, #33, #1321, .T. ) ;
#3302 = VERTEX_POINT ( 'NONE', #1555 ) ;
#3303 = ORIENTED_EDGE ( 'NONE', *, *, #1024, .T. ) ;
#3304 = CARTESIAN_POINT ( 'NONE',  ( -20.98934703784037126, -23.27553746443754434, 3.200000000000000178 ) ) ;
#3305 = B_SPLINE_CURVE_WITH_KNOTS ( 'NONE', 3,
 ( #2454, #1156, #163, #2196, #1871, #2942 ),
 .UNSPECIFIED., .F., .F.,
 ( 4, 2, 4 ),
 ( 0.000000000000000000, 0.001616613714999438596, 0.003233227429998877193 ),
 .UNSPECIFIED. ) ;
#3306 = DIRECTION ( 'NONE',  ( 0.000000000000000000, 0.000000000000000000, -1.000000000000000000 ) ) ;
#3307 = ORIENTED_EDGE ( 'NONE', *, *, #3057, .T. ) ;
#3308 = EDGE_CURVE ( 'NONE', #195, #1902, #2591, .T. ) ;
#3309 = DIRECTION ( 'NONE',  ( 1.000000000000000000, 0.000000000000000000, 0.000000000000000000 ) ) ;
#3310 = LINE ( 'NONE', #1223, #2430 ) ;
#3311 = VECTOR ( 'NONE', #1117, 1000.000000000000000 ) ;
#3312 = ORIENTED_EDGE ( 'NONE', *, *, #67, .T. ) ;
#3313 = AXIS2_PLACEMENT_3D ( 'NONE', #3080, #15, #2022 ) ;
#3314 = VERTEX_POINT ( 'NONE', #820 ) ;
#3315 = CARTESIAN_POINT ( 'NONE',  ( 26.29830476158577568, -11.45000000000085194, 2.799999999999999822 ) ) ;
#3316 = PLANE ( 'NONE',  #2449 ) ;
#3317 = FACE_BOUND ( 'NONE', #2853, .T. ) ;
ENDSEC;
END-ISO-10303-21;
