ISO-10303-21;
HEADER;
FILE_DESCRIPTION (( 'STEP AP203' ),
    '1' );
FILE_NAME ('ÄÚ6·âÖù¸Ç.STEP',
    '2026-08-28T03:20:22',
    ( '' ),
    ( '' ),
    'SwSTEP 2.0',
    'SolidWorks 2026',
    '' );
FILE_SCHEMA (( 'CONFIG_CONTROL_DESIGN' ));
ENDSEC;

DATA;
#1 = ORIENTED_EDGE ( 'NONE', *, *, #1497, .T. ) ;
#2 = DIRECTION ( 'NONE',  ( 0.000000000000000000, 0.000000000000000000, 1.000000000000000000 ) ) ;
#3 = EDGE_CURVE ( 'NONE', #1628, #1597, #953, .T. ) ;
#4 = AXIS2_PLACEMENT_3D ( 'NONE', #1901, #1185, #2256 ) ;
#5 = LINE ( 'NONE', #1280, #110 ) ;
#6 = ORIENTED_EDGE ( 'NONE', *, *, #571, .F. ) ;
#7 = CARTESIAN_POINT ( 'NONE',  ( -1.616580753731660547, -16.79999999999948912, 2.799999999999999822 ) ) ;
#8 = CARTESIAN_POINT ( 'NONE',  ( 1.799999999999999822, 14.00000000000000000, 8.000000000000000000 ) ) ;
#9 = ORIENTED_EDGE ( 'NONE', *, *, #511, .T. ) ;
#10 = CARTESIAN_POINT ( 'NONE',  ( -1.616580753730629816, 11.20000000000037943, 0.000000000000000000 ) ) ;
#11 = ORIENTED_EDGE ( 'NONE', *, *, #442, .F. ) ;
#12 = EDGE_CURVE ( 'NONE', #1243, #838, #1839, .T. ) ;
#13 = CARTESIAN_POINT ( 'NONE',  ( -1.616580753730629816, 11.20000000000037943, 0.003384343643181124406 ) ) ;
#14 = VERTEX_POINT ( 'NONE', #1817 ) ;
#15 = DIRECTION ( 'NONE',  ( -0.000000000000000000, -0.000000000000000000, -1.000000000000000000 ) ) ;
#16 = CARTESIAN_POINT ( 'NONE',  ( -10.70560600806921769, -4.199999999999072919, 0.000000000000000000 ) ) ;
#17 = VERTEX_POINT ( 'NONE', #1465 ) ;
#18 = CARTESIAN_POINT ( 'NONE',  ( 8.891194145520254111, 6.999999999999982236, 0.003384343643193267470 ) ) ;
#19 = EDGE_LOOP ( 'NONE', ( #304, #1736, #1134, #1274, #2034 ) ) ;
#20 = ORIENTED_EDGE ( 'NONE', *, *, #1897, .F. ) ;
#21 = DIRECTION ( 'NONE',  ( -0.000000000000000000, -0.000000000000000000, -1.000000000000000000 ) ) ;
#22 = EDGE_CURVE ( 'NONE', #1197, #419, #560, .T. ) ;
#23 = ORIENTED_EDGE ( 'NONE', *, *, #600, .T. ) ;
#24 = CARTESIAN_POINT ( 'NONE',  ( 13.74093640671310723, 4.199999999999962874, 2.799999999999999822 ) ) ;
#25 = ADVANCED_FACE ( 'NONE', ( #55 ), #420, .F. ) ;
#26 = DIRECTION ( 'NONE',  ( 0.000000000000000000, 0.000000000000000000, 1.000000000000000000 ) ) ;
#27 = ORIENTED_EDGE ( 'NONE', *, *, #910, .F. ) ;
#28 = FACE_OUTER_BOUND ( 'NONE', #1085, .T. ) ;
#29 = AXIS2_PLACEMENT_3D ( 'NONE', #1019, #355, #2131 ) ;
#30 = VECTOR ( 'NONE', #1961, 1000.000000000000000 ) ;
#31 = DIRECTION ( 'NONE',  ( 1.000000000000000000, -3.755786496842892746E-15, 0.000000000000000000 ) ) ;
#32 = CIRCLE ( 'NONE', #667, 11.50000000000000000 ) ;
#33 = AXIS2_PLACEMENT_3D ( 'NONE', #1410, #940, #62 ) ;
#34 = DIRECTION ( 'NONE',  ( -0.000000000000000000, -0.000000000000000000, 1.000000000000000000 ) ) ;
#35 = AXIS2_PLACEMENT_3D ( 'NONE', #1301, #2008, #1833 ) ;
#36 = ORIENTED_EDGE ( 'NONE', *, *, #1602, .F. ) ;
#37 = LINE ( 'NONE', #376, #964 ) ;
#38 =( GEOMETRIC_REPRESENTATION_CONTEXT ( 3 ) GLOBAL_UNCERTAINTY_ASSIGNED_CONTEXT ( ( #1021 ) ) GLOBAL_UNIT_ASSIGNED_CONTEXT ( ( #450, #106, #1281 ) ) REPRESENTATION_CONTEXT ( 'NONE', 'WORKASPACE' ) );
#39 = DIRECTION ( 'NONE',  ( 1.000000000000000000, 0.000000000000000000, 0.000000000000000000 ) ) ;
#40 = EDGE_CURVE ( 'NONE', #1224, #963, #1282, .T. ) ;
#41 = VERTEX_POINT ( 'NONE', #1985 ) ;
#42 = DIRECTION ( 'NONE',  ( -0.000000000000000000, -0.000000000000000000, 1.000000000000000000 ) ) ;
#43 = CARTESIAN_POINT ( 'NONE',  ( 8.924151572610083960, -7.057083938207196816, 0.001131212904522276887 ) ) ;
#44 = ORIENTED_EDGE ( 'NONE', *, *, #923, .F. ) ;
#45 = PLANE ( 'NONE',  #177 ) ;
#46 = CARTESIAN_POINT ( 'NONE',  ( 0.000000000000000000, 0.000000000000000000, 8.000000000000000000 ) ) ;
#47 = EDGE_LOOP ( 'NONE', ( #1419, #1656, #1765, #1838 ) ) ;
#48 = DIRECTION ( 'NONE',  ( -1.000000000000000000, 0.000000000000000000, 0.000000000000000000 ) ) ;
#49 = DIRECTION ( 'NONE',  ( 0.4999999999999981126, -0.8660254037844397068, 0.000000000000000000 ) ) ;
#50 = ORIENTED_EDGE ( 'NONE', *, *, #1560, .F. ) ;
#51 = DIRECTION ( 'NONE',  ( 0.000000000000000000, 0.000000000000000000, 1.000000000000000000 ) ) ;
#52 = DIRECTION ( 'NONE',  ( -0.000000000000000000, -0.000000000000000000, -1.000000000000000000 ) ) ;
#53 = ADVANCED_FACE ( 'NONE', ( #1974, #1802 ), #1828, .F. ) ;
#54 = ORIENTED_EDGE ( 'NONE', *, *, #22, .F. ) ;
#55 = FACE_OUTER_BOUND ( 'NONE', #996, .T. ) ;
#56 = DIRECTION ( 'NONE',  ( -1.000000000000000000, 1.224646799147353454E-16, 0.000000000000000000 ) ) ;
#57 = APPLICATION_PROTOCOL_DEFINITION ( 'international standard', 'config_control_design', 1994, #2057 ) ;
#58 = VERTEX_POINT ( 'NONE', #1792 ) ;
#59 = CARTESIAN_POINT ( 'NONE',  ( -13.74093640671348027, -9.799999999999077005, 0.000000000000000000 ) ) ;
#60 = DIRECTION ( 'NONE',  ( -0.000000000000000000, 0.000000000000000000, 1.000000000000000000 ) ) ;
#61 = LINE ( 'NONE', #1105, #1621 ) ;
#62 = DIRECTION ( 'NONE',  ( 0.4999999999999982792, -0.8660254037844395958, 0.000000000000000000 ) ) ;
#63 = ORIENTED_EDGE ( 'NONE', *, *, #1375, .T. ) ;
#64 = DIRECTION ( 'NONE',  ( 0.8660254037844375974, -0.5000000000000017764, 0.000000000000000000 ) ) ;
#65 = EDGE_CURVE ( 'NONE', #1964, #390, #2174, .T. ) ;
#66 = CIRCLE ( 'NONE', #1430, 11.50000000000000000 ) ;
#67 = VECTOR ( 'NONE', #1188, 1000.000000000000000 ) ;
#68 = EDGE_CURVE ( 'NONE', #838, #584, #1618, .T. ) ;
#69 = EDGE_CURVE ( 'NONE', #1083, #664, #942, .T. ) ;
#70 = CARTESIAN_POINT ( 'NONE',  ( -10.50777489925104646, 9.800000000000860467, 0.000000000000000000 ) ) ;
#71 = AXIS2_PLACEMENT_3D ( 'NONE', #970, #2207, #646 ) ;
#72 = CYLINDRICAL_SURFACE ( 'NONE', #1561, 1.799999999999999600 ) ;
#73 = AXIS2_PLACEMENT_3D ( 'NONE', #795, #409, #56 ) ;
#74 = EDGE_LOOP ( 'NONE', ( #458, #2157 ) ) ;
#75 = DIRECTION ( 'NONE',  ( 1.000000000000000000, 0.000000000000000000, 0.000000000000000000 ) ) ;
#76 = VECTOR ( 'NONE', #2118, 1000.000000000000000 ) ;
#77 = LINE ( 'NONE', #1152, #2229 ) ;
#78 = VERTEX_POINT ( 'NONE', #744 ) ;
#79 = CARTESIAN_POINT ( 'NONE',  ( 10.32435565298211166, -7.000000000000056843, 2.799999999999999822 ) ) ;
#80 = CARTESIAN_POINT ( 'NONE',  ( 13.74093640671311611, 9.799999999999970512, 2.799999999999999822 ) ) ;
#81 = ORIENTED_EDGE ( 'NONE', *, *, #315, .T. ) ;
#82 = DIRECTION ( 'NONE',  ( -0.000000000000000000, -0.000000000000000000, -1.000000000000000000 ) ) ;
#83 = PLANE ( 'NONE',  #929 ) ;
#84 = CARTESIAN_POINT ( 'NONE',  ( 0.000000000000000000, 0.000000000000000000, 0.000000000000000000 ) ) ;
#85 = EDGE_CURVE ( 'NONE', #1527, #848, #1444, .T. ) ;
#86 = DIRECTION ( 'NONE',  ( 1.000000000000000000, -3.219245568722478032E-15, 0.000000000000000000 ) ) ;
#87 = DIRECTION ( 'NONE',  ( -2.146163712481651758E-15, -1.000000000000000000, 0.000000000000000000 ) ) ;
#88 = EDGE_LOOP ( 'NONE', ( #1307, #730, #1435, #432 ) ) ;
#89 = LINE ( 'NONE', #660, #1916 ) ;
#90 = FACE_OUTER_BOUND ( 'NONE', #1547, .T. ) ;
#91 = EDGE_LOOP ( 'NONE', ( #965, #985, #694, #1490 ) ) ;
#92 = CARTESIAN_POINT ( 'NONE',  ( -13.74093640671297045, 4.200000000000861711, 0.000000000000000000 ) ) ;
#93 = PLANE ( 'NONE',  #1773 ) ;
#94 = CALENDAR_DATE ( 2026, 28, 8 ) ;
#95 = LINE ( 'NONE', #1857, #1246 ) ;
#96 = EDGE_CURVE ( 'NONE', #1228, #2130, #218, .T. ) ;
#97 = DIRECTION ( 'NONE',  ( 0.000000000000000000, 0.000000000000000000, -1.000000000000000000 ) ) ;
#98 = ORIENTED_EDGE ( 'NONE', *, *, #2007, .T. ) ;
#99 = DIRECTION ( 'NONE',  ( -0.000000000000000000, -0.000000000000000000, 1.000000000000000000 ) ) ;
#100 = ADVANCED_FACE ( 'NONE', ( #1632 ), #45, .F. ) ;
#101 = CARTESIAN_POINT ( 'NONE',  ( 13.74093640671260452, -4.199999999999969091, 2.799999999999999822 ) ) ;
#102 = VERTEX_POINT ( 'NONE', #1688 ) ;
#103 = CYLINDRICAL_SURFACE ( 'NONE', #517, 1.799999999999999600 ) ;
#104 = VECTOR ( 'NONE', #279, 1000.000000000000000 ) ;
#105 = DIRECTION ( 'NONE',  ( -0.000000000000000000, -0.000000000000000000, 1.000000000000000000 ) ) ;
#106 =( NAMED_UNIT ( * ) PLANE_ANGLE_UNIT ( ) SI_UNIT ( $, .RADIAN. ) );
#107 = CIRCLE ( 'NONE', #736, 1.799999999999999822 ) ;
#108 = AXIS2_PLACEMENT_3D ( 'NONE', #1303, #1630, #1608 ) ;
#109 = DIRECTION ( 'NONE',  ( 0.000000000000000000, 0.000000000000000000, 1.000000000000000000 ) ) ;
#110 = VECTOR ( 'NONE', #538, 1000.000000000000000 ) ;
#111 = LINE ( 'NONE', #309, #1370 ) ;
#112 = VERTEX_POINT ( 'NONE', #986 ) ;
#113 = DIRECTION ( 'NONE',  ( -0.4999999999999972800, 0.8660254037844402619, 0.000000000000000000 ) ) ;
#114 = DIRECTION ( 'NONE',  ( -0.000000000000000000, -0.000000000000000000, -1.000000000000000000 ) ) ;
#115 = AXIS2_PLACEMENT_3D ( 'NONE', #1451, #578, #418 ) ;
#116 = EDGE_CURVE ( 'NONE', #17, #1475, #1873, .T. ) ;
#117 = CIRCLE ( 'NONE', #1851, 20.00000000000000000 ) ;
#118 = ORIENTED_EDGE ( 'NONE', *, *, #241, .T. ) ;
#119 = FACE_OUTER_BOUND ( 'NONE', #2147, .T. ) ;
#120 = ORIENTED_EDGE ( 'NONE', *, *, #1099, .T. ) ;
#121 = CARTESIAN_POINT ( 'NONE',  ( 10.50777489925119923, 4.199999999999968203, 0.003384343643193267470 ) ) ;
#122 = LINE ( 'NONE', #144, #1882 ) ;
#123 = DIRECTION ( 'NONE',  ( 0.4999999999999965028, -0.8660254037844407060, 0.000000000000000000 ) ) ;
#124 = ORIENTED_EDGE ( 'NONE', *, *, #1699, .F. ) ;
#125 = DIRECTION ( 'NONE',  ( -1.000000000000000000, 2.146163712481652153E-15, 0.000000000000000000 ) ) ;
#126 = CARTESIAN_POINT ( 'NONE',  ( 13.92435565298215749, 6.999999999999974243, 2.799999999999999822 ) ) ;
#127 = ORIENTED_EDGE ( 'NONE', *, *, #1600, .T. ) ;
#128 = FACE_BOUND ( 'NONE', #1933, .T. ) ;
#129 = ADVANCED_FACE ( 'NONE', ( #1853 ), #103, .F. ) ;
#130 = ORIENTED_EDGE ( 'NONE', *, *, #1050, .T. ) ;
#131 = CARTESIAN_POINT ( 'NONE',  ( -11.50000000000000000, 1.408343819019456176E-15, 5.000000000000000000 ) ) ;
#132 = EDGE_CURVE ( 'NONE', #2105, #2214, #1702, .T. ) ;
#133 = APPROVAL_ROLE ( '' ) ;
#134 = CARTESIAN_POINT ( 'NONE',  ( -1.616580753730617603, 16.80000000000039151, 2.799999999999999822 ) ) ;
#135 = FACE_OUTER_BOUND ( 'NONE', #1140, .T. ) ;
#136 = ORIENTED_EDGE ( 'NONE', *, *, #199, .F. ) ;
#137 = DIRECTION ( 'NONE',  ( 1.000000000000000000, -1.609622784361240594E-15, 0.000000000000000000 ) ) ;
#138 = ORIENTED_EDGE ( 'NONE', *, *, #1398, .F. ) ;
#139 = FACE_OUTER_BOUND ( 'NONE', #455, .T. ) ;
#140 = EDGE_CURVE ( 'NONE', #2203, #2073, #1803, .T. ) ;
#141 = ORIENTED_EDGE ( 'NONE', *, *, #899, .T. ) ;
#142 = CARTESIAN_POINT ( 'NONE',  ( 9.699484522385725782, 5.599999999999974776, 0.01179810715731937146 ) ) ;
#143 = EDGE_CURVE ( 'NONE', #372, #664, #1354, .T. ) ;
#144 = CARTESIAN_POINT ( 'NONE',  ( -20.00000000000000000, 0.000000000000000000, 8.000000000000000000 ) ) ;
#145 = VECTOR ( 'NONE', #406, 1000.000000000000000 ) ;
#146 = VECTOR ( 'NONE', #456, 1000.000000000000000 ) ;
#147 = CARTESIAN_POINT ( 'NONE',  ( -1.800000000000097522, -14.00000000000000000, 8.000000000000000000 ) ) ;
#148 = VERTEX_POINT ( 'NONE', #1885 ) ;
#149 = CARTESIAN_POINT ( 'NONE',  ( 1.616580753731293507, 16.80000000000038440, 2.799999999999999822 ) ) ;
#150 = CIRCLE ( 'NONE', #1067, 11.50000000000000000 ) ;
#151 = ORIENTED_EDGE ( 'NONE', *, *, #1119, .F. ) ;
#152 = CIRCLE ( 'NONE', #1701, 19.00000000000000000 ) ;
#153 = CARTESIAN_POINT ( 'NONE',  ( -10.50777489925104646, 9.800000000000860467, 2.799999999999999822 ) ) ;
#154 = AXIS2_PLACEMENT_3D ( 'NONE', #1313, #2033, #1103 ) ;
#155 = ORIENTED_EDGE ( 'NONE', *, *, #209, .F. ) ;
#156 = FACE_OUTER_BOUND ( 'NONE', #1786, .T. ) ;
#157 = APPROVAL_STATUS ( 'not_yet_approved' ) ;
#158 = DIRECTION ( 'NONE',  ( 0.000000000000000000, -0.000000000000000000, 1.000000000000000000 ) ) ;
#159 = ADVANCED_FACE ( 'NONE', ( #1176 ), #2231, .F. ) ;
#160 = VERTEX_POINT ( 'NONE', #641 ) ;
#161 = DIRECTION ( 'NONE',  ( 1.000000000000000000, 0.000000000000000000, 0.000000000000000000 ) ) ;
#162 = ORIENTED_EDGE ( 'NONE', *, *, #1726, .F. ) ;
#163 = PLANE ( 'NONE',  #1949 ) ;
#164 = ORIENTED_EDGE ( 'NONE', *, *, #2067, .T. ) ;
#165 = CARTESIAN_POINT ( 'NONE',  ( 1.616580753731293507, 16.80000000000038440, 2.799999999999999822 ) ) ;
#166 = DIRECTION ( 'NONE',  ( 0.000000000000000000, 0.000000000000000000, -1.000000000000000000 ) ) ;
#167 = ORIENTED_EDGE ( 'NONE', *, *, #269, .F. ) ;
#168 = LINE ( 'NONE', #1436, #886 ) ;
#169 = CARTESIAN_POINT ( 'NONE',  ( -13.92435565298220901, -6.999999999999886313, 0.000000000000000000 ) ) ;
#170 = ADVANCED_FACE ( 'NONE', ( #119 ), #829, .F. ) ;
#171 = ORIENTED_EDGE ( 'NONE', *, *, #1008, .F. ) ;
#172 = FACE_OUTER_BOUND ( 'NONE', #1859, .T. ) ;
#173 = ORIENTED_EDGE ( 'NONE', *, *, #994, .F. ) ;
#174 = CYLINDRICAL_SURFACE ( 'NONE', #1249, 6.500000000000000888 ) ;
#175 = DIRECTION ( 'NONE',  ( 0.000000000000000000, 0.000000000000000000, 1.000000000000000000 ) ) ;
#176 = EDGE_LOOP ( 'NONE', ( #1978, #2285, #1883, #2242 ) ) ;
#177 = AXIS2_PLACEMENT_3D ( 'NONE', #580, #1110, #1494 ) ;
#178 = CARTESIAN_POINT ( 'NONE',  ( -8.891194145520609382, -6.999999999999082512, 2.799999999999999822 ) ) ;
#179 = CIRCLE ( 'NONE', #447, 1.799999999999999822 ) ;
#180 = DIRECTION ( 'NONE',  ( -0.000000000000000000, -0.000000000000000000, -1.000000000000000000 ) ) ;
#181 = EDGE_LOOP ( 'NONE', ( #1271, #366 ) ) ;
#182 = B_SPLINE_CURVE_WITH_KNOTS ( 'NONE', 3,
 ( #898, #961, #43, #1759 ),
 .UNSPECIFIED., .F., .F.,
 ( 4, 4 ),
 ( 0.000000000000000000, 0.0001978600550846533977 ),
 .UNSPECIFIED. ) ;
#183 = CARTESIAN_POINT ( 'NONE',  ( 13.74093640671311611, 9.799999999999970512, 2.799999999999999822 ) ) ;
#184 = VECTOR ( 'NONE', #620, 1000.000000000000000 ) ;
#185 = ADVANCED_FACE ( 'NONE', ( #1344, #128 ), #2075, .T. ) ;
#186 = VECTOR ( 'NONE', #1836, 1000.000000000000227 ) ;
#187 = ORIENTED_EDGE ( 'NONE', *, *, #2041, .T. ) ;
#188 = CARTESIAN_POINT ( 'NONE',  ( 15.35751716044406834, 6.999999999999965361, 2.799999999999999822 ) ) ;
#189 = AXIS2_PLACEMENT_3D ( 'NONE', #2202, #615, #441 ) ;
#190 = ADVANCED_FACE ( 'NONE', ( #478, #1715 ), #1191, .T. ) ;
#191 = LINE ( 'NONE', #1056, #821 ) ;
#192 = ORIENTED_EDGE ( 'NONE', *, *, #1806, .T. ) ;
#193 = CARTESIAN_POINT ( 'NONE',  ( 10.50777489925069652, -4.199999999999960210, 0.003384343643210614705 ) ) ;
#194 = PLANE ( 'NONE',  #1220 ) ;
#195 = VERTEX_POINT ( 'NONE', #839 ) ;
#196 = DIRECTION ( 'NONE',  ( 0.4999999999999977796, -0.8660254037844398178, 0.000000000000000000 ) ) ;
#197 = ORIENTED_EDGE ( 'NONE', *, *, #1909, .T. ) ;
#198 = ORIENTED_EDGE ( 'NONE', *, *, #1716, .T. ) ;
#199 = EDGE_CURVE ( 'NONE', #464, #1390, #392, .T. ) ;
#200 = EDGE_CURVE ( 'NONE', #1964, #1902, #804, .T. ) ;
#201 = DIRECTION ( 'NONE',  ( 0.000000000000000000, 0.000000000000000000, 1.000000000000000000 ) ) ;
#202 = ORIENTED_EDGE ( 'NONE', *, *, #1488, .T. ) ;
#203 = LINE ( 'NONE', #1613, #1399 ) ;
#204 = CARTESIAN_POINT ( 'NONE',  ( 13.74093640671260452, -4.199999999999969091, 2.799999999999999822 ) ) ;
#205 = ORIENTED_EDGE ( 'NONE', *, *, #781, .T. ) ;
#206 = CARTESIAN_POINT ( 'NONE',  ( 0.000000000000000000, 14.00000000000000000, 2.799999999999999822 ) ) ;
#207 = CARTESIAN_POINT ( 'NONE',  ( -3.233161507461578044, 14.00000000000038902, 2.799999999999999822 ) ) ;
#208 = DIRECTION ( 'NONE',  ( 1.000000000000000000, 0.000000000000000000, 0.000000000000000000 ) ) ;
#209 = EDGE_CURVE ( 'NONE', #608, #2012, #479, .T. ) ;
#210 = ORIENTED_EDGE ( 'NONE', *, *, #132, .T. ) ;
#211 = CARTESIAN_POINT ( 'NONE',  ( 10.23834477362887085, -4.666666666666628771, 0.006218122068480625222 ) ) ;
#212 = CARTESIAN_POINT ( 'NONE',  ( 15.35751716044355319, -6.999999999999977796, 2.799999999999999822 ) ) ;
#213 = ORIENTED_EDGE ( 'NONE', *, *, #341, .F. ) ;
#214 = PLANE ( 'NONE',  #1692 ) ;
#215 = AXIS2_PLACEMENT_3D ( 'NONE', #1948, #1724, #678 ) ;
#216 = ORIENTED_EDGE ( 'NONE', *, *, #257, .T. ) ;
#217 = CIRCLE ( 'NONE', #1657, 1.799999999999999822 ) ;
#218 = LINE ( 'NONE', #931, #145 ) ;
#219 = CIRCLE ( 'NONE', #2292, 11.50000000000000000 ) ;
#220 = AXIS2_PLACEMENT_3D ( 'NONE', #1977, #175, #1066 ) ;
#221 = DIRECTION ( 'NONE',  ( -0.000000000000000000, -0.000000000000000000, 1.000000000000000000 ) ) ;
#222 = CIRCLE ( 'NONE', #1253, 1.799999999999999600 ) ;
#223 = ORIENTED_EDGE ( 'NONE', *, *, #1586, .F. ) ;
#224 = FACE_OUTER_BOUND ( 'NONE', #2282, .T. ) ;
#225 = EDGE_CURVE ( 'NONE', #396, #2251, #268, .T. ) ;
#226 = CARTESIAN_POINT ( 'NONE',  ( -1.616580753731645226, -11.19999999999947526, 0.003384343643208879981 ) ) ;
#227 = ORIENTED_EDGE ( 'NONE', *, *, #1434, .T. ) ;
#228 = CARTESIAN_POINT ( 'NONE',  ( -8.891194145520609382, -6.999999999999082512, 0.003384343643203675811 ) ) ;
#229 = CARTESIAN_POINT ( 'NONE',  ( -13.92435565298205979, 7.000000000000141220, 8.000000000000000000 ) ) ;
#230 = ORIENTED_EDGE ( 'NONE', *, *, #1921, .T. ) ;
#231 = CARTESIAN_POINT ( 'NONE',  ( 0.000000000000000000, 0.000000000000000000, 0.000000000000000000 ) ) ;
#232 = DIRECTION ( 'NONE',  ( 0.8660254037844375974, -0.5000000000000019984, 0.000000000000000000 ) ) ;
#233 = APPROVAL_ROLE ( '' ) ;
#234 = VERTEX_POINT ( 'NONE', #92 ) ;
#235 = CARTESIAN_POINT ( 'NONE',  ( 9.699484522385212415, -5.599999999999959677, 0.01179810715735095383 ) ) ;
#236 = CARTESIAN_POINT ( 'NONE',  ( -10.70560600806921769, -4.199999999999072919, 0.000000000000000000 ) ) ;
#237 = ORIENTED_EDGE ( 'NONE', *, *, #1386, .T. ) ;
#238 = CARTESIAN_POINT ( 'NONE',  ( -1.616580753730617603, 16.80000000000039151, 2.799999999999999822 ) ) ;
#239 = PLANE ( 'NONE',  #1478 ) ;
#240 = B_SPLINE_CURVE_WITH_KNOTS ( 'NONE', 3,
 ( #1889, #1542, #1168, #326, #1908 ),
 .UNSPECIFIED., .F., .F.,
 ( 4, 1, 4 ),
 ( 0.000000000000000000, 0.001616580753730955094, 0.003233161507461910188 ),
 .UNSPECIFIED. ) ;
#241 = EDGE_CURVE ( 'NONE', #825, #467, #1504, .T. ) ;
#242 = ORIENTED_EDGE ( 'NONE', *, *, #1795, .T. ) ;
#243 = DIRECTION ( 'NONE',  ( -0.000000000000000000, -0.000000000000000000, -1.000000000000000000 ) ) ;
#244 = CARTESIAN_POINT ( 'NONE',  ( -15.35751716044391735, 7.000000000000867750, 2.799999999999999822 ) ) ;
#245 = PERSON_AND_ORGANIZATION_ROLE ( 'design_supplier' ) ;
#246 = ORIENTED_EDGE ( 'NONE', *, *, #1283, .T. ) ;
#247 = DIRECTION ( 'NONE',  ( -0.000000000000000000, -0.000000000000000000, -1.000000000000000000 ) ) ;
#248 = DIRECTION ( 'NONE',  ( 0.000000000000000000, -1.000000000000000000, 0.000000000000000000 ) ) ;
#249 = ORIENTED_EDGE ( 'NONE', *, *, #241, .F. ) ;
#250 = DIRECTION ( 'NONE',  ( -0.000000000000000000, -0.000000000000000000, 1.000000000000000000 ) ) ;
#251 = CARTESIAN_POINT ( 'NONE',  ( 0.000000000000000000, 0.000000000000000000, 2.000000000000000000 ) ) ;
#252 = ORIENTED_EDGE ( 'NONE', *, *, #1625, .F. ) ;
#253 = CARTESIAN_POINT ( 'NONE',  ( 20.00000000000000000, 2.449293598294706513E-15, 8.000000000000000000 ) ) ;
#254 = ADVANCED_FACE ( 'NONE', ( #1332 ), #1157, .F. ) ;
#255 = VECTOR ( 'NONE', #693, 999.9999999999998863 ) ;
#256 = CARTESIAN_POINT ( 'NONE',  ( -8.990109699929593745, -7.171326765894287192, 0.000000000000000000 ) ) ;
#257 = EDGE_CURVE ( 'NONE', #1277, #840, #709, .T. ) ;
#258 = AXIS2_PLACEMENT_3D ( 'NONE', #2168, #1114, #1809 ) ;
#259 = CARTESIAN_POINT ( 'NONE',  ( -12.12435565298206086, 7.000000000000141220, 0.000000000000000000 ) ) ;
#260 = VECTOR ( 'NONE', #2145, 1000.000000000000000 ) ;
#261 = EDGE_LOOP ( 'NONE', ( #531, #164, #764, #2088, #2191 ) ) ;
#262 = CARTESIAN_POINT ( 'NONE',  ( -13.74093640671346783, -4.199999999999064926, 0.000000000000000000 ) ) ;
#263 = DIRECTION ( 'NONE',  ( -1.000000000000000000, 1.609622784361240594E-15, 0.000000000000000000 ) ) ;
#264 = EDGE_LOOP ( 'NONE', ( #1643, #1068, #23, #1847, #592, #227 ) ) ;
#265 = DIRECTION ( 'NONE',  ( -1.000000000000000000, 2.146163712481651758E-15, 0.000000000000000000 ) ) ;
#266 = CARTESIAN_POINT ( 'NONE',  ( -3.233161507462608331, -13.99999999999947597, 0.000000000000000000 ) ) ;
#267 = ORIENTED_EDGE ( 'NONE', *, *, #1991, .F. ) ;
#268 = LINE ( 'NONE', #976, #1031 ) ;
#269 = EDGE_CURVE ( 'NONE', #1042, #2130, #66, .T. ) ;
#270 = DIRECTION ( 'NONE',  ( 1.000000000000000000, -2.682704640602065290E-15, 0.000000000000000000 ) ) ;
#271 = DATE_AND_TIME ( #2045, #597 ) ;
#272 = ADVANCED_FACE ( 'NONE', ( #2262 ), #1232, .F. ) ;
#273 = DIRECTION ( 'NONE',  ( 0.4999999999999980016, -0.8660254037844397068, 0.000000000000000000 ) ) ;
#274 = CARTESIAN_POINT ( 'NONE',  ( -8.891194145520097791, 7.000000000000851763, 2.799999999999999822 ) ) ;
#275 = VERTEX_POINT ( 'NONE', #1748 ) ;
#276 = CARTESIAN_POINT ( 'NONE',  ( 0.000000000000000000, 0.000000000000000000, 2.000000000000000000 ) ) ;
#277 = DIRECTION ( 'NONE',  ( 0.8660254037844372643, -0.5000000000000024425, 0.000000000000000000 ) ) ;
#278 = EDGE_LOOP ( 'NONE', ( #846, #870, #2240, #1440 ) ) ;
#279 = DIRECTION ( 'NONE',  ( -1.000000000000000000, 2.146163712481651758E-15, 0.000000000000000000 ) ) ;
#280 = CARTESIAN_POINT ( 'NONE',  ( 10.50777489925069652, -4.199999999999960210, 2.799999999999999822 ) ) ;
#281 = APPROVAL_DATE_TIME ( #271, #796 ) ;
#282 = PLANE ( 'NONE',  #449 ) ;
#283 = EDGE_CURVE ( 'NONE', #1776, #2251, #1377, .T. ) ;
#284 = DIRECTION ( 'NONE',  ( -0.5000000000000023315, -0.8660254037844372643, 0.000000000000000000 ) ) ;
#285 = ORIENTED_EDGE ( 'NONE', *, *, #1424, .T. ) ;
#286 = DIRECTION ( 'NONE',  ( -1.000000000000000000, 0.000000000000000000, 0.000000000000000000 ) ) ;
#287 = CARTESIAN_POINT ( 'NONE',  ( -10.50777489925106067, 4.200000000000851053, 2.799999999999999822 ) ) ;
#288 = ORIENTED_EDGE ( 'NONE', *, *, #951, .F. ) ;
#289 = DIRECTION ( 'NONE',  ( -0.000000000000000000, -0.000000000000000000, -1.000000000000000000 ) ) ;
#290 = AXIS2_PLACEMENT_3D ( 'NONE', #231, #1481, #1086 ) ;
#291 = CARTESIAN_POINT ( 'NONE',  ( -13.74093640671295624, 9.800000000000871125, 2.799999999999999822 ) ) ;
#292 = APPROVAL_DATE_TIME ( #2099, #2194 ) ;
#293 = VECTOR ( 'NONE', #927, 1000.000000000000000 ) ;
#294 = AXIS2_PLACEMENT_3D ( 'NONE', #668, #1389, #308 ) ;
#295 = CARTESIAN_POINT ( 'NONE',  ( 12.12435565298211060, -7.000000000000056843, 2.799999999999999822 ) ) ;
#296 = VECTOR ( 'NONE', #2053, 1000.000000000000000 ) ;
#297 = DIRECTION ( 'NONE',  ( 0.000000000000000000, 0.000000000000000000, 1.000000000000000000 ) ) ;
#298 = ADVANCED_FACE ( 'NONE', ( #1053 ), #1584, .F. ) ;
#299 = ORIENTED_EDGE ( 'NONE', *, *, #2114, .T. ) ;
#300 = DIRECTION ( 'NONE',  ( -0.000000000000000000, -0.000000000000000000, -1.000000000000000000 ) ) ;
#301 = DIRECTION ( 'NONE',  ( -0.4999999999999981126, 0.8660254037844397068, 0.000000000000000000 ) ) ;
#302 = CIRCLE ( 'NONE', #189, 1.799999999999999600 ) ;
#303 = EDGE_CURVE ( 'NONE', #1242, #1277, #1394, .T. ) ;
#304 = ORIENTED_EDGE ( 'NONE', *, *, #96, .T. ) ;
#305 = DIRECTION ( 'NONE',  ( -1.000000000000000000, 2.682704640602066078E-15, 0.000000000000000000 ) ) ;
#306 = ORIENTED_EDGE ( 'NONE', *, *, #1909, .F. ) ;
#307 = DIRECTION ( 'NONE',  ( -0.8660254037844370423, 0.5000000000000027756, 0.000000000000000000 ) ) ;
#308 = DIRECTION ( 'NONE',  ( 1.000000000000000000, 0.000000000000000000, 0.000000000000000000 ) ) ;
#309 = CARTESIAN_POINT ( 'NONE',  ( -1.616580753730629816, 11.20000000000037943, 2.799999999999999822 ) ) ;
#310 = ORIENTED_EDGE ( 'NONE', *, *, #2136, .F. ) ;
#311 = LINE ( 'NONE', #1934, #1843 ) ;
#312 = ADVANCED_FACE ( 'NONE', ( #1575 ), #163, .F. ) ;
#313 = ORIENTED_EDGE ( 'NONE', *, *, #430, .T. ) ;
#314 = CARTESIAN_POINT ( 'NONE',  ( 8.990109699929085707, 7.171326765894922239, 0.000000000000000000 ) ) ;
#315 = EDGE_CURVE ( 'NONE', #58, #467, #535, .T. ) ;
#316 = ORIENTED_EDGE ( 'NONE', *, *, #1728, .T. ) ;
#317 = CARTESIAN_POINT ( 'NONE',  ( -13.74093640671295624, 9.800000000000871125, 0.000000000000000000 ) ) ;
#318 = CARTESIAN_POINT ( 'NONE',  ( -8.891194145520097791, 7.000000000000851763, 0.003384343643177654959 ) ) ;
#319 = DIRECTION ( 'NONE',  ( 1.000000000000000000, 0.000000000000000000, 0.000000000000000000 ) ) ;
#320 = ORIENTED_EDGE ( 'NONE', *, *, #426, .F. ) ;
#321 = DIRECTION ( 'NONE',  ( 0.000000000000000000, 0.000000000000000000, 1.000000000000000000 ) ) ;
#322 = VERTEX_POINT ( 'NONE', #2291 ) ;
#323 = DIRECTION ( 'NONE',  ( -0.000000000000000000, -0.000000000000000000, -1.000000000000000000 ) ) ;
#324 = ORIENTED_EDGE ( 'NONE', *, *, #1250, .F. ) ;
#325 = ADVANCED_FACE ( 'NONE', ( #139 ), #1223, .F. ) ;
#326 = CARTESIAN_POINT ( 'NONE',  ( -1.077720502486978482, 11.20000000000038476, 0.006218122068438528688 ) ) ;
#327 = ADVANCED_FACE ( 'NONE', ( #172 ), #1062, .F. ) ;
#328 = DIRECTION ( 'NONE',  ( -1.000000000000000000, 0.000000000000000000, 0.000000000000000000 ) ) ;
#329 = AXIS2_PLACEMENT_3D ( 'NONE', #794, #444, #1145 ) ;
#330 = AXIS2_PLACEMENT_3D ( 'NONE', #206, #915, #762 ) ;
#331 = VERTEX_POINT ( 'NONE', #183 ) ;
#332 = DIRECTION ( 'NONE',  ( -1.000000000000000000, 2.682704640602065684E-15, 0.000000000000000000 ) ) ;
#333 = VECTOR ( 'NONE', #15, 1000.000000000000000 ) ;
#334 = ORIENTED_EDGE ( 'NONE', *, *, #3, .T. ) ;
#335 = DIRECTION ( 'NONE',  ( -0.8660254037844401509, -0.4999999999999973910, 0.000000000000000000 ) ) ;
#336 = AXIS2_PLACEMENT_3D ( 'NONE', #1273, #97, #621 ) ;
#337 = ORIENTED_EDGE ( 'NONE', *, *, #2165, .T. ) ;
#338 = DIRECTION ( 'NONE',  ( 1.000000000000000000, 0.000000000000000000, 0.000000000000000000 ) ) ;
#339 = CARTESIAN_POINT ( 'NONE',  ( -13.92435565298205979, 7.000000000000141220, 2.799999999999999822 ) ) ;
#340 = APPLICATION_CONTEXT ( 'configuration controlled 3d designs of mechanical parts and assemblies' ) ;
#341 = EDGE_CURVE ( 'NONE', #758, #1902, #687, .T. ) ;
#342 = ORIENTED_EDGE ( 'NONE', *, *, #2007, .F. ) ;
#343 = PLANE ( 'NONE',  #2141 ) ;
#344 = FACE_OUTER_BOUND ( 'NONE', #527, .T. ) ;
#345 = VERTEX_POINT ( 'NONE', #1200 ) ;
#346 = DIRECTION ( 'NONE',  ( -0.5000000000000025535, -0.8660254037844371533, 0.000000000000000000 ) ) ;
#347 = ORIENTED_EDGE ( 'NONE', *, *, #12, .T. ) ;
#348 = PLANE ( 'NONE',  #115 ) ;
#349 = DIRECTION ( 'NONE',  ( 1.000000000000000000, 0.000000000000000000, 0.000000000000000000 ) ) ;
#350 = ORIENTED_EDGE ( 'NONE', *, *, #808, .T. ) ;
#351 = LINE ( 'NONE', #178, #255 ) ;
#352 = EDGE_CURVE ( 'NONE', #1277, #2167, #1905, .T. ) ;
#353 = LINE ( 'NONE', #1059, #1557 ) ;
#354 = ORIENTED_EDGE ( 'NONE', *, *, #68, .T. ) ;
#355 = DIRECTION ( 'NONE',  ( 0.8660254037844390407, 0.4999999999999993339, -0.000000000000000000 ) ) ;
#356 = EDGE_CURVE ( 'NONE', #102, #1298, #1240, .T. ) ;
#357 = ORIENTED_EDGE ( 'NONE', *, *, #2232, .F. ) ;
#358 = DIRECTION ( 'NONE',  ( -0.000000000000000000, -0.000000000000000000, -1.000000000000000000 ) ) ;
#359 = FACE_BOUND ( 'NONE', #1426, .T. ) ;
#360 = VERTEX_POINT ( 'NONE', #1030 ) ;
#361 = AXIS2_PLACEMENT_3D ( 'NONE', #2272, #1766, #502 ) ;
#362 = LINE ( 'NONE', #1624, #1590 ) ;
#363 = VECTOR ( 'NONE', #1800, 1000.000000000000114 ) ;
#364 = EDGE_CURVE ( 'NONE', #2173, #1458, #1734, .T. ) ;
#365 = FACE_OUTER_BOUND ( 'NONE', #2005, .T. ) ;
#366 = ORIENTED_EDGE ( 'NONE', *, *, #2153, .F. ) ;
#367 = CARTESIAN_POINT ( 'NONE',  ( -8.891194145520097791, 7.000000000000851763, 2.799999999999999822 ) ) ;
#368 = TOROIDAL_SURFACE ( 'NONE', #294, 11.50000000000000000, 5.000000000000000000 ) ;
#369 = EDGE_CURVE ( 'NONE', #1298, #758, #508, .T. ) ;
#370 = VECTOR ( 'NONE', #1983, 1000.000000000000000 ) ;
#371 = ORIENTED_EDGE ( 'NONE', *, *, #548, .F. ) ;
#372 = VERTEX_POINT ( 'NONE', #1566 ) ;
#373 = AXIS2_PLACEMENT_3D ( 'NONE', #1606, #26, #706 ) ;
#374 = CARTESIAN_POINT ( 'NONE',  ( -13.74093640671295624, 9.800000000000871125, 2.799999999999999822 ) ) ;
#375 = ORIENTED_EDGE ( 'NONE', *, *, #65, .F. ) ;
#376 = CARTESIAN_POINT ( 'NONE',  ( 15.35751716044406834, 6.999999999999965361, 0.000000000000000000 ) ) ;
#377 = DIRECTION ( 'NONE',  ( -0.000000000000000000, -0.000000000000000000, -1.000000000000000000 ) ) ;
#378 = ORIENTED_EDGE ( 'NONE', *, *, #1488, .F. ) ;
#379 = DIRECTION ( 'NONE',  ( -0.000000000000000000, -0.000000000000000000, 1.000000000000000000 ) ) ;
#380 = EDGE_LOOP ( 'NONE', ( #242, #2083 ) ) ;
#381 = DIRECTION ( 'NONE',  ( -1.000000000000000000, 0.000000000000000000, 0.000000000000000000 ) ) ;
#382 = EDGE_CURVE ( 'NONE', #1355, #677, #2152, .T. ) ;
#383 = B_SPLINE_CURVE_WITH_KNOTS ( 'NONE', 3,
 ( #2137, #878, #2129, #903, #1238 ),
 .UNSPECIFIED., .F., .F.,
 ( 4, 1, 4 ),
 ( 0.000000000000000000, 0.001616580753730955094, 0.003233161507461910188 ),
 .UNSPECIFIED. ) ;
#384 = CYLINDRICAL_SURFACE ( 'NONE', #1591, 1.799999999999999600 ) ;
#385 = ORIENTED_EDGE ( 'NONE', *, *, #1075, .T. ) ;
#386 = CARTESIAN_POINT ( 'NONE',  ( 1.715496308139890624, 11.37132676589492775, 0.000000000000000000 ) ) ;
#387 = CYLINDRICAL_SURFACE ( 'NONE', #1519, 1.799999999999999600 ) ;
#388 = EDGE_LOOP ( 'NONE', ( #2064, #1593, #1122, #1136, #118 ) ) ;
#389 = CARTESIAN_POINT ( 'NONE',  ( -9.776147748760773395E-14, -14.00000000000000000, 0.000000000000000000 ) ) ;
#390 = VERTEX_POINT ( 'NONE', #238 ) ;
#391 = ORIENTED_EDGE ( 'NONE', *, *, #69, .T. ) ;
#392 = B_SPLINE_CURVE_WITH_KNOTS ( 'NONE', 3,
 ( #459, #2040, #1540, #314 ),
 .UNSPECIFIED., .F., .F.,
 ( 4, 4 ),
 ( 0.000000000000000000, 0.0001978600550841978160 ),
 .UNSPECIFIED. ) ;
#393 = EDGE_CURVE ( 'NONE', #1862, #1924, #61, .T. ) ;
#394 = CARTESIAN_POINT ( 'NONE',  ( -8.891194145520609382, -6.999999999999082512, 2.799999999999999822 ) ) ;
#395 = ADVANCED_FACE ( 'NONE', ( #567 ), #1647, .F. ) ;
#396 = VERTEX_POINT ( 'NONE', #1074 ) ;
#397 = DIRECTION ( 'NONE',  ( 1.000000000000000000, 0.000000000000000000, 0.000000000000000000 ) ) ;
#398 = AXIS2_PLACEMENT_3D ( 'NONE', #2062, #662, #305 ) ;
#399 = DIRECTION ( 'NONE',  ( -0.4999999999999972800, 0.8660254037844402619, 0.000000000000000000 ) ) ;
#400 = ORIENTED_EDGE ( 'NONE', *, *, #85, .T. ) ;
#401 = CARTESIAN_POINT ( 'NONE',  ( -10.70560600806852136, 4.200000000000851941, 0.000000000000000000 ) ) ;
#402 = CARTESIAN_POINT ( 'NONE',  ( -3.233161507462608331, -13.99999999999947597, 0.000000000000000000 ) ) ;
#403 = CIRCLE ( 'NONE', #330, 1.799999999999999822 ) ;
#404 = ORIENTED_EDGE ( 'NONE', *, *, #1283, .F. ) ;
#405 = VECTOR ( 'NONE', #1691, 1000.000000000000227 ) ;
#406 = DIRECTION ( 'NONE',  ( -1.000000000000000000, 1.609622784361240594E-15, 0.000000000000000000 ) ) ;
#407 = AXIS2_PLACEMENT_3D ( 'NONE', #1605, #1979, #397 ) ;
#408 = VECTOR ( 'NONE', #105, 1000.000000000000000 ) ;
#409 = DIRECTION ( 'NONE',  ( 1.224646799147353207E-16, 1.000000000000000000, -0.000000000000000000 ) ) ;
#410 = APPROVAL_STATUS ( 'not_yet_approved' ) ;
#411 = VECTOR ( 'NONE', #425, 1000.000000000000000 ) ;
#412 = ORIENTED_EDGE ( 'NONE', *, *, #1784, .F. ) ;
#413 = CARTESIAN_POINT ( 'NONE',  ( 0.000000000000000000, 0.000000000000000000, 2.000000000000000000 ) ) ;
#414 = ADVANCED_FACE ( 'NONE', ( #1971 ), #214, .F. ) ;
#415 = CARTESIAN_POINT ( 'NONE',  ( 13.74093640671310723, 4.199999999999962874, 2.799999999999999822 ) ) ;
#416 = ORIENTED_EDGE ( 'NONE', *, *, #1728, .F. ) ;
#417 = DIRECTION ( 'NONE',  ( 1.000000000000000000, 0.000000000000000000, 0.000000000000000000 ) ) ;
#418 = DIRECTION ( 'NONE',  ( -0.5000000000000015543, -0.8660254037844377084, 0.000000000000000000 ) ) ;
#419 = VERTEX_POINT ( 'NONE', #2189 ) ;
#420 = PLANE ( 'NONE',  #850 ) ;
#421 = DIRECTION ( 'NONE',  ( 0.8660254037844374864, -0.5000000000000022204, 0.000000000000000000 ) ) ;
#422 = COORDINATED_UNIVERSAL_TIME_OFFSET ( 8, 0, .AHEAD. ) ;
#423 = VERTEX_POINT ( 'NONE', #367 ) ;
#424 = DIRECTION ( 'NONE',  ( 0.000000000000000000, 0.000000000000000000, 1.000000000000000000 ) ) ;
#425 = DIRECTION ( 'NONE',  ( -0.000000000000000000, -0.000000000000000000, -1.000000000000000000 ) ) ;
#426 = EDGE_CURVE ( 'NONE', #1628, #648, #1264, .T. ) ;
#427 = ORIENTED_EDGE ( 'NONE', *, *, #554, .T. ) ;
#428 = CARTESIAN_POINT ( 'NONE',  ( 1.616580753730250786, -16.79999999999949623, 2.799999999999999822 ) ) ;
#429 = DIRECTION ( 'NONE',  ( 0.000000000000000000, 0.000000000000000000, -1.000000000000000000 ) ) ;
#430 = EDGE_CURVE ( 'NONE', #1641, #882, #1825, .T. ) ;
#431 = ORIENTED_EDGE ( 'NONE', *, *, #1485, .F. ) ;
#432 = ORIENTED_EDGE ( 'NONE', *, *, #1976, .T. ) ;
#433 = CARTESIAN_POINT ( 'NONE',  ( -10.32435565298206193, 7.000000000000141220, 8.000000000000000000 ) ) ;
#434 = DATE_AND_TIME ( #1468, #2188 ) ;
#435 = B_SPLINE_CURVE_WITH_KNOTS ( 'NONE', 3,
 ( #121, #1379, #142, #698, #1706 ),
 .UNSPECIFIED., .F., .F.,
 ( 4, 1, 4 ),
 ( 0.000000000000000000, 0.001616580753730956178, 0.003233161507461912356 ),
 .UNSPECIFIED. ) ;
#436 = ORIENTED_EDGE ( 'NONE', *, *, #315, .F. ) ;
#437 = CARTESIAN_POINT ( 'NONE',  ( -15.35751716044443071, -6.999999999999066524, 2.799999999999999822 ) ) ;
#438 = DIRECTION ( 'NONE',  ( -1.000000000000000000, 2.414434176541859510E-15, 0.000000000000000000 ) ) ;
#439 = EDGE_LOOP ( 'NONE', ( #2002, #416, #63, #1984 ) ) ;
#440 = LINE ( 'NONE', #1525, #1245 ) ;
#441 = DIRECTION ( 'NONE',  ( -1.000000000000000000, 0.000000000000000000, 0.000000000000000000 ) ) ;
#442 = EDGE_CURVE ( 'NONE', #626, #14, #588, .T. ) ;
#443 = ORIENTED_EDGE ( 'NONE', *, *, #722, .T. ) ;
#444 = DIRECTION ( 'NONE',  ( 0.000000000000000000, 0.000000000000000000, 1.000000000000000000 ) ) ;
#445 = VECTOR ( 'NONE', #243, 1000.000000000000000 ) ;
#446 = EDGE_CURVE ( 'NONE', #1288, #1615, #603, .T. ) ;
#447 = AXIS2_PLACEMENT_3D ( 'NONE', #983, #2225, #1536 ) ;
#448 = CARTESIAN_POINT ( 'NONE',  ( 10.70560600806886775, 4.199999999999968203, 0.000000000000000000 ) ) ;
#449 = AXIS2_PLACEMENT_3D ( 'NONE', #1487, #1299, #86 ) ;
#450 =( LENGTH_UNIT ( ) NAMED_UNIT ( * ) SI_UNIT ( .MILLI., .METRE. ) );
#451 = CIRCLE ( 'NONE', #593, 1.000000000000000000 ) ;
#452 = DIRECTION ( 'NONE',  ( -0.000000000000000000, -0.000000000000000000, 1.000000000000000000 ) ) ;
#453 = VECTOR ( 'NONE', #1328, 1000.000000000000000 ) ;
#454 = FACE_OUTER_BOUND ( 'NONE', #1210, .T. ) ;
#455 = EDGE_LOOP ( 'NONE', ( #1704, #1032, #162, #640, #1872 ) ) ;
#456 = DIRECTION ( 'NONE',  ( -0.000000000000000000, -0.000000000000000000, 1.000000000000000000 ) ) ;
#457 = CARTESIAN_POINT ( 'NONE',  ( -3.233161507462608331, -13.99999999999947597, 2.799999999999999822 ) ) ;
#458 = ORIENTED_EDGE ( 'NONE', *, *, #1357, .F. ) ;
#459 = CARTESIAN_POINT ( 'NONE',  ( 8.891194145520254111, 6.999999999999982236, 0.003384343643193267470 ) ) ;
#460 = ADVANCED_FACE ( 'NONE', ( #1289 ), #1638, .F. ) ;
#461 = DIRECTION ( 'NONE',  ( 0.4999999999999980571, -0.8660254037844397068, 0.000000000000000000 ) ) ;
#462 = LINE ( 'NONE', #262, #1989 ) ;
#463 = CARTESIAN_POINT ( 'NONE',  ( 0.000000000000000000, 0.000000000000000000, 11.00000000000000000 ) ) ;
#464 = VERTEX_POINT ( 'NONE', #18 ) ;
#465 = CARTESIAN_POINT ( 'NONE',  ( -8.891194145520097791, 7.000000000000851763, 0.003384343643177654959 ) ) ;
#466 = CARTESIAN_POINT ( 'NONE',  ( 10.70560600806887130, -4.199999999999960210, 0.000000000000000000 ) ) ;
#467 = VERTEX_POINT ( 'NONE', #1616 ) ;
#468 = DIRECTION ( 'NONE',  ( -0.5000000000000004441, -0.8660254037844383745, 0.000000000000000000 ) ) ;
#469 = DIRECTION ( 'NONE',  ( -0.4999999999999982236, 0.8660254037844395958, 0.000000000000000000 ) ) ;
#470 = EDGE_CURVE ( 'NONE', #546, #1355, #2054, .T. ) ;
#471 = LINE ( 'NONE', #1496, #2259 ) ;
#472 = ADVANCED_FACE ( 'NONE', ( #729 ), #556, .F. ) ;
#473 = DIRECTION ( 'NONE',  ( -1.000000000000000000, 3.219245568722477637E-15, 0.000000000000000000 ) ) ;
#474 = ORIENTED_EDGE ( 'NONE', *, *, #1424, .F. ) ;
#475 = CARTESIAN_POINT ( 'NONE',  ( 0.000000000000000000, 0.000000000000000000, 2.799999999999999822 ) ) ;
#476 = CARTESIAN_POINT ( 'NONE',  ( 10.57368975343141848, -4.199999999999960210, 0.001131212904522879920 ) ) ;
#477 = ORIENTED_EDGE ( 'NONE', *, *, #1201, .T. ) ;
#478 = FACE_OUTER_BOUND ( 'NONE', #1247, .T. ) ;
#479 = CIRCLE ( 'NONE', #329, 1.799999999999999822 ) ;
#480 = ORIENTED_EDGE ( 'NONE', *, *, #596, .T. ) ;
#481 = CARTESIAN_POINT ( 'NONE',  ( 10.50777489925119923, 4.199999999999968203, 2.799999999999999822 ) ) ;
#482 = AXIS2_PLACEMENT_3D ( 'NONE', #475, #2059, #1173 ) ;
#483 = VECTOR ( 'NONE', #748, 1000.000000000000227 ) ;
#484 = CARTESIAN_POINT ( 'NONE',  ( 0.000000000000000000, 14.00000000000000000, 0.000000000000000000 ) ) ;
#485 = AXIS2_PLACEMENT_3D ( 'NONE', #1193, #2065, #873 ) ;
#486 = LINE ( 'NONE', #845, #1775 ) ;
#487 = ORIENTED_EDGE ( 'NONE', *, *, #2209, .T. ) ;
#488 = CARTESIAN_POINT ( 'NONE',  ( -1.616580753730617603, 16.80000000000039151, 2.799999999999999822 ) ) ;
#489 = EDGE_CURVE ( 'NONE', #1695, #1233, #403, .T. ) ;
#490 = CIRCLE ( 'NONE', #373, 11.50000000000000000 ) ;
#491 = AXIS2_PLACEMENT_3D ( 'NONE', #1877, #1709, #123 ) ;
#492 = EDGE_LOOP ( 'NONE', ( #1808, #2138, #1029, #98 ) ) ;
#493 = DIRECTION ( 'NONE',  ( 0.000000000000000000, 0.000000000000000000, -1.000000000000000000 ) ) ;
#494 = ORIENTED_EDGE ( 'NONE', *, *, #2165, .F. ) ;
#495 = CARTESIAN_POINT ( 'NONE',  ( -15.35751716044391735, 7.000000000000867750, 0.000000000000000000 ) ) ;
#496 = DIRECTION ( 'NONE',  ( 1.000000000000000000, -2.950975104662272647E-15, 0.000000000000000000 ) ) ;
#497 = DIRECTION ( 'NONE',  ( -0.000000000000000000, -0.000000000000000000, 1.000000000000000000 ) ) ;
#498 = ORIENTED_EDGE ( 'NONE', *, *, #980, .T. ) ;
#499 = CARTESIAN_POINT ( 'NONE',  ( -1.715496308139287107, 11.37132676589501834, 0.000000000000000000 ) ) ;
#500 = ADVANCED_FACE ( 'NONE', ( #28 ), #1999, .F. ) ;
#501 = ORIENTED_EDGE ( 'NONE', *, *, #614, .F. ) ;
#502 = DIRECTION ( 'NONE',  ( 0.5000000000000017764, 0.8660254037844377084, 0.000000000000000000 ) ) ;
#503 = EDGE_CURVE ( 'NONE', #1480, #2203, #1306, .T. ) ;
#504 = ORIENTED_EDGE ( 'NONE', *, *, #2136, .T. ) ;
#505 = LINE ( 'NONE', #1180, #296 ) ;
#506 = ORIENTED_EDGE ( 'NONE', *, *, #669, .F. ) ;
#507 = DIRECTION ( 'NONE',  ( 0.4999999999999980571, -0.8660254037844397068, 0.000000000000000000 ) ) ;
#508 = B_SPLINE_CURVE_WITH_KNOTS ( 'NONE', 3,
 ( #1385, #2095, #510, #1781 ),
 .UNSPECIFIED., .F., .F.,
 ( 4, 4 ),
 ( 0.000000000000000000, 0.0001978600550838485403 ),
 .UNSPECIFIED. ) ;
#509 = ORIENTED_EDGE ( 'NONE', *, *, #1158, .T. ) ;
#510 = CARTESIAN_POINT ( 'NONE',  ( -1.682519632291979317, 11.31420948786275105, -8.385653036953674322E-17 ) ) ;
#511 = EDGE_CURVE ( 'NONE', #2012, #608, #107, .T. ) ;
#512 = ORIENTED_EDGE ( 'NONE', *, *, #539, .T. ) ;
#513 = CARTESIAN_POINT ( 'NONE',  ( 10.50777489925119923, 4.199999999999968203, 0.003384343643193267470 ) ) ;
#514 = EDGE_CURVE ( 'NONE', #2290, #112, #179, .T. ) ;
#515 = DATE_TIME_ROLE ( 'classification_date' ) ;
#516 = DIRECTION ( 'NONE',  ( -0.000000000000000000, -0.000000000000000000, 1.000000000000000000 ) ) ;
#517 = AXIS2_PLACEMENT_3D ( 'NONE', #2052, #1517, #1863 ) ;
#518 = AXIS2_PLACEMENT_3D ( 'NONE', #532, #1382, #161 ) ;
#519 = VERTEX_POINT ( 'NONE', #1879 ) ;
#520 = CYLINDRICAL_SURFACE ( 'NONE', #2176, 20.00000000000000000 ) ;
#521 = AXIS2_PLACEMENT_3D ( 'NONE', #295, #452, #2031 ) ;
#522 = CARTESIAN_POINT ( 'NONE',  ( 12.12435565298211060, -7.000000000000056843, 2.799999999999999822 ) ) ;
#523 = ORIENTED_EDGE ( 'NONE', *, *, #1651, .T. ) ;
#524 = VECTOR ( 'NONE', #461, 1000.000000000000000 ) ;
#525 = DIRECTION ( 'NONE',  ( 0.4999999999999980016, -0.8660254037844397068, 0.000000000000000000 ) ) ;
#526 = AXIS2_PLACEMENT_3D ( 'NONE', #651, #277, #1512 ) ;
#527 = EDGE_LOOP ( 'NONE', ( #404, #1218, #828, #1583 ) ) ;
#528 = CARTESIAN_POINT ( 'NONE',  ( -1.616580753731645226, -11.19999999999947526, 2.799999999999999822 ) ) ;
#529 = EDGE_CURVE ( 'NONE', #331, #584, #2035, .T. ) ;
#530 = LINE ( 'NONE', #2090, #1845 ) ;
#531 = ORIENTED_EDGE ( 'NONE', *, *, #1078, .T. ) ;
#532 = CARTESIAN_POINT ( 'NONE',  ( 0.000000000000000000, 0.000000000000000000, 2.000000000000000000 ) ) ;
#533 = DIRECTION ( 'NONE',  ( -1.000000000000000000, 0.000000000000000000, 0.000000000000000000 ) ) ;
#534 = ORIENTED_EDGE ( 'NONE', *, *, #1975, .T. ) ;
#535 = LINE ( 'NONE', #2106, #1324 ) ;
#536 = ORIENTED_EDGE ( 'NONE', *, *, #1570, .T. ) ;
#537 = CARTESIAN_POINT ( 'NONE',  ( 15.35751716044406834, 6.999999999999965361, 2.799999999999999822 ) ) ;
#538 = DIRECTION ( 'NONE',  ( -0.000000000000000000, -0.000000000000000000, -1.000000000000000000 ) ) ;
#539 = EDGE_CURVE ( 'NONE', #622, #2163, #1006, .T. ) ;
#540 = VERTEX_POINT ( 'NONE', #1341 ) ;
#541 = CARTESIAN_POINT ( 'NONE',  ( 1.616580753731280629, 11.20000000000037232, 0.003384343643177654959 ) ) ;
#542 = EDGE_CURVE ( 'NONE', #2070, #1731, #1327, .T. ) ;
#543 = CARTESIAN_POINT ( 'NONE',  ( -3.233161507461578932, 14.00000000000038902, 0.000000000000000000 ) ) ;
#544 = ORIENTED_EDGE ( 'NONE', *, *, #1060, .T. ) ;
#545 = DIRECTION ( 'NONE',  ( -0.000000000000000000, -0.000000000000000000, -1.000000000000000000 ) ) ;
#546 = VERTEX_POINT ( 'NONE', #993 ) ;
#547 = DIRECTION ( 'NONE',  ( 1.000000000000000000, 0.000000000000000000, -0.000000000000000000 ) ) ;
#548 = EDGE_CURVE ( 'NONE', #892, #1710, #1471, .T. ) ;
#549 = EDGE_LOOP ( 'NONE', ( #948, #1096 ) ) ;
#550 = CARTESIAN_POINT ( 'NONE',  ( 23.00000000000000000, 2.816687638038912352E-15, 2.000000000000000000 ) ) ;
#551 = CIRCLE ( 'NONE', #1177, 1.799999999999999822 ) ;
#553 = DIRECTION ( 'NONE',  ( 1.000000000000000000, -2.146163712481652153E-15, 0.000000000000000000 ) ) ;
#552 = APPROVAL ( #410, 'æœª' ) ;
#554 = EDGE_CURVE ( 'NONE', #1233, #1695, #217, .T. ) ;
#555 = ORIENTED_EDGE ( 'NONE', *, *, #1035, .F. ) ;
#556 = CYLINDRICAL_SURFACE ( 'NONE', #2107, 1.799999999999999600 ) ;
#557 = AXIS2_PLACEMENT_3D ( 'NONE', #1579, #2100, #1037 ) ;
#558 = CIRCLE ( 'NONE', #1556, 11.50000000000000000 ) ;
#559 = ORIENTED_EDGE ( 'NONE', *, *, #1810, .T. ) ;
#560 = LINE ( 'NONE', #253, #628 ) ;
#561 = VECTOR ( 'NONE', #737, 1000.000000000000000 ) ;
#562 = LINE ( 'NONE', #1988, #819 ) ;
#563 = EDGE_LOOP ( 'NONE', ( #1109, #1911, #313, #536, #400, #959 ) ) ;
#564 = CARTESIAN_POINT ( 'NONE',  ( 8.891194145519731862, -6.999999999999960032, 2.799999999999999822 ) ) ;
#565 = CARTESIAN_POINT ( 'NONE',  ( -1.715496308140701753, -11.37132676589480340, 0.000000000000000000 ) ) ;
#566 = EDGE_LOOP ( 'NONE', ( #1565, #427 ) ) ;
#567 = FACE_OUTER_BOUND ( 'NONE', #1129, .T. ) ;
#568 = EDGE_CURVE ( 'NONE', #396, #1770, #89, .T. ) ;
#569 = ORIENTED_EDGE ( 'NONE', *, *, #209, .T. ) ;
#570 = DIRECTION ( 'NONE',  ( -0.4999999999999973910, 0.8660254037844400399, 0.000000000000000000 ) ) ;
#571 = EDGE_CURVE ( 'NONE', #677, #2257, #1154, .T. ) ;
#572 = DIRECTION ( 'NONE',  ( -0.000000000000000000, -0.000000000000000000, 1.000000000000000000 ) ) ;
#573 = ORIENTED_EDGE ( 'NONE', *, *, #1963, .F. ) ;
#574 = CARTESIAN_POINT ( 'NONE',  ( -10.50777489925155805, -4.199999999999073808, 2.799999999999999822 ) ) ;
#575 = PLANE ( 'NONE',  #336 ) ;
#576 = VERTEX_POINT ( 'NONE', #1696 ) ;
#577 = CARTESIAN_POINT ( 'NONE',  ( -10.63965265637385649, 4.200000000000851941, -2.282756476744465593E-16 ) ) ;
#578 = DIRECTION ( 'NONE',  ( -0.8660254037844378194, 0.5000000000000016653, 0.000000000000000000 ) ) ;
#579 = EDGE_LOOP ( 'NONE', ( #1733, #246, #2020, #173 ) ) ;
#580 = CARTESIAN_POINT ( 'NONE',  ( 10.50777489925120811, 9.799999999999982947, 2.799999999999999822 ) ) ;
#581 = CC_DESIGN_DATE_AND_TIME_ASSIGNMENT ( #1213, #515, ( #1482 ) ) ;
#582 = EDGE_CURVE ( 'NONE', #1615, #1343, #440, .T. ) ;
#583 = FACE_BOUND ( 'NONE', #1576, .T. ) ;
#584 = VERTEX_POINT ( 'NONE', #1711 ) ;
#585 = DIRECTION ( 'NONE',  ( -1.000000000000000000, 0.000000000000000000, 0.000000000000000000 ) ) ;
#586 = FACE_BOUND ( 'NONE', #1599, .T. ) ;
#587 = ORIENTED_EDGE ( 'NONE', *, *, #1237, .T. ) ;
#588 = LINE ( 'NONE', #905, #1987 ) ;
#589 = FACE_OUTER_BOUND ( 'NONE', #1443, .T. ) ;
#590 = CIRCLE ( 'NONE', #1034, 6.500000000000000888 ) ;
#591 = AXIS2_PLACEMENT_3D ( 'NONE', #1681, #424, #1507 ) ;
#592 = ORIENTED_EDGE ( 'NONE', *, *, #1866, .T. ) ;
#593 = AXIS2_PLACEMENT_3D ( 'NONE', #1467, #1505, #1855 ) ;
#594 = LINE ( 'NONE', #943, #705 ) ;
#595 = PERSON_AND_ORGANIZATION_ROLE ( 'creator' ) ;
#596 = EDGE_CURVE ( 'NONE', #540, #102, #960, .T. ) ;
#597 = LOCAL_TIME ( 11, 20, 22.00000000000000000, #1484 ) ;
#598 = ORIENTED_EDGE ( 'NONE', *, *, #1421, .F. ) ;
#599 = FACE_OUTER_BOUND ( 'NONE', #1666, .T. ) ;
#600 = EDGE_CURVE ( 'NONE', #1770, #1083, #2238, .T. ) ;
#601 = FACE_BOUND ( 'NONE', #1063, .T. ) ;
#602 = ORIENTED_EDGE ( 'NONE', *, *, #1255, .T. ) ;
#603 = LINE ( 'NONE', #1815, #293 ) ;
#604 = FACE_OUTER_BOUND ( 'NONE', #2187, .T. ) ;
#605 = ORIENTED_EDGE ( 'NONE', *, *, #685, .F. ) ;
#606 = ORIENTED_EDGE ( 'NONE', *, *, #382, .F. ) ;
#607 = CARTESIAN_POINT ( 'NONE',  ( -13.74093640671348027, -9.799999999999077005, 2.799999999999999822 ) ) ;
#608 = VERTEX_POINT ( 'NONE', #1351 ) ;
#609 = CARTESIAN_POINT ( 'NONE',  ( -13.74093640671295624, 9.800000000000871125, 2.799999999999999822 ) ) ;
#610 = ADVANCED_FACE ( 'NONE', ( #1676, #1130 ), #1835, .T. ) ;
#611 = CARTESIAN_POINT ( 'NONE',  ( -10.63965265637448709, -4.199999999999073808, 2.288216550084099712E-17 ) ) ;
#612 = ORIENTED_EDGE ( 'NONE', *, *, #754, .T. ) ;
#613 = CARTESIAN_POINT ( 'NONE',  ( -10.50777489925157049, -9.799999999999084110, 2.799999999999999822 ) ) ;
#614 = EDGE_CURVE ( 'NONE', #664, #1852, #2201, .T. ) ;
#615 = DIRECTION ( 'NONE',  ( -0.000000000000000000, -0.000000000000000000, 1.000000000000000000 ) ) ;
#616 = VERTEX_POINT ( 'NONE', #801 ) ;
#617 = CARTESIAN_POINT ( 'NONE',  ( 1.616580753730250786, -16.79999999999949623, 0.000000000000000000 ) ) ;
#618 = LINE ( 'NONE', #630, #1518 ) ;
#619 = DATE_AND_TIME ( #94, #1337 ) ;
#620 = DIRECTION ( 'NONE',  ( 0.4999999999999979461, -0.8660254037844398178, 0.000000000000000000 ) ) ;
#621 = DIRECTION ( 'NONE',  ( -1.000000000000000000, 0.000000000000000000, -0.000000000000000000 ) ) ;
#622 = VERTEX_POINT ( 'NONE', #79 ) ;
#623 = DIRECTION ( 'NONE',  ( 0.000000000000000000, 0.000000000000000000, 1.000000000000000000 ) ) ;
#624 = CARTESIAN_POINT ( 'NONE',  ( 1.077720502486614329, -11.19999999999948592, 0.006218122068486075724 ) ) ;
#625 = EDGE_CURVE ( 'NONE', #1650, #1376, #701, .T. ) ;
#626 = VERTEX_POINT ( 'NONE', #613 ) ;
#627 = DIRECTION ( 'NONE',  ( -0.000000000000000000, -0.000000000000000000, -1.000000000000000000 ) ) ;
#628 = VECTOR ( 'NONE', #1278, 1000.000000000000000 ) ;
#629 = VECTOR ( 'NONE', #300, 1000.000000000000000 ) ;
#630 = CARTESIAN_POINT ( 'NONE',  ( -13.74093640671296868, 4.200000000000859046, 0.000000000000000000 ) ) ;
#631 = AXIS2_PLACEMENT_3D ( 'NONE', #700, #866, #349 ) ;
#632 = DIRECTION ( 'NONE',  ( 1.000000000000000000, 0.000000000000000000, 0.000000000000000000 ) ) ;
#633 = CIRCLE ( 'NONE', #1181, 20.00000000000000000 ) ;
#634 = CARTESIAN_POINT ( 'NONE',  ( -1.616580753731660547, -16.79999999999948912, 2.799999999999999822 ) ) ;
#635 = VECTOR ( 'NONE', #1155, 1000.000000000000227 ) ;
#636 = FACE_OUTER_BOUND ( 'NONE', #1637, .T. ) ;
#637 = ORIENTED_EDGE ( 'NONE', *, *, #1991, .T. ) ;
#638 = CARTESIAN_POINT ( 'NONE',  ( 0.000000000000000000, 14.00000000000000000, 2.799999999999999822 ) ) ;
#639 = CARTESIAN_POINT ( 'NONE',  ( -3.233161507462608331, -13.99999999999947597, 2.799999999999999822 ) ) ;
#640 = ORIENTED_EDGE ( 'NONE', *, *, #1866, .F. ) ;
#641 = CARTESIAN_POINT ( 'NONE',  ( 1.799999999999901901, -14.00000000000000000, 8.000000000000000000 ) ) ;
#642 = EDGE_CURVE ( 'NONE', #584, #2249, #1141, .T. ) ;
#643 = CARTESIAN_POINT ( 'NONE',  ( 3.233161507462242401, 14.00000000000037481, 2.799999999999999822 ) ) ;
#644 = EDGE_CURVE ( 'NONE', #1428, #1641, #973, .T. ) ;
#645 = SHAPE_DEFINITION_REPRESENTATION ( #742, #1553 ) ;
#646 = DIRECTION ( 'NONE',  ( -0.4999999999999978906, 0.8660254037844398178, 0.000000000000000000 ) ) ;
#647 = CARTESIAN_POINT ( 'NONE',  ( -12.12435565298221007, -6.999999999999886313, 0.000000000000000000 ) ) ;
#648 = VERTEX_POINT ( 'NONE', #2049 ) ;
#649 = B_SPLINE_CURVE_WITH_KNOTS ( 'NONE', 3,
 ( #1958, #1260, #235, #211, #193 ),
 .UNSPECIFIED., .F., .F.,
 ( 4, 1, 4 ),
 ( 0.000000000000000000, 0.001616580753730955094, 0.003233161507461910188 ),
 .UNSPECIFIED. ) ;
#650 = CARTESIAN_POINT ( 'NONE',  ( 1.616580753731280629, 11.20000000000037232, 2.799999999999999822 ) ) ;
#651 = CARTESIAN_POINT ( 'NONE',  ( -8.891194145520097791, 7.000000000000851763, 2.799999999999999822 ) ) ;
#652 = EDGE_LOOP ( 'NONE', ( #2247, #512, #814, #1834 ) ) ;
#653 = DIRECTION ( 'NONE',  ( 0.000000000000000000, 0.000000000000000000, 1.000000000000000000 ) ) ;
#654 = ORIENTED_EDGE ( 'NONE', *, *, #1115, .F. ) ;
#655 = CARTESIAN_POINT ( 'NONE',  ( -10.32435565298221114, -6.999999999999886313, 0.000000000000000000 ) ) ;
#656 = EDGE_CURVE ( 'NONE', #2077, #1480, #1559, .T. ) ;
#657 = CARTESIAN_POINT ( 'NONE',  ( -8.990109699928703790, 7.171326765895400968, 0.000000000000000000 ) ) ;
#658 = CARTESIAN_POINT ( 'NONE',  ( -19.00000000000000000, 2.388061258337338939E-15, 8.000000000000000000 ) ) ;
#659 = ORIENTED_EDGE ( 'NONE', *, *, #68, .F. ) ;
#660 = CARTESIAN_POINT ( 'NONE',  ( 3.233161507461212114, -13.99999999999949374, 2.799999999999999822 ) ) ;
#661 = VERTEX_POINT ( 'NONE', #1403 ) ;
#662 = DIRECTION ( 'NONE',  ( 2.682704640602066078E-15, 1.000000000000000000, -0.000000000000000000 ) ) ;
#663 = AXIS2_PLACEMENT_3D ( 'NONE', #1097, #1965, #381 ) ;
#664 = VERTEX_POINT ( 'NONE', #1229 ) ;
#665 = LINE ( 'NONE', #2244, #857 ) ;
#666 = AXIS2_PLACEMENT_3D ( 'NONE', #791, #623, #1860 ) ;
#667 = AXIS2_PLACEMENT_3D ( 'NONE', #1844, #979, #1673 ) ;
#668 = CARTESIAN_POINT ( 'NONE',  ( 0.000000000000000000, 0.000000000000000000, 5.000000000000000000 ) ) ;
#669 = EDGE_CURVE ( 'NONE', #2173, #423, #311, .T. ) ;
#670 = VECTOR ( 'NONE', #52, 1000.000000000000000 ) ;
#671 = LINE ( 'NONE', #824, #1956 ) ;
#672 = EDGE_LOOP ( 'NONE', ( #2024, #1166, #941, #1172 ) ) ;
#673 = CYLINDRICAL_SURFACE ( 'NONE', #1365, 1.799999999999999822 ) ;
#674 = CIRCLE ( 'NONE', #1148, 1.799999999999999600 ) ;
#675 = ADVANCED_FACE ( 'NONE', ( #1594 ), #1925, .F. ) ;
#676 = AXIS2_PLACEMENT_3D ( 'NONE', #84, #1865, #769 ) ;
#677 = VERTEX_POINT ( 'NONE', #1762 ) ;
#678 = DIRECTION ( 'NONE',  ( -0.5000000000000018874, -0.8660254037844374864, 0.000000000000000000 ) ) ;
#679 = EDGE_LOOP ( 'NONE', ( #777, #888 ) ) ;
#680 = DIRECTION ( 'NONE',  ( 1.000000000000000000, 0.000000000000000000, 0.000000000000000000 ) ) ;
#681 = FACE_OUTER_BOUND ( 'NONE', #1387, .T. ) ;
#682 = ADVANCED_FACE ( 'NONE', ( #1548 ), #2117, .F. ) ;
#683 = VERTEX_POINT ( 'NONE', #2287 ) ;
#684 = DIRECTION ( 'NONE',  ( 2.682704640602065684E-15, 1.000000000000000000, -0.000000000000000000 ) ) ;
#685 = EDGE_CURVE ( 'NONE', #148, #626, #351, .T. ) ;
#686 = VERTEX_POINT ( 'NONE', #1746 ) ;
#687 = LINE ( 'NONE', #10, #1209 ) ;
#688 = ORIENTED_EDGE ( 'NONE', *, *, #364, .T. ) ;
#689 = DIRECTION ( 'NONE',  ( -0.000000000000000000, -0.000000000000000000, 1.000000000000000000 ) ) ;
#690 = COORDINATED_UNIVERSAL_TIME_OFFSET ( 8, 0, .AHEAD. ) ;
#691 = CARTESIAN_POINT ( 'NONE',  ( -10.50777489925104646, 9.800000000000860467, 0.000000000000000000 ) ) ;
#692 = EDGE_LOOP ( 'NONE', ( #371, #1634, #1749, #2271 ) ) ;
#693 = DIRECTION ( 'NONE',  ( -0.5000000000000017764, -0.8660254037844377084, 0.000000000000000000 ) ) ;
#694 = ORIENTED_EDGE ( 'NONE', *, *, #600, .F. ) ;
#695 = CARTESIAN_POINT ( 'NONE',  ( -10.50777489925106067, 4.200000000000851053, 2.799999999999999822 ) ) ;
#696 = ADVANCED_FACE ( 'NONE', ( #1391 ), #343, .F. ) ;
#697 = ORIENTED_EDGE ( 'NONE', *, *, #853, .F. ) ;
#698 = CARTESIAN_POINT ( 'NONE',  ( 9.160624271142078001, 6.533333333333315451, 0.006218122068456488280 ) ) ;
#699 = VECTOR ( 'NONE', #2003, 1000.000000000000000 ) ;
#700 = CARTESIAN_POINT ( 'NONE',  ( 12.12435565298215856, 6.999999999999974243, 8.000000000000000000 ) ) ;
#701 = CIRCLE ( 'NONE', #666, 1.799999999999999600 ) ;
#702 = VECTOR ( 'NONE', #1522, 1000.000000000000114 ) ;
#703 = ORIENTED_EDGE ( 'NONE', *, *, #625, .F. ) ;
#704 = DIRECTION ( 'NONE',  ( -0.8660254037844402619, -0.4999999999999973355, 0.000000000000000000 ) ) ;
#705 = VECTOR ( 'NONE', #270, 1000.000000000000000 ) ;
#706 = DIRECTION ( 'NONE',  ( 1.000000000000000000, 0.000000000000000000, 0.000000000000000000 ) ) ;
#707 = ORIENTED_EDGE ( 'NONE', *, *, #923, .T. ) ;
#708 = VECTOR ( 'NONE', #1000, 1000.000000000000000 ) ;
#709 = LINE ( 'NONE', #1550, #1767 ) ;
#710 = VECTOR ( 'NONE', #1936, 1000.000000000000000 ) ;
#711 = ORIENTED_EDGE ( 'NONE', *, *, #1383, .F. ) ;
#712 = EDGE_CURVE ( 'NONE', #2163, #1731, #1214, .T. ) ;
#713 = CC_DESIGN_APPROVAL ( #2194, ( #1482 ) ) ;
#714 = DIRECTION ( 'NONE',  ( 1.000000000000000000, 0.000000000000000000, 0.000000000000000000 ) ) ;
#715 = DIRECTION ( 'NONE',  ( 1.000000000000000000, 0.000000000000000000, 0.000000000000000000 ) ) ;
#716 = ORIENTED_EDGE ( 'NONE', *, *, #303, .T. ) ;
#717 = CARTESIAN_POINT ( 'NONE',  ( 1.682519632292598821, 11.31420948786268887, -2.124667196108339706E-17 ) ) ;
#718 = LINE ( 'NONE', #891, #1629 ) ;
#719 = ORIENTED_EDGE ( 'NONE', *, *, #980, .F. ) ;
#720 = DIRECTION ( 'NONE',  ( -0.4999999999999978351, 0.8660254037844399289, 0.000000000000000000 ) ) ;
#721 = ORIENTED_EDGE ( 'NONE', *, *, #1806, .F. ) ;
#722 = EDGE_CURVE ( 'NONE', #419, #1367, #1551, .T. ) ;
#723 = LINE ( 'NONE', #918, #780 ) ;
#724 = ADVANCED_FACE ( 'NONE', ( #1893 ), #673, .F. ) ;
#725 = VERTEX_POINT ( 'NONE', #868 ) ;
#726 = CYLINDRICAL_SURFACE ( 'NONE', #1805, 20.00000000000000000 ) ;
#727 = DIRECTION ( 'NONE',  ( -0.5000000000000017764, -0.8660254037844375974, 0.000000000000000000 ) ) ;
#728 = ORIENTED_EDGE ( 'NONE', *, *, #1573, .T. ) ;
#729 = FACE_OUTER_BOUND ( 'NONE', #652, .T. ) ;
#730 = ORIENTED_EDGE ( 'NONE', *, *, #1716, .F. ) ;
#731 = CARTESIAN_POINT ( 'NONE',  ( -15.35751716044391735, 7.000000000000867750, 2.799999999999999822 ) ) ;
#732 = ORIENTED_EDGE ( 'NONE', *, *, #786, .T. ) ;
#733 = VECTOR ( 'NONE', #2241, 1000.000000000000000 ) ;
#734 = DIRECTION ( 'NONE',  ( -0.000000000000000000, -0.000000000000000000, -1.000000000000000000 ) ) ;
#735 = ADVANCED_FACE ( 'NONE', ( #1722 ), #876, .F. ) ;
#736 = AXIS2_PLACEMENT_3D ( 'NONE', #752, #51, #2171 ) ;
#737 = DIRECTION ( 'NONE',  ( -0.000000000000000000, -0.000000000000000000, -1.000000000000000000 ) ) ;
#738 = VERTEX_POINT ( 'NONE', #1753 ) ;
#739 = CARTESIAN_POINT ( 'NONE',  ( -8.957133024082176931, -7.114209487861830716, -1.577983858765277475E-16 ) ) ;
#740 = EDGE_CURVE ( 'NONE', #1207, #1929, #590, .T. ) ;
#741 = AXIS2_PLACEMENT_3D ( 'NONE', #484, #516, #1216 ) ;
#742 = PRODUCT_DEFINITION_SHAPE ( 'NONE', 'NONE',  #1942 ) ;
#743 = ORIENTED_EDGE ( 'NONE', *, *, #1456, .T. ) ;
#744 = CARTESIAN_POINT ( 'NONE',  ( -8.990109699928703790, 7.171326765895400968, 0.000000000000000000 ) ) ;
#745 = AXIS2_PLACEMENT_3D ( 'NONE', #522, #1945, #533 ) ;
#746 = FACE_BOUND ( 'NONE', #1678, .T. ) ;
#747 = ORIENTED_EDGE ( 'NONE', *, *, #1329, .F. ) ;
#748 = DIRECTION ( 'NONE',  ( 0.5000000000000003331, 0.8660254037844383745, 0.000000000000000000 ) ) ;
#749 = CC_DESIGN_DATE_AND_TIME_ASSIGNMENT ( #619, #1521, ( #1942 ) ) ;
#750 = DIRECTION ( 'NONE',  ( -2.146163712481652153E-15, -1.000000000000000000, 0.000000000000000000 ) ) ;
#751 = ORIENTED_EDGE ( 'NONE', *, *, #1894, .F. ) ;
#752 = CARTESIAN_POINT ( 'NONE',  ( 0.000000000000000000, 14.00000000000000000, 8.000000000000000000 ) ) ;
#753 = PLANE ( 'NONE',  #1001 ) ;
#754 = EDGE_CURVE ( 'NONE', #2290, #160, #1374, .T. ) ;
#755 = EDGE_LOOP ( 'NONE', ( #285, #1156, #1649, #1530 ) ) ;
#756 = CARTESIAN_POINT ( 'NONE',  ( 10.50777489925120811, 9.799999999999982947, 0.000000000000000000 ) ) ;
#757 = DIRECTION ( 'NONE',  ( -0.000000000000000000, -0.000000000000000000, -1.000000000000000000 ) ) ;
#758 = VERTEX_POINT ( 'NONE', #499 ) ;
#759 = DIRECTION ( 'NONE',  ( 0.000000000000000000, 0.000000000000000000, 1.000000000000000000 ) ) ;
#760 = PLANE ( 'NONE',  #1292 ) ;
#761 = ORIENTED_EDGE ( 'NONE', *, *, #1514, .T. ) ;
#762 = DIRECTION ( 'NONE',  ( -1.000000000000000000, 0.000000000000000000, 0.000000000000000000 ) ) ;
#763 = LINE ( 'NONE', #402, #2293 ) ;
#764 = ORIENTED_EDGE ( 'NONE', *, *, #1241, .F. ) ;
#765 = CARTESIAN_POINT ( 'NONE',  ( 10.50777489925120811, 9.799999999999982947, 2.799999999999999822 ) ) ;
#766 = ADVANCED_FACE ( 'NONE', ( #1198 ), #2071, .F. ) ;
#767 = CARTESIAN_POINT ( 'NONE',  ( 15.35751716044406834, 6.999999999999965361, 2.799999999999999822 ) ) ;
#768 = ADVANCED_FACE ( 'NONE', ( #860 ), #520, .T. ) ;
#769 = DIRECTION ( 'NONE',  ( 1.000000000000000000, 0.000000000000000000, 0.000000000000000000 ) ) ;
#770 = ORIENTED_EDGE ( 'NONE', *, *, #1763, .T. ) ;
#771 = CARTESIAN_POINT ( 'NONE',  ( -15.35751716044443071, -6.999999999999066524, 0.000000000000000000 ) ) ;
#772 = CARTESIAN_POINT ( 'NONE',  ( 1.616580753730264775, -11.19999999999948415, 2.799999999999999822 ) ) ;
#773 = ORIENTED_EDGE ( 'NONE', *, *, #1653, .F. ) ;
#774 = CARTESIAN_POINT ( 'NONE',  ( 15.35751716044355319, -6.999999999999977796, 2.799999999999999822 ) ) ;
#775 = LINE ( 'NONE', #2111, #1664 ) ;
#776 = AXIS2_PLACEMENT_3D ( 'NONE', #389, #42, #1095 ) ;
#777 = ORIENTED_EDGE ( 'NONE', *, *, #1586, .T. ) ;
#778 = CIRCLE ( 'NONE', #1215, 19.00000000000000000 ) ;
#779 = ORIENTED_EDGE ( 'NONE', *, *, #1357, .T. ) ;
#780 = VECTOR ( 'NONE', #221, 1000.000000000000000 ) ;
#781 = EDGE_CURVE ( 'NONE', #1224, #1650, #168, .T. ) ;
#782 = CIRCLE ( 'NONE', #2076, 11.50000000000000000 ) ;
#783 = CARTESIAN_POINT ( 'NONE',  ( 10.50777489925119923, 4.199999999999968203, 0.003384343643193267470 ) ) ;
#784 = FACE_OUTER_BOUND ( 'NONE', #692, .T. ) ;
#785 = CC_DESIGN_SECURITY_CLASSIFICATION ( #1482, ( #1184 ) ) ;
#786 = EDGE_CURVE ( 'NONE', #2164, #160, #551, .T. ) ;
#787 = ORIENTED_EDGE ( 'NONE', *, *, #341, .T. ) ;
#788 = CARTESIAN_POINT ( 'NONE',  ( 1.616580753731293507, 16.80000000000038440, 2.799999999999999822 ) ) ;
#789 = CARTESIAN_POINT ( 'NONE',  ( -1.715496308140701753, -11.37132676589480340, 0.000000000000000000 ) ) ;
#790 = EDGE_LOOP ( 'NONE', ( #1263, #1869, #2094, #9 ) ) ;
#791 = CARTESIAN_POINT ( 'NONE',  ( -12.12435565298206086, 7.000000000000141220, 8.000000000000000000 ) ) ;
#792 = LINE ( 'NONE', #1492, #861 ) ;
#793 = ORIENTED_EDGE ( 'NONE', *, *, #1466, .F. ) ;
#794 = CARTESIAN_POINT ( 'NONE',  ( 0.000000000000000000, 14.00000000000000000, 8.000000000000000000 ) ) ;
#795 = CARTESIAN_POINT ( 'NONE',  ( -19.00000000000000000, 2.326828918379970970E-15, 7.000000000000000000 ) ) ;
#796 = APPROVAL ( #1671, 'æœª' ) ;
#797 = DIRECTION ( 'NONE',  ( 1.000000000000000000, 0.000000000000000000, 0.000000000000000000 ) ) ;
#798 = ADVANCED_FACE ( 'NONE', ( #1101 ), #1644, .T. ) ;
#799 = DIRECTION ( 'NONE',  ( 1.000000000000000000, -2.146163712481651758E-15, 0.000000000000000000 ) ) ;
#800 = ORIENTED_EDGE ( 'NONE', *, *, #1170, .F. ) ;
#801 = CARTESIAN_POINT ( 'NONE',  ( 6.500000000000000888, 7.960204194457796463E-16, 5.000000000000000000 ) ) ;
#802 = CARTESIAN_POINT ( 'NONE',  ( -10.50777489925104646, 9.800000000000860467, 2.799999999999999822 ) ) ;
#803 = EDGE_LOOP ( 'NONE', ( #202, #2154, #1100, #2230, #1675 ) ) ;
#804 = LINE ( 'NONE', #1667, #1469 ) ;
#805 = DIRECTION ( 'NONE',  ( 2.950975104662273041E-15, 1.000000000000000000, -0.000000000000000000 ) ) ;
#806 = LINE ( 'NONE', #2221, #184 ) ;
#807 = LINE ( 'NONE', #1116, #1922 ) ;
#808 = EDGE_CURVE ( 'NONE', #661, #576, #649, .T. ) ;
#809 = ORIENTED_EDGE ( 'NONE', *, *, #1600, .F. ) ;
#810 = CARTESIAN_POINT ( 'NONE',  ( 13.74093640671311611, 9.799999999999970512, 0.000000000000000000 ) ) ;
#811 = DIRECTION ( 'NONE',  ( 0.8660254037844397068, 0.4999999999999981126, -0.000000000000000000 ) ) ;
#812 = VECTOR ( 'NONE', #863, 1000.000000000000000 ) ;
#813 = ADVANCED_FACE ( 'NONE', ( #1415 ), #726, .T. ) ;
#814 = ORIENTED_EDGE ( 'NONE', *, *, #712, .T. ) ;
#815 = CARTESIAN_POINT ( 'NONE',  ( 10.50777489925069652, -4.199999999999960210, 0.000000000000000000 ) ) ;
#816 = VECTOR ( 'NONE', #1208, 1000.000000000000114 ) ;
#817 = VECTOR ( 'NONE', #99, 1000.000000000000000 ) ;
#818 = CARTESIAN_POINT ( 'NONE',  ( -1.616580753730617603, 16.80000000000039151, 0.000000000000000000 ) ) ;
#819 = VECTOR ( 'NONE', #21, 1000.000000000000000 ) ;
#820 = PERSON_AND_ORGANIZATION ( #897, #1668 ) ;
#821 = VECTOR ( 'NONE', #1079, 999.9999999999998863 ) ;
#822 = LINE ( 'NONE', #609, #2222 ) ;
#823 = CIRCLE ( 'NONE', #932, 6.500000000000000888 ) ;
#824 = CARTESIAN_POINT ( 'NONE',  ( 13.74093640671258854, -9.799999999999981171, 0.000000000000000000 ) ) ;
#825 = VERTEX_POINT ( 'NONE', #1447 ) ;
#826 = DIRECTION ( 'NONE',  ( -0.5000000000000017764, -0.8660254037844375974, 0.000000000000000000 ) ) ;
#827 = CARTESIAN_POINT ( 'NONE',  ( 10.63965265637396662, -4.199999999999961098, 5.719900740032136401E-17 ) ) ;
#828 = ORIENTED_EDGE ( 'NONE', *, *, #994, .T. ) ;
#829 = PLANE ( 'NONE',  #2029 ) ;
#830 = EDGE_CURVE ( 'NONE', #1376, #1650, #1143, .T. ) ;
#831 = ORIENTED_EDGE ( 'NONE', *, *, #2243, .F. ) ;
#832 = DIRECTION ( 'NONE',  ( -0.000000000000000000, -0.000000000000000000, -1.000000000000000000 ) ) ;
#833 = LINE ( 'NONE', #1533, #1036 ) ;
#834 = CARTESIAN_POINT ( 'NONE',  ( -13.74093640671348027, -9.799999999999077005, 0.000000000000000000 ) ) ;
#835 = ORIENTED_EDGE ( 'NONE', *, *, #712, .F. ) ;
#836 = CARTESIAN_POINT ( 'NONE',  ( 13.92435565298211131, -7.000000000000056843, 0.000000000000000000 ) ) ;
#837 = FACE_OUTER_BOUND ( 'NONE', #1446, .T. ) ;
#838 = VERTEX_POINT ( 'NONE', #2158 ) ;
#839 = CARTESIAN_POINT ( 'NONE',  ( 19.00000000000000000, 0.000000000000000000, 8.000000000000000000 ) ) ;
#840 = VERTEX_POINT ( 'NONE', #574 ) ;
#841 = EDGE_CURVE ( 'NONE', #2200, #195, #778, .T. ) ;
#842 = DIRECTION ( 'NONE',  ( -0.000000000000000000, -0.000000000000000000, 1.000000000000000000 ) ) ;
#843 = EDGE_CURVE ( 'NONE', #1929, #1207, #1473, .T. ) ;
#844 = CARTESIAN_POINT ( 'NONE',  ( 10.50777489925069652, -4.199999999999960210, 2.799999999999999822 ) ) ;
#845 = CARTESIAN_POINT ( 'NONE',  ( 1.616580753730250786, -16.79999999999949623, 2.799999999999999822 ) ) ;
#846 = ORIENTED_EDGE ( 'NONE', *, *, #642, .T. ) ;
#847 = CARTESIAN_POINT ( 'NONE',  ( -10.23834477362923323, 4.666666666667519614, 0.006218122068443646989 ) ) ;
#848 = VERTEX_POINT ( 'NONE', #564 ) ;
#849 = CARTESIAN_POINT ( 'NONE',  ( -1.616580753730629816, 11.20000000000037943, 2.799999999999999822 ) ) ;
#850 = AXIS2_PLACEMENT_3D ( 'NONE', #1429, #64, #1257 ) ;
#851 = ORIENTED_EDGE ( 'NONE', *, *, #2253, .F. ) ;
#852 = LINE ( 'NONE', #165, #1291 ) ;
#853 = EDGE_CURVE ( 'NONE', #1862, #1480, #1821, .T. ) ;
#854 = VECTOR ( 'NONE', #166, 1000.000000000000000 ) ;
#855 = DIRECTION ( 'NONE',  ( 0.000000000000000000, 0.000000000000000000, -1.000000000000000000 ) ) ;
#856 = EDGE_CURVE ( 'NONE', #1563, #683, #2219, .T. ) ;
#857 = VECTOR ( 'NONE', #469, 1000.000000000000227 ) ;
#858 = CARTESIAN_POINT ( 'NONE',  ( 10.32435565298211166, -7.000000000000056843, 8.000000000000000000 ) ) ;
#859 = ORIENTED_EDGE ( 'NONE', *, *, #470, .T. ) ;
#860 = FACE_OUTER_BOUND ( 'NONE', #1179, .T. ) ;
#861 = VECTOR ( 'NONE', #1007, 1000.000000000000000 ) ;
#862 = ORIENTED_EDGE ( 'NONE', *, *, #1241, .T. ) ;
#863 = DIRECTION ( 'NONE',  ( -0.000000000000000000, -0.000000000000000000, -1.000000000000000000 ) ) ;
#864 = ORIENTED_EDGE ( 'NONE', *, *, #393, .T. ) ;
#865 = DIRECTION ( 'NONE',  ( -0.000000000000000000, -0.000000000000000000, -1.000000000000000000 ) ) ;
#866 = DIRECTION ( 'NONE',  ( 0.000000000000000000, 0.000000000000000000, 1.000000000000000000 ) ) ;
#867 = ORIENTED_EDGE ( 'NONE', *, *, #426, .T. ) ;
#868 = CARTESIAN_POINT ( 'NONE',  ( 10.32435565298215785, 6.999999999999974243, 8.000000000000000000 ) ) ;
#869 = EDGE_CURVE ( 'NONE', #1464, #1228, #1236, .T. ) ;
#870 = ORIENTED_EDGE ( 'NONE', *, *, #2209, .F. ) ;
#871 = DIRECTION ( 'NONE',  ( 0.4999999999999973910, -0.8660254037844401509, 0.000000000000000000 ) ) ;
#872 = ORIENTED_EDGE ( 'NONE', *, *, #22, .T. ) ;
#873 = DIRECTION ( 'NONE',  ( 1.000000000000000000, 0.000000000000000000, 0.000000000000000000 ) ) ;
#874 = DIRECTION ( 'NONE',  ( -1.000000000000000000, 0.000000000000000000, 0.000000000000000000 ) ) ;
#875 = ORIENTED_EDGE ( 'NONE', *, *, #642, .F. ) ;
#876 = PLANE ( 'NONE',  #2288 ) ;
#877 = EDGE_CURVE ( 'NONE', #963, #1376, #362, .T. ) ;
#878 = CARTESIAN_POINT ( 'NONE',  ( -10.23834477362973061, -4.666666666665741481, 0.006218122068457934172 ) ) ;
#879 = ORIENTED_EDGE ( 'NONE', *, *, #1413, .F. ) ;
#880 = CARTESIAN_POINT ( 'NONE',  ( 0.000000000000000000, 0.000000000000000000, 0.000000000000000000 ) ) ;
#881 = ADVANCED_FACE ( 'NONE', ( #224 ), #1797, .F. ) ;
#882 = VERTEX_POINT ( 'NONE', #2135 ) ;
#883 = FACE_OUTER_BOUND ( 'NONE', #1789, .T. ) ;
#884 = VECTOR ( 'NONE', #570, 1000.000000000000114 ) ;
#885 = CARTESIAN_POINT ( 'NONE',  ( 0.000000000000000000, 0.000000000000000000, 5.000000000000000000 ) ) ;
#886 = VECTOR ( 'NONE', #902, 1000.000000000000000 ) ;
#887 = CIRCLE ( 'NONE', #1659, 1.799999999999999600 ) ;
#888 = ORIENTED_EDGE ( 'NONE', *, *, #841, .T. ) ;
#889 = CARTESIAN_POINT ( 'NONE',  ( -10.50777489925106067, 4.200000000000851053, 0.003384343643186328576 ) ) ;
#890 = AXIS2_PLACEMENT_3D ( 'NONE', #643, #232, #1495 ) ;
#891 = CARTESIAN_POINT ( 'NONE',  ( -13.74093640671296868, 4.200000000000859046, 2.799999999999999822 ) ) ;
#892 = VERTEX_POINT ( 'NONE', #550 ) ;
#893 = CIRCLE ( 'NONE', #1705, 5.000000000000000000 ) ;
#894 = CARTESIAN_POINT ( 'NONE',  ( 1.616580753730264775, -11.19999999999948415, 0.000000000000000000 ) ) ;
#895 = CIRCLE ( 'NONE', #2042, 1.799999999999999600 ) ;
#896 = EDGE_LOOP ( 'NONE', ( #2260, #1580, #793, #938 ) ) ;
#897 = PERSON ( 'æœª', 'æœª', 'æœª', ('æœª'), ('æœª'), ('æœª') ) ;
#898 = CARTESIAN_POINT ( 'NONE',  ( 8.990109699928790832, -7.171326765895295274, 0.000000000000000000 ) ) ;
#899 = EDGE_CURVE ( 'NONE', #2249, #1228, #37, .T. ) ;
#900 = FACE_BOUND ( 'NONE', #2126, .T. ) ;
#901 = ORIENTED_EDGE ( 'NONE', *, *, #1754, .F. ) ;
#902 = DIRECTION ( 'NONE',  ( -0.000000000000000000, -0.000000000000000000, 1.000000000000000000 ) ) ;
#903 = CARTESIAN_POINT ( 'NONE',  ( -9.160624271142435049, -6.533333333332415727, 0.006218122068468437923 ) ) ;
#904 = VERTEX_POINT ( 'NONE', #1787 ) ;
#905 = CARTESIAN_POINT ( 'NONE',  ( -10.50777489925157049, -9.799999999999084110, 2.799999999999999822 ) ) ;
#906 = ORIENTED_EDGE ( 'NONE', *, *, #582, .F. ) ;
#907 = ORIENTED_EDGE ( 'NONE', *, *, #283, .F. ) ;
#908 = EDGE_CURVE ( 'NONE', #1233, #608, #203, .T. ) ;
#909 = PLANE ( 'NONE',  #1920 ) ;
#910 = EDGE_CURVE ( 'NONE', #1390, #838, #1968, .T. ) ;
#911 = ORIENTED_EDGE ( 'NONE', *, *, #843, .T. ) ;
#912 = CARTESIAN_POINT ( 'NONE',  ( -9.776147748760773395E-14, -14.00000000000000000, 8.000000000000000000 ) ) ;
#913 = PLANE ( 'NONE',  #2263 ) ;
#914 = ORIENTED_EDGE ( 'NONE', *, *, #1186, .F. ) ;
#915 = DIRECTION ( 'NONE',  ( -0.000000000000000000, -0.000000000000000000, 1.000000000000000000 ) ) ;
#916 = ORIENTED_EDGE ( 'NONE', *, *, #669, .T. ) ;
#917 = DIRECTION ( 'NONE',  ( 0.5000000000000015543, 0.8660254037844377084, 0.000000000000000000 ) ) ;
#918 = CARTESIAN_POINT ( 'NONE',  ( 1.799999999999999822, 14.00000000000000000, 0.000000000000000000 ) ) ;
#919 = EDGE_CURVE ( 'NONE', #758, #78, #150, .T. ) ;
#920 = EDGE_LOOP ( 'NONE', ( #354, #956, #2086, #347 ) ) ;
#921 = VECTOR ( 'NONE', #289, 1000.000000000000000 ) ;
#922 = DIRECTION ( 'NONE',  ( 1.000000000000000000, 0.000000000000000000, 0.000000000000000000 ) ) ;
#923 = EDGE_CURVE ( 'NONE', #2257, #2039, #2056, .T. ) ;
#924 = VECTOR ( 'NONE', #2211, 1000.000000000000000 ) ;
#925 = CARTESIAN_POINT ( 'NONE',  ( -1.616580753730617603, 16.80000000000039151, 2.799999999999999822 ) ) ;
#926 = VERTEX_POINT ( 'NONE', #2184 ) ;
#927 = DIRECTION ( 'NONE',  ( -0.000000000000000000, -0.000000000000000000, -1.000000000000000000 ) ) ;
#928 = TOROIDAL_SURFACE ( 'NONE', #557, 11.50000000000000000, 5.000000000000000000 ) ;
#929 = AXIS2_PLACEMENT_3D ( 'NONE', #280, #805, #1347 ) ;
#930 = ORIENTED_EDGE ( 'NONE', *, *, #143, .F. ) ;
#931 = CARTESIAN_POINT ( 'NONE',  ( 13.74093640671310723, 4.199999999999962874, 0.000000000000000000 ) ) ;
#932 = AXIS2_PLACEMENT_3D ( 'NONE', #1406, #1959, #1438 ) ;
#933 = CARTESIAN_POINT ( 'NONE',  ( 23.00000000000000000, 2.816687638038912352E-15, 0.000000000000000000 ) ) ;
#934 = ORIENTED_EDGE ( 'NONE', *, *, #1452, .F. ) ;
#935 = CARTESIAN_POINT ( 'NONE',  ( -15.35751716044443071, -6.999999999999066524, 2.799999999999999822 ) ) ;
#936 = FACE_OUTER_BOUND ( 'NONE', #1330, .T. ) ;
#937 = ADVANCED_FACE ( 'NONE', ( #1338 ), #2046, .F. ) ;
#938 = ORIENTED_EDGE ( 'NONE', *, *, #446, .T. ) ;
#939 = DIRECTION ( 'NONE',  ( -1.000000000000000000, 2.414434176541859510E-15, 0.000000000000000000 ) ) ;
#940 = DIRECTION ( 'NONE',  ( -0.8660254037844395958, -0.4999999999999982792, 0.000000000000000000 ) ) ;
#941 = ORIENTED_EDGE ( 'NONE', *, *, #132, .F. ) ;
#942 = LINE ( 'NONE', #1455, #445 ) ;
#943 = CARTESIAN_POINT ( 'NONE',  ( -1.616580753731645226, -11.19999999999947526, 2.799999999999999822 ) ) ;
#944 = COORDINATED_UNIVERSAL_TIME_OFFSET ( 8, 0, .AHEAD. ) ;
#945 = EDGE_LOOP ( 'NONE', ( #1239, #205, #1470, #1144 ) ) ;
#946 = CARTESIAN_POINT ( 'NONE',  ( -10.50777489925106067, 4.200000000000851053, 2.799999999999999822 ) ) ;
#947 = PLANE ( 'NONE',  #1441 ) ;
#948 = ORIENTED_EDGE ( 'NONE', *, *, #1754, .T. ) ;
#949 = CARTESIAN_POINT ( 'NONE',  ( -1.616580753730629816, 11.20000000000037943, 2.799999999999999822 ) ) ;
#950 = DIRECTION ( 'NONE',  ( -1.000000000000000000, 0.000000000000000000, -0.000000000000000000 ) ) ;
#951 = EDGE_CURVE ( 'NONE', #904, #2173, #822, .T. ) ;
#952 = ORIENTED_EDGE ( 'NONE', *, *, #1250, .T. ) ;
#953 = LINE ( 'NONE', #1294, #699 ) ;
#954 = CARTESIAN_POINT ( 'NONE',  ( 13.74093640671260452, -4.199999999999969091, 0.000000000000000000 ) ) ;
#955 = SECURITY_CLASSIFICATION_LEVEL ( 'unclassified' ) ;
#956 = ORIENTED_EDGE ( 'NONE', *, *, #529, .F. ) ;
#957 = CARTESIAN_POINT ( 'NONE',  ( 0.000000000000000000, 0.000000000000000000, 0.000000000000000000 ) ) ;
#958 = CARTESIAN_POINT ( 'NONE',  ( 10.70560600806886775, 4.199999999999968203, 0.000000000000000000 ) ) ;
#959 = ORIENTED_EDGE ( 'NONE', *, *, #1186, .T. ) ;
#960 = LINE ( 'NONE', #650, #1513 ) ;
#961 = CARTESIAN_POINT ( 'NONE',  ( 8.957133024081349149, -7.114209487862796166, -2.134935105913423281E-17 ) ) ;
#962 = AXIS2_PLACEMENT_3D ( 'NONE', #1476, #1450, #417 ) ;
#963 = VERTEX_POINT ( 'NONE', #1348 ) ;
#964 = VECTOR ( 'NONE', #1081, 1000.000000000000114 ) ;
#965 = ORIENTED_EDGE ( 'NONE', *, *, #143, .T. ) ;
#966 = CIRCLE ( 'NONE', #2144, 23.00000000000000000 ) ;
#967 = ADVANCED_FACE ( 'NONE', ( #599 ), #282, .F. ) ;
#968 = VECTOR ( 'NONE', #377, 1000.000000000000000 ) ;
#969 = LINE ( 'NONE', #607, #2261 ) ;
#970 = CARTESIAN_POINT ( 'NONE',  ( -10.50777489925155805, -4.199999999999073808, 2.799999999999999822 ) ) ;
#971 = FACE_OUTER_BOUND ( 'NONE', #563, .T. ) ;
#972 = ORIENTED_EDGE ( 'NONE', *, *, #1452, .T. ) ;
#973 = LINE ( 'NONE', #1500, #924 ) ;
#974 = CARTESIAN_POINT ( 'NONE',  ( 1.715496308139425885, -11.37132676589499702, 0.000000000000000000 ) ) ;
#975 = ORIENTED_EDGE ( 'NONE', *, *, #740, .F. ) ;
#976 = CARTESIAN_POINT ( 'NONE',  ( 3.233161507461212114, -13.99999999999949374, 2.799999999999999822 ) ) ;
#977 = CARTESIAN_POINT ( 'NONE',  ( -1.800000000000097522, -14.00000000000000000, 0.000000000000000000 ) ) ;
#978 = EDGE_CURVE ( 'NONE', #725, #926, #887, .T. ) ;
#979 = DIRECTION ( 'NONE',  ( 0.000000000000000000, 0.000000000000000000, 1.000000000000000000 ) ) ;
#980 = EDGE_CURVE ( 'NONE', #1756, #1077, #1698, .T. ) ;
#981 = CARTESIAN_POINT ( 'NONE',  ( -10.50777489925155805, -4.199999999999073808, 0.003384343643193267470 ) ) ;
#982 = ORIENTED_EDGE ( 'NONE', *, *, #1640, .T. ) ;
#983 = CARTESIAN_POINT ( 'NONE',  ( -9.776147748760773395E-14, -14.00000000000000000, 2.799999999999999822 ) ) ;
#984 = CARTESIAN_POINT ( 'NONE',  ( -1.616580753731645226, -11.19999999999947526, 0.003384343643208879981 ) ) ;
#985 = ORIENTED_EDGE ( 'NONE', *, *, #69, .F. ) ;
#986 = CARTESIAN_POINT ( 'NONE',  ( -1.800000000000097522, -14.00000000000000000, 2.799999999999999822 ) ) ;
#987 = DIRECTION ( 'NONE',  ( 1.000000000000000000, 0.000000000000000000, 0.000000000000000000 ) ) ;
#988 = PERSON_AND_ORGANIZATION ( #897, #1668 ) ;
#989 = DIRECTION ( 'NONE',  ( 1.000000000000000000, -3.219245568722479610E-15, 0.000000000000000000 ) ) ;
#990 = CC_DESIGN_PERSON_AND_ORGANIZATION_ASSIGNMENT ( #1819, #1830, ( #1088 ) ) ;
#991 = DIRECTION ( 'NONE',  ( -0.000000000000000000, -0.000000000000000000, -1.000000000000000000 ) ) ;
#992 = ORIENTED_EDGE ( 'NONE', *, *, #369, .T. ) ;
#993 = CARTESIAN_POINT ( 'NONE',  ( -8.891194145520609382, -6.999999999999082512, 0.003384343643203675811 ) ) ;
#994 = EDGE_CURVE ( 'NONE', #1831, #926, #471, .T. ) ;
#995 = DIRECTION ( 'NONE',  ( -0.000000000000000000, -0.000000000000000000, 1.000000000000000000 ) ) ;
#996 = EDGE_LOOP ( 'NONE', ( #1799, #859, #1422, #721, #605 ) ) ;
#997 = DIRECTION ( 'NONE',  ( -0.8660254037844383745, 0.5000000000000004441, 0.000000000000000000 ) ) ;
#998 = CIRCLE ( 'NONE', #631, 1.799999999999999600 ) ;
#999 = ORIENTED_EDGE ( 'NONE', *, *, #571, .T. ) ;
#1000 = DIRECTION ( 'NONE',  ( 1.000000000000000000, -3.219245568722479610E-15, 0.000000000000000000 ) ) ;
#1001 = AXIS2_PLACEMENT_3D ( 'NONE', #1816, #2162, #1601 ) ;
#1002 = VECTOR ( 'NONE', #284, 1000.000000000000227 ) ;
#1003 = DIRECTION ( 'NONE',  ( 0.000000000000000000, 0.000000000000000000, 1.000000000000000000 ) ) ;
#1004 = CIRCLE ( 'NONE', #1995, 23.00000000000000000 ) ;
#1005 = ORIENTED_EDGE ( 'NONE', *, *, #1075, .F. ) ;
#1006 = LINE ( 'NONE', #2021, #817 ) ;
#1007 = DIRECTION ( 'NONE',  ( -0.000000000000000000, -0.000000000000000000, -1.000000000000000000 ) ) ;
#1008 = EDGE_CURVE ( 'NONE', #2073, #1878, #32, .T. ) ;
#1009 = ORIENTED_EDGE ( 'NONE', *, *, #830, .F. ) ;
#1010 = CARTESIAN_POINT ( 'NONE',  ( 1.616580753730264775, -11.19999999999948415, 2.799999999999999822 ) ) ;
#1011 = EDGE_CURVE ( 'NONE', #467, #1563, #95, .T. ) ;
#1012 = ORIENTED_EDGE ( 'NONE', *, *, #2253, .T. ) ;
#1013 = FACE_OUTER_BOUND ( 'NONE', #176, .T. ) ;
#1014 = CARTESIAN_POINT ( 'NONE',  ( 6.500000000000000888, 7.960204194457796463E-16, 11.00000000000000000 ) ) ;
#1015 = CARTESIAN_POINT ( 'NONE',  ( -8.891194145520097791, 7.000000000000851763, 2.799999999999999822 ) ) ;
#1016 = EDGE_LOOP ( 'NONE', ( #573, #901, #602, #120 ) ) ;
#1017 = CARTESIAN_POINT ( 'NONE',  ( -1.616580753731645226, -11.19999999999947526, 2.799999999999999822 ) ) ;
#1018 = ORIENTED_EDGE ( 'NONE', *, *, #1497, .F. ) ;
#1019 = CARTESIAN_POINT ( 'NONE',  ( 13.74093640671311611, 9.799999999999970512, 2.799999999999999822 ) ) ;
#1020 = EDGE_CURVE ( 'NONE', #2039, #2167, #1169, .T. ) ;
#1021 = UNCERTAINTY_MEASURE_WITH_UNIT (LENGTH_MEASURE( 1.000000000000000082E-05 ), #450, 'distance_accuracy_value', 'NONE');
#1022 = ORIENTED_EDGE ( 'NONE', *, *, #1763, .F. ) ;
#1023 = PLANE ( 'NONE',  #1850 ) ;
#1024 = EDGE_CURVE ( 'NONE', #648, #1243, #2235, .T. ) ;
#1025 = CARTESIAN_POINT ( 'NONE',  ( -3.233161507461578044, 14.00000000000038902, 0.000000000000000000 ) ) ;
#1026 = DIRECTION ( 'NONE',  ( -0.4999999999999978351, 0.8660254037844399289, 0.000000000000000000 ) ) ;
#1027 = ORIENTED_EDGE ( 'NONE', *, *, #1894, .T. ) ;
#1028 = CARTESIAN_POINT ( 'NONE',  ( 0.000000000000000000, 14.00000000000000000, 0.000000000000000000 ) ) ;
#1029 = ORIENTED_EDGE ( 'NONE', *, *, #1227, .F. ) ;
#1030 = CARTESIAN_POINT ( 'NONE',  ( -1.616580753731645226, -11.19999999999947526, 0.003384343643208879981 ) ) ;
#1031 = VECTOR ( 'NONE', #1679, 1000.000000000000000 ) ;
#1032 = ORIENTED_EDGE ( 'NONE', *, *, #2096, .T. ) ;
#1033 = CARTESIAN_POINT ( 'NONE',  ( 0.000000000000000000, 0.000000000000000000, 8.000000000000000000 ) ) ;
#1034 = AXIS2_PLACEMENT_3D ( 'NONE', #2103, #2258, #1912 ) ;
#1035 = EDGE_CURVE ( 'NONE', #840, #148, #806, .T. ) ;
#1036 = VECTOR ( 'NONE', #1900, 1000.000000000000114 ) ;
#1037 = DIRECTION ( 'NONE',  ( 1.000000000000000000, 0.000000000000000000, 0.000000000000000000 ) ) ;
#1038 = VECTOR ( 'NONE', #842, 1000.000000000000000 ) ;
#1039 = ORIENTED_EDGE ( 'NONE', *, *, #2044, .T. ) ;
#1040 = DIRECTION ( 'NONE',  ( 0.8660254037844398178, 0.4999999999999980016, -0.000000000000000000 ) ) ;
#1041 = CIRCLE ( 'NONE', #745, 1.799999999999999600 ) ;
#1042 = VERTEX_POINT ( 'NONE', #1323 ) ;
#1043 = DIRECTION ( 'NONE',  ( 0.000000000000000000, 0.000000000000000000, 1.000000000000000000 ) ) ;
#1044 = ORIENTED_EDGE ( 'NONE', *, *, #2041, .F. ) ;
#1045 = CARTESIAN_POINT ( 'NONE',  ( 10.50777489925067876, -9.799999999999970512, 2.799999999999999822 ) ) ;
#1046 = DIRECTION ( 'NONE',  ( 0.000000000000000000, 0.000000000000000000, 1.000000000000000000 ) ) ;
#1047 = EDGE_CURVE ( 'NONE', #1242, #2039, #1832, .T. ) ;
#1048 = ORIENTED_EDGE ( 'NONE', *, *, #393, .F. ) ;
#1049 = DIRECTION ( 'NONE',  ( 1.000000000000000000, 0.000000000000000000, 0.000000000000000000 ) ) ;
#1050 = EDGE_CURVE ( 'NONE', #622, #2070, #1552, .T. ) ;
#1051 = CARTESIAN_POINT ( 'NONE',  ( -13.74093640671296868, 4.200000000000859046, 2.799999999999999822 ) ) ;
#1052 = ORIENTED_EDGE ( 'NONE', *, *, #2026, .T. ) ;
#1053 = FACE_OUTER_BOUND ( 'NONE', #278, .T. ) ;
#1054 = EDGE_LOOP ( 'NONE', ( #1252, #1646 ) ) ;
#1055 = DIRECTION ( 'NONE',  ( 0.4999999999999976130, -0.8660254037844399289, 0.000000000000000000 ) ) ;
#1056 = CARTESIAN_POINT ( 'NONE',  ( 3.233161507462242401, 14.00000000000037481, 2.799999999999999822 ) ) ;
#1057 = ORIENTED_EDGE ( 'NONE', *, *, #1560, .T. ) ;
#1058 = DIRECTION ( 'NONE',  ( -0.000000000000000000, -0.000000000000000000, 1.000000000000000000 ) ) ;
#1059 = CARTESIAN_POINT ( 'NONE',  ( 3.233161507461212114, -13.99999999999949374, 0.000000000000000000 ) ) ;
#1060 = EDGE_CURVE ( 'NONE', #17, #1042, #219, .T. ) ;
#1061 = EDGE_LOOP ( 'NONE', ( #141, #2192, #1022, #487 ) ) ;
#1062 = PLANE ( 'NONE',  #361 ) ;
#1063 = EDGE_LOOP ( 'NONE', ( #587, #2140 ) ) ;
#1064 = CARTESIAN_POINT ( 'NONE',  ( 15.35751716044355319, -6.999999999999977796, 0.000000000000000000 ) ) ;
#1065 = AXIS2_PLACEMENT_3D ( 'NONE', #2204, #653, #2250 ) ;
#1066 = DIRECTION ( 'NONE',  ( 1.000000000000000000, 0.000000000000000000, 0.000000000000000000 ) ) ;
#1067 = AXIS2_PLACEMENT_3D ( 'NONE', #1272, #1003, #2006 ) ;
#1068 = ORIENTED_EDGE ( 'NONE', *, *, #568, .T. ) ;
#1069 = DIRECTION ( 'NONE',  ( -0.000000000000000000, -0.000000000000000000, 1.000000000000000000 ) ) ;
#1070 = VECTOR ( 'NONE', #832, 1000.000000000000000 ) ;
#1071 = CARTESIAN_POINT ( 'NONE',  ( 15.35751716044355319, -6.999999999999977796, 2.799999999999999822 ) ) ;
#1072 = ORIENTED_EDGE ( 'NONE', *, *, #1201, .F. ) ;
#1073 = TOROIDAL_SURFACE ( 'NONE', #4, 19.00000000000000000, 1.000000000000000000 ) ;
#1074 = CARTESIAN_POINT ( 'NONE',  ( 3.233161507461212114, -13.99999999999949374, 2.799999999999999822 ) ) ;
#1075 = EDGE_CURVE ( 'NONE', #738, #825, #1137, .T. ) ;
#1076 = EDGE_LOOP ( 'NONE', ( #1373, #1163, #1574, #952 ) ) ;
#1077 = VERTEX_POINT ( 'NONE', #2197 ) ;
#1078 = EDGE_CURVE ( 'NONE', #2167, #1878, #462, .T. ) ;
#1079 = DIRECTION ( 'NONE',  ( -0.5000000000000019984, -0.8660254037844375974, 0.000000000000000000 ) ) ;
#1080 = ORIENTED_EDGE ( 'NONE', *, *, #614, .T. ) ;
#1081 = DIRECTION ( 'NONE',  ( -0.5000000000000021094, -0.8660254037844373753, 0.000000000000000000 ) ) ;
#1082 = DIRECTION ( 'NONE',  ( 0.8660254037844371533, -0.5000000000000025535, 0.000000000000000000 ) ) ;
#1083 = VERTEX_POINT ( 'NONE', #634 ) ;
#1084 = DIRECTION ( 'NONE',  ( 1.000000000000000000, 0.000000000000000000, 0.000000000000000000 ) ) ;
#1085 = EDGE_LOOP ( 'NONE', ( #711, #2264, #612, #1 ) ) ;
#1086 = DIRECTION ( 'NONE',  ( 1.000000000000000000, 0.000000000000000000, -0.000000000000000000 ) ) ;
#1087 = ADVANCED_FACE ( 'NONE', ( #1161 ), #928, .T. ) ;
#1088 = PRODUCT ( '\X2\5185\X0\6\X2\5c0167f176d6\X0\', '\X2\5185\X0\6\X2\5c0167f176d6\X0\', '', ( #2206 ) ) ;
#1089 = EDGE_CURVE ( 'NONE', #1997, #1293, #1366, .T. ) ;
#1090 = LINE ( 'NONE', #394, #1884 ) ;
#1091 = ORIENTED_EDGE ( 'NONE', *, *, #856, .F. ) ;
#1092 = CARTESIAN_POINT ( 'NONE',  ( 8.891194145520254111, 6.999999999999982236, 0.000000000000000000 ) ) ;
#1093 = CARTESIAN_POINT ( 'NONE',  ( -6.500000000000000888, 0.000000000000000000, 8.000000000000000000 ) ) ;
#1094 = EDGE_LOOP ( 'NONE', ( #1927, #155 ) ) ;
#1095 = DIRECTION ( 'NONE',  ( 1.000000000000000000, 0.000000000000000000, 0.000000000000000000 ) ) ;
#1096 = ORIENTED_EDGE ( 'NONE', *, *, #548, .T. ) ;
#1097 = CARTESIAN_POINT ( 'NONE',  ( -12.12435565298206086, 7.000000000000141220, 2.799999999999999822 ) ) ;
#1098 = FACE_OUTER_BOUND ( 'NONE', #549, .T. ) ;
#1099 = EDGE_CURVE ( 'NONE', #345, #1266, #1622, .T. ) ;
#1100 = ORIENTED_EDGE ( 'NONE', *, *, #116, .T. ) ;
#1101 = FACE_OUTER_BOUND ( 'NONE', #1016, .T. ) ;
#1102 = VECTOR ( 'NONE', #1491, 1000.000000000000000 ) ;
#1103 = DIRECTION ( 'NONE',  ( 1.000000000000000000, 0.000000000000000000, 0.000000000000000000 ) ) ;
#1104 = ORIENTED_EDGE ( 'NONE', *, *, #1544, .T. ) ;
#1105 = CARTESIAN_POINT ( 'NONE',  ( -10.50777489925106067, 4.200000000000851053, 2.799999999999999822 ) ) ;
#1106 = CARTESIAN_POINT ( 'NONE',  ( -23.00000000000000000, 0.000000000000000000, 2.000000000000000000 ) ) ;
#1107 = AXIS2_PLACEMENT_3D ( 'NONE', #885, #1592, #715 ) ;
#1108 = VECTOR ( 'NONE', #1055, 1000.000000000000114 ) ;
#1109 = ORIENTED_EDGE ( 'NONE', *, *, #1132, .T. ) ;
#1110 = DIRECTION ( 'NONE',  ( 3.755786496842892746E-15, 1.000000000000000000, -0.000000000000000000 ) ) ;
#1111 = AXIS2_PLACEMENT_3D ( 'NONE', #101, #811, #1849 ) ;
#1112 = LINE ( 'NONE', #977, #408 ) ;
#1113 = EDGE_LOOP ( 'NONE', ( #151, #2091 ) ) ;
#1114 = DIRECTION ( 'NONE',  ( 0.000000000000000000, 0.000000000000000000, 1.000000000000000000 ) ) ;
#1115 = EDGE_CURVE ( 'NONE', #648, #464, #530, .T. ) ;
#1116 = CARTESIAN_POINT ( 'NONE',  ( -1.616580753731660547, -16.79999999999948912, 2.799999999999999822 ) ) ;
#1117 = EDGE_LOOP ( 'NONE', ( #27, #1842, #1524, #436, #138, #2142, #213, #1308, #800, #1360, #906, #879, #310, #1687, #2109, #1588, #2051, #44, #6, #606, #972, #1202, #501, #930, #267, #907, #230, #1609, #851, #124, #474, #2119, #544, #1571, #1231, #1947, #875, #659 ) ) ;
#1118 = DIRECTION ( 'NONE',  ( -0.8660254037844399289, -0.4999999999999978351, 0.000000000000000000 ) ) ;
#1119 = EDGE_CURVE ( 'NONE', #926, #725, #998, .T. ) ;
#1120 = CARTESIAN_POINT ( 'NONE',  ( 15.35751716044355319, -6.999999999999977796, 2.799999999999999822 ) ) ;
#1121 = VERTEX_POINT ( 'NONE', #844 ) ;
#1122 = ORIENTED_EDGE ( 'NONE', *, *, #2149, .F. ) ;
#1123 = LINE ( 'NONE', #1309, #1147 ) ;
#1124 = PERSON_AND_ORGANIZATION ( #897, #1668 ) ;
#1125 = ORIENTED_EDGE ( 'NONE', *, *, #786, .F. ) ;
#1126 = DIRECTION ( 'NONE',  ( -0.000000000000000000, -0.000000000000000000, 1.000000000000000000 ) ) ;
#1127 = EDGE_CURVE ( 'NONE', #1929, #1153, #1708, .T. ) ;
#1128 = CARTESIAN_POINT ( 'NONE',  ( 1.616580753730250786, -16.79999999999949623, 2.799999999999999822 ) ) ;
#1129 = EDGE_LOOP ( 'NONE', ( #1326, #751, #1259, #1378 ) ) ;
#1130 = FACE_BOUND ( 'NONE', #380, .T. ) ;
#1131 = CARTESIAN_POINT ( 'NONE',  ( 0.000000000000000000, 0.000000000000000000, 2.799999999999999822 ) ) ;
#1132 = EDGE_CURVE ( 'NONE', #1121, #1428, #1400, .T. ) ;
#1133 = EDGE_LOOP ( 'NONE', ( #864, #1939, #1943, #1515, #916, #337 ) ) ;
#1134 = ORIENTED_EDGE ( 'NONE', *, *, #3, .F. ) ;
#1135 = DIRECTION ( 'NONE',  ( -0.4999999999999973910, 0.8660254037844400399, 0.000000000000000000 ) ) ;
#1136 = ORIENTED_EDGE ( 'NONE', *, *, #1270, .F. ) ;
#1137 = LINE ( 'NONE', #788, #1917 ) ;
#1138 = VECTOR ( 'NONE', #627, 1000.000000000000000 ) ;
#1139 = LINE ( 'NONE', #1674, #1335 ) ;
#1140 = EDGE_LOOP ( 'NONE', ( #334, #1057, #654, #320 ) ) ;
#1141 = LINE ( 'NONE', #810, #1951 ) ;
#1142 = PLANE ( 'NONE',  #1111 ) ;
#1143 = CIRCLE ( 'NONE', #258, 1.799999999999999600 ) ;
#1144 = ORIENTED_EDGE ( 'NONE', *, *, #877, .F. ) ;
#1145 = DIRECTION ( 'NONE',  ( 1.000000000000000000, 0.000000000000000000, 0.000000000000000000 ) ) ;
#1146 = ADVANCED_FACE ( 'NONE', ( #681 ), #368, .T. ) ;
#1147 = VECTOR ( 'NONE', #1135, 1000.000000000000114 ) ;
#1148 = AXIS2_PLACEMENT_3D ( 'NONE', #1165, #995, #1697 ) ;
#1149 = FACE_OUTER_BOUND ( 'NONE', #1061, .T. ) ;
#1150 = DIRECTION ( 'NONE',  ( -1.000000000000000000, 0.000000000000000000, 0.000000000000000000 ) ) ;
#1151 = DIRECTION ( 'NONE',  ( 1.000000000000000000, -2.682704640602066078E-15, 0.000000000000000000 ) ) ;
#1152 = CARTESIAN_POINT ( 'NONE',  ( -10.50777489925106067, 4.200000000000851053, 0.000000000000000000 ) ) ;
#1153 = VERTEX_POINT ( 'NONE', #1195 ) ;
#1154 = LINE ( 'NONE', #2009, #1102 ) ;
#1155 = DIRECTION ( 'NONE',  ( 0.5000000000000024425, 0.8660254037844371533, 0.000000000000000000 ) ) ;
#1156 = ORIENTED_EDGE ( 'NONE', *, *, #1976, .F. ) ;
#1157 = PLANE ( 'NONE',  #215 ) ;
#1158 = EDGE_CURVE ( 'NONE', #1623, #1367, #122, .T. ) ;
#1159 = FACE_OUTER_BOUND ( 'NONE', #388, .T. ) ;
#1160 = EDGE_CURVE ( 'NONE', #1902, #686, #2275, .T. ) ;
#1161 = FACE_OUTER_BOUND ( 'NONE', #1284, .T. ) ;
#1162 = LINE ( 'NONE', #2069, #1479 ) ;
#1163 = ORIENTED_EDGE ( 'NONE', *, *, #843, .F. ) ;
#1164 = CARTESIAN_POINT ( 'NONE',  ( -9.160624271141923458, 6.533333333334184978, 0.006218122068435453023 ) ) ;
#1165 = CARTESIAN_POINT ( 'NONE',  ( -12.12435565298206086, 7.000000000000141220, 2.799999999999999822 ) ) ;
#1166 = ORIENTED_EDGE ( 'NONE', *, *, #1784, .T. ) ;
#1167 = DIRECTION ( 'NONE',  ( -1.000000000000000000, 0.000000000000000000, -0.000000000000000000 ) ) ;
#1168 = CARTESIAN_POINT ( 'NONE',  ( 3.254774921801484311E-13, 11.20000000000037410, 0.01179810715729507319 ) ) ;
#1169 = LINE ( 'NONE', #771, #702 ) ;
#1170 = EDGE_CURVE ( 'NONE', #1458, #78, #2115, .T. ) ;
#1171 = PLANE ( 'NONE',  #491 ) ;
#1172 = ORIENTED_EDGE ( 'NONE', *, *, #1434, .F. ) ;
#1173 = DIRECTION ( 'NONE',  ( -1.000000000000000000, 0.000000000000000000, -0.000000000000000000 ) ) ;
#1174 = LINE ( 'NONE', #639, #2146 ) ;
#1175 = ORIENTED_EDGE ( 'NONE', *, *, #1375, .F. ) ;
#1176 = FACE_OUTER_BOUND ( 'NONE', #261, .T. ) ;
#1177 = AXIS2_PLACEMENT_3D ( 'NONE', #912, #1635, #1285 ) ;
#1178 = VECTOR ( 'NONE', #1371, 1000.000000000000000 ) ;
#1179 = EDGE_LOOP ( 'NONE', ( #2061, #872, #443, #2048 ) ) ;
#1180 = CARTESIAN_POINT ( 'NONE',  ( 13.74093640671258854, -9.799999999999981171, 2.799999999999999822 ) ) ;
#1181 = AXIS2_PLACEMENT_3D ( 'NONE', #2205, #2043, #987 ) ;
#1182 = AXIS2_PLACEMENT_3D ( 'NONE', #463, #1349, #2236 ) ;
#1183 = LINE ( 'NONE', #1014, #1516 ) ;
#1184 = PRODUCT_DEFINITION_FORMATION_WITH_SPECIFIED_SOURCE ( 'ä»', '', #1088, .NOT_KNOWN. ) ;
#1185 = DIRECTION ( 'NONE',  ( 0.000000000000000000, 0.000000000000000000, 1.000000000000000000 ) ) ;
#1186 = EDGE_CURVE ( 'NONE', #848, #1121, #833, .T. ) ;
#1187 = EDGE_LOOP ( 'NONE', ( #743, #2196, #1384, #1898, #728 ) ) ;
#1188 = DIRECTION ( 'NONE',  ( -0.000000000000000000, -0.000000000000000000, 1.000000000000000000 ) ) ;
#1189 = ADVANCED_FACE ( 'NONE', ( #1751 ), #1742, .F. ) ;
#1190 = ORIENTED_EDGE ( 'NONE', *, *, #2149, .T. ) ;
#1191 = PLANE ( 'NONE',  #1619 ) ;
#1192 = ORIENTED_EDGE ( 'NONE', *, *, #356, .F. ) ;
#1193 = CARTESIAN_POINT ( 'NONE',  ( -9.776147748760773395E-14, -14.00000000000000000, 8.000000000000000000 ) ) ;
#1194 = PERSON_AND_ORGANIZATION_ROLE ( 'classification_officer' ) ;
#1195 = CARTESIAN_POINT ( 'NONE',  ( -6.500000000000000888, 0.000000000000000000, 5.000000000000000000 ) ) ;
#1196 = DIRECTION ( 'NONE',  ( -1.000000000000000000, 0.000000000000000000, 0.000000000000000000 ) ) ;
#1197 = VERTEX_POINT ( 'NONE', #1923 ) ;
#1198 = FACE_OUTER_BOUND ( 'NONE', #492, .T. ) ;
#1199 = ORIENTED_EDGE ( 'NONE', *, *, #1570, .F. ) ;
#1200 = CARTESIAN_POINT ( 'NONE',  ( -23.00000000000000000, 0.000000000000000000, 0.000000000000000000 ) ) ;
#1201 = EDGE_CURVE ( 'NONE', #78, #2077, #2063, .T. ) ;
#1202 = ORIENTED_EDGE ( 'NONE', *, *, #1682, .F. ) ;
#1203 = LINE ( 'NONE', #1737, #2182 ) ;
#1204 = CARTESIAN_POINT ( 'NONE',  ( 0.000000000000000000, 0.000000000000000000, 0.000000000000000000 ) ) ;
#1205 = EDGE_LOOP ( 'NONE', ( #2151, #1414, #732, #1409 ) ) ;
#1206 = DIRECTION ( 'NONE',  ( -1.609622784361240594E-15, -1.000000000000000000, 0.000000000000000000 ) ) ;
#1207 = VERTEX_POINT ( 'NONE', #2066 ) ;
#1208 = DIRECTION ( 'NONE',  ( 0.5000000000000025535, 0.8660254037844371533, 0.000000000000000000 ) ) ;
#1209 = VECTOR ( 'NONE', #720, 1000.000000000000227 ) ;
#1210 = EDGE_LOOP ( 'NONE', ( #1745, #1950, #2101, #716, #216, #1752 ) ) ;
#1211 = EDGE_CURVE ( 'NONE', #1207, #616, #1183, .T. ) ;
#1212 = DIRECTION ( 'NONE',  ( 1.224646799147353207E-16, 1.000000000000000000, -0.000000000000000000 ) ) ;
#1213 = DATE_AND_TIME ( #1739, #1888 ) ;
#1214 = CIRCLE ( 'NONE', #2030, 1.799999999999999600 ) ;
#1215 = AXIS2_PLACEMENT_3D ( 'NONE', #1248, #759, #922 ) ;
#1216 = DIRECTION ( 'NONE',  ( 1.000000000000000000, 0.000000000000000000, 0.000000000000000000 ) ) ;
#1217 = TOROIDAL_SURFACE ( 'NONE', #220, 19.00000000000000000, 1.000000000000000000 ) ;
#1218 = ORIENTED_EDGE ( 'NONE', *, *, #1795, .F. ) ;
#1219 = DIRECTION ( 'NONE',  ( -1.000000000000000000, 0.000000000000000000, 0.000000000000000000 ) ) ;
#1220 = AXIS2_PLACEMENT_3D ( 'NONE', #2159, #1460, #49 ) ;
#1221 = DIRECTION ( 'NONE',  ( -0.000000000000000000, -0.000000000000000000, 1.000000000000000000 ) ) ;
#1222 = EDGE_LOOP ( 'NONE', ( #1080, #1918, #1607, #391 ) ) ;
#1223 = PLANE ( 'NONE',  #1655 ) ;
#1224 = VERTEX_POINT ( 'NONE', #339 ) ;
#1225 = FACE_OUTER_BOUND ( 'NONE', #1937, .T. ) ;
#1226 = DIRECTION ( 'NONE',  ( -0.000000000000000000, -0.000000000000000000, -1.000000000000000000 ) ) ;
#1227 = EDGE_CURVE ( 'NONE', #390, #738, #1719, .T. ) ;
#1228 = VERTEX_POINT ( 'NONE', #1545 ) ;
#1229 = CARTESIAN_POINT ( 'NONE',  ( -1.616580753731660547, -16.79999999999948912, 0.000000000000000000 ) ) ;
#1230 = LINE ( 'NONE', #1071, #710 ) ;
#1231 = ORIENTED_EDGE ( 'NONE', *, *, #96, .F. ) ;
#1232 = PLANE ( 'NONE',  #2218 ) ;
#1233 = VERTEX_POINT ( 'NONE', #1380 ) ;
#1234 = LINE ( 'NONE', #188, #1437 ) ;
#1235 = VERTEX_POINT ( 'NONE', #1910 ) ;
#1236 = LINE ( 'NONE', #24, #1772 ) ;
#1237 = EDGE_CURVE ( 'NONE', #1293, #1997, #2032, .T. ) ;
#1238 = CARTESIAN_POINT ( 'NONE',  ( -8.891194145520609382, -6.999999999999082512, 0.003384343643203675811 ) ) ;
#1239 = ORIENTED_EDGE ( 'NONE', *, *, #40, .F. ) ;
#1240 = LINE ( 'NONE', #849, #1508 ) ;
#1241 = EDGE_CURVE ( 'NONE', #840, #322, #562, .T. ) ;
#1242 = VERTEX_POINT ( 'NONE', #1760 ) ;
#1243 = VERTEX_POINT ( 'NONE', #2156 ) ;
#1244 = CARTESIAN_POINT ( 'NONE',  ( 10.32435565298215785, 6.999999999999974243, 0.000000000000000000 ) ) ;
#1245 = VECTOR ( 'NONE', #1316, 999.9999999999998863 ) ;
#1246 = VECTOR ( 'NONE', #2017, 999.9999999999998863 ) ;
#1247 = EDGE_LOOP ( 'NONE', ( #1725, #2276, #1714, #385, #2237, #480 ) ) ;
#1248 = CARTESIAN_POINT ( 'NONE',  ( 0.000000000000000000, 0.000000000000000000, 8.000000000000000000 ) ) ;
#1249 = AXIS2_PLACEMENT_3D ( 'NONE', #2011, #429, #1930 ) ;
#1250 = EDGE_CURVE ( 'NONE', #1153, #616, #2108, .T. ) ;
#1251 = DIRECTION ( 'NONE',  ( 0.000000000000000000, 0.000000000000000000, 1.000000000000000000 ) ) ;
#1252 = ORIENTED_EDGE ( 'NONE', *, *, #1867, .T. ) ;
#1253 = AXIS2_PLACEMENT_3D ( 'NONE', #1627, #1251, #39 ) ;
#1254 = CARTESIAN_POINT ( 'NONE',  ( 12.12435565298211060, -7.000000000000056843, 0.000000000000000000 ) ) ;
#1255 = EDGE_CURVE ( 'NONE', #1710, #345, #5, .T. ) ;
#1256 = ORIENTED_EDGE ( 'NONE', *, *, #1573, .F. ) ;
#1257 = DIRECTION ( 'NONE',  ( 0.5000000000000017764, 0.8660254037844375974, 0.000000000000000000 ) ) ;
#1258 = CARTESIAN_POINT ( 'NONE',  ( 1.649538180820650846, -11.25708393820678133, 0.001131212904524732388 ) ) ;
#1259 = ORIENTED_EDGE ( 'NONE', *, *, #542, .T. ) ;
#1260 = CARTESIAN_POINT ( 'NONE',  ( 9.160624271141557529, -6.533333333333293247, 0.006218122068478738711 ) ) ;
#1261 = B_SPLINE_CURVE_WITH_KNOTS ( 'NONE', 3,
 ( #236, #611, #1325, #981 ),
 .UNSPECIFIED., .F., .F.,
 ( 4, 4 ),
 ( 0.000000000000000000, 0.0001978600550841939129 ),
 .UNSPECIFIED. ) ;
#1262 = CARTESIAN_POINT ( 'NONE',  ( -3.233161507461578044, 14.00000000000038902, 2.799999999999999822 ) ) ;
#1263 = ORIENTED_EDGE ( 'NONE', *, *, #908, .F. ) ;
#1264 = LINE ( 'NONE', #1275, #363 ) ;
#1265 = CC_DESIGN_PERSON_AND_ORGANIZATION_ASSIGNMENT ( #988, #1690, ( #1942 ) ) ;
#1266 = VERTEX_POINT ( 'NONE', #933 ) ;
#1267 = DIRECTION ( 'NONE',  ( -0.000000000000000000, -0.000000000000000000, -1.000000000000000000 ) ) ;
#1268 = ADVANCED_FACE ( 'NONE', ( #1445 ), #384, .F. ) ;
#1269 = CARTESIAN_POINT ( 'NONE',  ( -13.74093640671346783, -4.199999999999064926, 2.799999999999999822 ) ) ;
#1270 = EDGE_CURVE ( 'NONE', #825, #540, #191, .T. ) ;
#1271 = ORIENTED_EDGE ( 'NONE', *, *, #1099, .F. ) ;
#1272 = CARTESIAN_POINT ( 'NONE',  ( 0.000000000000000000, 0.000000000000000000, 0.000000000000000000 ) ) ;
#1273 = CARTESIAN_POINT ( 'NONE',  ( 0.000000000000000000, 0.000000000000000000, 2.799999999999999822 ) ) ;
#1274 = ORIENTED_EDGE ( 'NONE', *, *, #2026, .F. ) ;
#1275 = CARTESIAN_POINT ( 'NONE',  ( 10.50777489925119923, 4.199999999999968203, 2.799999999999999822 ) ) ;
#1276 = FACE_BOUND ( 'NONE', #1054, .T. ) ;
#1277 = VERTEX_POINT ( 'NONE', #1269 ) ;
#1278 = DIRECTION ( 'NONE',  ( -0.000000000000000000, -0.000000000000000000, -1.000000000000000000 ) ) ;
#1279 = EDGE_CURVE ( 'NONE', #148, #546, #1090, .T. ) ;
#1280 = CARTESIAN_POINT ( 'NONE',  ( -23.00000000000000000, 0.000000000000000000, 2.000000000000000000 ) ) ;
#1281 =( NAMED_UNIT ( * ) SI_UNIT ( $, .STERADIAN. ) SOLID_ANGLE_UNIT ( ) );
#1282 = CIRCLE ( 'NONE', #663, 1.799999999999999600 ) ;
#1283 = EDGE_CURVE ( 'NONE', #275, #725, #2166, .T. ) ;
#1284 = EDGE_LOOP ( 'NONE', ( #324, #127, #1904, #1824, #1493, #1072, #1302, #1820, #2160, #1091, #357, #136, #50, #598, #167, #2132 ) ) ;
#1285 = DIRECTION ( 'NONE',  ( 1.000000000000000000, 0.000000000000000000, 0.000000000000000000 ) ) ;
#1286 = VECTOR ( 'NONE', #496, 1000.000000000000000 ) ;
#1287 = CARTESIAN_POINT ( 'NONE',  ( -1.682519632293261180, -11.31420948786230696, 4.249334392235835789E-17 ) ) ;
#1288 = VERTEX_POINT ( 'NONE', #731 ) ;
#1289 = FACE_OUTER_BOUND ( 'NONE', #1205, .T. ) ;
#1290 = CARTESIAN_POINT ( 'NONE',  ( 15.35751716044355319, -6.999999999999977796, 0.000000000000000000 ) ) ;
#1291 = VECTOR ( 'NONE', #865, 1000.000000000000000 ) ;
#1292 = AXIS2_PLACEMENT_3D ( 'NONE', #772, #1489, #1636 ) ;
#1293 = VERTEX_POINT ( 'NONE', #1412 ) ;
#1294 = CARTESIAN_POINT ( 'NONE',  ( 10.50777489925119923, 4.199999999999968203, 2.799999999999999822 ) ) ;
#1295 = APPROVAL_PERSON_ORGANIZATION ( #1990, #552, #233 ) ;
#1296 = DIRECTION ( 'NONE',  ( 0.5000000000000021094, 0.8660254037844373753, 0.000000000000000000 ) ) ;
#1297 = DIRECTION ( 'NONE',  ( -0.000000000000000000, -0.000000000000000000, -1.000000000000000000 ) ) ;
#1298 = VERTEX_POINT ( 'NONE', #13 ) ;
#1299 = DIRECTION ( 'NONE',  ( -3.219245568722478032E-15, -1.000000000000000000, 0.000000000000000000 ) ) ;
#1300 = ADVANCED_FACE ( 'NONE', ( #1610 ), #1217, .T. ) ;
#1301 = CARTESIAN_POINT ( 'NONE',  ( 0.000000000000000000, 0.000000000000000000, 2.799999999999999822 ) ) ;
#1302 = ORIENTED_EDGE ( 'NONE', *, *, #919, .F. ) ;
#1303 = CARTESIAN_POINT ( 'NONE',  ( -9.776147748760773395E-14, -14.00000000000000000, 0.000000000000000000 ) ) ;
#1304 = DIRECTION ( 'NONE',  ( 0.5000000000000024425, 0.8660254037844371533, 0.000000000000000000 ) ) ;
#1305 = ADVANCED_FACE ( 'NONE', ( #1431, #1941, #583, #359, #1633, #746, #1774, #900 ), #909, .T. ) ;
#1306 = B_SPLINE_CURVE_WITH_KNOTS ( 'NONE', 3,
 ( #2161, #1462, #577, #401 ),
 .UNSPECIFIED., .F., .F.,
 ( 4, 4 ),
 ( 0.000000000000000000, 0.0001978600550839943112 ),
 .UNSPECIFIED. ) ;
#1307 = ORIENTED_EDGE ( 'NONE', *, *, #1699, .T. ) ;
#1308 = ORIENTED_EDGE ( 'NONE', *, *, #919, .T. ) ;
#1309 = CARTESIAN_POINT ( 'NONE',  ( 10.50777489925067876, -9.799999999999970512, 0.000000000000000000 ) ) ;
#1310 = APPROVAL_ROLE ( '' ) ;
#1311 = EDGE_LOOP ( 'NONE', ( #2116, #1973, #569, #1892 ) ) ;
#1312 = CARTESIAN_POINT ( 'NONE',  ( 12.12435565298215856, 6.999999999999974243, 8.000000000000000000 ) ) ;
#1313 = CARTESIAN_POINT ( 'NONE',  ( -12.12435565298221007, -6.999999999999886313, 8.000000000000000000 ) ) ;
#1314 = ADVANCED_FACE ( 'NONE', ( #1603, #1098 ), #1457, .T. ) ;
#1315 = ORIENTED_EDGE ( 'NONE', *, *, #446, .F. ) ;
#1316 = DIRECTION ( 'NONE',  ( 0.5000000000000019984, 0.8660254037844375974, 0.000000000000000000 ) ) ;
#1317 = LINE ( 'NONE', #1526, #1886 ) ;
#1318 = EDGE_CURVE ( 'NONE', #904, #1343, #1955, .T. ) ;
#1319 = ORIENTED_EDGE ( 'NONE', *, *, #200, .F. ) ;
#1320 = CARTESIAN_POINT ( 'NONE',  ( 0.000000000000000000, 0.000000000000000000, 2.799999999999999822 ) ) ;
#1321 = LINE ( 'NONE', #244, #1992 ) ;
#1322 = APPROVAL_DATE_TIME ( #434, #552 ) ;
#1323 = CARTESIAN_POINT ( 'NONE',  ( 11.50000000000000000, 0.000000000000000000, 0.000000000000000000 ) ) ;
#1324 = VECTOR ( 'NONE', #525, 1000.000000000000114 ) ;
#1325 = CARTESIAN_POINT ( 'NONE',  ( -10.57368975343210948, -4.199999999999073808, 0.001131212904517119554 ) ) ;
#1326 = ORIENTED_EDGE ( 'NONE', *, *, #539, .F. ) ;
#1327 = LINE ( 'NONE', #836, #146 ) ;
#1328 = DIRECTION ( 'NONE',  ( 1.000000000000000000, -3.755786496842892746E-15, 0.000000000000000000 ) ) ;
#1329 = EDGE_CURVE ( 'NONE', #2214, #1776, #1538, .T. ) ;
#1330 = EDGE_LOOP ( 'NONE', ( #210, #1723, #1396, #2268, #773 ) ) ;
#1331 = VECTOR ( 'NONE', #247, 1000.000000000000000 ) ;
#1332 = FACE_OUTER_BOUND ( 'NONE', #896, .T. ) ;
#1333 = EDGE_CURVE ( 'NONE', #1695, #2012, #723, .T. ) ;
#1334 = AXIS2_PLACEMENT_3D ( 'NONE', #1940, #358, #1477 ) ;
#1335 = VECTOR ( 'NONE', #1846, 1000.000000000000000 ) ;
#1336 = CARTESIAN_POINT ( 'NONE',  ( 10.63965265637413360, 4.199999999999967315, 0.000000000000000000 ) ) ;
#1337 = LOCAL_TIME ( 11, 20, 22.00000000000000000, #422 ) ;
#1338 = FACE_OUTER_BOUND ( 'NONE', #1461, .T. ) ;
#1339 = CYLINDRICAL_SURFACE ( 'NONE', #2185, 1.799999999999999600 ) ;
#1340 = ORIENTED_EDGE ( 'NONE', *, *, #1837, .T. ) ;
#1341 = CARTESIAN_POINT ( 'NONE',  ( 1.616580753731280629, 11.20000000000037232, 2.799999999999999822 ) ) ;
#1342 = CARTESIAN_POINT ( 'NONE',  ( 10.50777489925120811, 9.799999999999982947, 2.799999999999999822 ) ) ;
#1343 = VERTEX_POINT ( 'NONE', #1620 ) ;
#1344 = FACE_OUTER_BOUND ( 'NONE', #264, .T. ) ;
#1345 = B_SPLINE_CURVE_WITH_KNOTS ( 'NONE', 3,
 ( #448, #1336, #1642, #783 ),
 .UNSPECIFIED., .F., .F.,
 ( 4, 4 ),
 ( 6.503673395026095210E-35, 0.0001978600550842025865 ),
 .UNSPECIFIED. ) ;
#1346 = ADVANCED_FACE ( 'NONE', ( #2233 ), #83, .F. ) ;
#1347 = DIRECTION ( 'NONE',  ( -1.000000000000000000, 2.950975104662273041E-15, 0.000000000000000000 ) ) ;
#1348 = CARTESIAN_POINT ( 'NONE',  ( -10.32435565298206193, 7.000000000000141220, 2.799999999999999822 ) ) ;
#1349 = DIRECTION ( 'NONE',  ( 0.000000000000000000, 0.000000000000000000, -1.000000000000000000 ) ) ;
#1350 = ORIENTED_EDGE ( 'NONE', *, *, #1160, .T. ) ;
#1351 = CARTESIAN_POINT ( 'NONE',  ( -1.799999999999999822, 14.00000000000000000, 8.000000000000000000 ) ) ;
#1352 = DIRECTION ( 'NONE',  ( 1.000000000000000000, 0.000000000000000000, 0.000000000000000000 ) ) ;
#1353 = ORIENTED_EDGE ( 'NONE', *, *, #596, .F. ) ;
#1354 = LINE ( 'NONE', #617, #104 ) ;
#1355 = VERTEX_POINT ( 'NONE', #256 ) ;
#1356 = CARTESIAN_POINT ( 'NONE',  ( 10.50777489925067876, -9.799999999999970512, 2.799999999999999822 ) ) ;
#1357 = EDGE_CURVE ( 'NONE', #1367, #419, #633, .T. ) ;
#1358 = CARTESIAN_POINT ( 'NONE',  ( -8.957133024081413097, 7.114209487863163872, 3.125761936767781654E-17 ) ) ;
#1359 = CARTESIAN_POINT ( 'NONE',  ( -10.70560600806852136, 4.200000000000851941, 0.000000000000000000 ) ) ;
#1360 = ORIENTED_EDGE ( 'NONE', *, *, #1514, .F. ) ;
#1361 = DIRECTION ( 'NONE',  ( 0.4999999999999972800, -0.8660254037844401509, 0.000000000000000000 ) ) ;
#1362 = VECTOR ( 'NONE', #545, 1000.000000000000000 ) ;
#1363 = ORIENTED_EDGE ( 'NONE', *, *, #352, .F. ) ;
#1364 = CARTESIAN_POINT ( 'NONE',  ( 0.000000000000000000, 0.000000000000000000, 2.799999999999999822 ) ) ;
#1365 = AXIS2_PLACEMENT_3D ( 'NONE', #1028, #1058, #2092 ) ;
#1366 = CIRCLE ( 'NONE', #1433, 1.799999999999999600 ) ;
#1367 = VERTEX_POINT ( 'NONE', #1652 ) ;
#1368 = DIRECTION ( 'NONE',  ( -0.000000000000000000, -0.000000000000000000, -1.000000000000000000 ) ) ;
#1369 = CIRCLE ( 'NONE', #1811, 5.000000000000000888 ) ;
#1370 = VECTOR ( 'NONE', #1026, 1000.000000000000227 ) ;
#1371 = DIRECTION ( 'NONE',  ( 0.4999999999999980571, -0.8660254037844397068, 0.000000000000000000 ) ) ;
#1372 = CARTESIAN_POINT ( 'NONE',  ( 12.12435565298215856, 6.999999999999974243, 2.799999999999999822 ) ) ;
#1373 = ORIENTED_EDGE ( 'NONE', *, *, #1211, .F. ) ;
#1374 = LINE ( 'NONE', #2084, #67 ) ;
#1375 = EDGE_CURVE ( 'NONE', #1197, #195, #451, .T. ) ;
#1376 = VERTEX_POINT ( 'NONE', #433 ) ;
#1377 = LINE ( 'NONE', #894, #1913 ) ;
#1378 = ORIENTED_EDGE ( 'NONE', *, *, #1897, .T. ) ;
#1379 = CARTESIAN_POINT ( 'NONE',  ( 10.23834477362937534, 4.666666666666636765, 0.006218122068456244551 ) ) ;
#1380 = CARTESIAN_POINT ( 'NONE',  ( -1.799999999999999822, 14.00000000000000000, 2.799999999999999822 ) ) ;
#1381 = EDGE_LOOP ( 'NONE', ( #1018, #1125 ) ) ;
#1382 = DIRECTION ( 'NONE',  ( 0.000000000000000000, 0.000000000000000000, 1.000000000000000000 ) ) ;
#1383 = EDGE_CURVE ( 'NONE', #112, #2164, #1112, .T. ) ;
#1384 = ORIENTED_EDGE ( 'NONE', *, *, #1810, .F. ) ;
#1385 = CARTESIAN_POINT ( 'NONE',  ( -1.616580753730629816, 11.20000000000037943, 0.003384343643181124406 ) ) ;
#1386 = EDGE_CURVE ( 'NONE', #1623, #2200, #1738, .T. ) ;
#1387 = EDGE_LOOP ( 'NONE', ( #809, #2279, #1039, #1700, #2121, #1993, #1684, #1801, #747, #412, #1791, #934, #1717, #306, #2170, #171 ) ) ;
#1388 = CARTESIAN_POINT ( 'NONE',  ( -20.00000000000000000, 0.000000000000000000, 7.000000000000000000 ) ) ;
#1389 = DIRECTION ( 'NONE',  ( 0.000000000000000000, 0.000000000000000000, 1.000000000000000000 ) ) ;
#1390 = VERTEX_POINT ( 'NONE', #1680 ) ;
#1391 = FACE_OUTER_BOUND ( 'NONE', #1222, .T. ) ;
#1392 = MANIFOLD_SOLID_BREP ( '\X2\52079664\X0\-\X2\62c94f38\X0\7', #2286 ) ;
#1393 = ORIENTED_EDGE ( 'NONE', *, *, #1024, .T. ) ;
#1394 = LINE ( 'NONE', #1757, #816 ) ;
#1395 = VECTOR ( 'NONE', #113, 1000.000000000000227 ) ;
#1396 = ORIENTED_EDGE ( 'NONE', *, *, #283, .T. ) ;
#1397 = LINE ( 'NONE', #2000, #1108 ) ;
#1398 = EDGE_CURVE ( 'NONE', #686, #58, #1689, .T. ) ;
#1399 = VECTOR ( 'NONE', #2148, 1000.000000000000000 ) ;
#1400 = LINE ( 'NONE', #1569, #1286 ) ;
#1401 = AXIS2_PLACEMENT_3D ( 'NONE', #2252, #689, #338 ) ;
#1402 = EDGE_LOOP ( 'NONE', ( #2016, #992, #787, #1319, #831 ) ) ;
#1403 = CARTESIAN_POINT ( 'NONE',  ( 8.891194145519731862, -6.999999999999960032, 0.003384343643208879981 ) ) ;
#1404 = VECTOR ( 'NONE', #180, 1000.000000000000000 ) ;
#1405 = CC_DESIGN_APPROVAL ( #796, ( #1942 ) ) ;
#1406 = CARTESIAN_POINT ( 'NONE',  ( 0.000000000000000000, 0.000000000000000000, 5.000000000000000000 ) ) ;
#1407 = ORIENTED_EDGE ( 'NONE', *, *, #1127, .F. ) ;
#1408 = DIRECTION ( 'NONE',  ( 1.000000000000000000, -2.414434176541859510E-15, 0.000000000000000000 ) ) ;
#1409 = ORIENTED_EDGE ( 'NONE', *, *, #754, .F. ) ;
#1410 = CARTESIAN_POINT ( 'NONE',  ( -13.74093640671348027, -9.799999999999077005, 2.799999999999999822 ) ) ;
#1411 = ADVANCED_FACE ( 'NONE', ( #1159 ), #1520, .F. ) ;
#1412 = CARTESIAN_POINT ( 'NONE',  ( -10.32435565298221114, -6.999999999999886313, 2.799999999999999822 ) ) ;
#1413 = EDGE_CURVE ( 'NONE', #234, #1615, #618, .T. ) ;
#1414 = ORIENTED_EDGE ( 'NONE', *, *, #1383, .T. ) ;
#1415 = FACE_OUTER_BOUND ( 'NONE', #1780, .T. ) ;
#1416 = CARTESIAN_POINT ( 'NONE',  ( 13.74093640671258854, -9.799999999999981171, 0.000000000000000000 ) ) ;
#1417 = ORIENTED_EDGE ( 'NONE', *, *, #2010, .F. ) ;
#1418 = CARTESIAN_POINT ( 'NONE',  ( -13.74093640671346783, -4.199999999999064926, 2.799999999999999822 ) ) ;
#1419 = ORIENTED_EDGE ( 'NONE', *, *, #1975, .F. ) ;
#1420 = DIRECTION ( 'NONE',  ( 1.000000000000000000, 0.000000000000000000, -0.000000000000000000 ) ) ;
#1421 = EDGE_CURVE ( 'NONE', #2130, #1597, #1345, .T. ) ;
#1422 = ORIENTED_EDGE ( 'NONE', *, *, #382, .T. ) ;
#1423 = DIRECTION ( 'NONE',  ( -0.8660254037844371533, 0.5000000000000025535, 0.000000000000000000 ) ) ;
#1424 = EDGE_CURVE ( 'NONE', #1475, #1761, #1864, .T. ) ;
#1425 = CARTESIAN_POINT ( 'NONE',  ( 23.00000000000000000, 2.816687638038912352E-15, 2.000000000000000000 ) ) ;
#1426 = EDGE_LOOP ( 'NONE', ( #1535, #719 ) ) ;
#1427 = CARTESIAN_POINT ( 'NONE',  ( -8.990109699929593745, -7.171326765894287192, 0.000000000000000000 ) ) ;
#1428 = VERTEX_POINT ( 'NONE', #2178 ) ;
#1429 = CARTESIAN_POINT ( 'NONE',  ( -8.891194145520609382, -6.999999999999082512, 2.799999999999999822 ) ) ;
#1430 = AXIS2_PLACEMENT_3D ( 'NONE', #880, #1043, #2120 ) ;
#1431 = FACE_OUTER_BOUND ( 'NONE', #679, .T. ) ;
#1432 = VECTOR ( 'NONE', #265, 1000.000000000000000 ) ;
#1433 = AXIS2_PLACEMENT_3D ( 'NONE', #2080, #158, #874 ) ;
#1434 = EDGE_CURVE ( 'NONE', #519, #2105, #594, .T. ) ;
#1435 = ORIENTED_EDGE ( 'NONE', *, *, #430, .F. ) ;
#1436 = CARTESIAN_POINT ( 'NONE',  ( -13.92435565298205979, 7.000000000000141220, 0.000000000000000000 ) ) ;
#1437 = VECTOR ( 'NONE', #1502, 1000.000000000000114 ) ;
#1438 = DIRECTION ( 'NONE',  ( 1.000000000000000000, 0.000000000000000000, 0.000000000000000000 ) ) ;
#1439 = ADVANCED_FACE ( 'NONE', ( #1149 ), #93, .F. ) ;
#1440 = ORIENTED_EDGE ( 'NONE', *, *, #529, .T. ) ;
#1441 = AXIS2_PLACEMENT_3D ( 'NONE', #1128, #87, #799 ) ;
#1442 = CARTESIAN_POINT ( 'NONE',  ( -8.891194145520609382, -6.999999999999082512, 0.000000000000000000 ) ) ;
#1443 = EDGE_LOOP ( 'NONE', ( #999, #431, #11, #192 ) ) ;
#1444 = LINE ( 'NONE', #2155, #884 ) ;
#1445 = FACE_OUTER_BOUND ( 'NONE', #47, .T. ) ;
#1446 = EDGE_LOOP ( 'NONE', ( #187, #1895, #697, #494 ) ) ;
#1447 = CARTESIAN_POINT ( 'NONE',  ( 3.233161507462242401, 14.00000000000037481, 2.799999999999999822 ) ) ;
#1448 = CARTESIAN_POINT ( 'NONE',  ( 1.616580753731280629, 11.20000000000037232, 2.799999999999999822 ) ) ;
#1449 = ORIENTED_EDGE ( 'NONE', *, *, #1089, .F. ) ;
#1450 = DIRECTION ( 'NONE',  ( -0.000000000000000000, -0.000000000000000000, 1.000000000000000000 ) ) ;
#1451 = CARTESIAN_POINT ( 'NONE',  ( -3.233161507461578044, 14.00000000000038902, 2.799999999999999822 ) ) ;
#1452 = EDGE_CURVE ( 'NONE', #1355, #1952, #558, .T. ) ;
#1453 = B_SPLINE_CURVE_WITH_KNOTS ( 'NONE', 3,
 ( #2022, #476, #827, #466 ),
 .UNSPECIFIED., .F., .F.,
 ( 4, 4 ),
 ( 0.000000000000000000, 0.0001978600550847093155 ),
 .UNSPECIFIED. ) ;
#1454 = ORIENTED_EDGE ( 'NONE', *, *, #1793, .F. ) ;
#1455 = CARTESIAN_POINT ( 'NONE',  ( -1.616580753731660547, -16.79999999999948912, 2.799999999999999822 ) ) ;
#1456 = EDGE_CURVE ( 'NONE', #1235, #2273, #1123, .T. ) ;
#1457 = PLANE ( 'NONE',  #2037 ) ;
#1458 = VERTEX_POINT ( 'NONE', #70 ) ;
#1459 = DIRECTION ( 'NONE',  ( -0.000000000000000000, -0.000000000000000000, -1.000000000000000000 ) ) ;
#1460 = DIRECTION ( 'NONE',  ( -0.8660254037844397068, -0.4999999999999981126, 0.000000000000000000 ) ) ;
#1461 = EDGE_LOOP ( 'NONE', ( #862, #197, #2183, #555 ) ) ;
#1462 = CARTESIAN_POINT ( 'NONE',  ( -10.57368975343154460, 4.200000000000851053, 0.001131212904514979122 ) ) ;
#1463 = LINE ( 'NONE', #528, #670 ) ;
#1464 = VERTEX_POINT ( 'NONE', #1829 ) ;
#1465 = CARTESIAN_POINT ( 'NONE',  ( 10.70560600806887130, -4.199999999999960210, 0.000000000000000000 ) ) ;
#1466 = EDGE_CURVE ( 'NONE', #1288, #904, #1321, .T. ) ;
#1467 = CARTESIAN_POINT ( 'NONE',  ( 19.00000000000000000, 0.000000000000000000, 7.000000000000000000 ) ) ;
#1468 = CALENDAR_DATE ( 2026, 28, 8 ) ;
#1469 = VECTOR ( 'NONE', #82, 1000.000000000000000 ) ;
#1470 = ORIENTED_EDGE ( 'NONE', *, *, #625, .T. ) ;
#1471 = CIRCLE ( 'NONE', #1587, 23.00000000000000000 ) ;
#1472 = DIRECTION ( 'NONE',  ( 0.5000000000000003331, 0.8660254037844383745, 0.000000000000000000 ) ) ;
#1473 = CIRCLE ( 'NONE', #407, 6.500000000000000888 ) ;
#1474 = CARTESIAN_POINT ( 'NONE',  ( 11.50000000000000000, 0.000000000000000000, 5.000000000000000000 ) ) ;
#1475 = VERTEX_POINT ( 'NONE', #2193 ) ;
#1476 = CARTESIAN_POINT ( 'NONE',  ( 12.12435565298211060, -7.000000000000056843, 0.000000000000000000 ) ) ;
#1477 = DIRECTION ( 'NONE',  ( 1.000000000000000000, 0.000000000000000000, 0.000000000000000000 ) ) ;
#1478 = AXIS2_PLACEMENT_3D ( 'NONE', #1131, #1771, #950 ) ;
#1479 = VECTOR ( 'NONE', #991, 1000.000000000000000 ) ;
#1480 = VERTEX_POINT ( 'NONE', #2027 ) ;
#1481 = DIRECTION ( 'NONE',  ( 0.000000000000000000, 0.000000000000000000, 1.000000000000000000 ) ) ;
#1482 = SECURITY_CLASSIFICATION ( '', '', #955 ) ;
#1483 = DIRECTION ( 'NONE',  ( 0.5000000000000019984, 0.8660254037844375974, 0.000000000000000000 ) ) ;
#1484 = COORDINATED_UNIVERSAL_TIME_OFFSET ( 8, 0, .AHEAD. ) ;
#1485 = EDGE_CURVE ( 'NONE', #14, #2257, #969, .T. ) ;
#1486 = ORIENTED_EDGE ( 'NONE', *, *, #503, .T. ) ;
#1487 = CARTESIAN_POINT ( 'NONE',  ( 13.74093640671258854, -9.799999999999981171, 2.799999999999999822 ) ) ;
#1488 = EDGE_CURVE ( 'NONE', #1121, #576, #2274, .T. ) ;
#1489 = DIRECTION ( 'NONE',  ( 0.8660254037844400399, 0.4999999999999977240, -0.000000000000000000 ) ) ;
#1490 = ORIENTED_EDGE ( 'NONE', *, *, #2213, .T. ) ;
#1491 = DIRECTION ( 'NONE',  ( -1.000000000000000000, 2.146163712481651758E-15, 0.000000000000000000 ) ) ;
#1492 = CARTESIAN_POINT ( 'NONE',  ( -10.50777489925157049, -9.799999999999084110, 2.799999999999999822 ) ) ;
#1493 = ORIENTED_EDGE ( 'NONE', *, *, #656, .F. ) ;
#1494 = DIRECTION ( 'NONE',  ( -1.000000000000000000, 3.755786496842892746E-15, 0.000000000000000000 ) ) ;
#1495 = DIRECTION ( 'NONE',  ( 0.5000000000000018874, 0.8660254037844374864, 0.000000000000000000 ) ) ;
#1496 = CARTESIAN_POINT ( 'NONE',  ( 13.92435565298215749, 6.999999999999974243, 0.000000000000000000 ) ) ;
#1497 = EDGE_CURVE ( 'NONE', #160, #2164, #1703, .T. ) ;
#1498 = PLANE ( 'NONE',  #35 ) ;
#1499 = ORIENTED_EDGE ( 'NONE', *, *, #199, .T. ) ;
#1500 = CARTESIAN_POINT ( 'NONE',  ( 13.74093640671260452, -4.199999999999969091, 2.799999999999999822 ) ) ;
#1501 = ADVANCED_FACE ( 'NONE', ( #1013 ), #2078, .F. ) ;
#1502 = DIRECTION ( 'NONE',  ( -0.5000000000000021094, -0.8660254037844373753, 0.000000000000000000 ) ) ;
#1503 = EDGE_LOOP ( 'NONE', ( #81, #249, #1005, #1104 ) ) ;
#1504 = LINE ( 'NONE', #2215, #1138 ) ;
#1505 = DIRECTION ( 'NONE',  ( 0.000000000000000000, -1.000000000000000000, 0.000000000000000000 ) ) ;
#1506 = DIRECTION ( 'NONE',  ( -0.000000000000000000, -0.000000000000000000, 1.000000000000000000 ) ) ;
#1507 = DIRECTION ( 'NONE',  ( 1.000000000000000000, 0.000000000000000000, 0.000000000000000000 ) ) ;
#1508 = VECTOR ( 'NONE', #323, 1000.000000000000000 ) ;
#1509 = LINE ( 'NONE', #1015, #1002 ) ;
#1510 = ORIENTED_EDGE ( 'NONE', *, *, #514, .T. ) ;
#1511 = DIRECTION ( 'NONE',  ( 1.000000000000000000, 0.000000000000000000, 0.000000000000000000 ) ) ;
#1512 = DIRECTION ( 'NONE',  ( 0.5000000000000024425, 0.8660254037844372643, 0.000000000000000000 ) ) ;
#1513 = VECTOR ( 'NONE', #125, 1000.000000000000000 ) ;
#1514 = EDGE_CURVE ( 'NONE', #1343, #1458, #1531, .T. ) ;
#1515 = ORIENTED_EDGE ( 'NONE', *, *, #951, .T. ) ;
#1516 = VECTOR ( 'NONE', #855, 1000.000000000000000 ) ;
#1517 = DIRECTION ( 'NONE',  ( -0.000000000000000000, -0.000000000000000000, 1.000000000000000000 ) ) ;
#1518 = VECTOR ( 'NONE', #2216, 1000.000000000000000 ) ;
#1519 = AXIS2_PLACEMENT_3D ( 'NONE', #1614, #1221, #1926 ) ;
#1520 = PLANE ( 'NONE',  #890 ) ;
#1521 = DATE_TIME_ROLE ( 'creation_date' ) ;
#1522 = DIRECTION ( 'NONE',  ( 0.5000000000000025535, 0.8660254037844371533, 0.000000000000000000 ) ) ;
#1523 = DIRECTION ( 'NONE',  ( 0.000000000000000000, 0.000000000000000000, 1.000000000000000000 ) ) ;
#1524 = ORIENTED_EDGE ( 'NONE', *, *, #1011, .F. ) ;
#1525 = CARTESIAN_POINT ( 'NONE',  ( -15.35751716044391735, 7.000000000000867750, 0.000000000000000000 ) ) ;
#1526 = CARTESIAN_POINT ( 'NONE',  ( 8.891194145519731862, -6.999999999999960032, 2.799999999999999822 ) ) ;
#1527 = VERTEX_POINT ( 'NONE', #1045 ) ;
#1528 = DIRECTION ( 'NONE',  ( -1.000000000000000000, 0.000000000000000000, -0.000000000000000000 ) ) ;
#1529 = ADVANCED_FACE ( 'NONE', ( #156 ), #1023, .F. ) ;
#1530 = ORIENTED_EDGE ( 'NONE', *, *, #1946, .T. ) ;
#1531 = LINE ( 'NONE', #317, #708 ) ;
#1532 = ADVANCED_FACE ( 'NONE', ( #2283 ), #1750, .F. ) ;
#1533 = CARTESIAN_POINT ( 'NONE',  ( 8.891194145519731862, -6.999999999999960032, 2.799999999999999822 ) ) ;
#1534 = DIRECTION ( 'NONE',  ( 1.000000000000000000, 0.000000000000000000, 0.000000000000000000 ) ) ;
#1535 = ORIENTED_EDGE ( 'NONE', *, *, #2093, .F. ) ;
#1536 = DIRECTION ( 'NONE',  ( -1.000000000000000000, 0.000000000000000000, 0.000000000000000000 ) ) ;
#1537 = CARTESIAN_POINT ( 'NONE',  ( 1.616580753730250786, -16.79999999999949623, 2.799999999999999822 ) ) ;
#1538 = B_SPLINE_CURVE_WITH_KNOTS ( 'NONE', 3,
 ( #1785, #1258, #1966, #1794 ),
 .UNSPECIFIED., .F., .F.,
 ( 4, 4 ),
 ( 0.000000000000000000, 0.0001978600550848583391 ),
 .UNSPECIFIED. ) ;
#1539 = ORIENTED_EDGE ( 'NONE', *, *, #1485, .T. ) ;
#1540 = CARTESIAN_POINT ( 'NONE',  ( 8.957133024081720407, 7.114209487862555470, 1.810973927058193819E-16 ) ) ;
#1541 = EDGE_LOOP ( 'NONE', ( #559, #350, #378, #914 ) ) ;
#1542 = CARTESIAN_POINT ( 'NONE',  ( 1.077720502487628851, 11.20000000000036877, 0.006218122068434650714 ) ) ;
#1543 = COORDINATED_UNIVERSAL_TIME_OFFSET ( 8, 0, .AHEAD. ) ;
#1544 = EDGE_CURVE ( 'NONE', #738, #58, #852, .T. ) ;
#1545 = CARTESIAN_POINT ( 'NONE',  ( 13.74093640671310723, 4.199999999999962874, 0.000000000000000000 ) ) ;
#1546 = FACE_OUTER_BOUND ( 'NONE', #439, .T. ) ;
#1547 = EDGE_LOOP ( 'NONE', ( #1631, #477, #1044, #506, #688 ) ) ;
#1548 = FACE_OUTER_BOUND ( 'NONE', #1503, .T. ) ;
#1549 = ORIENTED_EDGE ( 'NONE', *, *, #1047, .T. ) ;
#1550 = CARTESIAN_POINT ( 'NONE',  ( -13.74093640671346783, -4.199999999999064926, 2.799999999999999822 ) ) ;
#1551 = CIRCLE ( 'NONE', #518, 20.00000000000000000 ) ;
#1552 = CIRCLE ( 'NONE', #521, 1.799999999999999600 ) ;
#1553 = ADVANCED_BREP_SHAPE_REPRESENTATION ( '\X2\5185\X0\6\X2\5c0167f176d6\X0\', ( #1392, #676 ), #38 ) ;
#1554 = ORIENTED_EDGE ( 'NONE', *, *, #568, .F. ) ;
#1555 = LINE ( 'NONE', #1356, #1070 ) ;
#1556 = AXIS2_PLACEMENT_3D ( 'NONE', #2004, #1841, #1670 ) ;
#1557 = VECTOR ( 'NONE', #727, 1000.000000000000114 ) ;
#1558 = DIRECTION ( 'NONE',  ( 1.000000000000000000, -2.146163712481651758E-15, 0.000000000000000000 ) ) ;
#1559 = B_SPLINE_CURVE_WITH_KNOTS ( 'NONE', 3,
 ( #465, #1164, #1870, #847, #889 ),
 .UNSPECIFIED., .F., .F.,
 ( 4, 1, 4 ),
 ( 0.000000000000000000, 0.001616580753730954660, 0.003233161507461909320 ),
 .UNSPECIFIED. ) ;
#1560 = EDGE_CURVE ( 'NONE', #1597, #464, #435, .T. ) ;
#1561 = AXIS2_PLACEMENT_3D ( 'NONE', #259, #1506, #632 ) ;
#1562 = DIRECTION ( 'NONE',  ( -0.000000000000000000, -0.000000000000000000, 1.000000000000000000 ) ) ;
#1563 = VERTEX_POINT ( 'NONE', #1577 ) ;
#1564 = CARTESIAN_POINT ( 'NONE',  ( 0.000000000000000000, 0.000000000000000000, 8.000000000000000000 ) ) ;
#1565 = ORIENTED_EDGE ( 'NONE', *, *, #489, .T. ) ;
#1566 = CARTESIAN_POINT ( 'NONE',  ( 1.616580753730250786, -16.79999999999949623, 0.000000000000000000 ) ) ;
#1567 = EDGE_LOOP ( 'NONE', ( #1454, #237, #223, #1175 ) ) ;
#1568 = LINE ( 'NONE', #655, #1038 ) ;
#1569 = CARTESIAN_POINT ( 'NONE',  ( 10.50777489925069652, -4.199999999999960210, 2.799999999999999822 ) ) ;
#1570 = EDGE_CURVE ( 'NONE', #882, #1527, #505, .T. ) ;
#1571 = ORIENTED_EDGE ( 'NONE', *, *, #269, .T. ) ;
#1572 = CARTESIAN_POINT ( 'NONE',  ( 13.74093640671310723, 4.199999999999962874, 2.799999999999999822 ) ) ;
#1573 = EDGE_CURVE ( 'NONE', #1527, #1235, #1555, .T. ) ;
#1574 = ORIENTED_EDGE ( 'NONE', *, *, #1127, .T. ) ;
#1575 = FACE_OUTER_BOUND ( 'NONE', #1604, .T. ) ;
#1576 = EDGE_LOOP ( 'NONE', ( #1009, #703 ) ) ;
#1577 = CARTESIAN_POINT ( 'NONE',  ( 1.715496308139890624, 11.37132676589492775, 0.000000000000000000 ) ) ;
#1578 = CALENDAR_DATE ( 2026, 28, 8 ) ;
#1579 = CARTESIAN_POINT ( 'NONE',  ( 0.000000000000000000, 0.000000000000000000, 5.000000000000000000 ) ) ;
#1580 = ORIENTED_EDGE ( 'NONE', *, *, #1318, .F. ) ;
#1581 = DIRECTION ( 'NONE',  ( -0.4999999999999979461, 0.8660254037844397068, 0.000000000000000000 ) ) ;
#1582 = PLANE ( 'NONE',  #2113 ) ;
#1583 = ORIENTED_EDGE ( 'NONE', *, *, #1119, .T. ) ;
#1584 = PLANE ( 'NONE',  #29 ) ;
#1585 = VECTOR ( 'NONE', #31, 1000.000000000000000 ) ;
#1586 = EDGE_CURVE ( 'NONE', #195, #2200, #152, .T. ) ;
#1587 = AXIS2_PLACEMENT_3D ( 'NONE', #276, #2248, #1511 ) ;
#1588 = ORIENTED_EDGE ( 'NONE', *, *, #1078, .F. ) ;
#1589 = PLANE ( 'NONE',  #33 ) ;
#1590 = VECTOR ( 'NONE', #1069, 1000.000000000000000 ) ;
#1591 = AXIS2_PLACEMENT_3D ( 'NONE', #2124, #572, #208 ) ;
#1592 = DIRECTION ( 'NONE',  ( -0.000000000000000000, -0.000000000000000000, -1.000000000000000000 ) ) ;
#1593 = ORIENTED_EDGE ( 'NONE', *, *, #856, .T. ) ;
#1594 = FACE_OUTER_BOUND ( 'NONE', #672, .T. ) ;
#1595 = APPROVAL_PERSON_ORGANIZATION ( #2079, #2194, #133 ) ;
#1596 = DIRECTION ( 'NONE',  ( -0.4999999999999980571, 0.8660254037844397068, 0.000000000000000000 ) ) ;
#1597 = VERTEX_POINT ( 'NONE', #513 ) ;
#1598 = DIRECTION ( 'NONE',  ( -2.414434176541859510E-15, -1.000000000000000000, 0.000000000000000000 ) ) ;
#1599 = EDGE_LOOP ( 'NONE', ( #1027, #130 ) ) ;
#1600 = EDGE_CURVE ( 'NONE', #1153, #2073, #1369, .T. ) ;
#1601 = DIRECTION ( 'NONE',  ( 1.000000000000000000, -2.146163712481651758E-15, 0.000000000000000000 ) ) ;
#1602 = EDGE_CURVE ( 'NONE', #1924, #234, #1203, .T. ) ;
#1603 = FACE_BOUND ( 'NONE', #74, .T. ) ;
#1604 = EDGE_LOOP ( 'NONE', ( #1617, #1486, #504, #36, #1048 ) ) ;
#1605 = CARTESIAN_POINT ( 'NONE',  ( 0.000000000000000000, 0.000000000000000000, 8.000000000000000000 ) ) ;
#1606 = CARTESIAN_POINT ( 'NONE',  ( 0.000000000000000000, 0.000000000000000000, 0.000000000000000000 ) ) ;
#1607 = ORIENTED_EDGE ( 'NONE', *, *, #2055, .F. ) ;
#1608 = DIRECTION ( 'NONE',  ( 1.000000000000000000, 0.000000000000000000, 0.000000000000000000 ) ) ;
#1609 = ORIENTED_EDGE ( 'NONE', *, *, #1456, .F. ) ;
#1610 = FACE_OUTER_BOUND ( 'NONE', #1567, .T. ) ;
#1611 = EDGE_CURVE ( 'NONE', #14, #1242, #665, .T. ) ;
#1612 = ORIENTED_EDGE ( 'NONE', *, *, #1020, .T. ) ;
#1613 = CARTESIAN_POINT ( 'NONE',  ( -1.799999999999999822, 14.00000000000000000, 0.000000000000000000 ) ) ;
#1614 = CARTESIAN_POINT ( 'NONE',  ( 12.12435565298215856, 6.999999999999974243, 0.000000000000000000 ) ) ;
#1615 = VERTEX_POINT ( 'NONE', #495 ) ;
#1616 = CARTESIAN_POINT ( 'NONE',  ( 3.233161507462242401, 14.00000000000037481, 0.000000000000000000 ) ) ;
#1617 = ORIENTED_EDGE ( 'NONE', *, *, #853, .T. ) ;
#1618 = LINE ( 'NONE', #756, #1585 ) ;
#1619 = AXIS2_PLACEMENT_3D ( 'NONE', #1320, #1896, #1528 ) ;
#1620 = CARTESIAN_POINT ( 'NONE',  ( -13.74093640671295624, 9.800000000000871125, 0.000000000000000000 ) ) ;
#1621 = VECTOR ( 'NONE', #939, 1000.000000000000000 ) ;
#1622 = CIRCLE ( 'NONE', #2179, 23.00000000000000000 ) ;
#1623 = VERTEX_POINT ( 'NONE', #1388 ) ;
#1624 = CARTESIAN_POINT ( 'NONE',  ( -10.32435565298206193, 7.000000000000141220, 0.000000000000000000 ) ) ;
#1625 = EDGE_CURVE ( 'NONE', #1293, #1077, #1568, .T. ) ;
#1626 = VECTOR ( 'NONE', #1368, 1000.000000000000000 ) ;
#1627 = CARTESIAN_POINT ( 'NONE',  ( 12.12435565298211060, -7.000000000000056843, 8.000000000000000000 ) ) ;
#1628 = VERTEX_POINT ( 'NONE', #481 ) ;
#1629 = VECTOR ( 'NONE', #1596, 1000.000000000000000 ) ;
#1630 = DIRECTION ( 'NONE',  ( -0.000000000000000000, -0.000000000000000000, 1.000000000000000000 ) ) ;
#1631 = ORIENTED_EDGE ( 'NONE', *, *, #1170, .T. ) ;
#1632 = FACE_OUTER_BOUND ( 'NONE', #920, .T. ) ;
#1633 = FACE_BOUND ( 'NONE', #1381, .T. ) ;
#1634 = ORIENTED_EDGE ( 'NONE', *, *, #1963, .T. ) ;
#1635 = DIRECTION ( 'NONE',  ( 0.000000000000000000, 0.000000000000000000, 1.000000000000000000 ) ) ;
#1636 = DIRECTION ( 'NONE',  ( -0.4999999999999976685, 0.8660254037844399289, 0.000000000000000000 ) ) ;
#1637 = EDGE_LOOP ( 'NONE', ( #1449, #534, #498, #252 ) ) ;
#1638 = CYLINDRICAL_SURFACE ( 'NONE', #108, 1.799999999999999822 ) ;
#1639 = DIRECTION ( 'NONE',  ( -0.000000000000000000, -0.000000000000000000, -1.000000000000000000 ) ) ;
#1640 = EDGE_CURVE ( 'NONE', #683, #1298, #240, .T. ) ;
#1641 = VERTEX_POINT ( 'NONE', #1120 ) ;
#1642 = CARTESIAN_POINT ( 'NONE',  ( 10.57368975343175421, 4.199999999999968203, 0.001131212904516996822 ) ) ;
#1643 = ORIENTED_EDGE ( 'NONE', *, *, #1653, .T. ) ;
#1644 = CYLINDRICAL_SURFACE ( 'NONE', #2068, 23.00000000000000000 ) ;
#1645 = CARTESIAN_POINT ( 'NONE',  ( -9.776147748760773395E-14, -14.00000000000000000, 2.799999999999999822 ) ) ;
#1646 = ORIENTED_EDGE ( 'NONE', *, *, #40, .T. ) ;
#1647 = CYLINDRICAL_SURFACE ( 'NONE', #962, 1.799999999999999600 ) ;
#1648 = CARTESIAN_POINT ( 'NONE',  ( 1.799999999999999822, 14.00000000000000000, 2.799999999999999822 ) ) ;
#1649 = ORIENTED_EDGE ( 'NONE', *, *, #644, .F. ) ;
#1650 = VERTEX_POINT ( 'NONE', #229 ) ;
#1651 = EDGE_CURVE ( 'NONE', #331, #1758, #2172, .T. ) ;
#1652 = CARTESIAN_POINT ( 'NONE',  ( -20.00000000000000000, 0.000000000000000000, 2.000000000000000000 ) ) ;
#1653 = EDGE_CURVE ( 'NONE', #2105, #396, #1397, .T. ) ;
#1654 = PERSON_AND_ORGANIZATION ( #897, #1668 ) ;
#1655 = AXIS2_PLACEMENT_3D ( 'NONE', #2087, #1928, #346 ) ;
#1656 = ORIENTED_EDGE ( 'NONE', *, *, #1237, .F. ) ;
#1657 = AXIS2_PLACEMENT_3D ( 'NONE', #638, #250, #286 ) ;
#1658 = DIRECTION ( 'NONE',  ( 0.000000000000000000, 0.000000000000000000, 1.000000000000000000 ) ) ;
#1659 = AXIS2_PLACEMENT_3D ( 'NONE', #1312, #109, #797 ) ;
#1660 = LINE ( 'NONE', #274, #411 ) ;
#1661 = ORIENTED_EDGE ( 'NONE', *, *, #1932, .T. ) ;
#1662 = CARTESIAN_POINT ( 'NONE',  ( -1.616580753731660547, -16.79999999999948912, 0.000000000000000000 ) ) ;
#1663 = LINE ( 'NONE', #1290, #370 ) ;
#1664 = VECTOR ( 'NONE', #1639, 1000.000000000000000 ) ;
#1665 = CIRCLE ( 'NONE', #154, 1.799999999999999600 ) ;
#1666 = EDGE_LOOP ( 'NONE', ( #1012, #1256, #1199, #198 ) ) ;
#1667 = CARTESIAN_POINT ( 'NONE',  ( -3.233161507461578044, 14.00000000000038902, 2.799999999999999822 ) ) ;
#1668 = ORGANIZATION ( 'æœª', 'æœª', '' ) ;
#1669 = ADVANCED_FACE ( 'NONE', ( #1225 ), #348, .F. ) ;
#1670 = DIRECTION ( 'NONE',  ( 1.000000000000000000, 0.000000000000000000, 0.000000000000000000 ) ) ;
#1671 = APPROVAL_STATUS ( 'not_yet_approved' ) ;
#1672 = ADVANCED_FACE ( 'NONE', ( #1826, #1276 ), #239, .T. ) ;
#1673 = DIRECTION ( 'NONE',  ( 1.000000000000000000, 0.000000000000000000, 0.000000000000000000 ) ) ;
#1674 = CARTESIAN_POINT ( 'NONE',  ( 1.616580753731280629, 11.20000000000037232, 2.799999999999999822 ) ) ;
#1675 = ORIENTED_EDGE ( 'NONE', *, *, #1132, .F. ) ;
#1676 = FACE_OUTER_BOUND ( 'NONE', #1960, .T. ) ;
#1677 = LINE ( 'NONE', #1342, #453 ) ;
#1678 = EDGE_LOOP ( 'NONE', ( #20, #835 ) ) ;
#1679 = DIRECTION ( 'NONE',  ( -0.000000000000000000, -0.000000000000000000, -1.000000000000000000 ) ) ;
#1680 = CARTESIAN_POINT ( 'NONE',  ( 8.990109699929085707, 7.171326765894922239, 0.000000000000000000 ) ) ;
#1681 = CARTESIAN_POINT ( 'NONE',  ( -12.12435565298221007, -6.999999999999886313, 8.000000000000000000 ) ) ;
#1682 = EDGE_CURVE ( 'NONE', #1852, #1952, #763, .T. ) ;
#1683 = CARTESIAN_POINT ( 'NONE',  ( -11.50000000000000000, 1.408343819019456373E-15, 0.000000000000000000 ) ) ;
#1684 = ORIENTED_EDGE ( 'NONE', *, *, #1744, .F. ) ;
#1685 = CARTESIAN_POINT ( 'NONE',  ( 13.74093640671311611, 9.799999999999970512, 2.799999999999999822 ) ) ;
#1686 = DIRECTION ( 'NONE',  ( -0.000000000000000000, -0.000000000000000000, -1.000000000000000000 ) ) ;
#1687 = ORIENTED_EDGE ( 'NONE', *, *, #140, .T. ) ;
#1688 = CARTESIAN_POINT ( 'NONE',  ( -1.616580753730629816, 11.20000000000037943, 2.799999999999999822 ) ) ;
#1689 = LINE ( 'NONE', #818, #2074 ) ;
#1690 = PERSON_AND_ORGANIZATION_ROLE ( 'creator' ) ;
#1691 = DIRECTION ( 'NONE',  ( -0.4999999999999982236, 0.8660254037844395958, 0.000000000000000000 ) ) ;
#1692 = AXIS2_PLACEMENT_3D ( 'NONE', #949, #1118, #196 ) ;
#1693 = CYLINDRICAL_SURFACE ( 'NONE', #1182, 6.500000000000000888 ) ;
#1694 = ADVANCED_FACE ( 'NONE', ( #589 ), #753, .F. ) ;
#1695 = VERTEX_POINT ( 'NONE', #1648 ) ;
#1696 = CARTESIAN_POINT ( 'NONE',  ( 10.50777489925069652, -4.199999999999960210, 0.003384343643210614705 ) ) ;
#1697 = DIRECTION ( 'NONE',  ( -1.000000000000000000, 0.000000000000000000, 0.000000000000000000 ) ) ;
#1698 = CIRCLE ( 'NONE', #591, 1.799999999999999600 ) ;
#1699 = EDGE_CURVE ( 'NONE', #1761, #2013, #1663, .T. ) ;
#1700 = ORIENTED_EDGE ( 'NONE', *, *, #1060, .F. ) ;
#1701 = AXIS2_PLACEMENT_3D ( 'NONE', #1033, #2265, #680 ) ;
#1702 = LINE ( 'NONE', #1010, #921 ) ;
#1703 = CIRCLE ( 'NONE', #485, 1.799999999999999822 ) ;
#1704 = ORIENTED_EDGE ( 'NONE', *, *, #1682, .T. ) ;
#1705 = AXIS2_PLACEMENT_3D ( 'NONE', #1474, #248, #2186 ) ;
#1706 = CARTESIAN_POINT ( 'NONE',  ( 8.891194145520254111, 6.999999999999982236, 0.003384343643193267470 ) ) ;
#1707 = CC_DESIGN_APPROVAL ( #552, ( #1184 ) ) ;
#1708 = LINE ( 'NONE', #1931, #854 ) ;
#1709 = DIRECTION ( 'NONE',  ( -0.8660254037844407060, -0.4999999999999965028, 0.000000000000000000 ) ) ;
#1710 = VERTEX_POINT ( 'NONE', #1106 ) ;
#1711 = CARTESIAN_POINT ( 'NONE',  ( 13.74093640671311611, 9.799999999999970512, 0.000000000000000000 ) ) ;
#1712 = CARTESIAN_POINT ( 'NONE',  ( 0.000000000000000000, 0.000000000000000000, 7.000000000000000000 ) ) ;
#1713 = ADVANCED_FACE ( 'NONE', ( #883 ), #1589, .F. ) ;
#1714 = ORIENTED_EDGE ( 'NONE', *, *, #1227, .T. ) ;
#1715 = FACE_BOUND ( 'NONE', #566, .T. ) ;
#1716 = EDGE_CURVE ( 'NONE', #882, #2013, #775, .T. ) ;
#1717 = ORIENTED_EDGE ( 'NONE', *, *, #470, .F. ) ;
#1718 = CARTESIAN_POINT ( 'NONE',  ( 8.891194145519731862, -6.999999999999960032, 2.799999999999999822 ) ) ;
#1719 = LINE ( 'NONE', #134, #1735 ) ;
#1720 = CARTESIAN_POINT ( 'NONE',  ( 3.233161507461211226, -13.99999999999949196, 0.000000000000000000 ) ) ;
#1721 = ORIENTED_EDGE ( 'NONE', *, *, #1115, .T. ) ;
#1722 = FACE_OUTER_BOUND ( 'NONE', #19, .T. ) ;
#1723 = ORIENTED_EDGE ( 'NONE', *, *, #1329, .T. ) ;
#1724 = DIRECTION ( 'NONE',  ( -0.8660254037844375974, 0.5000000000000019984, 0.000000000000000000 ) ) ;
#1725 = ORIENTED_EDGE ( 'NONE', *, *, #2243, .T. ) ;
#1726 = EDGE_CURVE ( 'NONE', #519, #360, #1463, .T. ) ;
#1727 = DIRECTION ( 'NONE',  ( -1.000000000000000000, 3.219245568722479610E-15, 0.000000000000000000 ) ) ;
#1728 = EDGE_CURVE ( 'NONE', #1197, #1623, #1954, .T. ) ;
#1729 = CARTESIAN_POINT ( 'NONE',  ( -8.924151572610297123, 7.057083938207827423, 0.001131212904512630306 ) ) ;
#1730 = CARTESIAN_POINT ( 'NONE',  ( 15.35751716044406834, 6.999999999999965361, 0.000000000000000000 ) ) ;
#1731 = VERTEX_POINT ( 'NONE', #2190 ) ;
#1732 = DIRECTION ( 'NONE',  ( 2.146163712481651758E-15, 1.000000000000000000, -0.000000000000000000 ) ) ;
#1733 = ORIENTED_EDGE ( 'NONE', *, *, #2270, .F. ) ;
#1734 = LINE ( 'NONE', #153, #812 ) ;
#1735 = VECTOR ( 'NONE', #1558, 1000.000000000000000 ) ;
#1736 = ORIENTED_EDGE ( 'NONE', *, *, #1421, .T. ) ;
#1737 = CARTESIAN_POINT ( 'NONE',  ( -13.74093640671296868, 4.200000000000859046, 2.799999999999999822 ) ) ;
#1738 = CIRCLE ( 'NONE', #73, 1.000000000000000888 ) ;
#1739 = CALENDAR_DATE ( 2026, 28, 8 ) ;
#1740 = ADVANCED_FACE ( 'NONE', ( #604 ), #174, .F. ) ;
#1741 = VECTOR ( 'NONE', #263, 1000.000000000000000 ) ;
#1742 = CYLINDRICAL_SURFACE ( 'NONE', #741, 1.799999999999999822 ) ;
#1743 = AXIS2_PLACEMENT_3D ( 'NONE', #2234, #1297, #1150 ) ;
#1744 = EDGE_CURVE ( 'NONE', #2273, #661, #182, .T. ) ;
#1745 = ORIENTED_EDGE ( 'NONE', *, *, #685, .T. ) ;
#1746 = CARTESIAN_POINT ( 'NONE',  ( -1.616580753730617603, 16.80000000000039151, 0.000000000000000000 ) ) ;
#1747 = EDGE_LOOP ( 'NONE', ( #1190, #982, #1192, #1353 ) ) ;
#1748 = CARTESIAN_POINT ( 'NONE',  ( 10.32435565298215785, 6.999999999999974243, 2.799999999999999822 ) ) ;
#1749 = ORIENTED_EDGE ( 'NONE', *, *, #2153, .T. ) ;
#1750 = PLANE ( 'NONE',  #2112 ) ;
#1751 = FACE_OUTER_BOUND ( 'NONE', #790, .T. ) ;
#1752 = ORIENTED_EDGE ( 'NONE', *, *, #1035, .T. ) ;
#1753 = CARTESIAN_POINT ( 'NONE',  ( 1.616580753731293507, 16.80000000000038440, 2.799999999999999822 ) ) ;
#1754 = EDGE_CURVE ( 'NONE', #1710, #892, #966, .T. ) ;
#1755 = LINE ( 'NONE', #169, #76 ) ;
#1756 = VERTEX_POINT ( 'NONE', #2122 ) ;
#1757 = CARTESIAN_POINT ( 'NONE',  ( -15.35751716044443071, -6.999999999999066524, 2.799999999999999822 ) ) ;
#1758 = VERTEX_POINT ( 'NONE', #537 ) ;
#1759 = CARTESIAN_POINT ( 'NONE',  ( 8.891194145519731862, -6.999999999999960032, 0.003384343643208879981 ) ) ;
#1760 = CARTESIAN_POINT ( 'NONE',  ( -15.35751716044443071, -6.999999999999066524, 2.799999999999999822 ) ) ;
#1761 = VERTEX_POINT ( 'NONE', #1064 ) ;
#1762 = CARTESIAN_POINT ( 'NONE',  ( -10.50777489925157049, -9.799999999999084110, 0.000000000000000000 ) ) ;
#1763 = EDGE_CURVE ( 'NONE', #1758, #1464, #1234, .T. ) ;
#1764 = FACE_OUTER_BOUND ( 'NONE', #88, .T. ) ;
#1765 = ORIENTED_EDGE ( 'NONE', *, *, #1625, .T. ) ;
#1766 = DIRECTION ( 'NONE',  ( 0.8660254037844377084, -0.5000000000000017764, 0.000000000000000000 ) ) ;
#1767 = VECTOR ( 'NONE', #1915, 1000.000000000000000 ) ;
#1768 = ADVANCED_FACE ( 'NONE', ( #837 ), #1861, .F. ) ;
#1769 = AXIS2_PLACEMENT_3D ( 'NONE', #1017, #684, #332 ) ;
#1770 = VERTEX_POINT ( 'NONE', #1537 ) ;
#1771 = DIRECTION ( 'NONE',  ( 0.000000000000000000, 0.000000000000000000, -1.000000000000000000 ) ) ;
#1772 = VECTOR ( 'NONE', #1944, 1000.000000000000000 ) ;
#1773 = AXIS2_PLACEMENT_3D ( 'NONE', #767, #421, #1296 ) ;
#1774 = FACE_BOUND ( 'NONE', #1113, .T. ) ;
#1775 = VECTOR ( 'NONE', #1891, 1000.000000000000000 ) ;
#1776 = VERTEX_POINT ( 'NONE', #974 ) ;
#1777 = DIRECTION ( 'NONE',  ( -0.5000000000000025535, -0.8660254037844371533, 0.000000000000000000 ) ) ;
#1778 = LOCAL_TIME ( 11, 20, 22.00000000000000000, #1543 ) ;
#1779 = LINE ( 'NONE', #1425, #968 ) ;
#1780 = EDGE_LOOP ( 'NONE', ( #54, #316, #509, #779 ) ) ;
#1781 = CARTESIAN_POINT ( 'NONE',  ( -1.715496308139287107, 11.37132676589501834, 0.000000000000000000 ) ) ;
#1782 = ORIENTED_EDGE ( 'NONE', *, *, #740, .T. ) ;
#1783 = CC_DESIGN_PERSON_AND_ORGANIZATION_ASSIGNMENT ( #1654, #1194, ( #1482 ) ) ;
#1784 = EDGE_CURVE ( 'NONE', #360, #2214, #1972, .T. ) ;
#1785 = CARTESIAN_POINT ( 'NONE',  ( 1.616580753730264775, -11.19999999999948415, 0.003384343643215818875 ) ) ;
#1786 = EDGE_LOOP ( 'NONE', ( #761, #1914, #288, #2097 ) ) ;
#1787 = CARTESIAN_POINT ( 'NONE',  ( -13.74093640671295624, 9.800000000000871125, 2.799999999999999822 ) ) ;
#1788 = LINE ( 'NONE', #204, #561 ) ;
#1789 = EDGE_LOOP ( 'NONE', ( #707, #1981, #2210, #1539 ) ) ;
#1790 = DIRECTION ( 'NONE',  ( -0.5000000000000017764, -0.8660254037844377084, 0.000000000000000000 ) ) ;
#1791 = ORIENTED_EDGE ( 'NONE', *, *, #2096, .F. ) ;
#1792 = CARTESIAN_POINT ( 'NONE',  ( 1.616580753731293507, 16.80000000000038440, 0.000000000000000000 ) ) ;
#1793 = EDGE_CURVE ( 'NONE', #1623, #1197, #117, .T. ) ;
#1794 = CARTESIAN_POINT ( 'NONE',  ( 1.715496308139425885, -11.37132676589499702, 0.000000000000000000 ) ) ;
#1795 = EDGE_CURVE ( 'NONE', #1831, #275, #302, .T. ) ;
#1796 = ORIENTED_EDGE ( 'NONE', *, *, #1211, .T. ) ;
#1797 = PLANE ( 'NONE',  #2072 ) ;
#1798 = LINE ( 'NONE', #925, #1404 ) ;
#1799 = ORIENTED_EDGE ( 'NONE', *, *, #1279, .T. ) ;
#1800 = DIRECTION ( 'NONE',  ( -0.4999999999999965583, 0.8660254037844407060, 0.000000000000000000 ) ) ;
#1801 = ORIENTED_EDGE ( 'NONE', *, *, #1921, .F. ) ;
#1802 = FACE_OUTER_BOUND ( 'NONE', #181, .T. ) ;
#1803 = CIRCLE ( 'NONE', #1065, 11.50000000000000000 ) ;
#1804 = CARTESIAN_POINT ( 'NONE',  ( 0.000000000000000000, 0.000000000000000000, 2.000000000000000000 ) ) ;
#1805 = AXIS2_PLACEMENT_3D ( 'NONE', #1994, #734, #48 ) ;
#1806 = EDGE_CURVE ( 'NONE', #626, #677, #792, .T. ) ;
#1807 = AXIS2_PLACEMENT_3D ( 'NONE', #2254, #2266, #328 ) ;
#1808 = ORIENTED_EDGE ( 'NONE', *, *, #1398, .T. ) ;
#1809 = DIRECTION ( 'NONE',  ( 1.000000000000000000, 0.000000000000000000, 0.000000000000000000 ) ) ;
#1810 = EDGE_CURVE ( 'NONE', #848, #661, #1317, .T. ) ;
#1811 = AXIS2_PLACEMENT_3D ( 'NONE', #131, #1212, #2089 ) ;
#1812 = CARTESIAN_POINT ( 'NONE',  ( 1.616580753730264775, -11.19999999999948415, 2.799999999999999822 ) ) ;
#1813 = ORIENTED_EDGE ( 'NONE', *, *, #200, .T. ) ;
#1814 = AXIS2_PLACEMENT_3D ( 'NONE', #802, #2060, #301 ) ;
#1815 = CARTESIAN_POINT ( 'NONE',  ( -15.35751716044391735, 7.000000000000867750, 2.799999999999999822 ) ) ;
#1816 = CARTESIAN_POINT ( 'NONE',  ( -10.50777489925157049, -9.799999999999084110, 2.799999999999999822 ) ) ;
#1817 = CARTESIAN_POINT ( 'NONE',  ( -13.74093640671348027, -9.799999999999077005, 2.799999999999999822 ) ) ;
#1818 = DIRECTION ( 'NONE',  ( 1.000000000000000000, -2.146163712481651758E-15, 0.000000000000000000 ) ) ;
#1819 = PERSON_AND_ORGANIZATION ( #897, #1668 ) ;
#1820 = ORIENTED_EDGE ( 'NONE', *, *, #369, .F. ) ;
#1821 = LINE ( 'NONE', #946, #333 ) ;
#1822 = CARTESIAN_POINT ( 'NONE',  ( -8.891194145520097791, 7.000000000000851763, 0.003384343643177654959 ) ) ;
#1823 = EDGE_CURVE ( 'NONE', #576, #17, #1453, .T. ) ;
#1824 = ORIENTED_EDGE ( 'NONE', *, *, #503, .F. ) ;
#1825 = LINE ( 'NONE', #774, #30 ) ;
#1826 = FACE_OUTER_BOUND ( 'NONE', #1133, .T. ) ;
#1827 = EDGE_CURVE ( 'NONE', #41, #1852, #1174, .T. ) ;
#1828 = PLANE ( 'NONE',  #290 ) ;
#1829 = CARTESIAN_POINT ( 'NONE',  ( 13.74093640671310723, 4.199999999999962874, 2.799999999999999822 ) ) ;
#1830 = PERSON_AND_ORGANIZATION_ROLE ( 'design_owner' ) ;
#1831 = VERTEX_POINT ( 'NONE', #126 ) ;
#1832 = LINE ( 'NONE', #437, #1331 ) ;
#1833 = DIRECTION ( 'NONE',  ( -1.000000000000000000, 0.000000000000000000, 0.000000000000000000 ) ) ;
#1834 = ORIENTED_EDGE ( 'NONE', *, *, #542, .F. ) ;
#1835 = PLANE ( 'NONE',  #482 ) ;
#1836 = DIRECTION ( 'NONE',  ( 0.4999999999999993339, -0.8660254037844389297, 0.000000000000000000 ) ) ;
#1837 = EDGE_CURVE ( 'NONE', #1243, #331, #1677, .T. ) ;
#1838 = ORIENTED_EDGE ( 'NONE', *, *, #2093, .T. ) ;
#1839 = LINE ( 'NONE', #765, #2104 ) ;
#1840 = ADVANCED_FACE ( 'NONE', ( #1881 ), #1142, .F. ) ;
#1841 = DIRECTION ( 'NONE',  ( 0.000000000000000000, 0.000000000000000000, 1.000000000000000000 ) ) ;
#1842 = ORIENTED_EDGE ( 'NONE', *, *, #2232, .T. ) ;
#1843 = VECTOR ( 'NONE', #507, 1000.000000000000000 ) ;
#1844 = CARTESIAN_POINT ( 'NONE',  ( 0.000000000000000000, 0.000000000000000000, 0.000000000000000000 ) ) ;
#1845 = VECTOR ( 'NONE', #1226, 1000.000000000000000 ) ;
#1846 = DIRECTION ( 'NONE',  ( -0.000000000000000000, -0.000000000000000000, -1.000000000000000000 ) ) ;
#1847 = ORIENTED_EDGE ( 'NONE', *, *, #2055, .T. ) ;
#1848 = DIRECTION ( 'NONE',  ( 0.4999999999999993339, -0.8660254037844389297, 0.000000000000000000 ) ) ;
#1849 = DIRECTION ( 'NONE',  ( -0.4999999999999981126, 0.8660254037844397068, 0.000000000000000000 ) ) ;
#1850 = AXIS2_PLACEMENT_3D ( 'NONE', #291, #1899, #1727 ) ;
#1851 = AXIS2_PLACEMENT_3D ( 'NONE', #1712, #2226, #1352 ) ;
#1852 = VERTEX_POINT ( 'NONE', #266 ) ;
#1853 = FACE_OUTER_BOUND ( 'NONE', #579, .T. ) ;
#1854 = ADVANCED_FACE ( 'NONE', ( #90 ), #1871, .F. ) ;
#1855 = DIRECTION ( 'NONE',  ( 0.000000000000000000, 0.000000000000000000, -1.000000000000000000 ) ) ;
#1856 = CARTESIAN_POINT ( 'NONE',  ( 1.799999999999901901, -14.00000000000000000, 2.799999999999999822 ) ) ;
#1857 = CARTESIAN_POINT ( 'NONE',  ( 3.233161507462242401, 14.00000000000037481, 0.000000000000000000 ) ) ;
#1858 = CARTESIAN_POINT ( 'NONE',  ( -15.35751716044443071, -6.999999999999066524, 0.000000000000000000 ) ) ;
#1859 = EDGE_LOOP ( 'NONE', ( #637, #2224, #1554, #1967 ) ) ;
#1860 = DIRECTION ( 'NONE',  ( 1.000000000000000000, 0.000000000000000000, 0.000000000000000000 ) ) ;
#1861 = PLANE ( 'NONE',  #526 ) ;
#1862 = VERTEX_POINT ( 'NONE', #287 ) ;
#1863 = DIRECTION ( 'NONE',  ( 1.000000000000000000, 0.000000000000000000, 0.000000000000000000 ) ) ;
#1864 = LINE ( 'NONE', #954, #524 ) ;
#1865 = DIRECTION ( 'NONE',  ( 0.000000000000000000, 0.000000000000000000, 1.000000000000000000 ) ) ;
#1866 = EDGE_CURVE ( 'NONE', #41, #519, #2036, .T. ) ;
#1867 = EDGE_CURVE ( 'NONE', #963, #1224, #674, .T. ) ;
#1868 = CARTESIAN_POINT ( 'NONE',  ( 1.616580753730264775, -11.19999999999948415, 0.003384343643215818875 ) ) ;
#1869 = ORIENTED_EDGE ( 'NONE', *, *, #489, .F. ) ;
#1870 = CARTESIAN_POINT ( 'NONE',  ( -9.699484522385576568, 5.600000000000852296, 0.01179810715729933540 ) ) ;
#1871 = PLANE ( 'NONE',  #1814 ) ;
#1872 = ORIENTED_EDGE ( 'NONE', *, *, #1827, .T. ) ;
#1873 = LINE ( 'NONE', #815, #733 ) ;
#1874 = DIRECTION ( 'NONE',  ( -0.000000000000000000, -0.000000000000000000, -1.000000000000000000 ) ) ;
#1875 = CARTESIAN_POINT ( 'NONE',  ( 8.891194145520254111, 6.999999999999982236, 2.799999999999999822 ) ) ;
#1876 = AXIS2_PLACEMENT_3D ( 'NONE', #488, #1732, #2277 ) ;
#1877 = CARTESIAN_POINT ( 'NONE',  ( 10.50777489925119923, 4.199999999999968203, 2.799999999999999822 ) ) ;
#1878 = VERTEX_POINT ( 'NONE', #16 ) ;
#1879 = CARTESIAN_POINT ( 'NONE',  ( -1.616580753731645226, -11.19999999999947526, 2.799999999999999822 ) ) ;
#1880 = ADVANCED_FACE ( 'NONE', ( #2289 ), #913, .F. ) ;
#1881 = FACE_OUTER_BOUND ( 'NONE', #755, .T. ) ;
#1882 = VECTOR ( 'NONE', #1890, 1000.000000000000000 ) ;
#1883 = ORIENTED_EDGE ( 'NONE', *, *, #877, .T. ) ;
#1884 = VECTOR ( 'NONE', #757, 1000.000000000000000 ) ;
#1885 = CARTESIAN_POINT ( 'NONE',  ( -8.891194145520609382, -6.999999999999082512, 2.799999999999999822 ) ) ;
#1886 = VECTOR ( 'NONE', #1686, 1000.000000000000000 ) ;
#1887 = ORIENTED_EDGE ( 'NONE', *, *, #1413, .T. ) ;
#1888 = LOCAL_TIME ( 11, 20, 22.00000000000000000, #690 ) ;
#1889 = CARTESIAN_POINT ( 'NONE',  ( 1.616580753731280629, 11.20000000000037232, 0.003384343643177654959 ) ) ;
#1890 = DIRECTION ( 'NONE',  ( -0.000000000000000000, -0.000000000000000000, -1.000000000000000000 ) ) ;
#1891 = DIRECTION ( 'NONE',  ( -0.000000000000000000, -0.000000000000000000, -1.000000000000000000 ) ) ;
#1892 = ORIENTED_EDGE ( 'NONE', *, *, #1333, .F. ) ;
#1893 = FACE_OUTER_BOUND ( 'NONE', #1311, .T. ) ;
#1894 = EDGE_CURVE ( 'NONE', #2070, #622, #1041, .T. ) ;
#1895 = ORIENTED_EDGE ( 'NONE', *, *, #656, .T. ) ;
#1896 = DIRECTION ( 'NONE',  ( 0.000000000000000000, 0.000000000000000000, -1.000000000000000000 ) ) ;
#1897 = EDGE_CURVE ( 'NONE', #1731, #2163, #222, .T. ) ;
#1898 = ORIENTED_EDGE ( 'NONE', *, *, #85, .F. ) ;
#1899 = DIRECTION ( 'NONE',  ( 3.219245568722479610E-15, 1.000000000000000000, -0.000000000000000000 ) ) ;
#1900 = DIRECTION ( 'NONE',  ( 0.5000000000000027756, 0.8660254037844370423, 0.000000000000000000 ) ) ;
#1901 = CARTESIAN_POINT ( 'NONE',  ( 0.000000000000000000, 0.000000000000000000, 7.000000000000000000 ) ) ;
#1902 = VERTEX_POINT ( 'NONE', #543 ) ;
#1903 = CARTESIAN_POINT ( 'NONE',  ( 12.12435565298211060, -7.000000000000056843, 8.000000000000000000 ) ) ;
#1904 = ORIENTED_EDGE ( 'NONE', *, *, #140, .F. ) ;
#1905 = LINE ( 'NONE', #1418, #1362 ) ;
#1906 = ADVANCED_FACE ( 'NONE', ( #344 ), #387, .F. ) ;
#1907 = ORIENTED_EDGE ( 'NONE', *, *, #1024, .F. ) ;
#1908 = CARTESIAN_POINT ( 'NONE',  ( -1.616580753730629816, 11.20000000000037943, 0.003384343643181124406 ) ) ;
#1909 = EDGE_CURVE ( 'NONE', #322, #546, #383, .T. ) ;
#1910 = CARTESIAN_POINT ( 'NONE',  ( 10.50777489925067876, -9.799999999999970512, 0.000000000000000000 ) ) ;
#1911 = ORIENTED_EDGE ( 'NONE', *, *, #644, .T. ) ;
#1912 = DIRECTION ( 'NONE',  ( 1.000000000000000000, 0.000000000000000000, 0.000000000000000000 ) ) ;
#1913 = VECTOR ( 'NONE', #2280, 1000.000000000000114 ) ;
#1914 = ORIENTED_EDGE ( 'NONE', *, *, #364, .F. ) ;
#1915 = DIRECTION ( 'NONE',  ( 1.000000000000000000, -2.682704640602066078E-15, 0.000000000000000000 ) ) ;
#1916 = VECTOR ( 'NONE', #826, 1000.000000000000114 ) ;
#1917 = VECTOR ( 'NONE', #273, 1000.000000000000114 ) ;
#1918 = ORIENTED_EDGE ( 'NONE', *, *, #1827, .F. ) ;
#1919 = CARTESIAN_POINT ( 'NONE',  ( 10.50777489925069652, -4.199999999999960210, 2.799999999999999822 ) ) ;
#1920 = AXIS2_PLACEMENT_3D ( 'NONE', #46, #201, #1420 ) ;
#1921 = EDGE_CURVE ( 'NONE', #1776, #2273, #490, .T. ) ;
#1922 = VECTOR ( 'NONE', #399, 1000.000000000000227 ) ;
#1923 = CARTESIAN_POINT ( 'NONE',  ( 20.00000000000000000, 2.449293598294706513E-15, 7.000000000000000000 ) ) ;
#1924 = VERTEX_POINT ( 'NONE', #1051 ) ;
#1925 = PLANE ( 'NONE',  #1769 ) ;
#1926 = DIRECTION ( 'NONE',  ( 1.000000000000000000, 0.000000000000000000, 0.000000000000000000 ) ) ;
#1927 = ORIENTED_EDGE ( 'NONE', *, *, #511, .F. ) ;
#1928 = DIRECTION ( 'NONE',  ( -0.8660254037844371533, 0.5000000000000025535, 0.000000000000000000 ) ) ;
#1929 = VERTEX_POINT ( 'NONE', #1093 ) ;
#1930 = DIRECTION ( 'NONE',  ( -1.000000000000000000, 0.000000000000000000, 0.000000000000000000 ) ) ;
#1931 = CARTESIAN_POINT ( 'NONE',  ( -6.500000000000000888, 0.000000000000000000, 11.00000000000000000 ) ) ;
#1932 = EDGE_CURVE ( 'NONE', #616, #1153, #823, .T. ) ;
#1933 = EDGE_LOOP ( 'NONE', ( #1510, #299 ) ) ;
#1934 = CARTESIAN_POINT ( 'NONE',  ( -10.50777489925104646, 9.800000000000860467, 2.799999999999999822 ) ) ;
#1935 = ADVANCED_FACE ( 'NONE', ( #1764 ), #1582, .F. ) ;
#1936 = DIRECTION ( 'NONE',  ( -0.000000000000000000, -0.000000000000000000, -1.000000000000000000 ) ) ;
#1937 = EDGE_LOOP ( 'NONE', ( #1350, #342, #375, #1813 ) ) ;
#1938 = CARTESIAN_POINT ( 'NONE',  ( 10.50777489925067876, -9.799999999999970512, 2.799999999999999822 ) ) ;
#1939 = ORIENTED_EDGE ( 'NONE', *, *, #2010, .T. ) ;
#1940 = CARTESIAN_POINT ( 'NONE',  ( 0.000000000000000000, 0.000000000000000000, 7.000000000000000000 ) ) ;
#1941 = FACE_BOUND ( 'NONE', #1094, .T. ) ;
#1942 = PRODUCT_DEFINITION ( 'æœ', '', #1184, #1962 ) ;
#1943 = ORIENTED_EDGE ( 'NONE', *, *, #1466, .T. ) ;
#1944 = DIRECTION ( 'NONE',  ( -0.000000000000000000, -0.000000000000000000, -1.000000000000000000 ) ) ;
#1945 = DIRECTION ( 'NONE',  ( -0.000000000000000000, -0.000000000000000000, 1.000000000000000000 ) ) ;
#1946 = EDGE_CURVE ( 'NONE', #1428, #1475, #1788, .T. ) ;
#1947 = ORIENTED_EDGE ( 'NONE', *, *, #899, .F. ) ;
#1948 = CARTESIAN_POINT ( 'NONE',  ( -15.35751716044391735, 7.000000000000867750, 2.799999999999999822 ) ) ;
#1949 = AXIS2_PLACEMENT_3D ( 'NONE', #695, #1598, #1408 ) ;
#1950 = ORIENTED_EDGE ( 'NONE', *, *, #442, .T. ) ;
#1951 = VECTOR ( 'NONE', #1848, 1000.000000000000227 ) ;
#1952 = VERTEX_POINT ( 'NONE', #565 ) ;
#1953 = VECTOR ( 'NONE', #1472, 1000.000000000000227 ) ;
#1954 = CIRCLE ( 'NONE', #1334, 20.00000000000000000 ) ;
#1955 = LINE ( 'NONE', #374, #260 ) ;
#1956 = VECTOR ( 'NONE', #473, 1000.000000000000000 ) ;
#1957 = ORIENTED_EDGE ( 'NONE', *, *, #12, .F. ) ;
#1958 = CARTESIAN_POINT ( 'NONE',  ( 8.891194145519731862, -6.999999999999960032, 0.003384343643208879981 ) ) ;
#1959 = DIRECTION ( 'NONE',  ( -0.000000000000000000, -0.000000000000000000, -1.000000000000000000 ) ) ;
#1960 = EDGE_LOOP ( 'NONE', ( #1393, #1340, #523, #770, #1052, #867 ) ) ;
#1961 = DIRECTION ( 'NONE',  ( -0.5000000000000024425, -0.8660254037844372643, 0.000000000000000000 ) ) ;
#1962 = DESIGN_CONTEXT ( 'detailed design', #2057, 'design' ) ;
#1963 = EDGE_CURVE ( 'NONE', #892, #1266, #1779, .T. ) ;
#1964 = VERTEX_POINT ( 'NONE', #1262 ) ;
#1965 = DIRECTION ( 'NONE',  ( -0.000000000000000000, -0.000000000000000000, 1.000000000000000000 ) ) ;
#1966 = CARTESIAN_POINT ( 'NONE',  ( 1.682519632291950451, -11.31420948786243841, -4.237806727692124239E-16 ) ) ;
#1967 = ORIENTED_EDGE ( 'NONE', *, *, #225, .T. ) ;
#1968 = LINE ( 'NONE', #1092, #483 ) ;
#1969 = CARTESIAN_POINT ( 'NONE',  ( -13.92435565298220901, -6.999999999999886313, 2.799999999999999822 ) ) ;
#1970 = ORIENTED_EDGE ( 'NONE', *, *, #1602, .T. ) ;
#1971 = FACE_OUTER_BOUND ( 'NONE', #1402, .T. ) ;
#1972 = B_SPLINE_CURVE_WITH_KNOTS ( 'NONE', 3,
 ( #984, #2212, #2239, #624, #2050 ),
 .UNSPECIFIED., .F., .F.,
 ( 4, 1, 4 ),
 ( 0.000000000000000000, 0.001616580753730955094, 0.003233161507461910188 ),
 .UNSPECIFIED. ) ;
#1973 = ORIENTED_EDGE ( 'NONE', *, *, #908, .T. ) ;
#1974 = FACE_BOUND ( 'NONE', #1117, .T. ) ;
#1975 = EDGE_CURVE ( 'NONE', #1997, #1756, #1755, .T. ) ;
#1976 = EDGE_CURVE ( 'NONE', #1641, #1761, #1230, .T. ) ;
#1977 = CARTESIAN_POINT ( 'NONE',  ( 0.000000000000000000, 0.000000000000000000, 7.000000000000000000 ) ) ;
#1978 = ORIENTED_EDGE ( 'NONE', *, *, #781, .F. ) ;
#1979 = DIRECTION ( 'NONE',  ( -0.000000000000000000, -0.000000000000000000, -1.000000000000000000 ) ) ;
#1980 = LINE ( 'NONE', #415, #1741 ) ;
#1981 = ORIENTED_EDGE ( 'NONE', *, *, #1047, .F. ) ;
#1982 = DIRECTION ( 'NONE',  ( -1.000000000000000000, 2.146163712481651758E-15, 0.000000000000000000 ) ) ;
#1983 = DIRECTION ( 'NONE',  ( -0.5000000000000024425, -0.8660254037844372643, 0.000000000000000000 ) ) ;
#1984 = ORIENTED_EDGE ( 'NONE', *, *, #841, .F. ) ;
#1985 = CARTESIAN_POINT ( 'NONE',  ( -3.233161507462608331, -13.99999999999947597, 2.799999999999999822 ) ) ;
#1986 = VECTOR ( 'NONE', #917, 1000.000000000000227 ) ;
#1987 = VECTOR ( 'NONE', #1982, 1000.000000000000000 ) ;
#1988 = CARTESIAN_POINT ( 'NONE',  ( -10.50777489925155805, -4.199999999999073808, 2.799999999999999822 ) ) ;
#1989 = VECTOR ( 'NONE', #1151, 1000.000000000000000 ) ;
#1990 = PERSON_AND_ORGANIZATION ( #897, #1668 ) ;
#1991 = EDGE_CURVE ( 'NONE', #2251, #372, #353, .T. ) ;
#1992 = VECTOR ( 'NONE', #1483, 999.9999999999998863 ) ;
#1993 = ORIENTED_EDGE ( 'NONE', *, *, #808, .F. ) ;
#1994 = CARTESIAN_POINT ( 'NONE',  ( 0.000000000000000000, 0.000000000000000000, 8.000000000000000000 ) ) ;
#1995 = AXIS2_PLACEMENT_3D ( 'NONE', #2208, #297, #2246 ) ;
#1996 = FACE_OUTER_BOUND ( 'NONE', #91, .T. ) ;
#1997 = VERTEX_POINT ( 'NONE', #1969 ) ;
#1998 = CIRCLE ( 'NONE', #2038, 1.799999999999999822 ) ;
#1999 = CYLINDRICAL_SURFACE ( 'NONE', #776, 1.799999999999999822 ) ;
#2000 = CARTESIAN_POINT ( 'NONE',  ( 1.616580753730264775, -11.19999999999948415, 2.799999999999999822 ) ) ;
#2001 = APPROVAL_PERSON_ORGANIZATION ( #820, #796, #1310 ) ;
#2002 = ORIENTED_EDGE ( 'NONE', *, *, #1386, .F. ) ;
#2003 = DIRECTION ( 'NONE',  ( -0.000000000000000000, -0.000000000000000000, -1.000000000000000000 ) ) ;
#2004 = CARTESIAN_POINT ( 'NONE',  ( 0.000000000000000000, 0.000000000000000000, 0.000000000000000000 ) ) ;
#2005 = EDGE_LOOP ( 'NONE', ( #1887, #1315, #1417, #1970 ) ) ;
#2006 = DIRECTION ( 'NONE',  ( 1.000000000000000000, 0.000000000000000000, 0.000000000000000000 ) ) ;
#2007 = EDGE_CURVE ( 'NONE', #390, #686, #1798, .T. ) ;
#2008 = DIRECTION ( 'NONE',  ( 0.000000000000000000, 0.000000000000000000, -1.000000000000000000 ) ) ;
#2009 = CARTESIAN_POINT ( 'NONE',  ( -10.50777489925157049, -9.799999999999084110, 0.000000000000000000 ) ) ;
#2010 = EDGE_CURVE ( 'NONE', #1924, #1288, #718, .T. ) ;
#2011 = CARTESIAN_POINT ( 'NONE',  ( 0.000000000000000000, 0.000000000000000000, 11.00000000000000000 ) ) ;
#2012 = VERTEX_POINT ( 'NONE', #8 ) ;
#2013 = VERTEX_POINT ( 'NONE', #1416 ) ;
#2014 = DIRECTION ( 'NONE',  ( -0.000000000000000000, -0.000000000000000000, -1.000000000000000000 ) ) ;
#2015 = FACE_OUTER_BOUND ( 'NONE', #945, .T. ) ;
#2016 = ORIENTED_EDGE ( 'NONE', *, *, #356, .T. ) ;
#2017 = DIRECTION ( 'NONE',  ( -0.5000000000000019984, -0.8660254037844375974, 0.000000000000000000 ) ) ;
#2018 = PRODUCT_RELATED_PRODUCT_CATEGORY ( 'detail', '', ( #1088 ) ) ;
#2019 = DIRECTION ( 'NONE',  ( -1.000000000000000000, 0.000000000000000000, 0.000000000000000000 ) ) ;
#2020 = ORIENTED_EDGE ( 'NONE', *, *, #978, .T. ) ;
#2021 = CARTESIAN_POINT ( 'NONE',  ( 10.32435565298211166, -7.000000000000056843, 0.000000000000000000 ) ) ;
#2022 = CARTESIAN_POINT ( 'NONE',  ( 10.50777489925069652, -4.199999999999960210, 0.003384343643210614705 ) ) ;
#2023 = ADVANCED_FACE ( 'NONE', ( #365 ), #194, .F. ) ;
#2024 = ORIENTED_EDGE ( 'NONE', *, *, #1726, .T. ) ;
#2025 = CARTESIAN_POINT ( 'NONE',  ( 8.891194145520254111, 6.999999999999982236, 2.799999999999999822 ) ) ;
#2026 = EDGE_CURVE ( 'NONE', #1464, #1628, #1980, .T. ) ;
#2027 = CARTESIAN_POINT ( 'NONE',  ( -10.50777489925106067, 4.200000000000851053, 0.003384343643186328576 ) ) ;
#2028 = CARTESIAN_POINT ( 'NONE',  ( 8.990109699928790832, -7.171326765895295274, 0.000000000000000000 ) ) ;
#2029 = AXIS2_PLACEMENT_3D ( 'NONE', #2025, #997, #468 ) ;
#2030 = AXIS2_PLACEMENT_3D ( 'NONE', #1903, #321, #1049 ) ;
#2031 = DIRECTION ( 'NONE',  ( -1.000000000000000000, 0.000000000000000000, 0.000000000000000000 ) ) ;
#2032 = CIRCLE ( 'NONE', #1807, 1.799999999999999600 ) ;
#2033 = DIRECTION ( 'NONE',  ( 0.000000000000000000, 0.000000000000000000, 1.000000000000000000 ) ) ;
#2034 = ORIENTED_EDGE ( 'NONE', *, *, #869, .T. ) ;
#2035 = LINE ( 'NONE', #1685, #629 ) ;
#2036 = LINE ( 'NONE', #457, #635 ) ;
#2037 = AXIS2_PLACEMENT_3D ( 'NONE', #1804, #2133, #547 ) ;
#2038 = AXIS2_PLACEMENT_3D ( 'NONE', #1645, #60, #2019 ) ;
#2039 = VERTEX_POINT ( 'NONE', #1858 ) ;
#2040 = CARTESIAN_POINT ( 'NONE',  ( 8.924151572610529826, 7.057083938207087570, 0.001131212904517131914 ) ) ;
#2041 = EDGE_CURVE ( 'NONE', #423, #2077, #1660, .T. ) ;
#2042 = AXIS2_PLACEMENT_3D ( 'NONE', #1372, #497, #1196 ) ;
#2043 = DIRECTION ( 'NONE',  ( 0.000000000000000000, 0.000000000000000000, 1.000000000000000000 ) ) ;
#2044 = EDGE_CURVE ( 'NONE', #616, #1042, #893, .T. ) ;
#2045 = CALENDAR_DATE ( 2026, 28, 8 ) ;
#2046 = PLANE ( 'NONE',  #71 ) ;
#2047 = CARTESIAN_POINT ( 'NONE',  ( -10.50777489925104646, 9.800000000000860467, 2.799999999999999822 ) ) ;
#2048 = ORIENTED_EDGE ( 'NONE', *, *, #1158, .F. ) ;
#2049 = CARTESIAN_POINT ( 'NONE',  ( 8.891194145520254111, 6.999999999999982236, 2.799999999999999822 ) ) ;
#2050 = CARTESIAN_POINT ( 'NONE',  ( 1.616580753730264775, -11.19999999999948415, 0.003384343643215818875 ) ) ;
#2051 = ORIENTED_EDGE ( 'NONE', *, *, #1020, .F. ) ;
#2052 = CARTESIAN_POINT ( 'NONE',  ( 12.12435565298215856, 6.999999999999974243, 0.000000000000000000 ) ) ;
#2053 = DIRECTION ( 'NONE',  ( -1.000000000000000000, 3.219245568722477637E-15, 0.000000000000000000 ) ) ;
#2054 = B_SPLINE_CURVE_WITH_KNOTS ( 'NONE', 3,
 ( #228, #2139, #739, #1427 ),
 .UNSPECIFIED., .F., .F.,
 ( 4, 4 ),
 ( 0.000000000000000000, 0.0001978600550845017450 ),
 .UNSPECIFIED. ) ;
#2055 = EDGE_CURVE ( 'NONE', #1083, #41, #807, .T. ) ;
#2056 = LINE ( 'NONE', #59, #405 ) ;
#2057 = APPLICATION_CONTEXT ( 'configuration controlled 3d designs of mechanical parts and assemblies' ) ;
#2058 = ORIENTED_EDGE ( 'NONE', *, *, #303, .F. ) ;
#2059 = DIRECTION ( 'NONE',  ( 0.000000000000000000, 0.000000000000000000, -1.000000000000000000 ) ) ;
#2060 = DIRECTION ( 'NONE',  ( 0.8660254037844397068, 0.4999999999999981126, -0.000000000000000000 ) ) ;
#2061 = ORIENTED_EDGE ( 'NONE', *, *, #1793, .T. ) ;
#2062 = CARTESIAN_POINT ( 'NONE',  ( -13.74093640671346783, -4.199999999999064926, 2.799999999999999822 ) ) ;
#2063 = B_SPLINE_CURVE_WITH_KNOTS ( 'NONE', 3,
 ( #657, #1358, #1729, #318 ),
 .UNSPECIFIED., .F., .F.,
 ( 4, 4 ),
 ( 0.000000000000000000, 0.0001978600550837452429 ),
 .UNSPECIFIED. ) ;
#2064 = ORIENTED_EDGE ( 'NONE', *, *, #1011, .T. ) ;
#2065 = DIRECTION ( 'NONE',  ( 0.000000000000000000, 0.000000000000000000, 1.000000000000000000 ) ) ;
#2066 = CARTESIAN_POINT ( 'NONE',  ( 6.500000000000000888, 7.960204194457796463E-16, 8.000000000000000000 ) ) ;
#2067 = EDGE_CURVE ( 'NONE', #1878, #322, #1261, .T. ) ;
#2068 = AXIS2_PLACEMENT_3D ( 'NONE', #413, #1459, #585 ) ;
#2069 = CARTESIAN_POINT ( 'NONE',  ( 15.35751716044406834, 6.999999999999965361, 2.799999999999999822 ) ) ;
#2070 = VERTEX_POINT ( 'NONE', #2169 ) ;
#2071 = PLANE ( 'NONE',  #1876 ) ;
#2072 = AXIS2_PLACEMENT_3D ( 'NONE', #935, #1423, #1777 ) ;
#2073 = VERTEX_POINT ( 'NONE', #1683 ) ;
#2074 = VECTOR ( 'NONE', #1818, 1000.000000000000000 ) ;
#2075 = PLANE ( 'NONE',  #2175 ) ;
#2076 = AXIS2_PLACEMENT_3D ( 'NONE', #2081, #1523, #319 ) ;
#2077 = VERTEX_POINT ( 'NONE', #1822 ) ;
#2078 = CYLINDRICAL_SURFACE ( 'NONE', #1401, 1.799999999999999600 ) ;
#2079 = PERSON_AND_ORGANIZATION ( #897, #1668 ) ;
#2080 = CARTESIAN_POINT ( 'NONE',  ( -12.12435565298221007, -6.999999999999886313, 2.799999999999999822 ) ) ;
#2081 = CARTESIAN_POINT ( 'NONE',  ( 0.000000000000000000, 0.000000000000000000, 0.000000000000000000 ) ) ;
#2082 = ADVANCED_FACE ( 'NONE', ( #936 ), #760, .F. ) ;
#2083 = ORIENTED_EDGE ( 'NONE', *, *, #2270, .T. ) ;
#2084 = CARTESIAN_POINT ( 'NONE',  ( 1.799999999999901901, -14.00000000000000000, 0.000000000000000000 ) ) ;
#2085 = ADVANCED_FACE ( 'NONE', ( #971, #586 ), #575, .T. ) ;
#2086 = ORIENTED_EDGE ( 'NONE', *, *, #1837, .F. ) ;
#2087 = CARTESIAN_POINT ( 'NONE',  ( -3.233161507462608331, -13.99999999999947597, 2.799999999999999822 ) ) ;
#2088 = ORIENTED_EDGE ( 'NONE', *, *, #257, .F. ) ;
#2089 = DIRECTION ( 'NONE',  ( -1.000000000000000000, 1.224646799147353454E-16, 0.000000000000000000 ) ) ;
#2090 = CARTESIAN_POINT ( 'NONE',  ( 8.891194145520254111, 6.999999999999982236, 2.799999999999999822 ) ) ;
#2091 = ORIENTED_EDGE ( 'NONE', *, *, #978, .F. ) ;
#2092 = DIRECTION ( 'NONE',  ( 1.000000000000000000, 0.000000000000000000, 0.000000000000000000 ) ) ;
#2093 = EDGE_CURVE ( 'NONE', #1077, #1756, #1665, .T. ) ;
#2094 = ORIENTED_EDGE ( 'NONE', *, *, #1333, .T. ) ;
#2095 = CARTESIAN_POINT ( 'NONE',  ( -1.649538180820848021, 11.25708393820738351, 0.001131212904513003055 ) ) ;
#2096 = EDGE_CURVE ( 'NONE', #1952, #360, #2128, .T. ) ;
#2097 = ORIENTED_EDGE ( 'NONE', *, *, #1318, .T. ) ;
#2098 = DIRECTION ( 'NONE',  ( -0.5000000000000027756, -0.8660254037844370423, 0.000000000000000000 ) ) ;
#2099 = DATE_AND_TIME ( #1578, #1778 ) ;
#2100 = DIRECTION ( 'NONE',  ( 0.000000000000000000, 0.000000000000000000, 1.000000000000000000 ) ) ;
#2101 = ORIENTED_EDGE ( 'NONE', *, *, #1611, .T. ) ;
#2102 = VECTOR ( 'NONE', #1790, 999.9999999999998863 ) ;
#2103 = CARTESIAN_POINT ( 'NONE',  ( 0.000000000000000000, 0.000000000000000000, 8.000000000000000000 ) ) ;
#2104 = VECTOR ( 'NONE', #1267, 1000.000000000000000 ) ;
#2105 = VERTEX_POINT ( 'NONE', #1812 ) ;
#2106 = CARTESIAN_POINT ( 'NONE',  ( 1.616580753731293507, 16.80000000000038440, 0.000000000000000000 ) ) ;
#2107 = AXIS2_PLACEMENT_3D ( 'NONE', #1254, #379, #1084 ) ;
#2108 = CIRCLE ( 'NONE', #1107, 6.500000000000000888 ) ;
#2109 = ORIENTED_EDGE ( 'NONE', *, *, #1008, .T. ) ;
#2110 = ADVANCED_FACE ( 'NONE', ( #1996 ), #947, .F. ) ;
#2111 = CARTESIAN_POINT ( 'NONE',  ( 13.74093640671258854, -9.799999999999981171, 2.799999999999999822 ) ) ;
#2112 = AXIS2_PLACEMENT_3D ( 'NONE', #1718, #307, #2098 ) ;
#2113 = AXIS2_PLACEMENT_3D ( 'NONE', #212, #1082, #2150 ) ;
#2114 = EDGE_CURVE ( 'NONE', #112, #2290, #1998, .T. ) ;
#2115 = LINE ( 'NONE', #691, #1178 ) ;
#2116 = ORIENTED_EDGE ( 'NONE', *, *, #554, .F. ) ;
#2117 = PLANE ( 'NONE',  #2220 ) ;
#2118 = DIRECTION ( 'NONE',  ( -0.000000000000000000, -0.000000000000000000, 1.000000000000000000 ) ) ;
#2119 = ORIENTED_EDGE ( 'NONE', *, *, #116, .F. ) ;
#2120 = DIRECTION ( 'NONE',  ( 1.000000000000000000, 0.000000000000000000, 0.000000000000000000 ) ) ;
#2121 = ORIENTED_EDGE ( 'NONE', *, *, #1823, .F. ) ;
#2122 = CARTESIAN_POINT ( 'NONE',  ( -13.92435565298220901, -6.999999999999886313, 8.000000000000000000 ) ) ;
#2123 = CC_DESIGN_PERSON_AND_ORGANIZATION_ASSIGNMENT ( #1124, #245, ( #1184 ) ) ;
#2124 = CARTESIAN_POINT ( 'NONE',  ( -12.12435565298221007, -6.999999999999886313, 0.000000000000000000 ) ) ;
#2125 = ADVANCED_FACE ( 'NONE', ( #454, #601 ), #1498, .T. ) ;
#2126 = EDGE_LOOP ( 'NONE', ( #911, #1782 ) ) ;
#2127 = CARTESIAN_POINT ( 'NONE',  ( 1.649538180821483069, 11.25708393820734976, 0.001131212904512405009 ) ) ;
#2128 = B_SPLINE_CURVE_WITH_KNOTS ( 'NONE', 3,
 ( #789, #1287, #2199, #226 ),
 .UNSPECIFIED., .F., .F.,
 ( 4, 4 ),
 ( 3.708455373282556777E-21, 0.0001978600550846450494 ),
 .UNSPECIFIED. ) ;
#2129 = CARTESIAN_POINT ( 'NONE',  ( -9.699484522386082830, -5.599999999999076827, 0.01179810715733062114 ) ) ;
#2130 = VERTEX_POINT ( 'NONE', #958 ) ;
#2131 = DIRECTION ( 'NONE',  ( -0.4999999999999992784, 0.8660254037844389297, 0.000000000000000000 ) ) ;
#2132 = ORIENTED_EDGE ( 'NONE', *, *, #2044, .F. ) ;
#2133 = DIRECTION ( 'NONE',  ( 0.000000000000000000, 0.000000000000000000, 1.000000000000000000 ) ) ;
#2134 = ORIENTED_EDGE ( 'NONE', *, *, #910, .T. ) ;
#2135 = CARTESIAN_POINT ( 'NONE',  ( 13.74093640671258854, -9.799999999999981171, 2.799999999999999822 ) ) ;
#2136 = EDGE_CURVE ( 'NONE', #2203, #234, #77, .T. ) ;
#2137 = CARTESIAN_POINT ( 'NONE',  ( -10.50777489925155805, -4.199999999999073808, 0.003384343643193267470 ) ) ;
#2138 = ORIENTED_EDGE ( 'NONE', *, *, #1544, .F. ) ;
#2139 = CARTESIAN_POINT ( 'NONE',  ( -8.924151572610936611, -7.057083938206274887, 0.001131212904520783507 ) ) ;
#2140 = ORIENTED_EDGE ( 'NONE', *, *, #1089, .T. ) ;
#2141 = AXIS2_PLACEMENT_3D ( 'NONE', #7, #704, #1361 ) ;
#2142 = ORIENTED_EDGE ( 'NONE', *, *, #1160, .F. ) ;
#2143 = VECTOR ( 'NONE', #2245, 1000.000000000000227 ) ;
#2144 = AXIS2_PLACEMENT_3D ( 'NONE', #251, #2, #714 ) ;
#2145 = DIRECTION ( 'NONE',  ( -0.000000000000000000, -0.000000000000000000, -1.000000000000000000 ) ) ;
#2146 = VECTOR ( 'NONE', #114, 1000.000000000000000 ) ;
#2147 = EDGE_LOOP ( 'NONE', ( #1721, #1499, #2134, #1957, #1907 ) ) ;
#2148 = DIRECTION ( 'NONE',  ( -0.000000000000000000, -0.000000000000000000, 1.000000000000000000 ) ) ;
#2149 = EDGE_CURVE ( 'NONE', #540, #683, #1139, .T. ) ;
#2150 = DIRECTION ( 'NONE',  ( 0.5000000000000025535, 0.8660254037844371533, 0.000000000000000000 ) ) ;
#2151 = ORIENTED_EDGE ( 'NONE', *, *, #2114, .F. ) ;
#2152 = LINE ( 'NONE', #1442, #2102 ) ;
#2153 = EDGE_CURVE ( 'NONE', #1266, #345, #1004, .T. ) ;
#2154 = ORIENTED_EDGE ( 'NONE', *, *, #1823, .T. ) ;
#2155 = CARTESIAN_POINT ( 'NONE',  ( 10.50777489925067876, -9.799999999999970512, 2.799999999999999822 ) ) ;
#2156 = CARTESIAN_POINT ( 'NONE',  ( 10.50777489925120811, 9.799999999999982947, 2.799999999999999822 ) ) ;
#2157 = ORIENTED_EDGE ( 'NONE', *, *, #722, .F. ) ;
#2158 = CARTESIAN_POINT ( 'NONE',  ( 10.50777489925120811, 9.799999999999982947, 0.000000000000000000 ) ) ;
#2159 = CARTESIAN_POINT ( 'NONE',  ( -13.74093640671296868, 4.200000000000859046, 2.799999999999999822 ) ) ;
#2160 = ORIENTED_EDGE ( 'NONE', *, *, #1640, .F. ) ;
#2161 = CARTESIAN_POINT ( 'NONE',  ( -10.50777489925106067, 4.200000000000851053, 0.003384343643186328576 ) ) ;
#2162 = DIRECTION ( 'NONE',  ( -2.146163712481651758E-15, -1.000000000000000000, 0.000000000000000000 ) ) ;
#2163 = VERTEX_POINT ( 'NONE', #858 ) ;
#2164 = VERTEX_POINT ( 'NONE', #147 ) ;
#2165 = EDGE_CURVE ( 'NONE', #423, #1862, #1509, .T. ) ;
#2166 = LINE ( 'NONE', #1244, #2227 ) ;
#2167 = VERTEX_POINT ( 'NONE', #2223 ) ;
#2168 = CARTESIAN_POINT ( 'NONE',  ( -12.12435565298206086, 7.000000000000141220, 8.000000000000000000 ) ) ;
#2169 = CARTESIAN_POINT ( 'NONE',  ( 13.92435565298211131, -7.000000000000056843, 2.799999999999999822 ) ) ;
#2170 = ORIENTED_EDGE ( 'NONE', *, *, #2067, .F. ) ;
#2171 = DIRECTION ( 'NONE',  ( 1.000000000000000000, 0.000000000000000000, 0.000000000000000000 ) ) ;
#2172 = LINE ( 'NONE', #80, #186 ) ;
#2173 = VERTEX_POINT ( 'NONE', #2047 ) ;
#2174 = LINE ( 'NONE', #207, #1986 ) ;
#2175 = AXIS2_PLACEMENT_3D ( 'NONE', #1364, #493, #1167 ) ;
#2176 = AXIS2_PLACEMENT_3D ( 'NONE', #1564, #2269, #1219 ) ;
#2177 = ADVANCED_FACE ( 'NONE', ( #1546 ), #1073, .T. ) ;
#2178 = CARTESIAN_POINT ( 'NONE',  ( 13.74093640671260452, -4.199999999999969091, 2.799999999999999822 ) ) ;
#2179 = AXIS2_PLACEMENT_3D ( 'NONE', #1204, #1046, #2284 ) ;
#2180 = PERSON_AND_ORGANIZATION ( #897, #1668 ) ;
#2181 = ADVANCED_FACE ( 'NONE', ( #636 ), #1339, .F. ) ;
#2182 = VECTOR ( 'NONE', #1874, 1000.000000000000000 ) ;
#2183 = ORIENTED_EDGE ( 'NONE', *, *, #1279, .F. ) ;
#2184 = CARTESIAN_POINT ( 'NONE',  ( 13.92435565298215749, 6.999999999999974243, 8.000000000000000000 ) ) ;
#2185 = AXIS2_PLACEMENT_3D ( 'NONE', #647, #1562, #1534 ) ;
#2186 = DIRECTION ( 'NONE',  ( 0.000000000000000000, 0.000000000000000000, -1.000000000000000000 ) ) ;
#2187 = EDGE_LOOP ( 'NONE', ( #975, #1796, #1661, #1407 ) ) ;
#2188 = LOCAL_TIME ( 11, 20, 22.00000000000000000, #944 ) ;
#2189 = CARTESIAN_POINT ( 'NONE',  ( 20.00000000000000000, 2.449293598294706513E-15, 2.000000000000000000 ) ) ;
#2190 = CARTESIAN_POINT ( 'NONE',  ( 13.92435565298211131, -7.000000000000056843, 8.000000000000000000 ) ) ;
#2191 = ORIENTED_EDGE ( 'NONE', *, *, #352, .T. ) ;
#2192 = ORIENTED_EDGE ( 'NONE', *, *, #869, .F. ) ;
#2193 = CARTESIAN_POINT ( 'NONE',  ( 13.74093640671260452, -4.199999999999969980, 0.000000000000000000 ) ) ;
#2194 = APPROVAL ( #157, 'æœª' ) ;
#2195 = APPLICATION_PROTOCOL_DEFINITION ( 'international standard', 'config_control_design', 1994, #340 ) ;
#2196 = ORIENTED_EDGE ( 'NONE', *, *, #1744, .T. ) ;
#2197 = CARTESIAN_POINT ( 'NONE',  ( -10.32435565298221114, -6.999999999999886313, 8.000000000000000000 ) ) ;
#2198 = ADVANCED_FACE ( 'NONE', ( #2267 ), #1693, .F. ) ;
#2199 = CARTESIAN_POINT ( 'NONE',  ( -1.649538180821996214, -11.25708393820671027, 0.001131212904522537312 ) ) ;
#2200 = VERTEX_POINT ( 'NONE', #658 ) ;
#2201 = LINE ( 'NONE', #1662, #1395 ) ;
#2202 = CARTESIAN_POINT ( 'NONE',  ( 12.12435565298215856, 6.999999999999974243, 2.799999999999999822 ) ) ;
#2203 = VERTEX_POINT ( 'NONE', #1359 ) ;
#2204 = CARTESIAN_POINT ( 'NONE',  ( 0.000000000000000000, 0.000000000000000000, 0.000000000000000000 ) ) ;
#2205 = CARTESIAN_POINT ( 'NONE',  ( 0.000000000000000000, 0.000000000000000000, 2.000000000000000000 ) ) ;
#2206 = MECHANICAL_CONTEXT ( 'NONE', #340, 'mechanical' ) ;
#2207 = DIRECTION ( 'NONE',  ( 0.8660254037844399289, 0.4999999999999979461, -0.000000000000000000 ) ) ;
#2208 = CARTESIAN_POINT ( 'NONE',  ( 0.000000000000000000, 0.000000000000000000, 0.000000000000000000 ) ) ;
#2209 = EDGE_CURVE ( 'NONE', #1758, #2249, #1162, .T. ) ;
#2210 = ORIENTED_EDGE ( 'NONE', *, *, #1611, .F. ) ;
#2211 = DIRECTION ( 'NONE',  ( 0.4999999999999980571, -0.8660254037844397068, 0.000000000000000000 ) ) ;
#2212 = CARTESIAN_POINT ( 'NONE',  ( -1.077720502487993670, -11.19999999999947704, 0.006218122068479584388 ) ) ;
#2213 = EDGE_CURVE ( 'NONE', #1770, #372, #486, .T. ) ;
#2214 = VERTEX_POINT ( 'NONE', #1868 ) ;
#2215 = CARTESIAN_POINT ( 'NONE',  ( 3.233161507462242401, 14.00000000000037481, 2.799999999999999822 ) ) ;
#2216 = DIRECTION ( 'NONE',  ( -0.4999999999999980571, 0.8660254037844397068, 0.000000000000000000 ) ) ;
#2217 = CYLINDRICAL_SURFACE ( 'NONE', #1743, 23.00000000000000000 ) ;
#2218 = AXIS2_PLACEMENT_3D ( 'NONE', #1938, #335, #871 ) ;
#2219 = B_SPLINE_CURVE_WITH_KNOTS ( 'NONE', 3,
 ( #386, #717, #2127, #541 ),
 .UNSPECIFIED., .F., .F.,
 ( 4, 4 ),
 ( 3.708455373265753039E-21, 0.0001978600550837529678 ),
 .UNSPECIFIED. ) ;
#2220 = AXIS2_PLACEMENT_3D ( 'NONE', #149, #1040, #1581 ) ;
#2221 = CARTESIAN_POINT ( 'NONE',  ( -10.50777489925155805, -4.199999999999073808, 2.799999999999999822 ) ) ;
#2222 = VECTOR ( 'NONE', #989, 1000.000000000000000 ) ;
#2223 = CARTESIAN_POINT ( 'NONE',  ( -13.74093640671346783, -4.199999999999064926, 0.000000000000000000 ) ) ;
#2224 = ORIENTED_EDGE ( 'NONE', *, *, #2213, .F. ) ;
#2225 = DIRECTION ( 'NONE',  ( -0.000000000000000000, 0.000000000000000000, 1.000000000000000000 ) ) ;
#2226 = DIRECTION ( 'NONE',  ( -0.000000000000000000, -0.000000000000000000, -1.000000000000000000 ) ) ;
#2227 = VECTOR ( 'NONE', #34, 1000.000000000000000 ) ;
#2228 = CC_DESIGN_PERSON_AND_ORGANIZATION_ASSIGNMENT ( #2180, #595, ( #1184 ) ) ;
#2229 = VECTOR ( 'NONE', #438, 1000.000000000000000 ) ;
#2230 = ORIENTED_EDGE ( 'NONE', *, *, #1946, .F. ) ;
#2231 = PLANE ( 'NONE',  #398 ) ;
#2232 = EDGE_CURVE ( 'NONE', #1390, #1563, #782, .T. ) ;
#2233 = FACE_OUTER_BOUND ( 'NONE', #803, .T. ) ;
#2234 = CARTESIAN_POINT ( 'NONE',  ( 0.000000000000000000, 0.000000000000000000, 2.000000000000000000 ) ) ;
#2235 = LINE ( 'NONE', #1875, #1953 ) ;
#2236 = DIRECTION ( 'NONE',  ( -1.000000000000000000, 0.000000000000000000, 0.000000000000000000 ) ) ;
#2237 = ORIENTED_EDGE ( 'NONE', *, *, #1270, .T. ) ;
#2238 = LINE ( 'NONE', #428, #1432 ) ;
#2239 = CARTESIAN_POINT ( 'NONE',  ( -6.908536243077634253E-13, -11.19999999999948237, 0.01179810715735576075 ) ) ;
#2240 = ORIENTED_EDGE ( 'NONE', *, *, #1651, .F. ) ;
#2241 = DIRECTION ( 'NONE',  ( 1.000000000000000000, -2.950975104662272647E-15, 0.000000000000000000 ) ) ;
#2242 = ORIENTED_EDGE ( 'NONE', *, *, #830, .T. ) ;
#2243 = EDGE_CURVE ( 'NONE', #102, #1964, #111, .T. ) ;
#2244 = CARTESIAN_POINT ( 'NONE',  ( -13.74093640671348027, -9.799999999999077005, 2.799999999999999822 ) ) ;
#2245 = DIRECTION ( 'NONE',  ( 0.5000000000000015543, 0.8660254037844377084, 0.000000000000000000 ) ) ;
#2246 = DIRECTION ( 'NONE',  ( 1.000000000000000000, 0.000000000000000000, 0.000000000000000000 ) ) ;
#2247 = ORIENTED_EDGE ( 'NONE', *, *, #1050, .F. ) ;
#2248 = DIRECTION ( 'NONE',  ( 0.000000000000000000, 0.000000000000000000, 1.000000000000000000 ) ) ;
#2249 = VERTEX_POINT ( 'NONE', #1730 ) ;
#2250 = DIRECTION ( 'NONE',  ( 1.000000000000000000, 0.000000000000000000, 0.000000000000000000 ) ) ;
#2251 = VERTEX_POINT ( 'NONE', #1720 ) ;
#2252 = CARTESIAN_POINT ( 'NONE',  ( -12.12435565298206086, 7.000000000000141220, 0.000000000000000000 ) ) ;
#2253 = EDGE_CURVE ( 'NONE', #2013, #1235, #671, .T. ) ;
#2254 = CARTESIAN_POINT ( 'NONE',  ( -12.12435565298221007, -6.999999999999886313, 2.799999999999999822 ) ) ;
#2255 = ADVANCED_FACE ( 'NONE', ( #135 ), #1171, .F. ) ;
#2256 = DIRECTION ( 'NONE',  ( 1.000000000000000000, 0.000000000000000000, 0.000000000000000000 ) ) ;
#2257 = VERTEX_POINT ( 'NONE', #834 ) ;
#2258 = DIRECTION ( 'NONE',  ( -0.000000000000000000, -0.000000000000000000, -1.000000000000000000 ) ) ;
#2259 = VECTOR ( 'NONE', #1126, 1000.000000000000000 ) ;
#2260 = ORIENTED_EDGE ( 'NONE', *, *, #582, .T. ) ;
#2261 = VECTOR ( 'NONE', #2014, 1000.000000000000000 ) ;
#2262 = FACE_OUTER_BOUND ( 'NONE', #1187, .T. ) ;
#2263 = AXIS2_PLACEMENT_3D ( 'NONE', #1448, #750, #553 ) ;
#2264 = ORIENTED_EDGE ( 'NONE', *, *, #514, .F. ) ;
#2265 = DIRECTION ( 'NONE',  ( 0.000000000000000000, 0.000000000000000000, 1.000000000000000000 ) ) ;
#2266 = DIRECTION ( 'NONE',  ( 0.000000000000000000, -0.000000000000000000, 1.000000000000000000 ) ) ;
#2267 = FACE_OUTER_BOUND ( 'NONE', #1076, .T. ) ;
#2268 = ORIENTED_EDGE ( 'NONE', *, *, #225, .F. ) ;
#2269 = DIRECTION ( 'NONE',  ( -0.000000000000000000, -0.000000000000000000, -1.000000000000000000 ) ) ;
#2270 = EDGE_CURVE ( 'NONE', #275, #1831, #895, .T. ) ;
#2271 = ORIENTED_EDGE ( 'NONE', *, *, #1255, .F. ) ;
#2272 = CARTESIAN_POINT ( 'NONE',  ( 3.233161507461212114, -13.99999999999949374, 2.799999999999999822 ) ) ;
#2273 = VERTEX_POINT ( 'NONE', #2028 ) ;
#2274 = LINE ( 'NONE', #1919, #1626 ) ;
#2275 = LINE ( 'NONE', #1025, #2143 ) ;
#2276 = ORIENTED_EDGE ( 'NONE', *, *, #65, .T. ) ;
#2277 = DIRECTION ( 'NONE',  ( -1.000000000000000000, 2.146163712481651758E-15, 0.000000000000000000 ) ) ;
#2278 = ADVANCED_FACE ( 'NONE', ( #784 ), #2217, .T. ) ;
#2279 = ORIENTED_EDGE ( 'NONE', *, *, #1932, .F. ) ;
#2280 = DIRECTION ( 'NONE',  ( 0.4999999999999976130, -0.8660254037844399289, 0.000000000000000000 ) ) ;
#2281 = ADVANCED_FACE ( 'NONE', ( #2015 ), #72, .F. ) ;
#2282 = EDGE_LOOP ( 'NONE', ( #1612, #1363, #2058, #1549 ) ) ;
#2283 = FACE_OUTER_BOUND ( 'NONE', #1541, .T. ) ;
#2284 = DIRECTION ( 'NONE',  ( 1.000000000000000000, 0.000000000000000000, 0.000000000000000000 ) ) ;
#2285 = ORIENTED_EDGE ( 'NONE', *, *, #1867, .F. ) ;
#2286 = CLOSED_SHELL ( 'NONE', ( #1087, #1300, #768, #2278, #724, #2281, #2181, #460, #472, #129, #1740, #2198, #1906, #395, #500, #1268, #1501, #1189, #798, #1314, #53, #813, #1305, #2177, #190, #414, #1880, #1411, #682, #766, #1669, #1672, #312, #1768, #1854, #1529, #254, #2023, #2125, #25, #937, #159, #881, #1713, #1694, #185, #2082, #675, #325, #696, #2110, #327, #2085, #1346, #1532, #272, #967, #1935, #1840, #610, #170, #2255, #735, #1439, #298, #100, #1146 ) ) ;
#2287 = CARTESIAN_POINT ( 'NONE',  ( 1.616580753731280629, 11.20000000000037232, 0.003384343643177654959 ) ) ;
#2288 = AXIS2_PLACEMENT_3D ( 'NONE', #1572, #1206, #137 ) ;
#2289 = FACE_OUTER_BOUND ( 'NONE', #1747, .T. ) ;
#2290 = VERTEX_POINT ( 'NONE', #1856 ) ;
#2291 = CARTESIAN_POINT ( 'NONE',  ( -10.50777489925155805, -4.199999999999073808, 0.003384343643193267470 ) ) ;
#2292 = AXIS2_PLACEMENT_3D ( 'NONE', #957, #1658, #75 ) ;
#2293 = VECTOR ( 'NONE', #1304, 1000.000000000000227 ) ;
ENDSEC;
END-ISO-10303-21;
