ISO-10303-21;
HEADER;
FILE_DESCRIPTION (( 'STEP AP203' ),
    '1' );
FILE_NAME ('°ÚÏßÅÌ.STEP',
    '2026-08-28T03:16:35',
    ( '' ),
    ( '' ),
    'SwSTEP 2.0',
    'SolidWorks 2026',
    '' );
FILE_SCHEMA (( 'CONFIG_CONTROL_DESIGN' ));
ENDSEC;

DATA;
#1 = ORIENTED_EDGE ( 'NONE', *, *, #1499, .T. ) ;
#2 = FACE_BOUND ( 'NONE', #1916, .T. ) ;
#3 = ORIENTED_EDGE ( 'NONE', *, *, #738, .T. ) ;
#4 = VERTEX_POINT ( 'NONE', #1844 ) ;
#5 = DIRECTION ( 'NONE',  ( 0.000000000000000000, 0.000000000000000000, -1.000000000000000000 ) ) ;
#6 = APPROVAL_ROLE ( '' ) ;
#7 = ORIENTED_EDGE ( 'NONE', *, *, #768, .T. ) ;
#8 = FACE_OUTER_BOUND ( 'NONE', #2155, .T. ) ;
#9 = DIRECTION ( 'NONE',  ( -0.000000000000000000, -0.000000000000000000, -1.000000000000000000 ) ) ;
#10 = EDGE_CURVE ( 'NONE', #2379, #1485, #3450, .T. ) ;
#11 = ORIENTED_EDGE ( 'NONE', *, *, #1888, .F. ) ;
#12 = DIRECTION ( 'NONE',  ( 1.000000000000000000, 6.938893903907222067E-15, 0.000000000000000000 ) ) ;
#13 = CARTESIAN_POINT ( 'NONE',  ( 15.58724504646834141, -19.54578706170074653, 6.400000000000000355 ) ) ;
#14 = DIRECTION ( 'NONE',  ( -1.000000000000000000, 1.387778780781444413E-14, 0.000000000000000000 ) ) ;
#15 = EDGE_LOOP ( 'NONE', ( #1572, #3262, #461, #758 ) ) ;
#16 = ADVANCED_FACE ( 'NONE', ( #1828 ), #2924, .T. ) ;
#17 = FACE_BOUND ( 'NONE', #2295, .T. ) ;
#18 = AXIS2_PLACEMENT_3D ( 'NONE', #697, #719, #1544 ) ;
#19 = CIRCLE ( 'NONE', #2643, 26.00000000000000355 ) ;
#20 = ORIENTED_EDGE ( 'NONE', *, *, #2774, .T. ) ;
#21 = VERTEX_POINT ( 'NONE', #921 ) ;
#22 = DIRECTION ( 'NONE',  ( 1.000000000000000000, 0.000000000000000000, -0.000000000000000000 ) ) ;
#23 = VECTOR ( 'NONE', #2508, 1000.000000000000000 ) ;
#24 = CIRCLE ( 'NONE', #3460, 2.999999999999999112 ) ;
#25 = VERTEX_POINT ( 'NONE', #2640 ) ;
#26 = DIRECTION ( 'NONE',  ( -1.000000000000000000, 0.000000000000000000, 0.000000000000000000 ) ) ;
#27 = DIRECTION ( 'NONE',  ( -1.000000000000000000, 6.938893903907222067E-15, 0.000000000000000000 ) ) ;
#28 = CIRCLE ( 'NONE', #2374, 3.000000000000002665 ) ;
#29 = AXIS2_PLACEMENT_3D ( 'NONE', #3103, #2622, #1503 ) ;
#30 = EDGE_CURVE ( 'NONE', #2503, #691, #3271, .T. ) ;
#31 = VERTEX_POINT ( 'NONE', #984 ) ;
#32 = AXIS2_PLACEMENT_3D ( 'NONE', #2566, #3380, #401 ) ;
#33 = AXIS2_PLACEMENT_3D ( 'NONE', #255, #1341, #2425 ) ;
#34 = DIRECTION ( 'NONE',  ( -1.000000000000000000, 0.000000000000000000, 0.000000000000000000 ) ) ;
#35 = CARTESIAN_POINT ( 'NONE',  ( 25.00000000000000000, 0.000000000000000000, 6.400000000000000355 ) ) ;
#36 = AXIS2_PLACEMENT_3D ( 'NONE', #573, #1359, #857 ) ;
#37 = VECTOR ( 'NONE', #812, 1000.000000000000000 ) ;
#38 = CARTESIAN_POINT ( 'NONE',  ( -5.563023348907858434, -24.37319780454559393, 20.40000000000000213 ) ) ;
#39 = VERTEX_POINT ( 'NONE', #2355 ) ;
#40 = DIRECTION ( 'NONE',  ( -0.000000000000000000, -0.000000000000000000, -1.000000000000000000 ) ) ;
#41 = CIRCLE ( 'NONE', #162, 2.999999999999999112 ) ;
#42 = CIRCLE ( 'NONE', #659, 1.799999999999999822 ) ;
#43 = ORIENTED_EDGE ( 'NONE', *, *, #177, .T. ) ;
#44 = ORIENTED_EDGE ( 'NONE', *, *, #2581, .F. ) ;
#45 = CYLINDRICAL_SURFACE ( 'NONE', #1981, 1.799999999999999600 ) ;
#46 = DIRECTION ( 'NONE',  ( -0.000000000000000000, -0.000000000000000000, 1.000000000000000000 ) ) ;
#47 = APPROVAL_ROLE ( '' ) ;
#48 = ADVANCED_FACE ( 'NONE', ( #1991 ), #2609, .T. ) ;
#49 = ORIENTED_EDGE ( 'NONE', *, *, #120, .F. ) ;
#50 = DIRECTION ( 'NONE',  ( 0.000000000000000000, 0.000000000000000000, -1.000000000000000000 ) ) ;
#51 = CARTESIAN_POINT ( 'NONE',  ( -20.15254326381639061, 20.15254326381682404, 19.40000000000000213 ) ) ;
#52 = ORIENTED_EDGE ( 'NONE', *, *, #3079, .F. ) ;
#53 = LINE ( 'NONE', #1998, #1679 ) ;
#54 = DIRECTION ( 'NONE',  ( 0.000000000000000000, 0.000000000000000000, 1.000000000000000000 ) ) ;
#55 = EDGE_CURVE ( 'NONE', #1193, #1646, #3097, .T. ) ;
#56 = CARTESIAN_POINT ( 'NONE',  ( -5.563023348907858434, -24.37319780454559393, 20.40000000000000213 ) ) ;
#57 = VERTEX_POINT ( 'NONE', #3372 ) ;
#58 = DIRECTION ( 'NONE',  ( -1.000000000000000000, 0.000000000000000000, 0.000000000000000000 ) ) ;
#59 = ORIENTED_EDGE ( 'NONE', *, *, #535, .T. ) ;
#60 = ORIENTED_EDGE ( 'NONE', *, *, #2663, .T. ) ;
#61 = DIRECTION ( 'NONE',  ( 0.000000000000000000, 0.000000000000000000, -1.000000000000000000 ) ) ;
#62 = DIRECTION ( 'NONE',  ( 0.2225209339563143096, 0.9749279121818236193, 0.000000000000000000 ) ) ;
#63 = ORIENTED_EDGE ( 'NONE', *, *, #187, .F. ) ;
#64 = EDGE_CURVE ( 'NONE', #2183, #1479, #197, .T. ) ;
#65 = CARTESIAN_POINT ( 'NONE',  ( 0.000000000000000000, 0.000000000000000000, 6.400000000000000355 ) ) ;
#66 = ADVANCED_FACE ( 'NONE', ( #2006 ), #2111, .T. ) ;
#67 = CARTESIAN_POINT ( 'NONE',  ( -12.45131319389210667, -21.10011373778843691, 20.40000000000000213 ) ) ;
#68 = ORIENTED_EDGE ( 'NONE', *, *, #55, .T. ) ;
#69 = EDGE_CURVE ( 'NONE', #691, #3531, #2756, .T. ) ;
#70 = CARTESIAN_POINT ( 'NONE',  ( -12.45131319389210667, -21.10011373778843691, 6.399999999999999467 ) ) ;
#71 = CARTESIAN_POINT ( 'NONE',  ( -20.87324179655682954, -13.60812326145783757, 6.399999999999999467 ) ) ;
#72 = LINE ( 'NONE', #2234, #722 ) ;
#73 = ORIENTED_EDGE ( 'NONE', *, *, #2131, .T. ) ;
#74 = CARTESIAN_POINT ( 'NONE',  ( -2.105356436573520451, 24.91119174738491537, 20.40000000000000213 ) ) ;
#75 = EDGE_CURVE ( 'NONE', #2343, #1950, #1566, .T. ) ;
#76 = EDGE_LOOP ( 'NONE', ( #3406, #1733, #700, #3213 ) ) ;
#77 = EDGE_CURVE ( 'NONE', #1759, #932, #1454, .T. ) ;
#78 = DIRECTION ( 'NONE',  ( 1.000000000000000000, 0.000000000000000000, 0.000000000000000000 ) ) ;
#79 = FACE_OUTER_BOUND ( 'NONE', #3259, .T. ) ;
#80 = CARTESIAN_POINT ( 'NONE',  ( -5.563023348907858434, -24.37319780454559393, 20.40000000000000213 ) ) ;
#81 = AXIS2_PLACEMENT_3D ( 'NONE', #1190, #2910, #3438 ) ;
#82 = ORIENTED_EDGE ( 'NONE', *, *, #1348, .F. ) ;
#83 = DIRECTION ( 'NONE',  ( -0.000000000000000000, -0.000000000000000000, 1.000000000000000000 ) ) ;
#84 = AXIS2_PLACEMENT_3D ( 'NONE', #70, #2247, #34 ) ;
#85 = DIRECTION ( 'NONE',  ( -0.000000000000000000, -0.000000000000000000, -1.000000000000000000 ) ) ;
#86 = CIRCLE ( 'NONE', #2701, 0.5000000000000004441 ) ;
#87 = ORIENTED_EDGE ( 'NONE', *, *, #2672, .T. ) ;
#88 = DIRECTION ( 'NONE',  ( -1.000000000000000000, 0.000000000000000000, 0.000000000000000000 ) ) ;
#89 = CYLINDRICAL_SURFACE ( 'NONE', #1008, 0.5000000000000004441 ) ;
#90 = AXIS2_PLACEMENT_3D ( 'NONE', #621, #869, #340 ) ;
#91 = EDGE_CURVE ( 'NONE', #2145, #983, #3076, .T. ) ;
#92 = FACE_OUTER_BOUND ( 'NONE', #734, .T. ) ;
#93 = CIRCLE ( 'NONE', #1873, 25.00000000000000000 ) ;
#94 = AXIS2_PLACEMENT_3D ( 'NONE', #425, #2829, #3112 ) ;
#95 = EDGE_LOOP ( 'NONE', ( #3019, #1641, #3155, #810 ) ) ;
#96 = CARTESIAN_POINT ( 'NONE',  ( 25.00000000000000000, 0.000000000000000000, 23.40000000000000213 ) ) ;
#97 = VECTOR ( 'NONE', #1653, 1000.000000000000000 ) ;
#98 = AXIS2_PLACEMENT_3D ( 'NONE', #2865, #484, #979 ) ;
#99 = EDGE_LOOP ( 'NONE', ( #2166, #2549, #1394, #2694 ) ) ;
#100 = CIRCLE ( 'NONE', #503, 0.5000000000000004441 ) ;
#101 = CIRCLE ( 'NONE', #2268, 25.00000000000000000 ) ;
#102 = CARTESIAN_POINT ( 'NONE',  ( -12.45131319389213154, 21.10011373778842270, 20.40000000000000213 ) ) ;
#103 = PLANE ( 'NONE',  #2321 ) ;
#104 = CARTESIAN_POINT ( 'NONE',  ( 17.80041199229364679, -16.83434979156037059, 6.399999999999999467 ) ) ;
#105 = ORIENTED_EDGE ( 'NONE', *, *, #3393, .F. ) ;
#106 = CARTESIAN_POINT ( 'NONE',  ( 25.00000000000000000, 0.000000000000000000, 6.400000000000000355 ) ) ;
#107 = LINE ( 'NONE', #2523, #1242 ) ;
#108 = EDGE_CURVE ( 'NONE', #3486, #1138, #3334, .T. ) ;
#109 = VERTEX_POINT ( 'NONE', #2126 ) ;
#110 = DIRECTION ( 'NONE',  ( -1.000000000000000000, 0.000000000000000000, 0.000000000000000000 ) ) ;
#111 = CARTESIAN_POINT ( 'NONE',  ( -2.563217027994292074, 24.40728646845270333, 6.400000000000000355 ) ) ;
#112 = CARTESIAN_POINT ( 'NONE',  ( 20.15254326381653271, -20.15254326381667838, 19.40000000000000213 ) ) ;
#113 = ORIENTED_EDGE ( 'NONE', *, *, #3316, .F. ) ;
#114 = DIRECTION ( 'NONE',  ( -0.000000000000000000, -0.000000000000000000, -1.000000000000000000 ) ) ;
#115 = EDGE_CURVE ( 'NONE', #2936, #2128, #1908, .T. ) ;
#116 = EDGE_CURVE ( 'NONE', #1485, #2574, #1849, .T. ) ;
#117 = EDGE_LOOP ( 'NONE', ( #1452, #1662, #1258, #3508 ) ) ;
#118 = CYLINDRICAL_SURFACE ( 'NONE', #393, 1.800000000000002931 ) ;
#119 = DIRECTION ( 'NONE',  ( -1.000000000000000000, 0.000000000000000000, 0.000000000000000000 ) ) ;
#120 = EDGE_CURVE ( 'NONE', #2195, #1892, #1792, .T. ) ;
#121 = ORIENTED_EDGE ( 'NONE', *, *, #1626, .F. ) ;
#122 = DIRECTION ( 'NONE',  ( -0.000000000000000000, -0.000000000000000000, 1.000000000000000000 ) ) ;
#123 = LINE ( 'NONE', #3067, #565 ) ;
#124 = ORIENTED_EDGE ( 'NONE', *, *, #1295, .T. ) ;
#125 = CYLINDRICAL_SURFACE ( 'NONE', #2699, 0.5000000000000004441 ) ;
#126 = DIRECTION ( 'NONE',  ( -0.000000000000000000, -0.000000000000000000, 1.000000000000000000 ) ) ;
#127 = ADVANCED_FACE ( 'NONE', ( #771 ), #2397, .T. ) ;
#128 = CARTESIAN_POINT ( 'NONE',  ( 26.00000000000000355, 0.000000000000000000, 23.40000000000000213 ) ) ;
#129 = VERTEX_POINT ( 'NONE', #3214 ) ;
#130 = CARTESIAN_POINT ( 'NONE',  ( 24.36571428571429010, 2.932180354728042726, 20.40000000000000213 ) ) ;
#131 = EDGE_CURVE ( 'NONE', #1186, #2307, #369, .T. ) ;
#132 = ORIENTED_EDGE ( 'NONE', *, *, #574, .T. ) ;
#133 = DIRECTION ( 'NONE',  ( 1.000000000000000000, 0.000000000000000000, 0.000000000000000000 ) ) ;
#134 = CARTESIAN_POINT ( 'NONE',  ( 18.16368570642208624, -17.17790795057180731, 20.40000000000000213 ) ) ;
#135 = ADVANCED_FACE ( 'NONE', ( #823 ), #1310, .F. ) ;
#136 = ORIENTED_EDGE ( 'NONE', *, *, #3403, .T. ) ;
#137 = DIRECTION ( 'NONE',  ( -0.000000000000000000, -0.000000000000000000, -1.000000000000000000 ) ) ;
#138 = CARTESIAN_POINT ( 'NONE',  ( 26.48172400785650282, 14.25000000000000533, 24.40000000000000213 ) ) ;
#139 = AXIS2_PLACEMENT_3D ( 'NONE', #736, #996, #1500 ) ;
#140 = ORIENTED_EDGE ( 'NONE', *, *, #1048, .T. ) ;
#141 = CARTESIAN_POINT ( 'NONE',  ( -24.26000000000000512, -3.420877080516050217, -4.599999999999999645 ) ) ;
#142 = CARTESIAN_POINT ( 'NONE',  ( 12.45131319389212798, -21.10011373778842270, -0.4000000000000000222 ) ) ;
#143 = AXIS2_PLACEMENT_3D ( 'NONE', #1321, #2971, #3264 ) ;
#144 = EDGE_CURVE ( 'NONE', #2670, #822, #808, .T. ) ;
#145 = DIRECTION ( 'NONE',  ( 0.000000000000000000, 0.000000000000000000, 1.000000000000000000 ) ) ;
#146 = ORIENTED_EDGE ( 'NONE', *, *, #1845, .T. ) ;
#147 = AXIS2_PLACEMENT_3D ( 'NONE', #2575, #2882, #2615 ) ;
#148 = DIRECTION ( 'NONE',  ( 0.000000000000000000, 0.000000000000000000, -1.000000000000000000 ) ) ;
#149 = CIRCLE ( 'NONE', #2879, 3.000000000000000000 ) ;
#150 = AXIS2_PLACEMENT_3D ( 'NONE', #3345, #916, #2199 ) ;
#151 = ORIENTED_EDGE ( 'NONE', *, *, #3001, .T. ) ;
#152 = DIRECTION ( 'NONE',  ( -0.000000000000000000, -0.000000000000000000, 1.000000000000000000 ) ) ;
#153 = CIRCLE ( 'NONE', #386, 2.999999999999999112 ) ;
#154 = CARTESIAN_POINT ( 'NONE',  ( -23.34176767406853870, -7.443915760526108372, -0.4000000000000000222 ) ) ;
#155 = AXIS2_PLACEMENT_3D ( 'NONE', #769, #710, #508 ) ;
#156 = VECTOR ( 'NONE', #254, 1000.000000000000000 ) ;
#157 = CIRCLE ( 'NONE', #276, 0.5000000000000004441 ) ;
#158 = VERTEX_POINT ( 'NONE', #543 ) ;
#159 = DIRECTION ( 'NONE',  ( -0.000000000000000000, -0.000000000000000000, 1.000000000000000000 ) ) ;
#160 = CARTESIAN_POINT ( 'NONE',  ( 0.000000000000000000, 0.000000000000000000, 3.400000000000000355 ) ) ;
#161 = ADVANCED_FACE ( 'NONE', ( #2712 ), #2411, .T. ) ;
#162 = AXIS2_PLACEMENT_3D ( 'NONE', #2297, #3391, #3377 ) ;
#163 = ORIENTED_EDGE ( 'NONE', *, *, #2181, .T. ) ;
#164 = CYLINDRICAL_SURFACE ( 'NONE', #98, 2.999999999999999112 ) ;
#165 = CYLINDRICAL_SURFACE ( 'NONE', #880, 0.5000000000000004441 ) ;
#166 = DIRECTION ( 'NONE',  ( -1.000000000000000000, 0.000000000000000000, 0.000000000000000000 ) ) ;
#167 = DIRECTION ( 'NONE',  ( -0.000000000000000000, -0.000000000000000000, -1.000000000000000000 ) ) ;
#168 = ORIENTED_EDGE ( 'NONE', *, *, #3313, .T. ) ;
#169 = EDGE_LOOP ( 'NONE', ( #1685, #745, #2073, #3080 ) ) ;
#170 = FACE_OUTER_BOUND ( 'NONE', #301, .T. ) ;
#171 = EDGE_LOOP ( 'NONE', ( #2040, #2639, #717, #1948 ) ) ;
#172 = DIRECTION ( 'NONE',  ( 0.000000000000000000, 0.000000000000000000, 1.000000000000000000 ) ) ;
#173 = EDGE_CURVE ( 'NONE', #2968, #584, #1363, .T. ) ;
#174 = ORIENTED_EDGE ( 'NONE', *, *, #1207, .T. ) ;
#175 = CARTESIAN_POINT ( 'NONE',  ( -12.89930345854585347, -20.87806706977590920, 6.400000000000000355 ) ) ;
#176 = DIRECTION ( 'NONE',  ( 1.000000000000000000, 0.000000000000000000, 0.000000000000000000 ) ) ;
#177 = EDGE_CURVE ( 'NONE', #3150, #1994, #1864, .T. ) ;
#178 = EDGE_LOOP ( 'NONE', ( #1987, #1997, #2608, #688 ) ) ;
#179 = CARTESIAN_POINT ( 'NONE',  ( -24.68172400785650566, -14.24999999999999467, 2.400000000000000355 ) ) ;
#180 = CARTESIAN_POINT ( 'NONE',  ( -20.37324179655682599, -13.60812326145783757, 6.399999999999999467 ) ) ;
#181 = DIRECTION ( 'NONE',  ( 0.000000000000000000, 0.000000000000000000, -1.000000000000000000 ) ) ;
#182 = EDGE_CURVE ( 'NONE', #3222, #851, #2812, .T. ) ;
#183 = DIRECTION ( 'NONE',  ( 1.000000000000000000, 0.000000000000000000, 0.000000000000000000 ) ) ;
#184 = ORIENTED_EDGE ( 'NONE', *, *, #2552, .F. ) ;
#185 = VERTEX_POINT ( 'NONE', #3267 ) ;
#186 = LINE ( 'NONE', #3479, #509 ) ;
#187 = EDGE_CURVE ( 'NONE', #3029, #31, #1731, .T. ) ;
#188 = ORIENTED_EDGE ( 'NONE', *, *, #590, .F. ) ;
#189 = FACE_OUTER_BOUND ( 'NONE', #2415, .T. ) ;
#190 = EDGE_CURVE ( 'NONE', #1030, #867, #3098, .T. ) ;
#191 = ORIENTED_EDGE ( 'NONE', *, *, #1550, .F. ) ;
#192 = DIRECTION ( 'NONE',  ( 0.000000000000000000, 0.000000000000000000, 1.000000000000000000 ) ) ;
#193 = DIRECTION ( 'NONE',  ( -0.000000000000000000, -0.000000000000000000, 1.000000000000000000 ) ) ;
#194 = ORIENTED_EDGE ( 'NONE', *, *, #3131, .F. ) ;
#195 = CARTESIAN_POINT ( 'NONE',  ( 20.15254326381661443, 20.15254326381660377, 19.40000000000000213 ) ) ;
#196 = DIRECTION ( 'NONE',  ( -0.000000000000000000, -0.000000000000000000, 1.000000000000000000 ) ) ;
#197 = CIRCLE ( 'NONE', #260, 32.00000000000000000 ) ;
#198 = CARTESIAN_POINT ( 'NONE',  ( 0.000000000000000000, 0.000000000000000000, 23.40000000000000213 ) ) ;
#199 = AXIS2_PLACEMENT_3D ( 'NONE', #531, #1912, #2692 ) ;
#200 = CARTESIAN_POINT ( 'NONE',  ( 23.81813027966177643, 7.595832408700112559, -4.599999999999999645 ) ) ;
#201 = ORIENTED_EDGE ( 'NONE', *, *, #2386, .F. ) ;
#202 = DIRECTION ( 'NONE',  ( 0.000000000000000000, 0.000000000000000000, -1.000000000000000000 ) ) ;
#203 = DIRECTION ( 'NONE',  ( -0.000000000000000000, -0.000000000000000000, -1.000000000000000000 ) ) ;
#204 = VECTOR ( 'NONE', #1224, 1000.000000000000000 ) ;
#205 = EDGE_CURVE ( 'NONE', #2982, #2748, #257, .T. ) ;
#206 = CIRCLE ( 'NONE', #1858, 1.799999999999999600 ) ;
#207 = ORIENTED_EDGE ( 'NONE', *, *, #75, .T. ) ;
#208 = DIRECTION ( 'NONE',  ( -1.000000000000000000, 0.000000000000000000, -0.000000000000000000 ) ) ;
#209 = VECTOR ( 'NONE', #2305, 1000.000000000000000 ) ;
#210 = AXIS2_PLACEMENT_3D ( 'NONE', #2978, #3546, #2197 ) ;
#211 = AXIS2_PLACEMENT_3D ( 'NONE', #1739, #2807, #2539 ) ;
#212 = ORIENTED_EDGE ( 'NONE', *, *, #1447, .F. ) ;
#213 = DIRECTION ( 'NONE',  ( -1.000000000000000000, 0.000000000000000000, 0.000000000000000000 ) ) ;
#214 = DIRECTION ( 'NONE',  ( -1.000000000000000000, 0.000000000000000000, 0.000000000000000000 ) ) ;
#215 = AXIS2_PLACEMENT_3D ( 'NONE', #236, #1881, #3474 ) ;
#216 = CIRCLE ( 'NONE', #2150, 1.799999999999999600 ) ;
#217 = EDGE_LOOP ( 'NONE', ( #358, #2904, #3468, #2543 ) ) ;
#218 = CIRCLE ( 'NONE', #616, 0.5000000000000004441 ) ;
#219 = CARTESIAN_POINT ( 'NONE',  ( 23.22497539171024528, 7.930084005870785546, 6.400000000000000355 ) ) ;
#220 = AXIS2_PLACEMENT_3D ( 'NONE', #2966, #478, #496 ) ;
#221 = CARTESIAN_POINT ( 'NONE',  ( -25.00000000000000000, -3.061616997868383043E-15, 6.400000000000000355 ) ) ;
#222 = CARTESIAN_POINT ( 'NONE',  ( 12.70542162642051665, 21.53072830386576086, -4.599999999999999645 ) ) ;
#223 = CARTESIAN_POINT ( 'NONE',  ( -25.00000000000000000, 3.061616997868383043E-15, -4.599999999999999645 ) ) ;
#224 = ORIENTED_EDGE ( 'NONE', *, *, #1039, .T. ) ;
#225 = DIRECTION ( 'NONE',  ( -0.000000000000000000, -0.000000000000000000, 1.000000000000000000 ) ) ;
#226 = DIRECTION ( 'NONE',  ( -1.000000000000000000, 0.000000000000000000, 0.000000000000000000 ) ) ;
#227 = ORIENTED_EDGE ( 'NONE', *, *, #2002, .T. ) ;
#228 = ADVANCED_FACE ( 'NONE', ( #294 ), #1343, .F. ) ;
#229 = CARTESIAN_POINT ( 'NONE',  ( 12.89930345854585170, 20.87806706977591276, 20.40000000000000213 ) ) ;
#230 = ORIENTED_EDGE ( 'NONE', *, *, #1087, .F. ) ;
#231 = DIRECTION ( 'NONE',  ( 1.224646799147353207E-16, 1.000000000000000000, -0.000000000000000000 ) ) ;
#232 = CARTESIAN_POINT ( 'NONE',  ( -2.063249307842023761, -24.41296791243722453, -4.599999999999999645 ) ) ;
#233 = VERTEX_POINT ( 'NONE', #2661 ) ;
#234 = CARTESIAN_POINT ( 'NONE',  ( -23.22497539171024883, -7.930084005870785546, -0.4000000000000000222 ) ) ;
#235 = CARTESIAN_POINT ( 'NONE',  ( 26.48172400785649927, -14.25000000000001243, 2.400000000000000355 ) ) ;
#236 = CARTESIAN_POINT ( 'NONE',  ( -5.563023348907864651, 24.37319780454559393, -0.4000000000000000222 ) ) ;
#237 = DIRECTION ( 'NONE',  ( 1.000000000000000000, 0.000000000000000000, 0.000000000000000000 ) ) ;
#238 = EDGE_CURVE ( 'NONE', #853, #1030, #1106, .T. ) ;
#239 = ORIENTED_EDGE ( 'NONE', *, *, #3203, .F. ) ;
#240 = CARTESIAN_POINT ( 'NONE',  ( 18.16368570642206492, 17.17790795057182862, -4.599999999999999645 ) ) ;
#241 = EDGE_CURVE ( 'NONE', #466, #2195, #2429, .T. ) ;
#242 = CARTESIAN_POINT ( 'NONE',  ( 24.75510204081633603, -3.490690898485742988, -4.599999999999999645 ) ) ;
#243 = ADVANCED_FACE ( 'NONE', ( #2512 ), #1714, .T. ) ;
#244 = ORIENTED_EDGE ( 'NONE', *, *, #3200, .T. ) ;
#245 = FACE_OUTER_BOUND ( 'NONE', #1092, .T. ) ;
#246 = ADVANCED_BREP_SHAPE_REPRESENTATION ( '\X2\64467ebf76d8\X0\', ( #625, #2097 ), #1532 ) ;
#247 = EDGE_LOOP ( 'NONE', ( #2881, #2668, #442, #3324 ) ) ;
#248 = DIRECTION ( 'NONE',  ( -1.000000000000000000, 0.000000000000000000, -0.000000000000000000 ) ) ;
#249 = CALENDAR_DATE ( 2026, 28, 8 ) ;
#250 = EDGE_CURVE ( 'NONE', #2748, #368, #2077, .T. ) ;
#251 = ORIENTED_EDGE ( 'NONE', *, *, #1789, .T. ) ;
#252 = DIRECTION ( 'NONE',  ( -1.000000000000000000, 0.000000000000000000, 0.000000000000000000 ) ) ;
#253 = DIRECTION ( 'NONE',  ( -0.000000000000000000, -0.000000000000000000, -1.000000000000000000 ) ) ;
#254 = DIRECTION ( 'NONE',  ( 0.000000000000000000, 0.000000000000000000, -1.000000000000000000 ) ) ;
#255 = CARTESIAN_POINT ( 'NONE',  ( 0.000000000000000000, 0.000000000000000000, 20.40000000000000213 ) ) ;
#256 = ORIENTED_EDGE ( 'NONE', *, *, #1415, .F. ) ;
#257 = LINE ( 'NONE', #2994, #937 ) ;
#258 = FACE_OUTER_BOUND ( 'NONE', #3228, .T. ) ;
#259 = PRODUCT_DEFINITION ( 'æœ', '', #3534, #2584 ) ;
#260 = AXIS2_PLACEMENT_3D ( 'NONE', #2279, #202, #1560 ) ;
#261 = EDGE_CURVE ( 'NONE', #1135, #1435, #19, .T. ) ;
#262 = VERTEX_POINT ( 'NONE', #1390 ) ;
#263 = AXIS2_PLACEMENT_3D ( 'NONE', #381, #896, #1663 ) ;
#264 = PLANE ( 'NONE',  #3107 ) ;
#265 = ORIENTED_EDGE ( 'NONE', *, *, #859, .T. ) ;
#266 = CARTESIAN_POINT ( 'NONE',  ( -2.105356436573493362, -24.91119174738491893, 20.40000000000000213 ) ) ;
#267 = CIRCLE ( 'NONE', #2082, 0.5000000000000000000 ) ;
#268 = CIRCLE ( 'NONE', #2146, 0.5000000000000004441 ) ;
#269 = AXIS2_PLACEMENT_3D ( 'NONE', #56, #613, #2499 ) ;
#270 = ORIENTED_EDGE ( 'NONE', *, *, #77, .T. ) ;
#271 = EDGE_CURVE ( 'NONE', #814, #595, #1340, .T. ) ;
#272 = FACE_OUTER_BOUND ( 'NONE', #1371, .T. ) ;
#273 = CIRCLE ( 'NONE', #33, 25.00000000000000000 ) ;
#274 = LINE ( 'NONE', #1361, #895 ) ;
#275 = AXIS2_PLACEMENT_3D ( 'NONE', #1909, #1630, #603 ) ;
#276 = AXIS2_PLACEMENT_3D ( 'NONE', #1708, #354, #2776 ) ;
#277 = ORIENTED_EDGE ( 'NONE', *, *, #1076, .T. ) ;
#278 = DIRECTION ( 'NONE',  ( -1.000000000000000000, 0.000000000000000000, -0.000000000000000000 ) ) ;
#279 = PLANE ( 'NONE',  #1350 ) ;
#280 = CIRCLE ( 'NONE', #2722, 25.00000000000000000 ) ;
#281 = VERTEX_POINT ( 'NONE', #1180 ) ;
#282 = CC_DESIGN_PERSON_AND_ORGANIZATION_ASSIGNMENT ( #2226, #1608, ( #259 ) ) ;
#283 = CARTESIAN_POINT ( 'NONE',  ( 8.733466407718326607, 22.89053438662487139, -0.4000000000000000222 ) ) ;
#284 = ORIENTED_EDGE ( 'NONE', *, *, #1360, .F. ) ;
#285 = FACE_OUTER_BOUND ( 'NONE', #2898, .T. ) ;
#286 = DATE_AND_TIME ( #3520, #2436 ) ;
#287 = EDGE_CURVE ( 'NONE', #1138, #404, #3342, .T. ) ;
#288 = ORIENTED_EDGE ( 'NONE', *, *, #1348, .T. ) ;
#289 = CARTESIAN_POINT ( 'NONE',  ( 23.81813027966177643, 7.595832408700111671, 6.400000000000000355 ) ) ;
#290 = CARTESIAN_POINT ( 'NONE',  ( 25.00000000000000000, 0.000000000000000000, 20.40000000000000213 ) ) ;
#291 = EDGE_CURVE ( 'NONE', #2820, #1374, #488, .T. ) ;
#292 = EDGE_CURVE ( 'NONE', #3315, #1315, #1729, .T. ) ;
#293 = EDGE_LOOP ( 'NONE', ( #2660, #224, #3385, #3310 ) ) ;
#294 = FACE_OUTER_BOUND ( 'NONE', #1189, .T. ) ;
#295 = FACE_OUTER_BOUND ( 'NONE', #1215, .T. ) ;
#296 = EDGE_CURVE ( 'NONE', #1994, #1698, #2873, .T. ) ;
#297 = CYLINDRICAL_SURFACE ( 'NONE', #2768, 2.999999999999998668 ) ;
#298 = ORIENTED_EDGE ( 'NONE', *, *, #1943, .F. ) ;
#299 = CARTESIAN_POINT ( 'NONE',  ( -12.70542162642051665, -21.53072830386575376, 20.40000000000000213 ) ) ;
#300 = ADVANCED_FACE ( 'NONE', ( #860 ), #1699, .F. ) ;
#301 = EDGE_LOOP ( 'NONE', ( #924, #2515, #723, #3090 ) ) ;
#302 = CARTESIAN_POINT ( 'NONE',  ( 2.563217027994308506, -24.40728646845270333, 6.400000000000000355 ) ) ;
#303 = ADVANCED_FACE ( 'NONE', ( #627 ), #1448, .F. ) ;
#304 = ORIENTED_EDGE ( 'NONE', *, *, #3381, .F. ) ;
#305 = DIRECTION ( 'NONE',  ( -1.000000000000000000, 0.000000000000000000, 0.000000000000000000 ) ) ;
#306 = DIRECTION ( 'NONE',  ( -1.000000000000000000, 0.000000000000000000, 0.000000000000000000 ) ) ;
#307 = ORIENTED_EDGE ( 'NONE', *, *, #131, .T. ) ;
#308 = DIRECTION ( 'NONE',  ( 0.000000000000000000, 0.000000000000000000, 1.000000000000000000 ) ) ;
#309 = DIRECTION ( 'NONE',  ( 0.000000000000000000, 0.000000000000000000, -1.000000000000000000 ) ) ;
#310 = CARTESIAN_POINT ( 'NONE',  ( 17.80041199229364679, -16.83434979156037059, 20.40000000000000213 ) ) ;
#311 = ORIENTED_EDGE ( 'NONE', *, *, #336, .T. ) ;
#312 = CARTESIAN_POINT ( 'NONE',  ( 0.000000000000000000, 0.000000000000000000, 6.400000000000000355 ) ) ;
#313 = EDGE_CURVE ( 'NONE', #3036, #2494, #3030, .T. ) ;
#314 = AXIS2_PLACEMENT_3D ( 'NONE', #1023, #755, #3156 ) ;
#315 = CIRCLE ( 'NONE', #3456, 0.5000000000000004441 ) ;
#316 = ORIENTED_EDGE ( 'NONE', *, *, #2442, .F. ) ;
#317 = VERTEX_POINT ( 'NONE', #2763 ) ;
#318 = CARTESIAN_POINT ( 'NONE',  ( -2.063249307842049962, 24.41296791243722453, -0.4000000000000000222 ) ) ;
#319 = DIRECTION ( 'NONE',  ( 0.000000000000000000, 0.000000000000000000, -1.000000000000000000 ) ) ;
#320 = AXIS2_PLACEMENT_3D ( 'NONE', #2520, #3356, #1671 ) ;
#321 = ORIENTED_EDGE ( 'NONE', *, *, #1305, .T. ) ;
#322 = DIRECTION ( 'NONE',  ( -1.000000000000000000, 0.000000000000000000, 0.000000000000000000 ) ) ;
#323 = CARTESIAN_POINT ( 'NONE',  ( 24.68172400785650211, 14.25000000000000533, 2.400000000000000355 ) ) ;
#324 = CIRCLE ( 'NONE', #1804, 1.799999999999999600 ) ;
#325 = CIRCLE ( 'NONE', #3053, 0.5000000000000004441 ) ;
#326 = ORIENTED_EDGE ( 'NONE', *, *, #1727, .T. ) ;
#327 = CIRCLE ( 'NONE', #3232, 1.000000000000000000 ) ;
#328 = AXIS2_PLACEMENT_3D ( 'NONE', #1054, #1860, #2409 ) ;
#329 = CARTESIAN_POINT ( 'NONE',  ( 22.52422169756047765, -10.84709347793895517, 6.400000000000000355 ) ) ;
#330 = DIRECTION ( 'NONE',  ( 0.000000000000000000, 0.000000000000000000, -1.000000000000000000 ) ) ;
#331 = CIRCLE ( 'NONE', #2719, 32.00000000000000000 ) ;
#332 = VECTOR ( 'NONE', #1508, 1000.000000000000000 ) ;
#333 = DIRECTION ( 'NONE',  ( -0.000000000000000000, -0.000000000000000000, 1.000000000000000000 ) ) ;
#334 = EDGE_LOOP ( 'NONE', ( #2964, #587, #2536, #2383 ) ) ;
#335 = FACE_BOUND ( 'NONE', #352, .T. ) ;
#336 = EDGE_CURVE ( 'NONE', #2494, #1319, #1794, .T. ) ;
#337 = ORIENTED_EDGE ( 'NONE', *, *, #1747, .T. ) ;
#338 = VERTEX_POINT ( 'NONE', #345 ) ;
#339 = DIRECTION ( 'NONE',  ( 0.000000000000000000, 0.000000000000000000, -1.000000000000000000 ) ) ;
#340 = DIRECTION ( 'NONE',  ( -1.000000000000000000, 0.000000000000000000, 0.000000000000000000 ) ) ;
#341 = ORIENTED_EDGE ( 'NONE', *, *, #1097, .T. ) ;
#342 = CARTESIAN_POINT ( 'NONE',  ( 0.000000000000000000, 0.000000000000000000, 20.40000000000000213 ) ) ;
#343 = DIRECTION ( 'NONE',  ( 0.000000000000000000, 0.000000000000000000, 1.000000000000000000 ) ) ;
#344 = ORIENTED_EDGE ( 'NONE', *, *, #2709, .F. ) ;
#345 = CARTESIAN_POINT ( 'NONE',  ( -24.76000000000000512, 3.420877080516024016, 6.400000000000000355 ) ) ;
#346 = CARTESIAN_POINT ( 'NONE',  ( 12.70542162642053796, -21.53072830386573600, 20.40000000000000213 ) ) ;
#347 = EDGE_CURVE ( 'NONE', #1698, #409, #914, .T. ) ;
#348 = DIRECTION ( 'NONE',  ( 0.000000000000000000, 0.000000000000000000, 1.000000000000000000 ) ) ;
#349 = VERTEX_POINT ( 'NONE', #1418 ) ;
#350 = EDGE_CURVE ( 'NONE', #1485, #1800, #53, .T. ) ;
#351 = CARTESIAN_POINT ( 'NONE',  ( -23.81813027966178353, 7.595832408700083249, 6.399999999999999467 ) ) ;
#352 = EDGE_LOOP ( 'NONE', ( #2895, #1832, #2825, #3331 ) ) ;
#353 = ORIENTED_EDGE ( 'NONE', *, *, #445, .T. ) ;
#354 = DIRECTION ( 'NONE',  ( -0.000000000000000000, -0.000000000000000000, 1.000000000000000000 ) ) ;
#355 = LINE ( 'NONE', #3298, #3402 ) ;
#356 = EDGE_CURVE ( 'NONE', #2769, #1331, #3394, .T. ) ;
#357 = ADVANCED_FACE ( 'NONE', ( #1198 ), #2286, .T. ) ;
#358 = ORIENTED_EDGE ( 'NONE', *, *, #2056, .F. ) ;
#359 = FACE_OUTER_BOUND ( 'NONE', #1511, .T. ) ;
#360 = DIRECTION ( 'NONE',  ( 0.000000000000000000, 0.000000000000000000, -1.000000000000000000 ) ) ;
#361 = EDGE_CURVE ( 'NONE', #814, #3341, #827, .T. ) ;
#362 = VERTEX_POINT ( 'NONE', #2050 ) ;
#363 = CARTESIAN_POINT ( 'NONE',  ( 2.563217027994288966, -24.40728646845270333, -0.4000000000000000222 ) ) ;
#364 = DIRECTION ( 'NONE',  ( -0.000000000000000000, -0.000000000000000000, 1.000000000000000000 ) ) ;
#365 = DIRECTION ( 'NONE',  ( 0.000000000000000000, 0.000000000000000000, -1.000000000000000000 ) ) ;
#366 = EDGE_LOOP ( 'NONE', ( #2535, #2271, #2354, #989 ) ) ;
#367 = CARTESIAN_POINT ( 'NONE',  ( -18.16368570642208979, 17.17790795057180375, 6.399999999999999467 ) ) ;
#368 = VERTEX_POINT ( 'NONE', #433 ) ;
#369 = CIRCLE ( 'NONE', #706, 0.5000000000000004441 ) ;
#370 = DIRECTION ( 'NONE',  ( 1.000000000000000000, -1.040834085586083310E-14, 0.000000000000000000 ) ) ;
#371 = CARTESIAN_POINT ( 'NONE',  ( -17.48424528574716419, -17.22169797300899674, 20.40000000000000213 ) ) ;
#372 = CARTESIAN_POINT ( 'NONE',  ( -2.063249307842049962, 24.41296791243722453, 20.40000000000000213 ) ) ;
#373 = AXIS2_PLACEMENT_3D ( 'NONE', #1634, #563, #1093 ) ;
#374 = VERTEX_POINT ( 'NONE', #2890 ) ;
#375 = CYLINDRICAL_SURFACE ( 'NONE', #2193, 2.999999999999998224 ) ;
#376 = AXIS2_PLACEMENT_3D ( 'NONE', #1212, #196, #2654 ) ;
#377 = DIRECTION ( 'NONE',  ( 0.000000000000000000, 0.000000000000000000, 1.000000000000000000 ) ) ;
#378 = AXIS2_PLACEMENT_3D ( 'NONE', #1711, #623, #26 ) ;
#379 = EDGE_CURVE ( 'NONE', #448, #2453, #2418, .T. ) ;
#380 = EDGE_LOOP ( 'NONE', ( #457, #1728, #2426, #1098 ) ) ;
#381 = CARTESIAN_POINT ( 'NONE',  ( -2.063249307842023761, -24.41296791243722453, 6.399999999999999467 ) ) ;
#382 = CARTESIAN_POINT ( 'NONE',  ( -22.52422169756048120, -10.84709347793895873, 6.400000000000000355 ) ) ;
#383 = TOROIDAL_SURFACE ( 'NONE', #2088, 26.00000000000000355, 1.000000000000000000 ) ;
#384 = AXIS2_PLACEMENT_3D ( 'NONE', #449, #939, #2314 ) ;
#385 = CARTESIAN_POINT ( 'NONE',  ( 24.68172400785649856, -14.25000000000001243, 2.400000000000000355 ) ) ;
#386 = AXIS2_PLACEMENT_3D ( 'NONE', #1038, #3215, #2963 ) ;
#387 = AXIS2_PLACEMENT_3D ( 'NONE', #3078, #1481, #2559 ) ;
#388 = ORIENTED_EDGE ( 'NONE', *, *, #1378, .F. ) ;
#389 = DIRECTION ( 'NONE',  ( 0.000000000000000000, 0.000000000000000000, 1.000000000000000000 ) ) ;
#390 = CIRCLE ( 'NONE', #2267, 0.5000000000000004441 ) ;
#391 = EDGE_LOOP ( 'NONE', ( #2504, #542, #270, #796 ) ) ;
#392 = SECURITY_CLASSIFICATION ( '', '', #1891 ) ;
#393 = AXIS2_PLACEMENT_3D ( 'NONE', #2859, #686, #133 ) ;
#394 = CARTESIAN_POINT ( 'NONE',  ( 5.563023348907861099, -24.37319780454559393, 20.40000000000000213 ) ) ;
#395 = CARTESIAN_POINT ( 'NONE',  ( -20.68052463955735121, 13.21369043524084752, 20.40000000000000213 ) ) ;
#396 = VERTEX_POINT ( 'NONE', #2066 ) ;
#397 = DIRECTION ( 'NONE',  ( -0.000000000000000000, -0.000000000000000000, 1.000000000000000000 ) ) ;
#398 = CARTESIAN_POINT ( 'NONE',  ( -17.48424528574717485, 17.22169797300899319, -0.4000000000000000222 ) ) ;
#399 = ORIENTED_EDGE ( 'NONE', *, *, #2165, .F. ) ;
#400 = DIRECTION ( 'NONE',  ( -0.000000000000000000, -0.000000000000000000, 1.000000000000000000 ) ) ;
#401 = DIRECTION ( 'NONE',  ( 0.2225209339563143096, -0.9749279121818236193, 0.000000000000000000 ) ) ;
#402 = ADVANCED_FACE ( 'NONE', ( #1768 ), #966, .T. ) ;
#403 = LINE ( 'NONE', #1806, #3227 ) ;
#404 = VERTEX_POINT ( 'NONE', #945 ) ;
#405 = CARTESIAN_POINT ( 'NONE',  ( -18.16368570642208979, 17.17790795057180375, 20.40000000000000213 ) ) ;
#406 = ORIENTED_EDGE ( 'NONE', *, *, #3065, .T. ) ;
#407 = FACE_BOUND ( 'NONE', #685, .T. ) ;
#408 = DIRECTION ( 'NONE',  ( 0.000000000000000000, 0.000000000000000000, -1.000000000000000000 ) ) ;
#409 = VERTEX_POINT ( 'NONE', #3396 ) ;
#410 = FACE_OUTER_BOUND ( 'NONE', #2242, .T. ) ;
#411 = EDGE_CURVE ( 'NONE', #3417, #2843, #315, .T. ) ;
#412 = CARTESIAN_POINT ( 'NONE',  ( -20.15254326381639061, 20.15254326381682404, 19.40000000000000213 ) ) ;
#413 = ADVANCED_FACE ( 'NONE', ( #454 ), #165, .F. ) ;
#414 = EDGE_CURVE ( 'NONE', #748, #1814, #2249, .T. ) ;
#415 = EDGE_LOOP ( 'NONE', ( #3330, #2134, #2987, #999 ) ) ;
#416 = DIRECTION ( 'NONE',  ( -1.000000000000000000, 0.000000000000000000, 0.000000000000000000 ) ) ;
#417 = CARTESIAN_POINT ( 'NONE',  ( -22.52422169756047765, 10.84709347793895162, 6.400000000000000355 ) ) ;
#418 = EDGE_CURVE ( 'NONE', #1217, #2331, #707, .T. ) ;
#419 = CARTESIAN_POINT ( 'NONE',  ( 0.000000000000000000, 0.000000000000000000, 24.40000000000000213 ) ) ;
#420 = VERTEX_POINT ( 'NONE', #679 ) ;
#421 = DIRECTION ( 'NONE',  ( 0.000000000000000000, 0.000000000000000000, -1.000000000000000000 ) ) ;
#422 = ORIENTED_EDGE ( 'NONE', *, *, #3323, .F. ) ;
#423 = ADVANCED_FACE ( 'NONE', ( #469 ), #125, .F. ) ;
#424 = CARTESIAN_POINT ( 'NONE',  ( 12.45131319389210667, 21.10011373778844046, 6.399999999999999467 ) ) ;
#425 = CARTESIAN_POINT ( 'NONE',  ( -24.26000000000000512, -3.420877080516050217, 6.399999999999999467 ) ) ;
#426 = ORIENTED_EDGE ( 'NONE', *, *, #2302, .F. ) ;
#427 = DIRECTION ( 'NONE',  ( -1.000000000000000000, 0.000000000000000000, 0.000000000000000000 ) ) ;
#428 = VECTOR ( 'NONE', #1898, 1000.000000000000000 ) ;
#429 = ADVANCED_FACE ( 'NONE', ( #3123 ), #2578, .F. ) ;
#430 = AXIS2_PLACEMENT_3D ( 'NONE', #3012, #2527, #88 ) ;
#431 = ORIENTED_EDGE ( 'NONE', *, *, #886, .F. ) ;
#432 = CARTESIAN_POINT ( 'NONE',  ( 24.36571428571429010, 2.932180354728040506, 6.399999999999999467 ) ) ;
#433 = CARTESIAN_POINT ( 'NONE',  ( 26.48172400785650282, 14.25000000000000533, 2.400000000000000355 ) ) ;
#434 = CARTESIAN_POINT ( 'NONE',  ( 1.799999999999996270, -28.50000000000000000, 24.40000000000000213 ) ) ;
#435 = FACE_OUTER_BOUND ( 'NONE', #2521, .T. ) ;
#436 = ORIENTED_EDGE ( 'NONE', *, *, #1196, .F. ) ;
#437 = CIRCLE ( 'NONE', #2648, 25.00000000000000000 ) ;
#438 = CARTESIAN_POINT ( 'NONE',  ( -5.563023348907858434, -24.37319780454559393, 20.40000000000000213 ) ) ;
#439 = CARTESIAN_POINT ( 'NONE',  ( -2.063249307842023761, -24.41296791243722453, 20.40000000000000213 ) ) ;
#440 = CIRCLE ( 'NONE', #2427, 0.5000000000000004441 ) ;
#441 = VECTOR ( 'NONE', #2288, 1000.000000000000000 ) ;
#442 = ORIENTED_EDGE ( 'NONE', *, *, #636, .T. ) ;
#443 = CARTESIAN_POINT ( 'NONE',  ( 24.36571428571429010, 2.932180354728040506, -0.4000000000000000222 ) ) ;
#444 = VECTOR ( 'NONE', #3268, 1000.000000000000000 ) ;
#445 = EDGE_CURVE ( 'NONE', #2633, #2870, #3158, .T. ) ;
#446 = AXIS2_PLACEMENT_3D ( 'NONE', #198, #2394, #2067 ) ;
#447 = VECTOR ( 'NONE', #3257, 1000.000000000000000 ) ;
#448 = VERTEX_POINT ( 'NONE', #693 ) ;
#449 = CARTESIAN_POINT ( 'NONE',  ( -8.733466407718330160, -22.89053438662486784, 6.400000000000000355 ) ) ;
#450 =( LENGTH_UNIT ( ) NAMED_UNIT ( * ) SI_UNIT ( .MILLI., .METRE. ) );
#451 = CC_DESIGN_APPROVAL ( #1323, ( #3534 ) ) ;
#452 = ORIENTED_EDGE ( 'NONE', *, *, #411, .F. ) ;
#453 = CARTESIAN_POINT ( 'NONE',  ( 18.16368570642208624, -17.17790795057180731, -4.599999999999999645 ) ) ;
#454 = FACE_OUTER_BOUND ( 'NONE', #415, .T. ) ;
#455 = CARTESIAN_POINT ( 'NONE',  ( 12.70542162642054151, -21.53072830386573955, -4.599999999999999645 ) ) ;
#456 = DIRECTION ( 'NONE',  ( -0.000000000000000000, -0.000000000000000000, -1.000000000000000000 ) ) ;
#457 = ORIENTED_EDGE ( 'NONE', *, *, #2967, .F. ) ;
#458 = DIRECTION ( 'NONE',  ( 0.000000000000000000, 0.000000000000000000, 1.000000000000000000 ) ) ;
#459 = CARTESIAN_POINT ( 'NONE',  ( 0.000000000000000000, 0.000000000000000000, 23.40000000000000213 ) ) ;
#460 = ADVANCED_FACE ( 'NONE', ( #2014 ), #2867, .T. ) ;
#461 = ORIENTED_EDGE ( 'NONE', *, *, #1415, .T. ) ;
#462 = DIRECTION ( 'NONE',  ( -1.000000000000000000, 0.000000000000000000, 0.000000000000000000 ) ) ;
#463 = ORIENTED_EDGE ( 'NONE', *, *, #2700, .T. ) ;
#464 = CARTESIAN_POINT ( 'NONE',  ( -21.95254326381674659, -20.15254326381645456, 19.40000000000000213 ) ) ;
#465 = DIRECTION ( 'NONE',  ( -1.000000000000000000, -1.224646799147353454E-16, 0.000000000000000000 ) ) ;
#466 = VERTEX_POINT ( 'NONE', #1540 ) ;
#467 = EDGE_CURVE ( 'NONE', #1527, #1326, #546, .T. ) ;
#468 = DIRECTION ( 'NONE',  ( -0.000000000000000000, -0.000000000000000000, 1.000000000000000000 ) ) ;
#469 = FACE_OUTER_BOUND ( 'NONE', #2909, .T. ) ;
#470 = DIRECTION ( 'NONE',  ( 1.000000000000000000, 1.734723475976805517E-14, 0.000000000000000000 ) ) ;
#471 = ADVANCED_FACE ( 'NONE', ( #2086, #1266, #2351, #3447, #657, #3175, #1554 ), #2635, .F. ) ;
#472 = EDGE_CURVE ( 'NONE', #1847, #233, #1910, .T. ) ;
#473 = CARTESIAN_POINT ( 'NONE',  ( 0.000000000000000000, 28.50000000000000000, 24.40000000000000213 ) ) ;
#474 = ORIENTED_EDGE ( 'NONE', *, *, #1817, .F. ) ;
#475 = DIRECTION ( 'NONE',  ( 1.000000000000000000, 6.938893903907222067E-15, 0.000000000000000000 ) ) ;
#476 = DIRECTION ( 'NONE',  ( 1.000000000000000000, 0.000000000000000000, 0.000000000000000000 ) ) ;
#477 = ORIENTED_EDGE ( 'NONE', *, *, #1924, .T. ) ;
#478 = DIRECTION ( 'NONE',  ( -0.000000000000000000, -0.000000000000000000, -1.000000000000000000 ) ) ;
#479 = ORIENTED_EDGE ( 'NONE', *, *, #1360, .T. ) ;
#480 = CARTESIAN_POINT ( 'NONE',  ( 0.000000000000000000, 0.000000000000000000, 6.400000000000000355 ) ) ;
#481 = CARTESIAN_POINT ( 'NONE',  ( 18.35254326381661372, 20.15254326381660377, 19.40000000000000213 ) ) ;
#482 = ORIENTED_EDGE ( 'NONE', *, *, #1686, .T. ) ;
#483 = ORIENTED_EDGE ( 'NONE', *, *, #3455, .T. ) ;
#484 = DIRECTION ( 'NONE',  ( 0.000000000000000000, 0.000000000000000000, 1.000000000000000000 ) ) ;
#485 = CARTESIAN_POINT ( 'NONE',  ( 0.000000000000000000, 0.000000000000000000, 23.40000000000000213 ) ) ;
#486 = DIRECTION ( 'NONE',  ( -1.000000000000000000, 0.000000000000000000, 0.000000000000000000 ) ) ;
#487 = EDGE_CURVE ( 'NONE', #1142, #1721, #1907, .T. ) ;
#488 = CIRCLE ( 'NONE', #263, 0.5000000000000000000 ) ;
#489 = CYLINDRICAL_SURFACE ( 'NONE', #2998, 1.799999999999999600 ) ;
#490 = ORIENTED_EDGE ( 'NONE', *, *, #1716, .T. ) ;
#491 = DIRECTION ( 'NONE',  ( -1.000000000000000000, 0.000000000000000000, 0.000000000000000000 ) ) ;
#492 = DIRECTION ( 'NONE',  ( -1.000000000000000000, 0.000000000000000000, 0.000000000000000000 ) ) ;
#493 = AXIS2_PLACEMENT_3D ( 'NONE', #221, #3505, #510 ) ;
#494 = CIRCLE ( 'NONE', #147, 0.5000000000000004441 ) ;
#495 = EDGE_LOOP ( 'NONE', ( #316, #105, #882, #2335 ) ) ;
#496 = DIRECTION ( 'NONE',  ( 1.000000000000000000, 0.000000000000000000, 0.000000000000000000 ) ) ;
#497 = AXIS2_PLACEMENT_3D ( 'NONE', #3514, #547, #3481 ) ;
#498 = CIRCLE ( 'NONE', #1232, 26.00000000000000355 ) ;
#499 = AXIS2_PLACEMENT_3D ( 'NONE', #720, #2127, #1583 ) ;
#500 = ORIENTED_EDGE ( 'NONE', *, *, #2498, .F. ) ;
#501 = CARTESIAN_POINT ( 'NONE',  ( -15.58724504646833786, -19.54578706170075009, -0.4000000000000000222 ) ) ;
#502 = DIRECTION ( 'NONE',  ( -1.000000000000000000, 2.312964634635743450E-15, 0.000000000000000000 ) ) ;
#503 = AXIS2_PLACEMENT_3D ( 'NONE', #2455, #1104, #27 ) ;
#504 = ADVANCED_FACE ( 'NONE', ( #2174 ), #3250, .T. ) ;
#505 = AXIS2_PLACEMENT_3D ( 'NONE', #3318, #61, #2240 ) ;
#506 = ORIENTED_EDGE ( 'NONE', *, *, #3501, .F. ) ;
#507 = AXIS2_PLACEMENT_3D ( 'NONE', #232, #3444, #214 ) ;
#508 = DIRECTION ( 'NONE',  ( -1.000000000000000000, 0.000000000000000000, 0.000000000000000000 ) ) ;
#509 = VECTOR ( 'NONE', #2925, 1000.000000000000000 ) ;
#510 = DIRECTION ( 'NONE',  ( -1.000000000000000000, 0.000000000000000000, 0.000000000000000000 ) ) ;
#511 = CARTESIAN_POINT ( 'NONE',  ( 0.000000000000000000, 0.000000000000000000, 24.40000000000000213 ) ) ;
#512 = DIRECTION ( 'NONE',  ( 0.000000000000000000, 0.000000000000000000, 1.000000000000000000 ) ) ;
#513 = ORIENTED_EDGE ( 'NONE', *, *, #1160, .T. ) ;
#514 = CARTESIAN_POINT ( 'NONE',  ( 0.000000000000000000, 28.50000000000000000, 2.400000000000000355 ) ) ;
#515 = CYLINDRICAL_SURFACE ( 'NONE', #2940, 0.5000000000000000000 ) ;
#516 = EDGE_LOOP ( 'NONE', ( #2328, #3279, #1236, #3207 ) ) ;
#517 = DIRECTION ( 'NONE',  ( -0.000000000000000000, -0.000000000000000000, 1.000000000000000000 ) ) ;
#518 = EDGE_CURVE ( 'NONE', #2282, #374, #2814, .T. ) ;
#519 = ORIENTED_EDGE ( 'NONE', *, *, #2779, .T. ) ;
#520 = CARTESIAN_POINT ( 'NONE',  ( -8.733466407718355029, 22.89053438662486073, -4.599999999999999645 ) ) ;
#521 = EDGE_CURVE ( 'NONE', #2054, #2103, #1797, .T. ) ;
#522 = PRODUCT_RELATED_PRODUCT_CATEGORY ( 'detail', '', ( #3017 ) ) ;
#523 = ORIENTED_EDGE ( 'NONE', *, *, #747, .F. ) ;
#524 = CARTESIAN_POINT ( 'NONE',  ( 20.15254326381661443, 20.15254326381660377, 19.40000000000000213 ) ) ;
#525 = CARTESIAN_POINT ( 'NONE',  ( 15.58724504646834141, -19.54578706170074653, 20.40000000000000213 ) ) ;
#526 = LINE ( 'NONE', #713, #2997 ) ;
#527 = EDGE_CURVE ( 'NONE', #374, #2282, #1571, .T. ) ;
#528 = DIRECTION ( 'NONE',  ( -0.000000000000000000, -0.000000000000000000, 1.000000000000000000 ) ) ;
#529 = ORIENTED_EDGE ( 'NONE', *, *, #1577, .T. ) ;
#530 = EDGE_CURVE ( 'NONE', #1228, #1847, #3220, .T. ) ;
#531 = CARTESIAN_POINT ( 'NONE',  ( -2.063249307842023761, -24.41296791243722453, 20.40000000000000213 ) ) ;
#532 = DIRECTION ( 'NONE',  ( -0.000000000000000000, -0.000000000000000000, -1.000000000000000000 ) ) ;
#533 = ORIENTED_EDGE ( 'NONE', *, *, #1160, .F. ) ;
#534 = DIRECTION ( 'NONE',  ( 0.000000000000000000, 0.000000000000000000, -1.000000000000000000 ) ) ;
#535 = EDGE_CURVE ( 'NONE', #1718, #3359, #2137, .T. ) ;
#536 = EDGE_LOOP ( 'NONE', ( #2740, #1423, #3238, #2360 ) ) ;
#537 = CARTESIAN_POINT ( 'NONE',  ( -5.563023348907864651, 24.37319780454559393, 6.400000000000000355 ) ) ;
#538 = ORIENTED_EDGE ( 'NONE', *, *, #3221, .T. ) ;
#539 = DIRECTION ( 'NONE',  ( 0.000000000000000000, 0.000000000000000000, -1.000000000000000000 ) ) ;
#540 = DIRECTION ( 'NONE',  ( 0.000000000000000000, 0.000000000000000000, 1.000000000000000000 ) ) ;
#541 = CARTESIAN_POINT ( 'NONE',  ( 22.52422169756047765, 10.84709347793895873, 6.400000000000000355 ) ) ;
#542 = ORIENTED_EDGE ( 'NONE', *, *, #618, .T. ) ;
#543 = CARTESIAN_POINT ( 'NONE',  ( 17.48424528574717129, -17.22169797300899674, 20.40000000000000213 ) ) ;
#544 = CARTESIAN_POINT ( 'NONE',  ( 22.52422169756047765, -10.84709347793895517, 20.40000000000000213 ) ) ;
#545 = EDGE_LOOP ( 'NONE', ( #1757, #3126, #1658, #2252 ) ) ;
#546 = CIRCLE ( 'NONE', #993, 0.5000000000000000000 ) ;
#547 = DIRECTION ( 'NONE',  ( -0.000000000000000000, -0.000000000000000000, -1.000000000000000000 ) ) ;
#548 = AXIS2_PLACEMENT_3D ( 'NONE', #2190, #1941, #3280 ) ;
#549 = ORIENTED_EDGE ( 'NONE', *, *, #2953, .F. ) ;
#550 = FACE_OUTER_BOUND ( 'NONE', #826, .T. ) ;
#551 = PERSON_AND_ORGANIZATION ( #1046, #1298 ) ;
#552 = ADVANCED_FACE ( 'NONE', ( #1894 ), #2988, .F. ) ;
#553 = VECTOR ( 'NONE', #2947, 1000.000000000000000 ) ;
#554 = TOROIDAL_SURFACE ( 'NONE', #2540, 26.00000000000000355, 1.000000000000000000 ) ;
#555 = ORIENTED_EDGE ( 'NONE', *, *, #3079, .T. ) ;
#556 = LINE ( 'NONE', #804, #2471 ) ;
#557 = CARTESIAN_POINT ( 'NONE',  ( -3.469446951953614189E-15, -28.50000000000000000, 24.40000000000000213 ) ) ;
#558 = CIRCLE ( 'NONE', #2598, 2.999999999999999112 ) ;
#559 = CIRCLE ( 'NONE', #1526, 1.799999999999999600 ) ;
#560 = VECTOR ( 'NONE', #9, 1000.000000000000000 ) ;
#561 = CIRCLE ( 'NONE', #2721, 0.5000000000000004441 ) ;
#562 = ORIENTED_EDGE ( 'NONE', *, *, #3056, .F. ) ;
#563 = DIRECTION ( 'NONE',  ( -0.000000000000000000, -0.000000000000000000, -1.000000000000000000 ) ) ;
#564 = PLANE ( 'NONE',  #1291 ) ;
#565 = VECTOR ( 'NONE', #377, 1000.000000000000000 ) ;
#566 = ORIENTED_EDGE ( 'NONE', *, *, #3449, .T. ) ;
#567 = DIRECTION ( 'NONE',  ( -0.000000000000000000, -0.000000000000000000, -1.000000000000000000 ) ) ;
#568 = EDGE_CURVE ( 'NONE', #2564, #2574, #1089, .T. ) ;
#569 = ORIENTED_EDGE ( 'NONE', *, *, #3336, .F. ) ;
#570 = DIRECTION ( 'NONE',  ( -0.000000000000000000, -0.000000000000000000, -1.000000000000000000 ) ) ;
#571 = ORIENTED_EDGE ( 'NONE', *, *, #3435, .T. ) ;
#572 = DIRECTION ( 'NONE',  ( 0.000000000000000000, 0.000000000000000000, 1.000000000000000000 ) ) ;
#573 = CARTESIAN_POINT ( 'NONE',  ( 0.000000000000000000, 0.000000000000000000, 3.400000000000000355 ) ) ;
#574 = EDGE_CURVE ( 'NONE', #3222, #932, #556, .T. ) ;
#575 = EDGE_LOOP ( 'NONE', ( #3437, #311, #538, #2743 ) ) ;
#576 = DIRECTION ( 'NONE',  ( -1.000000000000000000, 0.000000000000000000, 0.000000000000000000 ) ) ;
#577 = CYLINDRICAL_SURFACE ( 'NONE', #1585, 0.5000000000000004441 ) ;
#578 = FACE_OUTER_BOUND ( 'NONE', #2980, .T. ) ;
#579 = VERTEX_POINT ( 'NONE', #289 ) ;
#580 = FACE_BOUND ( 'NONE', #781, .T. ) ;
#581 = EDGE_LOOP ( 'NONE', ( #2780, #533, #1197, #1633 ) ) ;
#582 = CARTESIAN_POINT ( 'NONE',  ( 17.80041199229362547, 16.83434979156039191, -0.4000000000000000222 ) ) ;
#583 = DIRECTION ( 'NONE',  ( -0.000000000000000000, -0.000000000000000000, 1.000000000000000000 ) ) ;
#584 = VERTEX_POINT ( 'NONE', #235 ) ;
#585 = PLANE ( 'NONE',  #1396 ) ;
#586 = CARTESIAN_POINT ( 'NONE',  ( -1.799999999999999600, 28.50000000000000000, 24.40000000000000213 ) ) ;
#587 = ORIENTED_EDGE ( 'NONE', *, *, #190, .F. ) ;
#588 = CARTESIAN_POINT ( 'NONE',  ( 0.000000000000000000, 0.000000000000000000, 2.400000000000000355 ) ) ;
#589 = DIRECTION ( 'NONE',  ( 0.000000000000000000, 0.000000000000000000, 1.000000000000000000 ) ) ;
#590 = EDGE_CURVE ( 'NONE', #158, #1078, #2821, .T. ) ;
#591 = CARTESIAN_POINT ( 'NONE',  ( 24.26000000000000512, 3.420877080516047108, 20.40000000000000213 ) ) ;
#592 = ORIENTED_EDGE ( 'NONE', *, *, #2750, .F. ) ;
#593 = FACE_BOUND ( 'NONE', #2900, .T. ) ;
#594 = AXIS2_PLACEMENT_3D ( 'NONE', #102, #2341, #1001 ) ;
#595 = VERTEX_POINT ( 'NONE', #1306 ) ;
#596 = ORIENTED_EDGE ( 'NONE', *, *, #3184, .T. ) ;
#597 = FACE_OUTER_BOUND ( 'NONE', #2858, .T. ) ;
#598 = CYLINDRICAL_SURFACE ( 'NONE', #2534, 2.999999999999999556 ) ;
#599 = CIRCLE ( 'NONE', #1058, 25.00000000000000000 ) ;
#600 = CIRCLE ( 'NONE', #718, 25.00000000000000000 ) ;
#601 = ORIENTED_EDGE ( 'NONE', *, *, #3449, .F. ) ;
#602 = DIRECTION ( 'NONE',  ( -0.000000000000000000, -0.000000000000000000, -1.000000000000000000 ) ) ;
#603 = DIRECTION ( 'NONE',  ( 1.000000000000000000, 0.000000000000000000, 0.000000000000000000 ) ) ;
#604 = ADVANCED_FACE ( 'NONE', ( #272 ), #2454, .T. ) ;
#605 = CIRCLE ( 'NONE', #3226, 1.799999999999999600 ) ;
#606 = AXIS2_PLACEMENT_3D ( 'NONE', #3071, #365, #877 ) ;
#607 = ORIENTED_EDGE ( 'NONE', *, *, #2571, .T. ) ;
#608 = AXIS2_PLACEMENT_3D ( 'NONE', #1715, #2605, #166 ) ;
#609 = DIRECTION ( 'NONE',  ( -0.000000000000000000, -0.000000000000000000, 1.000000000000000000 ) ) ;
#610 = DIRECTION ( 'NONE',  ( 1.000000000000000000, 0.000000000000000000, -0.000000000000000000 ) ) ;
#611 = CIRCLE ( 'NONE', #1070, 2.999999999999995559 ) ;
#612 = CIRCLE ( 'NONE', #2212, 0.5000000000000004441 ) ;
#613 = DIRECTION ( 'NONE',  ( 0.000000000000000000, 0.000000000000000000, 1.000000000000000000 ) ) ;
#614 = ORIENTED_EDGE ( 'NONE', *, *, #1081, .F. ) ;
#615 = DIRECTION ( 'NONE',  ( -0.000000000000000000, -0.000000000000000000, 1.000000000000000000 ) ) ;
#616 = AXIS2_PLACEMENT_3D ( 'NONE', #67, #654, #912 ) ;
#617 = ORIENTED_EDGE ( 'NONE', *, *, #2967, .T. ) ;
#618 = EDGE_CURVE ( 'NONE', #851, #1759, #3210, .T. ) ;
#619 = ORIENTED_EDGE ( 'NONE', *, *, #2359, .T. ) ;
#620 = CARTESIAN_POINT ( 'NONE',  ( 0.000000000000000000, 0.000000000000000000, 6.400000000000000355 ) ) ;
#621 = CARTESIAN_POINT ( 'NONE',  ( -24.26000000000000512, -3.420877080516050217, -4.599999999999999645 ) ) ;
#622 = ORIENTED_EDGE ( 'NONE', *, *, #2184, .T. ) ;
#623 = DIRECTION ( 'NONE',  ( -0.000000000000000000, -0.000000000000000000, -1.000000000000000000 ) ) ;
#624 = CARTESIAN_POINT ( 'NONE',  ( -24.36571428571429010, 2.932180354728017413, 6.400000000000000355 ) ) ;
#625 = MANIFOLD_SOLID_BREP ( '\X2\570689d2\X0\2', #2525 ) ;
#626 = ORIENTED_EDGE ( 'NONE', *, *, #1048, .F. ) ;
#627 = FACE_OUTER_BOUND ( 'NONE', #178, .T. ) ;
#628 = CARTESIAN_POINT ( 'NONE',  ( -8.733466407718355029, 22.89053438662486073, 6.399999999999999467 ) ) ;
#629 = DIRECTION ( 'NONE',  ( 0.000000000000000000, 0.000000000000000000, -1.000000000000000000 ) ) ;
#630 = ORIENTED_EDGE ( 'NONE', *, *, #2357, .F. ) ;
#631 = CYLINDRICAL_SURFACE ( 'NONE', #3346, 0.5000000000000004441 ) ;
#632 = ORIENTED_EDGE ( 'NONE', *, *, #2386, .T. ) ;
#633 = ORIENTED_EDGE ( 'NONE', *, *, #2637, .F. ) ;
#634 = LINE ( 'NONE', #1952, #1012 ) ;
#635 = DIRECTION ( 'NONE',  ( -0.000000000000000000, -0.000000000000000000, -1.000000000000000000 ) ) ;
#636 = EDGE_CURVE ( 'NONE', #3335, #1927, #1074, .T. ) ;
#637 = ORIENTED_EDGE ( 'NONE', *, *, #347, .F. ) ;
#638 = LINE ( 'NONE', #839, #1345 ) ;
#639 = FACE_OUTER_BOUND ( 'NONE', #1161, .T. ) ;
#640 = ORIENTED_EDGE ( 'NONE', *, *, #3388, .F. ) ;
#641 = DIRECTION ( 'NONE',  ( 0.000000000000000000, 0.000000000000000000, 1.000000000000000000 ) ) ;
#642 = DIRECTION ( 'NONE',  ( 0.000000000000000000, 0.000000000000000000, -1.000000000000000000 ) ) ;
#643 = CARTESIAN_POINT ( 'NONE',  ( -8.911700416039137096, 23.35768814961721063, -4.599999999999999645 ) ) ;
#644 = ORIENTED_EDGE ( 'NONE', *, *, #2611, .F. ) ;
#645 = CARTESIAN_POINT ( 'NONE',  ( -20.37324179655682599, -13.60812326145783757, 20.40000000000000213 ) ) ;
#646 = ORIENTED_EDGE ( 'NONE', *, *, #3208, .T. ) ;
#647 = CARTESIAN_POINT ( 'NONE',  ( -24.68172400785650211, 14.25000000000000355, 2.400000000000000355 ) ) ;
#648 = LINE ( 'NONE', #1192, #1918 ) ;
#649 = VECTOR ( 'NONE', #225, 1000.000000000000000 ) ;
#650 = ORIENTED_EDGE ( 'NONE', *, *, #356, .F. ) ;
#651 = ADVANCED_FACE ( 'NONE', ( #1597 ), #940, .T. ) ;
#652 = CARTESIAN_POINT ( 'NONE',  ( 18.16368570642206492, 17.17790795057182862, 6.400000000000000355 ) ) ;
#653 = CIRCLE ( 'NONE', #1965, 2.999999999999998224 ) ;
#654 = DIRECTION ( 'NONE',  ( -0.000000000000000000, -0.000000000000000000, -1.000000000000000000 ) ) ;
#655 = CIRCLE ( 'NONE', #833, 1.000000000000000888 ) ;
#656 = ORIENTED_EDGE ( 'NONE', *, *, #3143, .F. ) ;
#657 = FACE_BOUND ( 'NONE', #1620, .T. ) ;
#658 = DIRECTION ( 'NONE',  ( -0.000000000000000000, -0.000000000000000000, 1.000000000000000000 ) ) ;
#659 = AXIS2_PLACEMENT_3D ( 'NONE', #3424, #1788, #1256 ) ;
#660 = VECTOR ( 'NONE', #2476, 1000.000000000000000 ) ;
#661 = VECTOR ( 'NONE', #3510, 1000.000000000000000 ) ;
#662 = VECTOR ( 'NONE', #3051, 1000.000000000000000 ) ;
#663 = ORIENTED_EDGE ( 'NONE', *, *, #292, .F. ) ;
#664 = EDGE_CURVE ( 'NONE', #2145, #1495, #599, .T. ) ;
#665 = CYLINDRICAL_SURFACE ( 'NONE', #2710, 2.999999999999999112 ) ;
#666 = AXIS2_PLACEMENT_3D ( 'NONE', #1929, #540, #1942 ) ;
#667 = VECTOR ( 'NONE', #2974, 1000.000000000000000 ) ;
#668 = ORIENTED_EDGE ( 'NONE', *, *, #2442, .T. ) ;
#669 = EDGE_CURVE ( 'NONE', #3531, #2507, #3230, .T. ) ;
#670 = AXIS2_PLACEMENT_3D ( 'NONE', #2850, #360, #2782 ) ;
#671 = ADVANCED_FACE ( 'NONE', ( #2265 ), #375, .T. ) ;
#672 = CIRCLE ( 'NONE', #1813, 25.00000000000000000 ) ;
#673 = FACE_BOUND ( 'NONE', #850, .T. ) ;
#674 = CARTESIAN_POINT ( 'NONE',  ( 20.68052463955735121, -13.21369043524085463, 6.400000000000000355 ) ) ;
#675 = ORIENTED_EDGE ( 'NONE', *, *, #1537, .F. ) ;
#676 = DIRECTION ( 'NONE',  ( -1.000000000000000000, 0.000000000000000000, 0.000000000000000000 ) ) ;
#677 = FACE_OUTER_BOUND ( 'NONE', #3068, .T. ) ;
#678 = ORIENTED_EDGE ( 'NONE', *, *, #1145, .T. ) ;
#679 = CARTESIAN_POINT ( 'NONE',  ( 24.75510204081632892, -3.490690898485741656, 6.400000000000000355 ) ) ;
#680 = CARTESIAN_POINT ( 'NONE',  ( 22.88172400785650140, 14.25000000000000533, 24.40000000000000213 ) ) ;
#681 = EDGE_CURVE ( 'NONE', #31, #2926, #773, .T. ) ;
#682 = DIRECTION ( 'NONE',  ( 0.000000000000000000, 0.000000000000000000, 1.000000000000000000 ) ) ;
#683 = ORIENTED_EDGE ( 'NONE', *, *, #1584, .T. ) ;
#684 = CARTESIAN_POINT ( 'NONE',  ( 0.000000000000000000, 0.000000000000000000, 6.400000000000000355 ) ) ;
#685 = EDGE_LOOP ( 'NONE', ( #341, #3201 ) ) ;
#686 = DIRECTION ( 'NONE',  ( -0.000000000000000000, -0.000000000000000000, 1.000000000000000000 ) ) ;
#687 = CARTESIAN_POINT ( 'NONE',  ( -24.36571428571429010, -2.932180354728045835, 20.40000000000000213 ) ) ;
#688 = ORIENTED_EDGE ( 'NONE', *, *, #3024, .F. ) ;
#689 = FACE_OUTER_BOUND ( 'NONE', #2481, .T. ) ;
#690 = LINE ( 'NONE', #3361, #3357 ) ;
#691 = VERTEX_POINT ( 'NONE', #3009 ) ;
#692 = DIRECTION ( 'NONE',  ( 0.000000000000000000, 0.000000000000000000, -1.000000000000000000 ) ) ;
#693 = CARTESIAN_POINT ( 'NONE',  ( 12.89930345854585347, 20.87806706977591276, 6.399999999999999467 ) ) ;
#694 = CARTESIAN_POINT ( 'NONE',  ( -2.563217027994286301, -24.40728646845270333, -0.4000000000000000222 ) ) ;
#695 = CARTESIAN_POINT ( 'NONE',  ( 0.000000000000000000, 0.000000000000000000, 20.40000000000000213 ) ) ;
#696 = ORIENTED_EDGE ( 'NONE', *, *, #876, .T. ) ;
#697 = CARTESIAN_POINT ( 'NONE',  ( -24.26000000000000512, 3.420877080516024016, 20.40000000000000213 ) ) ;
#698 = DIRECTION ( 'NONE',  ( -1.000000000000000000, 0.000000000000000000, 0.000000000000000000 ) ) ;
#699 = EDGE_CURVE ( 'NONE', #2461, #1710, #86, .T. ) ;
#700 = ORIENTED_EDGE ( 'NONE', *, *, #2132, .T. ) ;
#701 = DIRECTION ( 'NONE',  ( -1.000000000000000000, 0.000000000000000000, 0.000000000000000000 ) ) ;
#702 = DIRECTION ( 'NONE',  ( -1.000000000000000000, 0.000000000000000000, 0.000000000000000000 ) ) ;
#703 = ORIENTED_EDGE ( 'NONE', *, *, #10, .T. ) ;
#704 = CARTESIAN_POINT ( 'NONE',  ( 15.58724504646834141, -19.54578706170074653, -0.4000000000000000222 ) ) ;
#705 = CYLINDRICAL_SURFACE ( 'NONE', #507, 0.5000000000000000000 ) ;
#706 = AXIS2_PLACEMENT_3D ( 'NONE', #2678, #1037, #12 ) ;
#707 = CIRCLE ( 'NONE', #139, 1.799999999999999600 ) ;
#708 = ADVANCED_FACE ( 'NONE', ( #3301 ), #3043, .F. ) ;
#709 = ORIENTED_EDGE ( 'NONE', *, *, #1334, .F. ) ;
#710 = DIRECTION ( 'NONE',  ( -0.000000000000000000, -0.000000000000000000, -1.000000000000000000 ) ) ;
#711 = ADVANCED_FACE ( 'NONE', ( #1928 ), #2781, .T. ) ;
#712 = DIRECTION ( 'NONE',  ( -0.6234898018587335944, 0.7818314824680298036, 0.000000000000000000 ) ) ;
#713 = CARTESIAN_POINT ( 'NONE',  ( -23.81813027966178709, 7.595832408700083249, -4.599999999999999645 ) ) ;
#714 = ADVANCED_FACE ( 'NONE', ( #8 ), #855, .F. ) ;
#715 = AXIS2_PLACEMENT_3D ( 'NONE', #485, #751, #2920 ) ;
#716 = CARTESIAN_POINT ( 'NONE',  ( -2.563249307842023761, -24.41296791243722453, -4.599999999999999645 ) ) ;
#717 = ORIENTED_EDGE ( 'NONE', *, *, #292, .T. ) ;
#718 = AXIS2_PLACEMENT_3D ( 'NONE', #2954, #2647, #2983 ) ;
#719 = DIRECTION ( 'NONE',  ( -0.000000000000000000, -0.000000000000000000, -1.000000000000000000 ) ) ;
#720 = CARTESIAN_POINT ( 'NONE',  ( -20.37324179655684020, 13.60812326145781448, 6.400000000000000355 ) ) ;
#721 = AXIS2_PLACEMENT_3D ( 'NONE', #439, #114, #1237 ) ;
#722 = VECTOR ( 'NONE', #1134, 1000.000000000000000 ) ;
#723 = ORIENTED_EDGE ( 'NONE', *, *, #1257, .F. ) ;
#724 = DIRECTION ( 'NONE',  ( 0.000000000000000000, 0.000000000000000000, -1.000000000000000000 ) ) ;
#725 = CIRCLE ( 'NONE', #1065, 25.00000000000000000 ) ;
#726 = CIRCLE ( 'NONE', #1692, 1.799999999999999600 ) ;
#727 = EDGE_CURVE ( 'NONE', #1698, #1030, #3046, .T. ) ;
#728 = CIRCLE ( 'NONE', #505, 1.799999999999999600 ) ;
#729 = VERTEX_POINT ( 'NONE', #3081 ) ;
#730 = DIRECTION ( 'NONE',  ( -1.000000000000000000, 0.000000000000000000, 0.000000000000000000 ) ) ;
#731 = DIRECTION ( 'NONE',  ( -1.000000000000000000, 0.000000000000000000, 0.000000000000000000 ) ) ;
#732 = CIRCLE ( 'NONE', #3119, 0.5000000000000000000 ) ;
#733 = EDGE_CURVE ( 'NONE', #233, #31, #1955, .T. ) ;
#734 = EDGE_LOOP ( 'NONE', ( #321, #2069, #2930, #1781 ) ) ;
#735 = CARTESIAN_POINT ( 'NONE',  ( 8.733466407718351476, -22.89053438662486073, -4.599999999999999645 ) ) ;
#736 = CARTESIAN_POINT ( 'NONE',  ( -20.15254326381639061, 20.15254326381682404, 24.40000000000000213 ) ) ;
#737 = DIRECTION ( 'NONE',  ( -0.000000000000000000, -0.000000000000000000, -1.000000000000000000 ) ) ;
#738 = EDGE_CURVE ( 'NONE', #2820, #3150, #653, .T. ) ;
#739 = DIRECTION ( 'NONE',  ( 0.000000000000000000, 0.000000000000000000, -1.000000000000000000 ) ) ;
#740 = ORIENTED_EDGE ( 'NONE', *, *, #2672, .F. ) ;
#741 = EDGE_LOOP ( 'NONE', ( #2723, #2138 ) ) ;
#742 = CARTESIAN_POINT ( 'NONE',  ( -32.00000000000000000, 0.000000000000000000, 2.400000000000000355 ) ) ;
#743 = ORIENTED_EDGE ( 'NONE', *, *, #1314, .T. ) ;
#744 = DIRECTION ( 'NONE',  ( -1.000000000000000000, 0.000000000000000000, 0.000000000000000000 ) ) ;
#745 = ORIENTED_EDGE ( 'NONE', *, *, #361, .T. ) ;
#746 = CARTESIAN_POINT ( 'NONE',  ( 0.000000000000000000, 0.000000000000000000, 20.40000000000000213 ) ) ;
#747 = EDGE_CURVE ( 'NONE', #2680, #1724, #3457, .T. ) ;
#748 = VERTEX_POINT ( 'NONE', #1103 ) ;
#749 = ORIENTED_EDGE ( 'NONE', *, *, #903, .F. ) ;
#750 = DIRECTION ( 'NONE',  ( -1.000000000000000000, 0.000000000000000000, 0.000000000000000000 ) ) ;
#751 = DIRECTION ( 'NONE',  ( 0.000000000000000000, 0.000000000000000000, 1.000000000000000000 ) ) ;
#752 = CARTESIAN_POINT ( 'NONE',  ( -24.36571428571428655, 2.932180354728037397, -0.4000000000000000222 ) ) ;
#753 = DIRECTION ( 'NONE',  ( -0.000000000000000000, -0.000000000000000000, -1.000000000000000000 ) ) ;
#754 = ORIENTED_EDGE ( 'NONE', *, *, #2705, .T. ) ;
#755 = DIRECTION ( 'NONE',  ( 0.000000000000000000, 0.000000000000000000, 1.000000000000000000 ) ) ;
#756 = DIRECTION ( 'NONE',  ( 1.000000000000000000, 0.000000000000000000, 0.000000000000000000 ) ) ;
#757 = ADVANCED_FACE ( 'NONE', ( #2229 ), #1386, .F. ) ;
#758 = ORIENTED_EDGE ( 'NONE', *, *, #590, .T. ) ;
#759 = CARTESIAN_POINT ( 'NONE',  ( 17.48424528574716774, 17.22169797300900029, -0.4000000000000000222 ) ) ;
#760 = ORIENTED_EDGE ( 'NONE', *, *, #116, .T. ) ;
#761 = DIRECTION ( 'NONE',  ( 1.000000000000000000, 0.000000000000000000, 0.000000000000000000 ) ) ;
#762 = DIRECTION ( 'NONE',  ( -0.000000000000000000, -0.000000000000000000, 1.000000000000000000 ) ) ;
#763 = ADVANCED_FACE ( 'NONE', ( #359 ), #3321, .F. ) ;
#764 = EDGE_LOOP ( 'NONE', ( #965, #2083, #307, #3269 ) ) ;
#765 = LINE ( 'NONE', #1049, #2599 ) ;
#766 = DIRECTION ( 'NONE',  ( -1.000000000000000000, 0.000000000000000000, 0.000000000000000000 ) ) ;
#767 = CARTESIAN_POINT ( 'NONE',  ( 8.911700416039108674, 23.35768814961721418, 6.400000000000000355 ) ) ;
#768 = EDGE_CURVE ( 'NONE', #1193, #2843, #638, .T. ) ;
#769 = CARTESIAN_POINT ( 'NONE',  ( 24.68172400785650211, 14.25000000000000533, 24.40000000000000213 ) ) ;
#770 = EDGE_LOOP ( 'NONE', ( #1669, #3453, #1102, #3458, #632 ) ) ;
#771 = FACE_OUTER_BOUND ( 'NONE', #2208, .T. ) ;
#772 = CARTESIAN_POINT ( 'NONE',  ( -24.76000000000000512, 3.420877080516024016, -0.4000000000000000222 ) ) ;
#773 = CIRCLE ( 'NONE', #3516, 0.5000000000000000000 ) ;
#774 = AXIS2_PLACEMENT_3D ( 'NONE', #1642, #908, #2724 ) ;
#775 = VERTEX_POINT ( 'NONE', #1659 ) ;
#776 = LINE ( 'NONE', #2152, #843 ) ;
#777 = CIRCLE ( 'NONE', #1689, 0.5000000000000004441 ) ;
#778 = AXIS2_PLACEMENT_3D ( 'NONE', #38, #3033, #1665 ) ;
#779 = ADVANCED_FACE ( 'NONE', ( #1444 ), #2522, .T. ) ;
#780 = AXIS2_PLACEMENT_3D ( 'NONE', #1960, #2496, #3326 ) ;
#781 = EDGE_LOOP ( 'NONE', ( #3242, #2600, #1606, #1442 ) ) ;
#782 = DIRECTION ( 'NONE',  ( 1.000000000000000000, -1.387778780781444413E-14, 0.000000000000000000 ) ) ;
#783 = COORDINATED_UNIVERSAL_TIME_OFFSET ( 8, 0, .AHEAD. ) ;
#784 = CIRCLE ( 'NONE', #841, 26.00000000000000355 ) ;
#785 = CIRCLE ( 'NONE', #1926, 1.799999999999999600 ) ;
#786 = ORIENTED_EDGE ( 'NONE', *, *, #2729, .F. ) ;
#787 = LOCAL_TIME ( 11, 16, 35.00000000000000000, #3539 ) ;
#788 = FACE_OUTER_BOUND ( 'NONE', #741, .T. ) ;
#789 = DIRECTION ( 'NONE',  ( 1.000000000000000000, 0.000000000000000000, 0.000000000000000000 ) ) ;
#790 = CYLINDRICAL_SURFACE ( 'NONE', #1183, 0.5000000000000004441 ) ;
#791 = CARTESIAN_POINT ( 'NONE',  ( -1.799999999999999600, 28.50000000000000000, 24.40000000000000213 ) ) ;
#792 = ORIENTED_EDGE ( 'NONE', *, *, #854, .F. ) ;
#793 = DIRECTION ( 'NONE',  ( 0.000000000000000000, 0.000000000000000000, 1.000000000000000000 ) ) ;
#794 = CARTESIAN_POINT ( 'NONE',  ( -25.00000000000000000, 3.061616997868383043E-15, -4.599999999999999645 ) ) ;
#795 = ADVANCED_FACE ( 'NONE', ( #3026 ), #585, .T. ) ;
#796 = ORIENTED_EDGE ( 'NONE', *, *, #574, .F. ) ;
#797 = FACE_OUTER_BOUND ( 'NONE', #1790, .T. ) ;
#798 = EDGE_LOOP ( 'NONE', ( #288, #2773, #2115, #1720 ) ) ;
#799 = CARTESIAN_POINT ( 'NONE',  ( 26.48172400785650282, 14.25000000000000533, 24.40000000000000213 ) ) ;
#800 = CALENDAR_DATE ( 2026, 28, 8 ) ;
#801 = EDGE_CURVE ( 'NONE', #1374, #853, #3399, .T. ) ;
#802 = ORIENTED_EDGE ( 'NONE', *, *, #2480, .F. ) ;
#803 = CARTESIAN_POINT ( 'NONE',  ( -26.00000000000000355, 3.184081677783118585E-15, 24.40000000000000213 ) ) ;
#804 = CARTESIAN_POINT ( 'NONE',  ( -18.35254326381674872, -20.15254326381645456, 19.40000000000000213 ) ) ;
#805 = CARTESIAN_POINT ( 'NONE',  ( -18.35254326381674872, -20.15254326381645456, 19.40000000000000213 ) ) ;
#806 = FACE_OUTER_BOUND ( 'NONE', #76, .T. ) ;
#807 = ORIENTED_EDGE ( 'NONE', *, *, #2627, .F. ) ;
#808 = LINE ( 'NONE', #240, #428 ) ;
#809 = CARTESIAN_POINT ( 'NONE',  ( -17.48424528574717485, 17.22169797300899319, 20.40000000000000213 ) ) ;
#810 = ORIENTED_EDGE ( 'NONE', *, *, #287, .F. ) ;
#811 = ADVANCED_FACE ( 'NONE', ( #410 ), #3413, .F. ) ;
#812 = DIRECTION ( 'NONE',  ( 0.000000000000000000, 0.000000000000000000, 1.000000000000000000 ) ) ;
#813 = VERTEX_POINT ( 'NONE', #2029 ) ;
#814 = VERTEX_POINT ( 'NONE', #175 ) ;
#815 = DIRECTION ( 'NONE',  ( 0.000000000000000000, 0.000000000000000000, 1.000000000000000000 ) ) ;
#816 = ADVANCED_FACE ( 'NONE', ( #2047 ), #1819, .F. ) ;
#817 = VERTEX_POINT ( 'NONE', #2901 ) ;
#818 = CARTESIAN_POINT ( 'NONE',  ( 0.000000000000000000, 0.000000000000000000, 6.400000000000000355 ) ) ;
#819 = DIRECTION ( 'NONE',  ( -0.2225209339563143096, -0.9749279121818236193, 0.000000000000000000 ) ) ;
#820 = EDGE_CURVE ( 'NONE', #3072, #938, #3148, .T. ) ;
#821 = VECTOR ( 'NONE', #3239, 1000.000000000000000 ) ;
#822 = VERTEX_POINT ( 'NONE', #652 ) ;
#823 = FACE_OUTER_BOUND ( 'NONE', #2595, .T. ) ;
#824 = DIRECTION ( 'NONE',  ( 0.000000000000000000, 0.000000000000000000, 1.000000000000000000 ) ) ;
#825 = VECTOR ( 'NONE', #2140, 1000.000000000000000 ) ;
#826 = EDGE_LOOP ( 'NONE', ( #2046, #2626, #3047, #566 ) ) ;
#827 = CIRCLE ( 'NONE', #3044, 3.000000000000000888 ) ;
#828 = CYLINDRICAL_SURFACE ( 'NONE', #1580, 1.800000000000002931 ) ;
#829 = AXIS2_PLACEMENT_3D ( 'NONE', #106, #122, #1194 ) ;
#830 = ORIENTED_EDGE ( 'NONE', *, *, #2181, .F. ) ;
#831 = ORIENTED_EDGE ( 'NONE', *, *, #75, .F. ) ;
#832 = CARTESIAN_POINT ( 'NONE',  ( 24.36571428571428655, -2.932180354728040506, -0.4000000000000000222 ) ) ;
#833 = AXIS2_PLACEMENT_3D ( 'NONE', #1068, #231, #2403 ) ;
#834 = DATE_AND_TIME ( #1069, #3185 ) ;
#835 = ADVANCED_FACE ( 'NONE', ( #689 ), #1209, .T. ) ;
#836 = VECTOR ( 'NONE', #2459, 1000.000000000000000 ) ;
#837 = CIRCLE ( 'NONE', #29, 25.00000000000000000 ) ;
#838 = ORIENTED_EDGE ( 'NONE', *, *, #964, .F. ) ;
#839 = CARTESIAN_POINT ( 'NONE',  ( -20.87324179655682954, -13.60812326145783757, -4.599999999999999645 ) ) ;
#840 = CARTESIAN_POINT ( 'NONE',  ( -20.37324179655684020, 13.60812326145781448, -0.4000000000000000222 ) ) ;
#841 = AXIS2_PLACEMENT_3D ( 'NONE', #511, #1267, #2907 ) ;
#842 = CIRCLE ( 'NONE', #3177, 1.000000000000000888 ) ;
#843 = VECTOR ( 'NONE', #1833, 1000.000000000000000 ) ;
#844 = EDGE_LOOP ( 'NONE', ( #11, #1293, #1342, #555 ) ) ;
#845 = CARTESIAN_POINT ( 'NONE',  ( 26.48172400785649927, -14.25000000000001243, 24.40000000000000213 ) ) ;
#846 = CARTESIAN_POINT ( 'NONE',  ( 23.22497539171024528, 7.930084005870787323, 20.40000000000000213 ) ) ;
#847 = LINE ( 'NONE', #3014, #660 ) ;
#848 = EDGE_LOOP ( 'NONE', ( #1822, #1795, #2855, #519 ) ) ;
#849 = DIRECTION ( 'NONE',  ( 1.000000000000000000, 0.000000000000000000, 0.000000000000000000 ) ) ;
#850 = EDGE_LOOP ( 'NONE', ( #3244, #1654 ) ) ;
#851 = VERTEX_POINT ( 'NONE', #464 ) ;
#852 = DIRECTION ( 'NONE',  ( -1.000000000000000000, 0.000000000000000000, 0.000000000000000000 ) ) ;
#853 = VERTEX_POINT ( 'NONE', #3133 ) ;
#854 = EDGE_CURVE ( 'NONE', #1906, #1958, #3102, .T. ) ;
#855 = CYLINDRICAL_SURFACE ( 'NONE', #1914, 0.5000000000000000000 ) ;
#856 = EDGE_CURVE ( 'NONE', #2128, #2110, #3278, .T. ) ;
#857 = DIRECTION ( 'NONE',  ( -1.000000000000000000, 0.000000000000000000, 0.000000000000000000 ) ) ;
#858 = EDGE_LOOP ( 'NONE', ( #1329, #2945, #1827, #2500 ) ) ;
#859 = EDGE_CURVE ( 'NONE', #1403, #952, #1764, .T. ) ;
#860 = FACE_OUTER_BOUND ( 'NONE', #3116, .T. ) ;
#861 = CARTESIAN_POINT ( 'NONE',  ( 21.95254326381661159, 20.15254326381660377, 19.40000000000000213 ) ) ;
#862 = FACE_OUTER_BOUND ( 'NONE', #3128, .T. ) ;
#863 = ORIENTED_EDGE ( 'NONE', *, *, #1222, .T. ) ;
#864 = DIRECTION ( 'NONE',  ( 0.000000000000000000, 0.000000000000000000, -1.000000000000000000 ) ) ;
#865 = ORIENTED_EDGE ( 'NONE', *, *, #2916, .F. ) ;
#866 = EDGE_CURVE ( 'NONE', #2307, #448, #2062, .T. ) ;
#867 = VERTEX_POINT ( 'NONE', #1779 ) ;
#868 = FACE_OUTER_BOUND ( 'NONE', #3452, .T. ) ;
#869 = DIRECTION ( 'NONE',  ( -0.000000000000000000, -0.000000000000000000, -1.000000000000000000 ) ) ;
#870 = ORIENTED_EDGE ( 'NONE', *, *, #261, .T. ) ;
#871 = DIRECTION ( 'NONE',  ( 0.000000000000000000, 0.000000000000000000, 1.000000000000000000 ) ) ;
#872 = CARTESIAN_POINT ( 'NONE',  ( 0.000000000000000000, 0.000000000000000000, 6.400000000000000355 ) ) ;
#873 = EDGE_LOOP ( 'NONE', ( #1703, #2838, #2100, #1937, #1312 ) ) ;
#874 = DIRECTION ( 'NONE',  ( 1.000000000000000000, 0.000000000000000000, -0.000000000000000000 ) ) ;
#875 = LINE ( 'NONE', #1391, #444 ) ;
#876 = EDGE_CURVE ( 'NONE', #2918, #3182, #2020, .T. ) ;
#877 = DIRECTION ( 'NONE',  ( -1.000000000000000000, 0.000000000000000000, 0.000000000000000000 ) ) ;
#878 = ORIENTED_EDGE ( 'NONE', *, *, #2717, .F. ) ;
#879 = DIRECTION ( 'NONE',  ( 1.000000000000000000, -2.602085213965208275E-15, 0.000000000000000000 ) ) ;
#880 = AXIS2_PLACEMENT_3D ( 'NONE', #141, #2372, #2852 ) ;
#881 = ORIENTED_EDGE ( 'NONE', *, *, #472, .T. ) ;
#882 = ORIENTED_EDGE ( 'NONE', *, *, #2269, .F. ) ;
#883 = DIRECTION ( 'NONE',  ( -1.000000000000000000, 0.000000000000000000, -0.000000000000000000 ) ) ;
#884 = CYLINDRICAL_SURFACE ( 'NONE', #90, 0.5000000000000004441 ) ;
#885 = AXIS2_PLACEMENT_3D ( 'NONE', #3541, #253, #1338 ) ;
#886 = EDGE_CURVE ( 'NONE', #2378, #3029, #2849, .T. ) ;
#887 = CIRCLE ( 'NONE', #3283, 1.799999999999999600 ) ;
#888 = EDGE_LOOP ( 'NONE', ( #1084, #1022, #1707, #68, #683 ) ) ;
#889 = CARTESIAN_POINT ( 'NONE',  ( -5.563023348907858434, -24.37319780454559393, 6.400000000000000355 ) ) ;
#890 = DIRECTION ( 'NONE',  ( 1.000000000000000000, 6.938893903907222067E-15, 0.000000000000000000 ) ) ;
#891 = CIRCLE ( 'NONE', #2200, 25.00000000000000000 ) ;
#892 = CIRCLE ( 'NONE', #3405, 1.800000000000002931 ) ;
#893 = ORIENTED_EDGE ( 'NONE', *, *, #1220, .T. ) ;
#894 = CIRCLE ( 'NONE', #499, 0.5000000000000004441 ) ;
#895 = VECTOR ( 'NONE', #2124, 1000.000000000000000 ) ;
#896 = DIRECTION ( 'NONE',  ( -0.000000000000000000, -0.000000000000000000, 1.000000000000000000 ) ) ;
#897 = CARTESIAN_POINT ( 'NONE',  ( 0.000000000000000000, 0.000000000000000000, 2.400000000000000355 ) ) ;
#898 = EDGE_CURVE ( 'NONE', #1800, #39, #494, .T. ) ;
#899 = AXIS2_PLACEMENT_3D ( 'NONE', #1887, #2981, #744 ) ;
#900 = DIRECTION ( 'NONE',  ( 0.000000000000000000, 0.000000000000000000, 1.000000000000000000 ) ) ;
#901 = ORIENTED_EDGE ( 'NONE', *, *, #379, .T. ) ;
#902 = DIRECTION ( 'NONE',  ( 1.000000000000000000, 0.000000000000000000, 0.000000000000000000 ) ) ;
#903 = EDGE_CURVE ( 'NONE', #956, #2982, #1287, .T. ) ;
#904 = AXIS2_PLACEMENT_3D ( 'NONE', #2012, #1484, #890 ) ;
#905 = VERTEX_POINT ( 'NONE', #2834 ) ;
#906 = DIRECTION ( 'NONE',  ( 1.000000000000000000, 0.000000000000000000, -0.000000000000000000 ) ) ;
#907 = DIRECTION ( 'NONE',  ( 1.000000000000000000, 0.000000000000000000, 0.000000000000000000 ) ) ;
#908 = DIRECTION ( 'NONE',  ( 0.000000000000000000, 0.000000000000000000, 1.000000000000000000 ) ) ;
#909 = EDGE_CURVE ( 'NONE', #409, #3150, #1173, .T. ) ;
#910 = EDGE_LOOP ( 'NONE', ( #1446, #513, #2976, #2683 ) ) ;
#911 = CARTESIAN_POINT ( 'NONE',  ( -2.063249307842023761, -24.41296791243722453, -4.599999999999999645 ) ) ;
#912 = DIRECTION ( 'NONE',  ( 1.000000000000000000, 0.000000000000000000, 0.000000000000000000 ) ) ;
#913 = VERTEX_POINT ( 'NONE', #1535 ) ;
#914 = LINE ( 'NONE', #2473, #1570 ) ;
#915 = CYLINDRICAL_SURFACE ( 'NONE', #1749, 0.5000000000000004441 ) ;
#916 = DIRECTION ( 'NONE',  ( 0.000000000000000000, 0.000000000000000000, -1.000000000000000000 ) ) ;
#917 = ORIENTED_EDGE ( 'NONE', *, *, #271, .T. ) ;
#918 = FACE_OUTER_BOUND ( 'NONE', #575, .T. ) ;
#919 = EDGE_CURVE ( 'NONE', #1878, #2413, #2424, .T. ) ;
#920 = VERTEX_POINT ( 'NONE', #2332 ) ;
#921 = CARTESIAN_POINT ( 'NONE',  ( 8.280545970745425421, -23.10234344632782211, 20.40000000000000213 ) ) ;
#922 = DIRECTION ( 'NONE',  ( -0.000000000000000000, -0.000000000000000000, -1.000000000000000000 ) ) ;
#923 = DIRECTION ( 'NONE',  ( 1.000000000000000000, 0.000000000000000000, 0.000000000000000000 ) ) ;
#924 = ORIENTED_EDGE ( 'NONE', *, *, #261, .F. ) ;
#925 = CARTESIAN_POINT ( 'NONE',  ( 0.000000000000000000, 0.000000000000000000, 20.40000000000000213 ) ) ;
#926 = CARTESIAN_POINT ( 'NONE',  ( -1.800000000000003153, -28.50000000000000000, 24.40000000000000213 ) ) ;
#927 = ORIENTED_EDGE ( 'NONE', *, *, #866, .F. ) ;
#928 = DIRECTION ( 'NONE',  ( 0.000000000000000000, 0.000000000000000000, -1.000000000000000000 ) ) ;
#929 = DIRECTION ( 'NONE',  ( -1.000000000000000000, 0.000000000000000000, 0.000000000000000000 ) ) ;
#930 = EDGE_CURVE ( 'NONE', #3483, #2145, #2024, .T. ) ;
#931 = CARTESIAN_POINT ( 'NONE',  ( -12.70542162642054329, 21.53072830386573600, 20.40000000000000213 ) ) ;
#932 = VERTEX_POINT ( 'NONE', #2156 ) ;
#933 = CARTESIAN_POINT ( 'NONE',  ( -12.95131319389210667, -21.10011373778843691, -4.599999999999999645 ) ) ;
#934 = EDGE_LOOP ( 'NONE', ( #344, #1352, #863, #2457 ) ) ;
#935 = DIRECTION ( 'NONE',  ( -0.000000000000000000, -0.000000000000000000, 1.000000000000000000 ) ) ;
#936 = DIRECTION ( 'NONE',  ( 0.000000000000000000, 0.000000000000000000, -1.000000000000000000 ) ) ;
#937 = VECTOR ( 'NONE', #1652, 1000.000000000000000 ) ;
#938 = VERTEX_POINT ( 'NONE', #1624 ) ;
#939 = DIRECTION ( 'NONE',  ( -0.000000000000000000, -0.000000000000000000, 1.000000000000000000 ) ) ;
#940 = TOROIDAL_SURFACE ( 'NONE', #715, 26.00000000000000355, 1.000000000000000000 ) ;
#941 = CARTESIAN_POINT ( 'NONE',  ( 20.15254326381661443, 20.15254326381660377, 19.40000000000000213 ) ) ;
#942 = EDGE_CURVE ( 'NONE', #932, #1759, #887, .T. ) ;
#943 = AXIS2_PLACEMENT_3D ( 'NONE', #480, #2931, #1029 ) ;
#944 = VERTEX_POINT ( 'NONE', #3261 ) ;
#945 = CARTESIAN_POINT ( 'NONE',  ( 2.563217027994286745, -24.40728646845270333, 20.40000000000000213 ) ) ;
#946 = CARTESIAN_POINT ( 'NONE',  ( 26.48172400785649927, -14.25000000000001243, 24.40000000000000213 ) ) ;
#947 = AXIS2_PLACEMENT_3D ( 'NONE', #3369, #1505, #1719 ) ;
#948 = AXIS2_PLACEMENT_3D ( 'NONE', #372, #3409, #923 ) ;
#949 = DIRECTION ( 'NONE',  ( 0.000000000000000000, 0.000000000000000000, 1.000000000000000000 ) ) ;
#950 = AXIS2_PLACEMENT_3D ( 'NONE', #2287, #364, #1501 ) ;
#951 = CIRCLE ( 'NONE', #2542, 25.00000000000000000 ) ;
#952 = VERTEX_POINT ( 'NONE', #2438 ) ;
#953 = CARTESIAN_POINT ( 'NONE',  ( -23.34176767406854580, 7.443915760526081726, -4.599999999999999645 ) ) ;
#954 = AXIS2_PLACEMENT_3D ( 'NONE', #51, #1675, #2760 ) ;
#955 = VECTOR ( 'NONE', #3110, 1000.000000000000000 ) ;
#956 = VERTEX_POINT ( 'NONE', #799 ) ;
#957 = VECTOR ( 'NONE', #2597, 1000.000000000000000 ) ;
#958 = AXIS2_PLACEMENT_3D ( 'NONE', #312, #864, #2770 ) ;
#959 = LINE ( 'NONE', #443, #955 ) ;
#960 = DIRECTION ( 'NONE',  ( 0.000000000000000000, 0.000000000000000000, 1.000000000000000000 ) ) ;
#961 = ORIENTED_EDGE ( 'NONE', *, *, #942, .T. ) ;
#962 = DIRECTION ( 'NONE',  ( 0.000000000000000000, 0.000000000000000000, 1.000000000000000000 ) ) ;
#963 = CYLINDRICAL_SURFACE ( 'NONE', #1127, 1.799999999999999600 ) ;
#964 = EDGE_CURVE ( 'NONE', #2670, #1186, #437, .T. ) ;
#965 = ORIENTED_EDGE ( 'NONE', *, *, #2717, .T. ) ;
#966 = PLANE ( 'NONE',  #3338 ) ;
#967 = LINE ( 'NONE', #434, #3350 ) ;
#968 = LINE ( 'NONE', #1756, #3462 ) ;
#969 = ORIENTED_EDGE ( 'NONE', *, *, #1565, .T. ) ;
#970 = DIRECTION ( 'NONE',  ( 0.9009688679024190350, -0.4338837391175584535, 0.000000000000000000 ) ) ;
#971 = VERTEX_POINT ( 'NONE', #2669 ) ;
#972 = CARTESIAN_POINT ( 'NONE',  ( -3.469446951953614189E-15, -28.50000000000000000, 24.40000000000000213 ) ) ;
#973 = CYLINDRICAL_SURFACE ( 'NONE', #2375, 1.799999999999999600 ) ;
#974 = EDGE_CURVE ( 'NONE', #729, #57, #1915, .T. ) ;
#975 = ORIENTED_EDGE ( 'NONE', *, *, #768, .F. ) ;
#976 = CARTESIAN_POINT ( 'NONE',  ( 0.000000000000000000, 0.000000000000000000, 20.40000000000000213 ) ) ;
#977 = DIRECTION ( 'NONE',  ( -0.000000000000000000, -0.000000000000000000, 1.000000000000000000 ) ) ;
#978 = ORIENTED_EDGE ( 'NONE', *, *, #2269, .T. ) ;
#979 = DIRECTION ( 'NONE',  ( -1.000000000000000000, -1.224646799147353454E-16, 0.000000000000000000 ) ) ;
#980 = DIRECTION ( 'NONE',  ( -1.000000000000000000, 0.000000000000000000, 0.000000000000000000 ) ) ;
#981 = CARTESIAN_POINT ( 'NONE',  ( 23.22497539171025238, -7.930084005870783770, 20.40000000000000213 ) ) ;
#982 = DIRECTION ( 'NONE',  ( 1.000000000000000000, -6.938893903907222067E-15, 0.000000000000000000 ) ) ;
#983 = VERTEX_POINT ( 'NONE', #1014 ) ;
#984 = CARTESIAN_POINT ( 'NONE',  ( -2.563249307842049962, 24.41296791243722453, 6.400000000000000355 ) ) ;
#985 = DIRECTION ( 'NONE',  ( 1.000000000000000000, 0.000000000000000000, 0.000000000000000000 ) ) ;
#986 = ADVANCED_FACE ( 'NONE', ( #1085 ), #1301, .T. ) ;
#987 = ORIENTED_EDGE ( 'NONE', *, *, #182, .T. ) ;
#988 = DIRECTION ( 'NONE',  ( 1.000000000000000000, 0.000000000000000000, 0.000000000000000000 ) ) ;
#989 = ORIENTED_EDGE ( 'NONE', *, *, #1584, .F. ) ;
#990 = DIRECTION ( 'NONE',  ( 1.000000000000000000, 0.000000000000000000, 0.000000000000000000 ) ) ;
#991 = EDGE_CURVE ( 'NONE', #2917, #2410, #3223, .T. ) ;
#992 = ORIENTED_EDGE ( 'NONE', *, *, #530, .F. ) ;
#993 = AXIS2_PLACEMENT_3D ( 'NONE', #3100, #400, #2839 ) ;
#994 = EDGE_LOOP ( 'NONE', ( #1110, #2775 ) ) ;
#995 = DIRECTION ( 'NONE',  ( 0.000000000000000000, 0.000000000000000000, -1.000000000000000000 ) ) ;
#996 = DIRECTION ( 'NONE',  ( 0.000000000000000000, 0.000000000000000000, 1.000000000000000000 ) ) ;
#997 = DIRECTION ( 'NONE',  ( -0.000000000000000000, -0.000000000000000000, 1.000000000000000000 ) ) ;
#998 = DIRECTION ( 'NONE',  ( 0.000000000000000000, 0.000000000000000000, 1.000000000000000000 ) ) ;
#999 = ORIENTED_EDGE ( 'NONE', *, *, #1314, .F. ) ;
#1000 = AXIS2_PLACEMENT_3D ( 'NONE', #1140, #46, #1100 ) ;
#1001 = DIRECTION ( 'NONE',  ( 1.000000000000000000, 0.000000000000000000, 0.000000000000000000 ) ) ;
#1002 = DIRECTION ( 'NONE',  ( 0.000000000000000000, 0.000000000000000000, -1.000000000000000000 ) ) ;
#1003 = AXIS2_PLACEMENT_3D ( 'NONE', #417, #1784, #1199 ) ;
#1004 = CIRCLE ( 'NONE', #2651, 1.000000000000000888 ) ;
#1005 = EDGE_LOOP ( 'NONE', ( #1706, #927, #2449, #562 ) ) ;
#1006 = EDGE_CURVE ( 'NONE', #466, #3217, #206, .T. ) ;
#1007 = LINE ( 'NONE', #2114, #447 ) ;
#1008 = AXIS2_PLACEMENT_3D ( 'NONE', #3397, #642, #3365 ) ;
#1009 = CIRCLE ( 'NONE', #2715, 0.5000000000000004441 ) ;
#1010 = CIRCLE ( 'NONE', #446, 25.00000000000000000 ) ;
#1011 = ADVANCED_FACE ( 'NONE', ( #2101 ), #1593, .T. ) ;
#1012 = VECTOR ( 'NONE', #1440, 1000.000000000000000 ) ;
#1013 = ORIENTED_EDGE ( 'NONE', *, *, #1305, .F. ) ;
#1014 = CARTESIAN_POINT ( 'NONE',  ( 20.78902224138453292, -13.88584006271206128, 6.400000000000000355 ) ) ;
#1015 = LINE ( 'NONE', #481, #957 ) ;
#1016 = ORIENTED_EDGE ( 'NONE', *, *, #2277, .T. ) ;
#1017 = ORIENTED_EDGE ( 'NONE', *, *, #1006, .F. ) ;
#1018 = CARTESIAN_POINT ( 'NONE',  ( 1.799999999999996270, -28.50000000000000000, 24.40000000000000213 ) ) ;
#1019 = CARTESIAN_POINT ( 'NONE',  ( -21.95254326381674659, -20.15254326381645456, 19.40000000000000213 ) ) ;
#1020 = DIRECTION ( 'NONE',  ( 0.000000000000000000, 0.000000000000000000, -1.000000000000000000 ) ) ;
#1021 = LINE ( 'NONE', #2161, #3113 ) ;
#1022 = ORIENTED_EDGE ( 'NONE', *, *, #856, .T. ) ;
#1023 = CARTESIAN_POINT ( 'NONE',  ( 0.000000000000000000, 0.000000000000000000, 20.40000000000000213 ) ) ;
#1024 = FACE_OUTER_BOUND ( 'NONE', #95, .T. ) ;
#1025 = VERTEX_POINT ( 'NONE', #1568 ) ;
#1026 = CARTESIAN_POINT ( 'NONE',  ( -20.15254326381639061, 20.15254326381682404, 24.40000000000000213 ) ) ;
#1027 = ADVANCED_FACE ( 'NONE', ( #1549 ), #1277, .T. ) ;
#1028 = VERTEX_POINT ( 'NONE', #1316 ) ;
#1029 = DIRECTION ( 'NONE',  ( -1.000000000000000000, 0.000000000000000000, -0.000000000000000000 ) ) ;
#1030 = VERTEX_POINT ( 'NONE', #266 ) ;
#1031 = EDGE_LOOP ( 'NONE', ( #2246, #1071 ) ) ;
#1032 = CYLINDRICAL_SURFACE ( 'NONE', #2207, 0.5000000000000004441 ) ;
#1033 = DIRECTION ( 'NONE',  ( 0.9009688679024190350, 0.4338837391175584535, 0.000000000000000000 ) ) ;
#1034 = LINE ( 'NONE', #1282, #2831 ) ;
#1035 = CARTESIAN_POINT ( 'NONE',  ( -24.68172400785650566, -14.24999999999999467, 24.40000000000000213 ) ) ;
#1036 = ORIENTED_EDGE ( 'NONE', *, *, #2720, .T. ) ;
#1037 = DIRECTION ( 'NONE',  ( -0.000000000000000000, -0.000000000000000000, -1.000000000000000000 ) ) ;
#1038 = CARTESIAN_POINT ( 'NONE',  ( -15.58724504646833786, -19.54578706170075009, 20.40000000000000213 ) ) ;
#1039 = EDGE_CURVE ( 'NONE', #944, #983, #600, .T. ) ;
#1040 = ORIENTED_EDGE ( 'NONE', *, *, #3221, .F. ) ;
#1041 = CARTESIAN_POINT ( 'NONE',  ( -21.95254326381639132, 20.15254326381682404, 19.40000000000000213 ) ) ;
#1042 = EDGE_LOOP ( 'NONE', ( #2079, #1748, #2349, #3389 ) ) ;
#1043 = CARTESIAN_POINT ( 'NONE',  ( 15.58724504646833608, 19.54578706170075009, 20.40000000000000213 ) ) ;
#1044 = DIRECTION ( 'NONE',  ( 0.000000000000000000, 0.000000000000000000, -1.000000000000000000 ) ) ;
#1045 = ADVANCED_FACE ( 'NONE', ( #2630 ), #2170, .F. ) ;
#1046 = PERSON ( 'æœª', 'æœª', 'æœª', ('æœª'), ('æœª'), ('æœª') ) ;
#1047 = ORIENTED_EDGE ( 'NONE', *, *, #2184, .F. ) ;
#1048 = EDGE_CURVE ( 'NONE', #262, #2926, #24, .T. ) ;
#1049 = CARTESIAN_POINT ( 'NONE',  ( 21.95254326381653698, -20.15254326381667838, 19.40000000000000213 ) ) ;
#1050 = DIRECTION ( 'NONE',  ( 1.000000000000000000, 0.000000000000000000, 0.000000000000000000 ) ) ;
#1051 = AXIS2_PLACEMENT_3D ( 'NONE', #2871, #3141, #1288 ) ;
#1052 = DIRECTION ( 'NONE',  ( 1.000000000000000000, 0.000000000000000000, 0.000000000000000000 ) ) ;
#1053 = VECTOR ( 'NONE', #3306, 1000.000000000000000 ) ;
#1054 = CARTESIAN_POINT ( 'NONE',  ( -24.68172400785650211, 14.25000000000000355, 24.40000000000000213 ) ) ;
#1055 = ORIENTED_EDGE ( 'NONE', *, *, #2897, .F. ) ;
#1056 = DIRECTION ( 'NONE',  ( -1.000000000000000000, 0.000000000000000000, 0.000000000000000000 ) ) ;
#1057 = DIRECTION ( 'NONE',  ( 1.000000000000000000, 0.000000000000000000, 0.000000000000000000 ) ) ;
#1058 = AXIS2_PLACEMENT_3D ( 'NONE', #3193, #1574, #1050 ) ;
#1059 = VECTOR ( 'NONE', #2347, 1000.000000000000000 ) ;
#1060 = ORIENTED_EDGE ( 'NONE', *, *, #144, .F. ) ;
#1061 = EDGE_CURVE ( 'NONE', #851, #3222, #1516, .T. ) ;
#1062 = LINE ( 'NONE', #759, #37 ) ;
#1063 = AXIS2_PLACEMENT_3D ( 'NONE', #3293, #2516, #1655 ) ;
#1064 = CIRCLE ( 'NONE', #606, 25.00000000000000000 ) ;
#1065 = AXIS2_PLACEMENT_3D ( 'NONE', #2474, #54, #1131 ) ;
#1066 = VECTOR ( 'NONE', #1320, 1000.000000000000000 ) ;
#1067 = VERTEX_POINT ( 'NONE', #2684 ) ;
#1068 = CARTESIAN_POINT ( 'NONE',  ( -26.00000000000000355, 3.184081677783118585E-15, 23.40000000000000213 ) ) ;
#1069 = CALENDAR_DATE ( 2026, 28, 8 ) ;
#1070 = AXIS2_PLACEMENT_3D ( 'NONE', #2338, #3434, #2972 ) ;
#1071 = ORIENTED_EDGE ( 'NONE', *, *, #3515, .T. ) ;
#1072 = CIRCLE ( 'NONE', #1648, 0.5000000000000004441 ) ;
#1073 = CARTESIAN_POINT ( 'NONE',  ( 0.000000000000000000, 0.000000000000000000, 6.400000000000000355 ) ) ;
#1074 = LINE ( 'NONE', #2938, #1225 ) ;
#1075 = CARTESIAN_POINT ( 'NONE',  ( 1.799999999999996270, -28.50000000000000000, 2.400000000000000355 ) ) ;
#1076 = EDGE_CURVE ( 'NONE', #2027, #362, #655, .T. ) ;
#1077 = DIRECTION ( 'NONE',  ( 0.000000000000000000, 0.000000000000000000, -1.000000000000000000 ) ) ;
#1078 = VERTEX_POINT ( 'NONE', #3499 ) ;
#1079 = CARTESIAN_POINT ( 'NONE',  ( -20.15254326381674943, -20.15254326381645456, 19.40000000000000213 ) ) ;
#1080 = CARTESIAN_POINT ( 'NONE',  ( 17.80041199229362547, 16.83434979156039191, 20.40000000000000213 ) ) ;
#1081 = EDGE_CURVE ( 'NONE', #2307, #109, #2475, .T. ) ;
#1082 = ORIENTED_EDGE ( 'NONE', *, *, #1402, .T. ) ;
#1083 = CARTESIAN_POINT ( 'NONE',  ( -21.95254326381639132, 20.15254326381682404, 24.40000000000000213 ) ) ;
#1084 = ORIENTED_EDGE ( 'NONE', *, *, #115, .T. ) ;
#1085 = FACE_OUTER_BOUND ( 'NONE', #1168, .T. ) ;
#1086 = PERSON_AND_ORGANIZATION ( #1046, #1298 ) ;
#1087 = EDGE_CURVE ( 'NONE', #1958, #2503, #1383, .T. ) ;
#1088 = ORIENTED_EDGE ( 'NONE', *, *, #2866, .T. ) ;
#1089 = LINE ( 'NONE', #2422, #1513 ) ;
#1090 = CARTESIAN_POINT ( 'NONE',  ( 18.35254326381661372, 20.15254326381660377, 19.40000000000000213 ) ) ;
#1091 = CYLINDRICAL_SURFACE ( 'NONE', #1235, 1.799999999999999600 ) ;
#1092 = EDGE_LOOP ( 'NONE', ( #917, #73, #619, #3492, #2227 ) ) ;
#1093 = DIRECTION ( 'NONE',  ( 1.000000000000000000, 3.469446951953611033E-15, 0.000000000000000000 ) ) ;
#1094 = CARTESIAN_POINT ( 'NONE',  ( 0.000000000000000000, 0.000000000000000000, 20.40000000000000213 ) ) ;
#1095 = ORIENTED_EDGE ( 'NONE', *, *, #3086, .T. ) ;
#1096 = CARTESIAN_POINT ( 'NONE',  ( -24.26000000000000512, -3.420877080516050217, 20.40000000000000213 ) ) ;
#1097 = EDGE_CURVE ( 'NONE', #3335, #1786, #1799, .T. ) ;
#1098 = ORIENTED_EDGE ( 'NONE', *, *, #1443, .F. ) ;
#1099 = VERTEX_POINT ( 'NONE', #2225 ) ;
#1100 = DIRECTION ( 'NONE',  ( -1.000000000000000000, 0.000000000000000000, 0.000000000000000000 ) ) ;
#1101 = CALENDAR_DATE ( 2026, 28, 8 ) ;
#1102 = ORIENTED_EDGE ( 'NONE', *, *, #190, .T. ) ;
#1103 = CARTESIAN_POINT ( 'NONE',  ( -25.00000000000000000, 3.061616997868383043E-15, 6.400000000000000355 ) ) ;
#1104 = DIRECTION ( 'NONE',  ( -0.000000000000000000, -0.000000000000000000, 1.000000000000000000 ) ) ;
#1105 = ORIENTED_EDGE ( 'NONE', *, *, #1536, .T. ) ;
#1106 = LINE ( 'NONE', #2196, #649 ) ;
#1107 = DIRECTION ( 'NONE',  ( -0.000000000000000000, -0.000000000000000000, 1.000000000000000000 ) ) ;
#1108 = AXIS2_PLACEMENT_3D ( 'NONE', #329, #2785, #576 ) ;
#1109 = CARTESIAN_POINT ( 'NONE',  ( 8.733466407718351476, -22.89053438662486073, 6.399999999999999467 ) ) ;
#1110 = ORIENTED_EDGE ( 'NONE', *, *, #1402, .F. ) ;
#1111 = AXIS2_PLACEMENT_3D ( 'NONE', #1512, #1483, #676 ) ;
#1112 = PLANE ( 'NONE',  #1063 ) ;
#1113 = AXIS2_PLACEMENT_3D ( 'NONE', #3319, #1993, #2506 ) ;
#1114 = ADVANCED_FACE ( 'NONE', ( #3333 ), #884, .F. ) ;
#1115 = ORIENTED_EDGE ( 'NONE', *, *, #291, .T. ) ;
#1116 = EDGE_LOOP ( 'NONE', ( #3328, #1627, #3054, #2237 ) ) ;
#1117 = DIRECTION ( 'NONE',  ( 0.000000000000000000, 0.000000000000000000, -1.000000000000000000 ) ) ;
#1118 = AXIS2_PLACEMENT_3D ( 'NONE', #1185, #1947, #2000 ) ;
#1119 = CIRCLE ( 'NONE', #1525, 0.5000000000000004441 ) ;
#1120 = CIRCLE ( 'NONE', #2941, 25.00000000000000000 ) ;
#1121 = ORIENTED_EDGE ( 'NONE', *, *, #2123, .T. ) ;
#1122 = DIRECTION ( 'NONE',  ( 1.000000000000000000, 0.000000000000000000, -0.000000000000000000 ) ) ;
#1123 = DIRECTION ( 'NONE',  ( 0.000000000000000000, 0.000000000000000000, 1.000000000000000000 ) ) ;
#1124 = CIRCLE ( 'NONE', #275, 0.5000000000000004441 ) ;
#1125 = CIRCLE ( 'NONE', #1975, 1.799999999999999600 ) ;
#1126 = EDGE_CURVE ( 'NONE', #2642, #3341, #2256, .T. ) ;
#1127 = AXIS2_PLACEMENT_3D ( 'NONE', #941, #1497, #1176 ) ;
#1128 = VECTOR ( 'NONE', #2308, 1000.000000000000000 ) ;
#1129 = ORIENTED_EDGE ( 'NONE', *, *, #1061, .T. ) ;
#1130 = DIRECTION ( 'NONE',  ( 0.000000000000000000, 0.000000000000000000, 1.000000000000000000 ) ) ;
#1131 = DIRECTION ( 'NONE',  ( 1.000000000000000000, 0.000000000000000000, 0.000000000000000000 ) ) ;
#1132 = EDGE_CURVE ( 'NONE', #2914, #1138, #267, .T. ) ;
#1133 = ADVANCED_FACE ( 'NONE', ( #1953 ), #598, .T. ) ;
#1134 = DIRECTION ( 'NONE',  ( 0.000000000000000000, 0.000000000000000000, -1.000000000000000000 ) ) ;
#1135 = VERTEX_POINT ( 'NONE', #3063 ) ;
#1136 = FACE_OUTER_BOUND ( 'NONE', #1861, .T. ) ;
#1137 = ORIENTED_EDGE ( 'NONE', *, *, #30, .F. ) ;
#1138 = VERTEX_POINT ( 'NONE', #302 ) ;
#1139 = DIRECTION ( 'NONE',  ( 0.000000000000000000, 0.000000000000000000, 1.000000000000000000 ) ) ;
#1140 = CARTESIAN_POINT ( 'NONE',  ( -17.80041199229362547, -16.83434979156038835, 6.400000000000000355 ) ) ;
#1141 = APPROVAL_DATE_TIME ( #1923, #1609 ) ;
#1142 = VERTEX_POINT ( 'NONE', #3039 ) ;
#1143 = DIRECTION ( 'NONE',  ( 0.000000000000000000, 0.000000000000000000, -1.000000000000000000 ) ) ;
#1144 = DIRECTION ( 'NONE',  ( 0.000000000000000000, 0.000000000000000000, -1.000000000000000000 ) ) ;
#1145 = EDGE_CURVE ( 'NONE', #1892, #2195, #1740, .T. ) ;
#1146 = ORIENTED_EDGE ( 'NONE', *, *, #2228, .T. ) ;
#1147 = CARTESIAN_POINT ( 'NONE',  ( 0.000000000000000000, 0.000000000000000000, 6.400000000000000355 ) ) ;
#1148 = CARTESIAN_POINT ( 'NONE',  ( -12.45131319389210667, -21.10011373778843691, -4.599999999999999645 ) ) ;
#1149 = LINE ( 'NONE', #3367, #662 ) ;
#1150 = ORIENTED_EDGE ( 'NONE', *, *, #991, .F. ) ;
#1151 = DIRECTION ( 'NONE',  ( -0.000000000000000000, -0.000000000000000000, 1.000000000000000000 ) ) ;
#1152 = ORIENTED_EDGE ( 'NONE', *, *, #1565, .F. ) ;
#1153 = ORIENTED_EDGE ( 'NONE', *, *, #2510, .F. ) ;
#1154 = DIRECTION ( 'NONE',  ( -0.000000000000000000, -0.000000000000000000, 1.000000000000000000 ) ) ;
#1155 = DIRECTION ( 'NONE',  ( 1.000000000000000000, 0.000000000000000000, 0.000000000000000000 ) ) ;
#1156 = ADVANCED_FACE ( 'NONE', ( #1406 ), #2261, .T. ) ;
#1157 = EDGE_LOOP ( 'NONE', ( #2612, #901, #3180, #614 ) ) ;
#1158 = DIRECTION ( 'NONE',  ( -1.000000000000000000, 0.000000000000000000, 0.000000000000000000 ) ) ;
#1159 = DIRECTION ( 'NONE',  ( -1.000000000000000000, 0.000000000000000000, 0.000000000000000000 ) ) ;
#1160 = EDGE_CURVE ( 'NONE', #920, #579, #3050, .T. ) ;
#1161 = EDGE_LOOP ( 'NONE', ( #1534, #124, #1897, #2484 ) ) ;
#1162 = CARTESIAN_POINT ( 'NONE',  ( 1.799999999999999600, 28.50000000000000000, 24.40000000000000213 ) ) ;
#1163 = CARTESIAN_POINT ( 'NONE',  ( -5.563023348907858434, -24.37319780454559393, 20.40000000000000213 ) ) ;
#1164 = DIRECTION ( 'NONE',  ( -0.000000000000000000, -0.000000000000000000, 1.000000000000000000 ) ) ;
#1165 = VERTEX_POINT ( 'NONE', #1709 ) ;
#1166 = CARTESIAN_POINT ( 'NONE',  ( 23.81813027966178709, -7.595832408700087690, -4.599999999999999645 ) ) ;
#1167 = ORIENTED_EDGE ( 'NONE', *, *, #1683, .T. ) ;
#1168 = EDGE_LOOP ( 'NONE', ( #1368, #3020, #2235, #3160 ) ) ;
#1169 = EDGE_CURVE ( 'NONE', #404, #1944, #3105, .T. ) ;
#1170 = DIRECTION ( 'NONE',  ( -1.000000000000000000, 0.000000000000000000, 0.000000000000000000 ) ) ;
#1171 = DIRECTION ( 'NONE',  ( 0.000000000000000000, 0.000000000000000000, 1.000000000000000000 ) ) ;
#1172 = AXIS2_PLACEMENT_3D ( 'NONE', #65, #1995, #1725 ) ;
#1173 = CIRCLE ( 'NONE', #384, 0.5000000000000004441 ) ;
#1174 = ORIENTED_EDGE ( 'NONE', *, *, #909, .T. ) ;
#1175 = CARTESIAN_POINT ( 'NONE',  ( -23.34176767406853870, -7.443915760526108372, 6.400000000000000355 ) ) ;
#1176 = DIRECTION ( 'NONE',  ( 1.000000000000000000, 0.000000000000000000, 0.000000000000000000 ) ) ;
#1177 = CIRCLE ( 'NONE', #1805, 0.5000000000000004441 ) ;
#1178 = ORIENTED_EDGE ( 'NONE', *, *, #445, .F. ) ;
#1179 = VECTOR ( 'NONE', #3136, 1000.000000000000000 ) ;
#1180 = CARTESIAN_POINT ( 'NONE',  ( -22.88172400785650495, -14.24999999999999467, 24.40000000000000213 ) ) ;
#1181 = DIRECTION ( 'NONE',  ( -0.000000000000000000, -1.000000000000000000, -0.000000000000000000 ) ) ;
#1182 = ADVANCED_FACE ( 'NONE', ( #550 ), #3275, .T. ) ;
#1183 = AXIS2_PLACEMENT_3D ( 'NONE', #2959, #1252, #3194 ) ;
#1184 = CIRCLE ( 'NONE', #1475, 0.5000000000000004441 ) ;
#1185 = CARTESIAN_POINT ( 'NONE',  ( 0.000000000000000000, 0.000000000000000000, 6.400000000000000355 ) ) ;
#1186 = VERTEX_POINT ( 'NONE', #1657 ) ;
#1187 = CARTESIAN_POINT ( 'NONE',  ( -23.81813027966177643, -7.595832408700109895, 6.400000000000000355 ) ) ;
#1188 = CIRCLE ( 'NONE', #1872, 1.799999999999999600 ) ;
#1189 = EDGE_LOOP ( 'NONE', ( #2189, #1410, #1551, #830 ) ) ;
#1190 = CARTESIAN_POINT ( 'NONE',  ( -5.563023348907858434, -24.37319780454559393, 20.40000000000000213 ) ) ;
#1191 = DIRECTION ( 'NONE',  ( 0.000000000000000000, 0.000000000000000000, 1.000000000000000000 ) ) ;
#1192 = CARTESIAN_POINT ( 'NONE',  ( -21.95254326381639132, 20.15254326381682404, 19.40000000000000213 ) ) ;
#1193 = VERTEX_POINT ( 'NONE', #2486 ) ;
#1194 = DIRECTION ( 'NONE',  ( -1.000000000000000000, 0.000000000000000000, 0.000000000000000000 ) ) ;
#1195 = DIRECTION ( 'NONE',  ( -1.000000000000000000, 0.000000000000000000, 0.000000000000000000 ) ) ;
#1196 = EDGE_CURVE ( 'NONE', #1264, #1814, #355, .T. ) ;
#1197 = ORIENTED_EDGE ( 'NONE', *, *, #2841, .T. ) ;
#1198 = FACE_OUTER_BOUND ( 'NONE', #3075, .T. ) ;
#1199 = DIRECTION ( 'NONE',  ( -1.000000000000000000, 0.000000000000000000, 0.000000000000000000 ) ) ;
#1200 = LINE ( 'NONE', #716, #3108 ) ;
#1201 = EDGE_LOOP ( 'NONE', ( #227, #2886 ) ) ;
#1202 = CARTESIAN_POINT ( 'NONE',  ( 8.911700416039108674, 23.35768814961721418, 20.40000000000000213 ) ) ;
#1203 = VERTEX_POINT ( 'NONE', #2450 ) ;
#1204 = ADVANCED_FACE ( 'NONE', ( #285 ), #1441, .T. ) ;
#1205 = CARTESIAN_POINT ( 'NONE',  ( -18.16368570642206492, -17.17790795057182507, 20.40000000000000213 ) ) ;
#1206 = CARTESIAN_POINT ( 'NONE',  ( -5.563023348907858434, -24.37319780454559393, 20.40000000000000213 ) ) ;
#1207 = EDGE_CURVE ( 'NONE', #1264, #349, #2310, .T. ) ;
#1208 = EDGE_LOOP ( 'NONE', ( #1263, #2691 ) ) ;
#1209 = CYLINDRICAL_SURFACE ( 'NONE', #1283, 2.999999999999998668 ) ;
#1210 = CYLINDRICAL_SURFACE ( 'NONE', #2270, 1.799999999999999600 ) ;
#1211 = EDGE_LOOP ( 'NONE', ( #975, #1153, #2222, #569 ) ) ;
#1212 = CARTESIAN_POINT ( 'NONE',  ( 0.000000000000000000, 0.000000000000000000, -4.599999999999999645 ) ) ;
#1213 = DIRECTION ( 'NONE',  ( -0.000000000000000000, -0.000000000000000000, -1.000000000000000000 ) ) ;
#1214 = PLANE ( 'NONE',  #1467 ) ;
#1215 = EDGE_LOOP ( 'NONE', ( #2477, #1836, #2467, #2001 ) ) ;
#1216 = CARTESIAN_POINT ( 'NONE',  ( 24.26000000000000512, -3.420877080516027124, 6.400000000000000355 ) ) ;
#1217 = VERTEX_POINT ( 'NONE', #2754 ) ;
#1218 = LINE ( 'NONE', #2075, #332 ) ;
#1219 = CARTESIAN_POINT ( 'NONE',  ( -8.280545970745427198, 23.10234344632782211, 20.40000000000000213 ) ) ;
#1220 = EDGE_CURVE ( 'NONE', #1724, #2680, #2765, .T. ) ;
#1221 = AXIS2_PLACEMENT_3D ( 'NONE', #1519, #2906, #3419 ) ;
#1222 = EDGE_CURVE ( 'NONE', #3204, #1927, #3224, .T. ) ;
#1223 = ORIENTED_EDGE ( 'NONE', *, *, #2277, .F. ) ;
#1224 = DIRECTION ( 'NONE',  ( -0.000000000000000000, -0.000000000000000000, -1.000000000000000000 ) ) ;
#1225 = VECTOR ( 'NONE', #2106, 1000.000000000000000 ) ;
#1226 = DIRECTION ( 'NONE',  ( -0.000000000000000000, -0.000000000000000000, -1.000000000000000000 ) ) ;
#1227 = AXIS2_PLACEMENT_3D ( 'NONE', #1369, #319, #119 ) ;
#1228 = VERTEX_POINT ( 'NONE', #1219 ) ;
#1229 = CARTESIAN_POINT ( 'NONE',  ( 24.68172400785649856, -14.25000000000001243, 24.40000000000000213 ) ) ;
#1230 = CARTESIAN_POINT ( 'NONE',  ( -20.87324179655684375, 13.60812326145781448, 20.40000000000000213 ) ) ;
#1231 = CIRCLE ( 'NONE', #958, 25.00000000000000000 ) ;
#1232 = AXIS2_PLACEMENT_3D ( 'NONE', #419, #2053, #1785 ) ;
#1233 = CARTESIAN_POINT ( 'NONE',  ( -26.48172400785650282, 14.25000000000000355, 2.400000000000000355 ) ) ;
#1234 = AXIS2_PLACEMENT_3D ( 'NONE', #2764, #330, #2745 ) ;
#1235 = AXIS2_PLACEMENT_3D ( 'NONE', #1284, #753, #2960 ) ;
#1236 = ORIENTED_EDGE ( 'NONE', *, *, #2975, .T. ) ;
#1237 = DIRECTION ( 'NONE',  ( 1.000000000000000000, 0.000000000000000000, 0.000000000000000000 ) ) ;
#1238 = CIRCLE ( 'NONE', #2546, 0.5000000000000004441 ) ;
#1239 = ADVANCED_FACE ( 'NONE', ( #1244 ), #2573, .F. ) ;
#1240 = CIRCLE ( 'NONE', #1871, 0.5000000000000004441 ) ;
#1241 = VERTEX_POINT ( 'NONE', #134 ) ;
#1242 = VECTOR ( 'NONE', #85, 1000.000000000000000 ) ;
#1243 = FACE_BOUND ( 'NONE', #1938, .T. ) ;
#1244 = FACE_OUTER_BOUND ( 'NONE', #3368, .T. ) ;
#1245 = ORIENTED_EDGE ( 'NONE', *, *, #2746, .T. ) ;
#1246 = DIRECTION ( 'NONE',  ( 1.000000000000000000, 0.000000000000000000, 0.000000000000000000 ) ) ;
#1247 = DIRECTION ( 'NONE',  ( 0.000000000000000000, 0.000000000000000000, -1.000000000000000000 ) ) ;
#1248 = ORIENTED_EDGE ( 'NONE', *, *, #1877, .F. ) ;
#1249 = EDGE_CURVE ( 'NONE', #1718, #129, #2880, .T. ) ;
#1250 = CARTESIAN_POINT ( 'NONE',  ( -24.75510204081632892, 3.490690898485738991, 6.399999999999999467 ) ) ;
#1251 = CARTESIAN_POINT ( 'NONE',  ( 15.58724504646833608, 19.54578706170075009, 6.400000000000000355 ) ) ;
#1252 = DIRECTION ( 'NONE',  ( -0.000000000000000000, -0.000000000000000000, -1.000000000000000000 ) ) ;
#1253 = CARTESIAN_POINT ( 'NONE',  ( 0.000000000000000000, 0.000000000000000000, 6.400000000000000355 ) ) ;
#1254 = EDGE_LOOP ( 'NONE', ( #2570, #277, #1562, #2346 ) ) ;
#1255 = EDGE_LOOP ( 'NONE', ( #2752, #1900, #1382, #601 ) ) ;
#1256 = DIRECTION ( 'NONE',  ( -1.000000000000000000, 0.000000000000000000, 0.000000000000000000 ) ) ;
#1257 = EDGE_CURVE ( 'NONE', #2790, #25, #2935, .T. ) ;
#1258 = ORIENTED_EDGE ( 'NONE', *, *, #1502, .F. ) ;
#1259 = CARTESIAN_POINT ( 'NONE',  ( 0.000000000000000000, 0.000000000000000000, 24.40000000000000213 ) ) ;
#1260 = EDGE_LOOP ( 'NONE', ( #617, #168, #1356, #3445, #626 ) ) ;
#1261 = DIRECTION ( 'NONE',  ( 0.000000000000000000, 0.000000000000000000, 1.000000000000000000 ) ) ;
#1262 = PERSON_AND_ORGANIZATION ( #1046, #1298 ) ;
#1263 = ORIENTED_EDGE ( 'NONE', *, *, #250, .F. ) ;
#1264 = VERTEX_POINT ( 'NONE', #2309 ) ;
#1265 = CARTESIAN_POINT ( 'NONE',  ( -24.26000000000000512, 3.420877080516024016, -0.4000000000000000222 ) ) ;
#1266 = FACE_BOUND ( 'NONE', #3442, .T. ) ;
#1267 = DIRECTION ( 'NONE',  ( -0.000000000000000000, -0.000000000000000000, -1.000000000000000000 ) ) ;
#1268 = EDGE_CURVE ( 'NONE', #233, #2378, #2428, .T. ) ;
#1269 = FACE_OUTER_BOUND ( 'NONE', #3011, .T. ) ;
#1270 = ORIENTED_EDGE ( 'NONE', *, *, #3503, .T. ) ;
#1271 = DIRECTION ( 'NONE',  ( -0.000000000000000000, -0.000000000000000000, -1.000000000000000000 ) ) ;
#1272 = LINE ( 'NONE', #2149, #553 ) ;
#1273 = ORIENTED_EDGE ( 'NONE', *, *, #3435, .F. ) ;
#1274 = DIRECTION ( 'NONE',  ( 0.000000000000000000, 0.000000000000000000, -1.000000000000000000 ) ) ;
#1275 = AXIS2_PLACEMENT_3D ( 'NONE', #2731, #793, #1884 ) ;
#1276 = VERTEX_POINT ( 'NONE', #2294 ) ;
#1277 = CYLINDRICAL_SURFACE ( 'NONE', #2368, 2.999999999999998668 ) ;
#1278 = AXIS2_PLACEMENT_3D ( 'NONE', #1840, #2688, #2673 ) ;
#1279 = ORIENTED_EDGE ( 'NONE', *, *, #347, .T. ) ;
#1280 = CARTESIAN_POINT ( 'NONE',  ( 24.68172400785649856, -14.25000000000001243, 2.400000000000000355 ) ) ;
#1281 = DIRECTION ( 'NONE',  ( -1.000000000000000000, 0.000000000000000000, -0.000000000000000000 ) ) ;
#1282 = CARTESIAN_POINT ( 'NONE',  ( -23.81813027966177643, -7.595832408700110783, -4.599999999999999645 ) ) ;
#1283 = AXIS2_PLACEMENT_3D ( 'NONE', #704, #962, #2596 ) ;
#1284 = CARTESIAN_POINT ( 'NONE',  ( 24.68172400785650211, 14.25000000000000533, 24.40000000000000213 ) ) ;
#1285 = ORIENTED_EDGE ( 'NONE', *, *, #418, .T. ) ;
#1286 = AXIS2_PLACEMENT_3D ( 'NONE', #2098, #534, #1638 ) ;
#1287 = CIRCLE ( 'NONE', #1636, 1.799999999999999600 ) ;
#1288 = DIRECTION ( 'NONE',  ( 1.000000000000000000, 0.000000000000000000, -0.000000000000000000 ) ) ;
#1289 = CARTESIAN_POINT ( 'NONE',  ( 20.15254326381653271, -20.15254326381667838, 24.40000000000000213 ) ) ;
#1290 = EDGE_CURVE ( 'NONE', #1099, #1969, #1460, .T. ) ;
#1291 = AXIS2_PLACEMENT_3D ( 'NONE', #1163, #1376, #610 ) ;
#1292 = AXIS2_PLACEMENT_3D ( 'NONE', #2330, #2023, #3130 ) ;
#1293 = ORIENTED_EDGE ( 'NONE', *, *, #3471, .T. ) ;
#1294 = CARTESIAN_POINT ( 'NONE',  ( -17.80041199229365034, 16.83434979156036704, 20.40000000000000213 ) ) ;
#1295 = EDGE_CURVE ( 'NONE', #2282, #2331, #648, .T. ) ;
#1296 = AXIS2_PLACEMENT_3D ( 'NONE', #1857, #1020, #3231 ) ;
#1297 = CIRCLE ( 'NONE', #1640, 1.799999999999999600 ) ;
#1298 = ORGANIZATION ( 'æœª', 'æœª', '' ) ;
#1299 = AXIS2_PLACEMENT_3D ( 'NONE', #1459, #3038, #252 ) ;
#1300 = ORIENTED_EDGE ( 'NONE', *, *, #727, .F. ) ;
#1301 = PLANE ( 'NONE',  #2877 ) ;
#1302 = CARTESIAN_POINT ( 'NONE',  ( -17.48424528574717485, 17.22169797300899319, 6.399999999999999467 ) ) ;
#1303 = VERTEX_POINT ( 'NONE', #687 ) ;
#1304 = LINE ( 'NONE', #3432, #2091 ) ;
#1305 = EDGE_CURVE ( 'NONE', #2017, #2769, #1581, .T. ) ;
#1306 = CARTESIAN_POINT ( 'NONE',  ( -12.95131319389210667, -21.10011373778843691, 6.399999999999999467 ) ) ;
#1307 = DIRECTION ( 'NONE',  ( 1.000000000000000000, 0.000000000000000000, 0.000000000000000000 ) ) ;
#1308 = DIRECTION ( 'NONE',  ( -1.000000000000000000, 0.000000000000000000, 0.000000000000000000 ) ) ;
#1309 = EDGE_LOOP ( 'NONE', ( #630, #2223, #2439, #1365 ) ) ;
#1310 = CYLINDRICAL_SURFACE ( 'NONE', #3216, 1.799999999999999600 ) ;
#1311 = DIRECTION ( 'NONE',  ( 1.000000000000000000, 6.938893903907222067E-15, 0.000000000000000000 ) ) ;
#1312 = ORIENTED_EDGE ( 'NONE', *, *, #2948, .F. ) ;
#1313 = DIRECTION ( 'NONE',  ( -0.000000000000000000, -0.000000000000000000, -1.000000000000000000 ) ) ;
#1314 = EDGE_CURVE ( 'NONE', #129, #3072, #3522, .T. ) ;
#1315 = VERTEX_POINT ( 'NONE', #395 ) ;
#1316 = CARTESIAN_POINT ( 'NONE',  ( -22.88172400785650495, -14.24999999999999467, 2.400000000000000355 ) ) ;
#1317 = PERSON_AND_ORGANIZATION ( #1046, #1298 ) ;
#1318 = ADVANCED_FACE ( 'NONE', ( #3387 ), #1723, .T. ) ;
#1319 = VERTEX_POINT ( 'NONE', #674 ) ;
#1320 = DIRECTION ( 'NONE',  ( 0.000000000000000000, 0.000000000000000000, 1.000000000000000000 ) ) ;
#1321 = CARTESIAN_POINT ( 'NONE',  ( -5.563023348907864651, 24.37319780454559393, 20.40000000000000213 ) ) ;
#1322 = DIRECTION ( 'NONE',  ( 1.000000000000000000, 1.040834085586083310E-14, 0.000000000000000000 ) ) ;
#1323 = APPROVAL ( #3276, 'æœª' ) ;
#1324 = ADVANCED_FACE ( 'NONE', ( #3427 ), #973, .F. ) ;
#1325 = CARTESIAN_POINT ( 'NONE',  ( -26.48172400785650638, -14.24999999999999467, 2.400000000000000355 ) ) ;
#1326 = VERTEX_POINT ( 'NONE', #1761 ) ;
#1327 = CARTESIAN_POINT ( 'NONE',  ( -8.280545970745420092, -23.10234344632782211, -0.4000000000000000222 ) ) ;
#1328 = CARTESIAN_POINT ( 'NONE',  ( 2.063249307842046854, -24.41296791243722453, -0.4000000000000000222 ) ) ;
#1329 = ORIENTED_EDGE ( 'NONE', *, *, #1169, .T. ) ;
#1330 = DIRECTION ( 'NONE',  ( -1.000000000000000000, 0.000000000000000000, 0.000000000000000000 ) ) ;
#1331 = VERTEX_POINT ( 'NONE', #2847 ) ;
#1332 = DIRECTION ( 'NONE',  ( -0.000000000000000000, -0.000000000000000000, -1.000000000000000000 ) ) ;
#1333 = APPROVAL_DATE_TIME ( #2739, #1323 ) ;
#1334 = EDGE_CURVE ( 'NONE', #913, #2968, #3286, .T. ) ;
#1335 = EDGE_CURVE ( 'NONE', #1078, #2788, #1177, .T. ) ;
#1336 = ORIENTED_EDGE ( 'NONE', *, *, #738, .F. ) ;
#1337 = CARTESIAN_POINT ( 'NONE',  ( -24.26000000000000512, 3.420877080516024016, 6.400000000000000355 ) ) ;
#1338 = DIRECTION ( 'NONE',  ( 1.000000000000000000, 0.000000000000000000, 0.000000000000000000 ) ) ;
#1339 = LINE ( 'NONE', #2704, #560 ) ;
#1340 = CIRCLE ( 'NONE', #84, 0.5000000000000004441 ) ;
#1341 = DIRECTION ( 'NONE',  ( 0.000000000000000000, 0.000000000000000000, 1.000000000000000000 ) ) ;
#1342 = ORIENTED_EDGE ( 'NONE', *, *, #856, .F. ) ;
#1343 = CYLINDRICAL_SURFACE ( 'NONE', #2759, 0.5000000000000000000 ) ;
#1344 = DIRECTION ( 'NONE',  ( 0.000000000000000000, 0.000000000000000000, 1.000000000000000000 ) ) ;
#1345 = VECTOR ( 'NONE', #2468, 1000.000000000000000 ) ;
#1346 = ORIENTED_EDGE ( 'NONE', *, *, #3184, .F. ) ;
#1347 = DIRECTION ( 'NONE',  ( -0.000000000000000000, -0.000000000000000000, 1.000000000000000000 ) ) ;
#1348 = EDGE_CURVE ( 'NONE', #21, #3486, #847, .T. ) ;
#1349 = AXIS2_PLACEMENT_3D ( 'NONE', #2749, #615, #58 ) ;
#1350 = AXIS2_PLACEMENT_3D ( 'NONE', #2179, #3031, #2233 ) ;
#1351 = CIRCLE ( 'NONE', #3290, 2.999999999999999112 ) ;
#1352 = ORIENTED_EDGE ( 'NONE', *, *, #2979, .T. ) ;
#1353 = DIRECTION ( 'NONE',  ( 0.000000000000000000, 0.000000000000000000, 1.000000000000000000 ) ) ;
#1354 = AXIS2_PLACEMENT_3D ( 'NONE', #290, #1123, #1373 ) ;
#1355 = AXIS2_PLACEMENT_3D ( 'NONE', #2913, #2129, #1330 ) ;
#1356 = ORIENTED_EDGE ( 'NONE', *, *, #187, .T. ) ;
#1357 = CIRCLE ( 'NONE', #2664, 2.999999999999999112 ) ;
#1358 = DIRECTION ( 'NONE',  ( -0.000000000000000000, -0.000000000000000000, 1.000000000000000000 ) ) ;
#1359 = DIRECTION ( 'NONE',  ( 0.000000000000000000, 0.000000000000000000, -1.000000000000000000 ) ) ;
#1360 = EDGE_CURVE ( 'NONE', #817, #2588, #1746, .T. ) ;
#1361 = CARTESIAN_POINT ( 'NONE',  ( 22.88172400785649785, -14.25000000000001243, 24.40000000000000213 ) ) ;
#1362 = ORIENTED_EDGE ( 'NONE', *, *, #2078, .T. ) ;
#1363 = LINE ( 'NONE', #845, #2358 ) ;
#1364 = DIRECTION ( 'NONE',  ( -0.000000000000000000, -0.000000000000000000, 1.000000000000000000 ) ) ;
#1365 = ORIENTED_EDGE ( 'NONE', *, *, #2663, .F. ) ;
#1366 = DIRECTION ( 'NONE',  ( 0.000000000000000000, 0.000000000000000000, -1.000000000000000000 ) ) ;
#1367 = ADVANCED_FACE ( 'NONE', ( #862 ), #2801, .T. ) ;
#1368 = ORIENTED_EDGE ( 'NONE', *, *, #2085, .T. ) ;
#1369 = CARTESIAN_POINT ( 'NONE',  ( 0.000000000000000000, 0.000000000000000000, 2.400000000000000355 ) ) ;
#1370 = DATE_TIME_ROLE ( 'classification_date' ) ;
#1371 = EDGE_LOOP ( 'NONE', ( #646, #3422, #1146, #1178 ) ) ;
#1372 = DIRECTION ( 'NONE',  ( 0.000000000000000000, 0.000000000000000000, 1.000000000000000000 ) ) ;
#1373 = DIRECTION ( 'NONE',  ( 1.000000000000000000, 0.000000000000000000, 0.000000000000000000 ) ) ;
#1374 = VERTEX_POINT ( 'NONE', #2733 ) ;
#1375 = DIRECTION ( 'NONE',  ( -0.000000000000000000, -0.000000000000000000, -1.000000000000000000 ) ) ;
#1376 = DIRECTION ( 'NONE',  ( 0.000000000000000000, 0.000000000000000000, 1.000000000000000000 ) ) ;
#1377 = EDGE_CURVE ( 'NONE', #1403, #1203, #892, .T. ) ;
#1378 = EDGE_CURVE ( 'NONE', #1326, #3132, #1064, .T. ) ;
#1379 = CARTESIAN_POINT ( 'NONE',  ( 32.00000000000000000, 3.918869757271530263E-15, 24.39999999999999858 ) ) ;
#1380 = ORIENTED_EDGE ( 'NONE', *, *, #1427, .T. ) ;
#1381 = CARTESIAN_POINT ( 'NONE',  ( -26.48172400785650282, 14.25000000000000355, 24.40000000000000213 ) ) ;
#1382 = ORIENTED_EDGE ( 'NONE', *, *, #1290, .T. ) ;
#1383 = LINE ( 'NONE', #832, #2824 ) ;
#1384 = PERSON_AND_ORGANIZATION ( #1046, #1298 ) ;
#1385 = ORIENTED_EDGE ( 'NONE', *, *, #669, .T. ) ;
#1386 = CYLINDRICAL_SURFACE ( 'NONE', #378, 0.5000000000000004441 ) ;
#1387 = DIRECTION ( 'NONE',  ( -1.000000000000000000, 0.000000000000000000, 0.000000000000000000 ) ) ;
#1388 = VECTOR ( 'NONE', #2805, 1000.000000000000000 ) ;
#1389 = ORIENTED_EDGE ( 'NONE', *, *, #291, .F. ) ;
#1390 = CARTESIAN_POINT ( 'NONE',  ( -8.280545970745427198, 23.10234344632782211, 6.399999999999999467 ) ) ;
#1391 = CARTESIAN_POINT ( 'NONE',  ( 20.78902224138451871, 13.88584006271208260, -4.599999999999999645 ) ) ;
#1392 = VECTOR ( 'NONE', #3364, 1000.000000000000000 ) ;
#1393 = DIRECTION ( 'NONE',  ( -0.000000000000000000, -0.000000000000000000, 1.000000000000000000 ) ) ;
#1394 = ORIENTED_EDGE ( 'NONE', *, *, #1830, .T. ) ;
#1395 = EDGE_CURVE ( 'NONE', #1479, #1724, #72, .T. ) ;
#1396 = AXIS2_PLACEMENT_3D ( 'NONE', #3376, #3429, #2080 ) ;
#1397 = DIRECTION ( 'NONE',  ( -0.000000000000000000, -0.000000000000000000, 1.000000000000000000 ) ) ;
#1398 = APPLICATION_CONTEXT ( 'configuration controlled 3d designs of mechanical parts and assemblies' ) ;
#1399 = AXIS2_PLACEMENT_3D ( 'NONE', #80, #1171, #1939 ) ;
#1400 = ORIENTED_EDGE ( 'NONE', *, *, #2072, .F. ) ;
#1401 = ADVANCED_FACE ( 'NONE', ( #578 ), #2251, .T. ) ;
#1402 = EDGE_CURVE ( 'NONE', #1531, #3064, #1863, .T. ) ;
#1403 = VERTEX_POINT ( 'NONE', #2747 ) ;
#1404 = DIRECTION ( 'NONE',  ( 0.000000000000000000, 0.000000000000000000, -1.000000000000000000 ) ) ;
#1405 = VECTOR ( 'NONE', #40, 1000.000000000000000 ) ;
#1406 = FACE_OUTER_BOUND ( 'NONE', #764, .T. ) ;
#1407 = AXIS2_PLACEMENT_3D ( 'NONE', #591, #1933, #1986 ) ;
#1408 = AXIS2_PLACEMENT_3D ( 'NONE', #2911, #1561, #492 ) ;
#1409 = AXIS2_PLACEMENT_3D ( 'NONE', #2353, #2893, #3178 ) ;
#1410 = ORIENTED_EDGE ( 'NONE', *, *, #1515, .F. ) ;
#1411 = DIRECTION ( 'NONE',  ( -0.000000000000000000, -0.000000000000000000, 1.000000000000000000 ) ) ;
#1412 = DIRECTION ( 'NONE',  ( 0.000000000000000000, 0.000000000000000000, 1.000000000000000000 ) ) ;
#1413 = CIRCLE ( 'NONE', #2320, 1.799999999999999600 ) ;
#1414 = AXIS2_PLACEMENT_3D ( 'NONE', #2902, #193, #502 ) ;
#1415 = EDGE_CURVE ( 'NONE', #1241, #158, #3164, .T. ) ;
#1416 = CIRCLE ( 'NONE', #2367, 1.799999999999999600 ) ;
#1417 = ORIENTED_EDGE ( 'NONE', *, *, #1268, .F. ) ;
#1418 = CARTESIAN_POINT ( 'NONE',  ( -25.00000000000000000, 3.061616997868383043E-15, 20.40000000000000213 ) ) ;
#1419 = CARTESIAN_POINT ( 'NONE',  ( 24.75510204081633248, 3.490690898485762084, -4.599999999999999645 ) ) ;
#1420 = DIRECTION ( 'NONE',  ( 1.000000000000000000, -2.081668171172166620E-14, 0.000000000000000000 ) ) ;
#1421 = ORIENTED_EDGE ( 'NONE', *, *, #2316, .T. ) ;
#1422 = DIRECTION ( 'NONE',  ( 1.000000000000000000, 0.000000000000000000, 0.000000000000000000 ) ) ;
#1423 = ORIENTED_EDGE ( 'NONE', *, *, #854, .T. ) ;
#1424 = EDGE_LOOP ( 'NONE', ( #749, #571, #3305, #1668 ) ) ;
#1425 = CARTESIAN_POINT ( 'NONE',  ( -8.280545970745421869, -23.10234344632782211, 20.40000000000000213 ) ) ;
#1426 = CARTESIAN_POINT ( 'NONE',  ( 5.563023348907855770, 24.37319780454559393, -0.4000000000000000222 ) ) ;
#1427 = EDGE_CURVE ( 'NONE', #3132, #1099, #325, .T. ) ;
#1428 = ORIENTED_EDGE ( 'NONE', *, *, #1523, .T. ) ;
#1429 = DIRECTION ( 'NONE',  ( 0.000000000000000000, 0.000000000000000000, 1.000000000000000000 ) ) ;
#1430 = DIRECTION ( 'NONE',  ( 1.000000000000000000, 0.000000000000000000, 0.000000000000000000 ) ) ;
#1431 = ORIENTED_EDGE ( 'NONE', *, *, #974, .T. ) ;
#1432 = DIRECTION ( 'NONE',  ( -1.000000000000000000, 0.000000000000000000, 0.000000000000000000 ) ) ;
#1433 = LINE ( 'NONE', #1419, #3527 ) ;
#1434 = PLANE ( 'NONE',  #1118 ) ;
#1435 = VERTEX_POINT ( 'NONE', #3308 ) ;
#1436 = FACE_BOUND ( 'NONE', #1693, .T. ) ;
#1437 = ADVANCED_FACE ( 'NONE', ( #92 ), #1434, .T. ) ;
#1438 = EDGE_LOOP ( 'NONE', ( #3197, #2432, #326, #479, #1930 ) ) ;
#1439 = DIRECTION ( 'NONE',  ( -0.000000000000000000, -0.000000000000000000, -1.000000000000000000 ) ) ;
#1440 = DIRECTION ( 'NONE',  ( -0.000000000000000000, -0.000000000000000000, 1.000000000000000000 ) ) ;
#1441 = PLANE ( 'NONE',  #320 ) ;
#1442 = ORIENTED_EDGE ( 'NONE', *, *, #1577, .F. ) ;
#1443 = EDGE_CURVE ( 'NONE', #1456, #3352, #1680, .T. ) ;
#1444 = FACE_OUTER_BOUND ( 'NONE', #2304, .T. ) ;
#1445 = DIRECTION ( 'NONE',  ( 0.000000000000000000, 0.000000000000000000, -1.000000000000000000 ) ) ;
#1446 = ORIENTED_EDGE ( 'NONE', *, *, #3547, .T. ) ;
#1447 = EDGE_CURVE ( 'NONE', #3486, #971, #2089, .T. ) ;
#1448 = CYLINDRICAL_SURFACE ( 'NONE', #430, 0.5000000000000004441 ) ;
#1449 = DIRECTION ( 'NONE',  ( -1.000000000000000000, 0.000000000000000000, 0.000000000000000000 ) ) ;
#1450 = ADVANCED_FACE ( 'NONE', ( #1963 ), #2274, .T. ) ;
#1451 = DIRECTION ( 'NONE',  ( -1.000000000000000000, 0.000000000000000000, 0.000000000000000000 ) ) ;
#1452 = ORIENTED_EDGE ( 'NONE', *, *, #2074, .F. ) ;
#1453 = DIRECTION ( 'NONE',  ( -0.000000000000000000, -0.000000000000000000, -1.000000000000000000 ) ) ;
#1454 = CIRCLE ( 'NONE', #2245, 1.799999999999999600 ) ;
#1455 = VECTOR ( 'NONE', #641, 1000.000000000000000 ) ;
#1456 = VERTEX_POINT ( 'NONE', #3327 ) ;
#1457 = EDGE_CURVE ( 'NONE', #2511, #3132, #1149, .T. ) ;
#1458 = CARTESIAN_POINT ( 'NONE',  ( 5.563023348907861099, -24.37319780454559393, 6.400000000000000355 ) ) ;
#1459 = CARTESIAN_POINT ( 'NONE',  ( 23.34176767406853514, 7.443915760526108372, 6.400000000000000355 ) ) ;
#1460 = LINE ( 'NONE', #2860, #2201 ) ;
#1461 = AXIS2_PLACEMENT_3D ( 'NONE', #3360, #1674, #322 ) ;
#1462 = AXIS2_PLACEMENT_3D ( 'NONE', #520, #1332, #213 ) ;
#1463 = ORIENTED_EDGE ( 'NONE', *, *, #1564, .T. ) ;
#1464 = DIRECTION ( 'NONE',  ( -1.000000000000000000, 0.000000000000000000, 0.000000000000000000 ) ) ;
#1465 = DIRECTION ( 'NONE',  ( -0.000000000000000000, -0.000000000000000000, -1.000000000000000000 ) ) ;
#1466 = CIRCLE ( 'NONE', #950, 0.5000000000000004441 ) ;
#1467 = AXIS2_PLACEMENT_3D ( 'NONE', #2039, #2016, #3451 ) ;
#1468 = ORIENTED_EDGE ( 'NONE', *, *, #2734, .T. ) ;
#1469 = VECTOR ( 'NONE', #997, 1000.000000000000000 ) ;
#1470 = VECTOR ( 'NONE', #3446, 1000.000000000000000 ) ;
#1471 = DIRECTION ( 'NONE',  ( 0.000000000000000000, 0.000000000000000000, -1.000000000000000000 ) ) ;
#1472 = DIRECTION ( 'NONE',  ( -0.000000000000000000, -0.000000000000000000, -1.000000000000000000 ) ) ;
#1473 = ADVANCED_FACE ( 'NONE', ( #1702 ), #297, .T. ) ;
#1474 = AXIS2_PLACEMENT_3D ( 'NONE', #3430, #1044, #731 ) ;
#1475 = AXIS2_PLACEMENT_3D ( 'NONE', #2421, #2753, #3229 ) ;
#1476 = DIRECTION ( 'NONE',  ( 0.000000000000000000, 0.000000000000000000, -1.000000000000000000 ) ) ;
#1477 = ORIENTED_EDGE ( 'NONE', *, *, #2334, .F. ) ;
#1478 = FACE_OUTER_BOUND ( 'NONE', #3317, .T. ) ;
#1479 = VERTEX_POINT ( 'NONE', #1379 ) ;
#1480 = CARTESIAN_POINT ( 'NONE',  ( -22.88172400785650495, -14.24999999999999467, 24.40000000000000213 ) ) ;
#1481 = DIRECTION ( 'NONE',  ( 0.000000000000000000, 0.000000000000000000, -1.000000000000000000 ) ) ;
#1482 = ORIENTED_EDGE ( 'NONE', *, *, #1661, .F. ) ;
#1483 = DIRECTION ( 'NONE',  ( -0.000000000000000000, -0.000000000000000000, -1.000000000000000000 ) ) ;
#1484 = DIRECTION ( 'NONE',  ( -0.000000000000000000, -0.000000000000000000, -1.000000000000000000 ) ) ;
#1485 = VERTEX_POINT ( 'NONE', #931 ) ;
#1486 = DIRECTION ( 'NONE',  ( -0.000000000000000000, -0.000000000000000000, 1.000000000000000000 ) ) ;
#1487 = CARTESIAN_POINT ( 'NONE',  ( -23.22497539171024883, -7.930084005870787323, 20.40000000000000213 ) ) ;
#1488 = CARTESIAN_POINT ( 'NONE',  ( 23.34176767406854580, -7.443915760526085279, 20.40000000000000213 ) ) ;
#1489 = EDGE_LOOP ( 'NONE', ( #3383, #3088, #754, #1421, #865 ) ) ;
#1490 = CARTESIAN_POINT ( 'NONE',  ( 0.000000000000000000, 0.000000000000000000, 6.400000000000000355 ) ) ;
#1491 = ADVANCED_FACE ( 'NONE', ( #435 ), #554, .T. ) ;
#1492 = ORIENTED_EDGE ( 'NONE', *, *, #2774, .F. ) ;
#1493 = FACE_BOUND ( 'NONE', #1201, .T. ) ;
#1494 = CARTESIAN_POINT ( 'NONE',  ( 12.45131319389212798, -21.10011373778842270, 20.40000000000000213 ) ) ;
#1495 = VERTEX_POINT ( 'NONE', #1524 ) ;
#1496 = DIRECTION ( 'NONE',  ( -1.000000000000000000, 0.000000000000000000, 0.000000000000000000 ) ) ;
#1497 = DIRECTION ( 'NONE',  ( -0.000000000000000000, -0.000000000000000000, 1.000000000000000000 ) ) ;
#1498 = VERTEX_POINT ( 'NONE', #2854 ) ;
#1499 = EDGE_CURVE ( 'NONE', #3502, #2507, #1004, .T. ) ;
#1500 = DIRECTION ( 'NONE',  ( 1.000000000000000000, 0.000000000000000000, 0.000000000000000000 ) ) ;
#1501 = DIRECTION ( 'NONE',  ( -1.000000000000000000, 3.469446951953611033E-15, 0.000000000000000000 ) ) ;
#1502 = EDGE_CURVE ( 'NONE', #1495, #3036, #2026, .T. ) ;
#1503 = DIRECTION ( 'NONE',  ( -1.000000000000000000, 0.000000000000000000, 0.000000000000000000 ) ) ;
#1504 = VERTEX_POINT ( 'NONE', #3421 ) ;
#1505 = DIRECTION ( 'NONE',  ( -0.000000000000000000, -0.000000000000000000, -1.000000000000000000 ) ) ;
#1506 = ORIENTED_EDGE ( 'NONE', *, *, #69, .F. ) ;
#1507 = AXIS2_PLACEMENT_3D ( 'NONE', #2946, #2163, #2977 ) ;
#1508 = DIRECTION ( 'NONE',  ( -0.000000000000000000, -0.000000000000000000, -1.000000000000000000 ) ) ;
#1509 = DIRECTION ( 'NONE',  ( 0.000000000000000000, 0.000000000000000000, 1.000000000000000000 ) ) ;
#1510 = ADVANCED_FACE ( 'NONE', ( #2607 ), #1214, .T. ) ;
#1511 = EDGE_LOOP ( 'NONE', ( #239, #1223, #2231, #3034 ) ) ;
#1512 = CARTESIAN_POINT ( 'NONE',  ( -24.68172400785650211, 14.25000000000000355, 24.40000000000000213 ) ) ;
#1513 = VECTOR ( 'NONE', #3489, 1000.000000000000000 ) ;
#1514 = CARTESIAN_POINT ( 'NONE',  ( 25.00000000000000000, 0.000000000000000000, 20.40000000000000213 ) ) ;
#1515 = EDGE_CURVE ( 'NONE', #813, #1527, #968, .T. ) ;
#1516 = CIRCLE ( 'NONE', #1576, 1.799999999999999600 ) ;
#1517 = EDGE_LOOP ( 'NONE', ( #881, #3042, #1543, #244, #2125 ) ) ;
#1518 = CARTESIAN_POINT ( 'NONE',  ( -21.95254326381674659, -20.15254326381645456, 24.40000000000000213 ) ) ;
#1519 = CARTESIAN_POINT ( 'NONE',  ( 22.52422169756047765, 10.84709347793895873, 20.40000000000000213 ) ) ;
#1520 = DIRECTION ( 'NONE',  ( -0.000000000000000000, -0.000000000000000000, -1.000000000000000000 ) ) ;
#1521 = AXIS2_PLACEMENT_3D ( 'NONE', #953, #3142, #3127 ) ;
#1522 = AXIS2_PLACEMENT_3D ( 'NONE', #3125, #3382, #982 ) ;
#1523 = EDGE_CURVE ( 'NONE', #1228, #262, #2325, .T. ) ;
#1524 = CARTESIAN_POINT ( 'NONE',  ( 23.81813027966178353, -7.595832408700087690, 20.40000000000000213 ) ) ;
#1525 = AXIS2_PLACEMENT_3D ( 'NONE', #2641, #532, #3181 ) ;
#1526 = AXIS2_PLACEMENT_3D ( 'NONE', #179, #995, #2350 ) ;
#1527 = VERTEX_POINT ( 'NONE', #2842 ) ;
#1528 = CARTESIAN_POINT ( 'NONE',  ( -20.15254326381674943, -20.15254326381645456, 24.40000000000000213 ) ) ;
#1529 = CYLINDRICAL_SURFACE ( 'NONE', #1521, 0.5000000000000004441 ) ;
#1530 = CIRCLE ( 'NONE', #1299, 0.5000000000000004441 ) ;
#1531 = VERTEX_POINT ( 'NONE', #1233 ) ;
#1532 =( GEOMETRIC_REPRESENTATION_CONTEXT ( 3 ) GLOBAL_UNCERTAINTY_ASSIGNED_CONTEXT ( ( #1772 ) ) GLOBAL_UNIT_ASSIGNED_CONTEXT ( ( #450, #1820, #3500 ) ) REPRESENTATION_CONTEXT ( 'NONE', 'WORKASPACE' ) );
#1533 = FACE_BOUND ( 'NONE', #3428, .T. ) ;
#1534 = ORIENTED_EDGE ( 'NONE', *, *, #518, .F. ) ;
#1535 = CARTESIAN_POINT ( 'NONE',  ( 22.88172400785649785, -14.25000000000001243, 24.40000000000000213 ) ) ;
#1536 = EDGE_CURVE ( 'NONE', #867, #1374, #1200, .T. ) ;
#1537 = EDGE_CURVE ( 'NONE', #1025, #822, #837, .T. ) ;
#1538 = ORIENTED_EDGE ( 'NONE', *, *, #2563, .F. ) ;
#1539 = CARTESIAN_POINT ( 'NONE',  ( 0.000000000000000000, 0.000000000000000000, 6.400000000000000355 ) ) ;
#1540 = CARTESIAN_POINT ( 'NONE',  ( 1.799999999999999600, 28.50000000000000000, 24.40000000000000213 ) ) ;
#1541 = FACE_OUTER_BOUND ( 'NONE', #391, .T. ) ;
#1542 = CARTESIAN_POINT ( 'NONE',  ( -20.78902224138451871, -13.88584006271208082, 6.399999999999999467 ) ) ;
#1543 = ORIENTED_EDGE ( 'NONE', *, *, #2552, .T. ) ;
#1544 = DIRECTION ( 'NONE',  ( 1.000000000000000000, -6.071532165918819308E-15, 0.000000000000000000 ) ) ;
#1545 = CYLINDRICAL_SURFACE ( 'NONE', #3416, 3.000000000000000000 ) ;
#1546 = ORIENTED_EDGE ( 'NONE', *, *, #1290, .F. ) ;
#1547 = CARTESIAN_POINT ( 'NONE',  ( 17.80041199229362547, 16.83434979156039191, 6.400000000000000355 ) ) ;
#1548 = ORIENTED_EDGE ( 'NONE', *, *, #1295, .F. ) ;
#1549 = FACE_OUTER_BOUND ( 'NONE', #169, .T. ) ;
#1550 = EDGE_CURVE ( 'NONE', #3502, #2027, #498, .T. ) ;
#1551 = ORIENTED_EDGE ( 'NONE', *, *, #3418, .F. ) ;
#1552 = ORIENTED_EDGE ( 'NONE', *, *, #1615, .F. ) ;
#1553 = CARTESIAN_POINT ( 'NONE',  ( -1.800000000000003153, -28.50000000000000000, 2.400000000000000355 ) ) ;
#1554 = FACE_BOUND ( 'NONE', #581, .T. ) ;
#1555 = FACE_OUTER_BOUND ( 'NONE', #3179, .T. ) ;
#1556 = EDGE_CURVE ( 'NONE', #1944, #2914, #403, .T. ) ;
#1557 = DIRECTION ( 'NONE',  ( 0.000000000000000000, 0.000000000000000000, -1.000000000000000000 ) ) ;
#1558 = ORIENTED_EDGE ( 'NONE', *, *, #2616, .F. ) ;
#1559 = EDGE_CURVE ( 'NONE', #2917, #2918, #1691, .T. ) ;
#1560 = DIRECTION ( 'NONE',  ( -1.000000000000000000, 0.000000000000000000, 0.000000000000000000 ) ) ;
#1561 = DIRECTION ( 'NONE',  ( -0.000000000000000000, -0.000000000000000000, -1.000000000000000000 ) ) ;
#1562 = ORIENTED_EDGE ( 'NONE', *, *, #3074, .F. ) ;
#1563 = CARTESIAN_POINT ( 'NONE',  ( -12.89930345854585347, -20.87806706977590920, 20.40000000000000213 ) ) ;
#1564 = EDGE_CURVE ( 'NONE', #3440, #2762, #1586, .T. ) ;
#1565 = EDGE_CURVE ( 'NONE', #1203, #1403, #2263, .T. ) ;
#1566 = CIRCLE ( 'NONE', #18, 0.5000000000000004441 ) ;
#1567 = ORIENTED_EDGE ( 'NONE', *, *, #2123, .F. ) ;
#1568 = CARTESIAN_POINT ( 'NONE',  ( 12.70542162642051665, 21.53072830386575731, 6.399999999999999467 ) ) ;
#1569 = CARTESIAN_POINT ( 'NONE',  ( 0.000000000000000000, 0.000000000000000000, 0.000000000000000000 ) ) ;
#1570 = VECTOR ( 'NONE', #1471, 1000.000000000000000 ) ;
#1571 = CIRCLE ( 'NONE', #2874, 1.799999999999999600 ) ;
#1572 = ORIENTED_EDGE ( 'NONE', *, *, #1335, .T. ) ;
#1573 = CARTESIAN_POINT ( 'NONE',  ( -12.70542162642054329, 21.53072830386573600, 6.400000000000000355 ) ) ;
#1574 = DIRECTION ( 'NONE',  ( 0.000000000000000000, 0.000000000000000000, 1.000000000000000000 ) ) ;
#1575 = CYLINDRICAL_SURFACE ( 'NONE', #1919, 1.799999999999999600 ) ;
#1576 = AXIS2_PLACEMENT_3D ( 'NONE', #1607, #2116, #761 ) ;
#1577 = EDGE_CURVE ( 'NONE', #2103, #2387, #1120, .T. ) ;
#1578 = LINE ( 'NONE', #200, #1867 ) ;
#1579 = VERTEX_POINT ( 'NONE', #1542 ) ;
#1580 = AXIS2_PLACEMENT_3D ( 'NONE', #1917, #1397, #1422 ) ;
#1581 = CIRCLE ( 'NONE', #2711, 0.5000000000000004441 ) ;
#1582 = DIRECTION ( 'NONE',  ( 0.000000000000000000, 0.000000000000000000, -1.000000000000000000 ) ) ;
#1583 = DIRECTION ( 'NONE',  ( -1.000000000000000000, -6.938893903907222067E-15, 0.000000000000000000 ) ) ;
#1584 = EDGE_CURVE ( 'NONE', #1646, #2936, #3058, .T. ) ;
#1585 = AXIS2_PLACEMENT_3D ( 'NONE', #1664, #309, #1449 ) ;
#1586 = CIRCLE ( 'NONE', #2832, 25.00000000000000000 ) ;
#1587 = EDGE_LOOP ( 'NONE', ( #1592, #2526, #304, #2096 ) ) ;
#1588 = DIRECTION ( 'NONE',  ( 0.000000000000000000, 0.000000000000000000, 1.000000000000000000 ) ) ;
#1589 = CIRCLE ( 'NONE', #1354, 3.000000000000002665 ) ;
#1590 = CIRCLE ( 'NONE', #3237, 3.000000000000000888 ) ;
#1591 = CIRCLE ( 'NONE', #3295, 0.5000000000000004441 ) ;
#1592 = ORIENTED_EDGE ( 'NONE', *, *, #733, .F. ) ;
#1593 = PLANE ( 'NONE',  #943 ) ;
#1594 = MECHANICAL_CONTEXT ( 'NONE', #3366, 'mechanical' ) ;
#1595 = ORIENTED_EDGE ( 'NONE', *, *, #801, .T. ) ;
#1596 = CYLINDRICAL_SURFACE ( 'NONE', #3467, 0.5000000000000004441 ) ;
#1597 = FACE_OUTER_BOUND ( 'NONE', #1254, .T. ) ;
#1598 = FACE_OUTER_BOUND ( 'NONE', #1868, .T. ) ;
#1599 = CARTESIAN_POINT ( 'NONE',  ( -20.68052463955735121, -13.21369043524085463, 20.40000000000000213 ) ) ;
#1600 = ORIENTED_EDGE ( 'NONE', *, *, #733, .T. ) ;
#1601 = DIRECTION ( 'NONE',  ( -1.000000000000000000, 0.000000000000000000, -0.000000000000000000 ) ) ;
#1602 = CARTESIAN_POINT ( 'NONE',  ( 15.58724504646833608, 19.54578706170075009, -0.4000000000000000222 ) ) ;
#1603 = ORIENTED_EDGE ( 'NONE', *, *, #3475, .T. ) ;
#1604 = ADVANCED_FACE ( 'NONE', ( #1269 ), #3436, .F. ) ;
#1605 = LINE ( 'NONE', #3183, #2944 ) ;
#1606 = ORIENTED_EDGE ( 'NONE', *, *, #1694, .T. ) ;
#1607 = CARTESIAN_POINT ( 'NONE',  ( -20.15254326381674943, -20.15254326381645456, 19.40000000000000213 ) ) ;
#1608 = PERSON_AND_ORGANIZATION_ROLE ( 'creator' ) ;
#1609 = APPROVAL ( #2348, 'æœª' ) ;
#1610 = ORIENTED_EDGE ( 'NONE', *, *, #2316, .F. ) ;
#1611 = CARTESIAN_POINT ( 'NONE',  ( -20.15254326381639061, 20.15254326381682404, 19.40000000000000213 ) ) ;
#1612 = DIRECTION ( 'NONE',  ( -1.000000000000000000, 0.000000000000000000, -0.000000000000000000 ) ) ;
#1613 = CARTESIAN_POINT ( 'NONE',  ( -2.105356436573520451, 24.91119174738491537, 6.400000000000000355 ) ) ;
#1614 = CARTESIAN_POINT ( 'NONE',  ( 0.000000000000000000, 0.000000000000000000, 6.400000000000000355 ) ) ;
#1615 = EDGE_CURVE ( 'NONE', #584, #905, #2885, .T. ) ;
#1616 = EDGE_LOOP ( 'NONE', ( #1273, #3537, #1968, #1964 ) ) ;
#1617 = DIRECTION ( 'NONE',  ( -0.000000000000000000, -0.000000000000000000, 1.000000000000000000 ) ) ;
#1618 = FACE_OUTER_BOUND ( 'NONE', #2970, .T. ) ;
#1619 = EDGE_CURVE ( 'NONE', #729, #579, #1578, .T. ) ;
#1620 = EDGE_LOOP ( 'NONE', ( #2180, #388, #163, #2472 ) ) ;
#1621 = ADVANCED_FACE ( 'NONE', ( #2690 ), #2443, .T. ) ;
#1622 = CARTESIAN_POINT ( 'NONE',  ( 0.000000000000000000, 0.000000000000000000, 6.400000000000000355 ) ) ;
#1623 = ORIENTED_EDGE ( 'NONE', *, *, #2729, .T. ) ;
#1624 = CARTESIAN_POINT ( 'NONE',  ( -24.75510204081632537, -3.490690898485764748, 20.40000000000000213 ) ) ;
#1625 = ADVANCED_FACE ( 'NONE', ( #806 ), #1632, .F. ) ;
#1626 = EDGE_CURVE ( 'NONE', #2790, #748, #2942, .T. ) ;
#1627 = ORIENTED_EDGE ( 'NONE', *, *, #3503, .F. ) ;
#1628 = DIRECTION ( 'NONE',  ( 1.000000000000000000, 0.000000000000000000, 0.000000000000000000 ) ) ;
#1629 = AXIS2_PLACEMENT_3D ( 'NONE', #3545, #2178, #278 ) ;
#1630 = DIRECTION ( 'NONE',  ( -0.000000000000000000, -0.000000000000000000, -1.000000000000000000 ) ) ;
#1631 = AXIS2_PLACEMENT_3D ( 'NONE', #1147, #2550, #110 ) ;
#1632 = CYLINDRICAL_SURFACE ( 'NONE', #328, 1.799999999999999600 ) ;
#1633 = ORIENTED_EDGE ( 'NONE', *, *, #974, .F. ) ;
#1634 = CARTESIAN_POINT ( 'NONE',  ( -23.34176767406853870, -7.443915760526108372, 20.40000000000000213 ) ) ;
#1635 = CARTESIAN_POINT ( 'NONE',  ( 22.88172400785650140, 14.25000000000000533, 2.400000000000000355 ) ) ;
#1636 = AXIS2_PLACEMENT_3D ( 'NONE', #2296, #3094, #730 ) ;
#1637 = ORIENTED_EDGE ( 'NONE', *, *, #2401, .T. ) ;
#1638 = DIRECTION ( 'NONE',  ( -1.000000000000000000, 0.000000000000000000, -0.000000000000000000 ) ) ;
#1639 = AXIS2_PLACEMENT_3D ( 'NONE', #459, #2412, #1057 ) ;
#1640 = AXIS2_PLACEMENT_3D ( 'NONE', #2144, #1077, #3235 ) ;
#1641 = ORIENTED_EDGE ( 'NONE', *, *, #1556, .F. ) ;
#1642 = CARTESIAN_POINT ( 'NONE',  ( 0.000000000000000000, 0.000000000000000000, 20.40000000000000213 ) ) ;
#1643 = PERSON_AND_ORGANIZATION ( #1046, #1298 ) ;
#1644 = VECTOR ( 'NONE', #1412, 1000.000000000000000 ) ;
#1645 = AXIS2_PLACEMENT_3D ( 'NONE', #318, #1404, #1170 ) ;
#1646 = VERTEX_POINT ( 'NONE', #1599 ) ;
#1647 = ADVANCED_FACE ( 'NONE', ( #1826 ), #489, .F. ) ;
#1648 = AXIS2_PLACEMENT_3D ( 'NONE', #2883, #977, #3206 ) ;
#1649 = CARTESIAN_POINT ( 'NONE',  ( -2.063249307842049962, 24.41296791243722453, 20.40000000000000213 ) ) ;
#1650 = DIRECTION ( 'NONE',  ( -0.000000000000000000, -0.000000000000000000, -1.000000000000000000 ) ) ;
#1651 = ORIENTED_EDGE ( 'NONE', *, *, #1980, .F. ) ;
#1652 = DIRECTION ( 'NONE',  ( -0.000000000000000000, -0.000000000000000000, -1.000000000000000000 ) ) ;
#1653 = DIRECTION ( 'NONE',  ( -0.000000000000000000, -0.000000000000000000, 1.000000000000000000 ) ) ;
#1654 = ORIENTED_EDGE ( 'NONE', *, *, #3161, .T. ) ;
#1655 = DIRECTION ( 'NONE',  ( -1.000000000000000000, 0.000000000000000000, -0.000000000000000000 ) ) ;
#1656 = ORIENTED_EDGE ( 'NONE', *, *, #467, .T. ) ;
#1657 = CARTESIAN_POINT ( 'NONE',  ( 12.70542162642051665, 21.53072830386575731, 20.40000000000000213 ) ) ;
#1658 = ORIENTED_EDGE ( 'NONE', *, *, #1615, .T. ) ;
#1659 = CARTESIAN_POINT ( 'NONE',  ( 12.89930345854587657, -20.87806706977589855, 6.400000000000000355 ) ) ;
#1660 = FACE_OUTER_BOUND ( 'NONE', #2213, .T. ) ;
#1661 = EDGE_CURVE ( 'NONE', #2999, #317, #3169, .T. ) ;
#1662 = ORIENTED_EDGE ( 'NONE', *, *, #313, .F. ) ;
#1663 = DIRECTION ( 'NONE',  ( -1.000000000000000000, 1.387778780781445676E-13, 0.000000000000000000 ) ) ;
#1664 = CARTESIAN_POINT ( 'NONE',  ( 23.34176767406853514, 7.443915760526108372, -0.4000000000000000222 ) ) ;
#1665 = DIRECTION ( 'NONE',  ( 1.000000000000000000, 0.000000000000000000, -0.000000000000000000 ) ) ;
#1666 = ORIENTED_EDGE ( 'NONE', *, *, #3065, .F. ) ;
#1667 = FACE_OUTER_BOUND ( 'NONE', #2730, .T. ) ;
#1668 = ORIENTED_EDGE ( 'NONE', *, *, #205, .F. ) ;
#1669 = ORIENTED_EDGE ( 'NONE', *, *, #296, .T. ) ;
#1670 = DIRECTION ( 'NONE',  ( 0.000000000000000000, 0.000000000000000000, -1.000000000000000000 ) ) ;
#1671 = DIRECTION ( 'NONE',  ( 1.000000000000000000, 0.000000000000000000, -0.000000000000000000 ) ) ;
#1672 = ADVANCED_FACE ( 'NONE', ( #3252 ), #1091, .F. ) ;
#1673 = EDGE_LOOP ( 'NONE', ( #2064, #675, #3412, #838 ) ) ;
#1674 = DIRECTION ( 'NONE',  ( 0.000000000000000000, 0.000000000000000000, -1.000000000000000000 ) ) ;
#1675 = DIRECTION ( 'NONE',  ( -0.000000000000000000, -0.000000000000000000, 1.000000000000000000 ) ) ;
#1676 = ORIENTED_EDGE ( 'NONE', *, *, #1378, .T. ) ;
#1677 = DIRECTION ( 'NONE',  ( -0.000000000000000000, -0.000000000000000000, -1.000000000000000000 ) ) ;
#1678 = FACE_OUTER_BOUND ( 'NONE', #1211, .T. ) ;
#1679 = VECTOR ( 'NONE', #3084, 1000.000000000000000 ) ;
#1680 = LINE ( 'NONE', #643, #2312 ) ;
#1681 = ORIENTED_EDGE ( 'NONE', *, *, #2841, .F. ) ;
#1682 = DIRECTION ( 'NONE',  ( 1.000000000000000000, 0.000000000000000000, 0.000000000000000000 ) ) ;
#1683 = EDGE_CURVE ( 'NONE', #2968, #913, #1297, .T. ) ;
#1684 = AXIS2_PLACEMENT_3D ( 'NONE', #2008, #936, #2045 ) ;
#1685 = ORIENTED_EDGE ( 'NONE', *, *, #3024, .T. ) ;
#1686 = EDGE_CURVE ( 'NONE', #3217, #1892, #2376, .T. ) ;
#1687 = ORIENTED_EDGE ( 'NONE', *, *, #487, .F. ) ;
#1688 = DIRECTION ( 'NONE',  ( -1.000000000000000000, 0.000000000000000000, 0.000000000000000000 ) ) ;
#1689 = AXIS2_PLACEMENT_3D ( 'NONE', #2695, #1347, #3536 ) ;
#1690 = DIRECTION ( 'NONE',  ( -1.000000000000000000, 0.000000000000000000, 0.000000000000000000 ) ) ;
#1691 = CIRCLE ( 'NONE', #1522, 0.5000000000000004441 ) ;
#1692 = AXIS2_PLACEMENT_3D ( 'NONE', #473, #1557, #1308 ) ;
#1693 = EDGE_LOOP ( 'NONE', ( #1279, #298, #2168, #1300 ) ) ;
#1694 = EDGE_CURVE ( 'NONE', #3266, #2387, #1021, .T. ) ;
#1695 = DIRECTION ( 'NONE',  ( -0.000000000000000000, -0.000000000000000000, 1.000000000000000000 ) ) ;
#1696 = CYLINDRICAL_SURFACE ( 'NONE', #2601, 0.5000000000000004441 ) ;
#1697 = CC_DESIGN_PERSON_AND_ORGANIZATION_ASSIGNMENT ( #1643, #2725, ( #392 ) ) ;
#1698 = VERTEX_POINT ( 'NONE', #2922 ) ;
#1699 = CYLINDRICAL_SURFACE ( 'NONE', #2469, 0.5000000000000004441 ) ;
#1700 = ADVANCED_FACE ( 'NONE', ( #1882 ), #2109, .T. ) ;
#1701 = DIRECTION ( 'NONE',  ( -1.000000000000000000, 0.000000000000000000, 0.000000000000000000 ) ) ;
#1702 = FACE_OUTER_BOUND ( 'NONE', #366, .T. ) ;
#1703 = ORIENTED_EDGE ( 'NONE', *, *, #411, .T. ) ;
#1704 = CARTESIAN_POINT ( 'NONE',  ( -20.87324179655684375, 13.60812326145781448, 6.400000000000000355 ) ) ;
#1705 = EDGE_CURVE ( 'NONE', #4, #1809, #1351, .T. ) ;
#1706 = ORIENTED_EDGE ( 'NONE', *, *, #2085, .F. ) ;
#1707 = ORIENTED_EDGE ( 'NONE', *, *, #2510, .T. ) ;
#1708 = CARTESIAN_POINT ( 'NONE',  ( -24.26000000000000512, 3.420877080516024016, 6.400000000000000355 ) ) ;
#1709 = CARTESIAN_POINT ( 'NONE',  ( -22.88172400785650140, 14.25000000000000355, 24.40000000000000213 ) ) ;
#1710 = VERTEX_POINT ( 'NONE', #2657 ) ;
#1711 = CARTESIAN_POINT ( 'NONE',  ( 23.34176767406854580, -7.443915760526085279, -4.599999999999999645 ) ) ;
#1712 = LINE ( 'NONE', #398, #2211 ) ;
#1713 = EDGE_LOOP ( 'NONE', ( #1567, #2216, #2784, #2444 ) ) ;
#1714 = PLANE ( 'NONE',  #3513 ) ;
#1715 = CARTESIAN_POINT ( 'NONE',  ( 24.68172400785649856, -14.25000000000001243, 24.40000000000000213 ) ) ;
#1716 = EDGE_CURVE ( 'NONE', #913, #905, #274, .T. ) ;
#1717 = DIRECTION ( 'NONE',  ( -1.000000000000000000, 0.000000000000000000, 0.000000000000000000 ) ) ;
#1718 = VERTEX_POINT ( 'NONE', #2908 ) ;
#1719 = DIRECTION ( 'NONE',  ( -1.000000000000000000, 0.000000000000000000, 0.000000000000000000 ) ) ;
#1720 = ORIENTED_EDGE ( 'NONE', *, *, #2099, .F. ) ;
#1721 = VERTEX_POINT ( 'NONE', #1325 ) ;
#1722 = DIRECTION ( 'NONE',  ( 0.000000000000000000, 0.000000000000000000, 1.000000000000000000 ) ) ;
#1723 = PLANE ( 'NONE',  #2830 ) ;
#1724 = VERTEX_POINT ( 'NONE', #2176 ) ;
#1725 = DIRECTION ( 'NONE',  ( -1.000000000000000000, 0.000000000000000000, -0.000000000000000000 ) ) ;
#1726 = DIRECTION ( 'NONE',  ( 0.000000000000000000, 0.000000000000000000, -1.000000000000000000 ) ) ;
#1727 = EDGE_CURVE ( 'NONE', #3531, #817, #273, .T. ) ;
#1728 = ORIENTED_EDGE ( 'NONE', *, *, #1523, .F. ) ;
#1729 = LINE ( 'NONE', #1984, #1455 ) ;
#1730 = FACE_OUTER_BOUND ( 'NONE', #798, .T. ) ;
#1731 = CIRCLE ( 'NONE', #2927, 0.5000000000000000000 ) ;
#1732 = DIRECTION ( 'NONE',  ( 0.000000000000000000, 0.000000000000000000, -1.000000000000000000 ) ) ;
#1733 = ORIENTED_EDGE ( 'NONE', *, *, #2498, .T. ) ;
#1734 = DIRECTION ( 'NONE',  ( -0.000000000000000000, -0.000000000000000000, -1.000000000000000000 ) ) ;
#1735 = AXIS2_PLACEMENT_3D ( 'NONE', #1229, #2322, #1824 ) ;
#1736 = VECTOR ( 'NONE', #2283, 1000.000000000000000 ) ;
#1737 = ORIENTED_EDGE ( 'NONE', *, *, #527, .F. ) ;
#1738 = FACE_BOUND ( 'NONE', #2370, .T. ) ;
#1739 = CARTESIAN_POINT ( 'NONE',  ( -24.26000000000000512, -3.420877080516050217, 6.399999999999999467 ) ) ;
#1740 = CIRCLE ( 'NONE', #2990, 1.799999999999999600 ) ;
#1741 = VECTOR ( 'NONE', #2416, 1000.000000000000000 ) ;
#1742 = ORIENTED_EDGE ( 'NONE', *, *, #1924, .F. ) ;
#1743 = CARTESIAN_POINT ( 'NONE',  ( 12.89930345854585347, 20.87806706977591276, -0.4000000000000000222 ) ) ;
#1744 = CARTESIAN_POINT ( 'NONE',  ( -5.563023348907858434, -24.37319780454559393, 20.40000000000000213 ) ) ;
#1745 = AXIS2_PLACEMENT_3D ( 'NONE', #544, #589, #2786 ) ;
#1746 = CIRCLE ( 'NONE', #1407, 0.5000000000000004441 ) ;
#1747 = EDGE_CURVE ( 'NONE', #3217, #466, #726, .T. ) ;
#1748 = ORIENTED_EDGE ( 'NONE', *, *, #1936, .F. ) ;
#1749 = AXIS2_PLACEMENT_3D ( 'NONE', #1999, #1472, #2817 ) ;
#1750 = AXIS2_PLACEMENT_3D ( 'NONE', #2905, #468, #2120 ) ;
#1751 = DIRECTION ( 'NONE',  ( 0.000000000000000000, 0.000000000000000000, -1.000000000000000000 ) ) ;
#1752 = CARTESIAN_POINT ( 'NONE',  ( -12.89930345854585347, -20.87806706977590920, -0.4000000000000000222 ) ) ;
#1753 = AXIS2_PLACEMENT_3D ( 'NONE', #3095, #1978, #1195 ) ;
#1754 = CIRCLE ( 'NONE', #3120, 25.00000000000000000 ) ;
#1755 = ADVANCED_FACE ( 'NONE', ( #2638 ), #3212, .F. ) ;
#1756 = CARTESIAN_POINT ( 'NONE',  ( 2.563217027994283637, 24.40728646845270333, -0.4000000000000000222 ) ) ;
#1757 = ORIENTED_EDGE ( 'NONE', *, *, #1683, .F. ) ;
#1758 = FACE_OUTER_BOUND ( 'NONE', #536, .T. ) ;
#1759 = VERTEX_POINT ( 'NONE', #1518 ) ;
#1760 = FACE_BOUND ( 'NONE', #2177, .T. ) ;
#1761 = CARTESIAN_POINT ( 'NONE',  ( 2.105356436573492029, 24.91119174738491893, 6.399999999999999467 ) ) ;
#1762 = EDGE_CURVE ( 'NONE', #2103, #2642, #2084, .T. ) ;
#1763 = ORIENTED_EDGE ( 'NONE', *, *, #1817, .T. ) ;
#1764 = LINE ( 'NONE', #3166, #1736 ) ;
#1765 = CC_DESIGN_SECURITY_CLASSIFICATION ( #392, ( #3534 ) ) ;
#1766 = DIRECTION ( 'NONE',  ( 1.000000000000000000, 0.000000000000000000, -0.000000000000000000 ) ) ;
#1767 = ORIENTED_EDGE ( 'NONE', *, *, #3299, .F. ) ;
#1768 = FACE_OUTER_BOUND ( 'NONE', #910, .T. ) ;
#1769 = CYLINDRICAL_SURFACE ( 'NONE', #3172, 0.5000000000000004441 ) ;
#1770 = DIRECTION ( 'NONE',  ( 1.000000000000000000, 0.000000000000000000, 0.000000000000000000 ) ) ;
#1771 = EDGE_LOOP ( 'NONE', ( #596, #2751, #696, #2652, #1983 ) ) ;
#1772 = UNCERTAINTY_MEASURE_WITH_UNIT (LENGTH_MEASURE( 1.000000000000000082E-05 ), #450, 'distance_accuracy_value', 'NONE');
#1773 = DIRECTION ( 'NONE',  ( -1.000000000000000000, -3.469446951953611033E-15, 0.000000000000000000 ) ) ;
#1774 = ADVANCED_FACE ( 'NONE', ( #1801 ), #164, .T. ) ;
#1775 = EDGE_LOOP ( 'NONE', ( #1013, #2950, #256, #2617 ) ) ;
#1776 = CARTESIAN_POINT ( 'NONE',  ( -15.58724504646834319, 19.54578706170074298, 20.40000000000000213 ) ) ;
#1777 = DIRECTION ( 'NONE',  ( -0.000000000000000000, -0.000000000000000000, 1.000000000000000000 ) ) ;
#1778 = EDGE_LOOP ( 'NONE', ( #121, #1850, #3147, #2162, #3059, #1954, #1385, #2257, #2531, #2313, #2158, #2319 ) ) ;
#1779 = CARTESIAN_POINT ( 'NONE',  ( -2.563249307842023761, -24.41296791243722453, 20.40000000000000213 ) ) ;
#1780 = DIRECTION ( 'NONE',  ( -1.000000000000000000, 0.000000000000000000, 0.000000000000000000 ) ) ;
#1781 = ORIENTED_EDGE ( 'NONE', *, *, #2866, .F. ) ;
#1782 = FACE_OUTER_BOUND ( 'NONE', #3300, .T. ) ;
#1783 = DIRECTION ( 'NONE',  ( 0.000000000000000000, 0.000000000000000000, 1.000000000000000000 ) ) ;
#1784 = DIRECTION ( 'NONE',  ( -0.000000000000000000, -0.000000000000000000, 1.000000000000000000 ) ) ;
#1785 = DIRECTION ( 'NONE',  ( 1.000000000000000000, 0.000000000000000000, 0.000000000000000000 ) ) ;
#1786 = VERTEX_POINT ( 'NONE', #1018 ) ;
#1787 = ORIENTED_EDGE ( 'NONE', *, *, #699, .F. ) ;
#1788 = DIRECTION ( 'NONE',  ( 0.000000000000000000, 0.000000000000000000, -1.000000000000000000 ) ) ;
#1789 = EDGE_CURVE ( 'NONE', #2769, #1241, #2653, .T. ) ;
#1790 = EDGE_LOOP ( 'NONE', ( #2614, #2264, #523, #3517 ) ) ;
#1791 = EDGE_CURVE ( 'NONE', #3182, #2203, #1009, .T. ) ;
#1792 = CIRCLE ( 'NONE', #3511, 1.799999999999999600 ) ;
#1793 = DIRECTION ( 'NONE',  ( 0.000000000000000000, 0.000000000000000000, 1.000000000000000000 ) ) ;
#1794 = CIRCLE ( 'NONE', #1108, 2.999999999999999112 ) ;
#1795 = ORIENTED_EDGE ( 'NONE', *, *, #664, .T. ) ;
#1796 = CARTESIAN_POINT ( 'NONE',  ( -2.063249307842023761, -24.41296791243722453, 6.399999999999999467 ) ) ;
#1797 = CIRCLE ( 'NONE', #885, 0.5000000000000004441 ) ;
#1798 = DIRECTION ( 'NONE',  ( -1.224646799147353207E-16, 1.000000000000000000, 0.000000000000000000 ) ) ;
#1799 = CIRCLE ( 'NONE', #1113, 1.799999999999999822 ) ;
#1800 = VERTEX_POINT ( 'NONE', #1573 ) ;
#1801 = FACE_OUTER_BOUND ( 'NONE', #3477, .T. ) ;
#1802 = DIRECTION ( 'NONE',  ( 0.000000000000000000, 0.000000000000000000, -1.000000000000000000 ) ) ;
#1803 = DIRECTION ( 'NONE',  ( -0.000000000000000000, -0.000000000000000000, 1.000000000000000000 ) ) ;
#1804 = AXIS2_PLACEMENT_3D ( 'NONE', #2167, #2361, #849 ) ;
#1805 = AXIS2_PLACEMENT_3D ( 'NONE', #1494, #635, #1420 ) ;
#1806 = CARTESIAN_POINT ( 'NONE',  ( 2.105356436573516898, -24.91119174738492248, -4.599999999999999645 ) ) ;
#1807 = AXIS2_PLACEMENT_3D ( 'NONE', #382, #126, #3085 ) ;
#1808 = AXIS2_PLACEMENT_3D ( 'NONE', #3195, #3507, #237 ) ;
#1809 = VERTEX_POINT ( 'NONE', #219 ) ;
#1810 = ORIENTED_EDGE ( 'NONE', *, *, #10, .F. ) ;
#1811 = DIRECTION ( 'NONE',  ( 0.000000000000000000, 0.000000000000000000, 1.000000000000000000 ) ) ;
#1812 = CIRCLE ( 'NONE', #2095, 1.799999999999999600 ) ;
#1813 = AXIS2_PLACEMENT_3D ( 'NONE', #3202, #2644, #1869 ) ;
#1814 = VERTEX_POINT ( 'NONE', #1250 ) ;
#1815 = CIRCLE ( 'NONE', #3241, 1.799999999999999600 ) ;
#1816 = DIRECTION ( 'NONE',  ( -1.000000000000000000, 0.000000000000000000, 0.000000000000000000 ) ) ;
#1817 = EDGE_CURVE ( 'NONE', #905, #584, #216, .T. ) ;
#1818 = ORIENTED_EDGE ( 'NONE', *, *, #1427, .F. ) ;
#1819 = CYLINDRICAL_SURFACE ( 'NONE', #2306, 0.5000000000000004441 ) ;
#1820 =( NAMED_UNIT ( * ) PLANE_ANGLE_UNIT ( ) SI_UNIT ( $, .RADIAN. ) );
#1821 = EDGE_LOOP ( 'NONE', ( #969, #1951 ) ) ;
#1822 = ORIENTED_EDGE ( 'NONE', *, *, #930, .T. ) ;
#1823 = DIRECTION ( 'NONE',  ( -1.000000000000000000, 0.000000000000000000, 0.000000000000000000 ) ) ;
#1824 = DIRECTION ( 'NONE',  ( -1.000000000000000000, 0.000000000000000000, 0.000000000000000000 ) ) ;
#1825 = DIRECTION ( 'NONE',  ( -0.000000000000000000, -0.000000000000000000, -1.000000000000000000 ) ) ;
#1826 = FACE_OUTER_BOUND ( 'NONE', #3284, .T. ) ;
#1827 = ORIENTED_EDGE ( 'NONE', *, *, #2616, .T. ) ;
#1828 = FACE_OUTER_BOUND ( 'NONE', #858, .T. ) ;
#1829 = CARTESIAN_POINT ( 'NONE',  ( -25.00000000000000000, -3.061616997868383043E-15, 20.40000000000000213 ) ) ;
#1830 = EDGE_CURVE ( 'NONE', #1276, #1067, #2619, .T. ) ;
#1831 = EDGE_CURVE ( 'NONE', #2183, #2680, #1304, .T. ) ;
#1832 = ORIENTED_EDGE ( 'NONE', *, *, #1039, .F. ) ;
#1833 = DIRECTION ( 'NONE',  ( 0.000000000000000000, 0.000000000000000000, 1.000000000000000000 ) ) ;
#1834 = ORIENTED_EDGE ( 'NONE', *, *, #2194, .T. ) ;
#1835 = DIRECTION ( 'NONE',  ( 1.000000000000000000, 0.000000000000000000, 0.000000000000000000 ) ) ;
#1836 = ORIENTED_EDGE ( 'NONE', *, *, #3344, .F. ) ;
#1837 = EDGE_LOOP ( 'NONE', ( #2726, #637, #3109, #2369 ) ) ;
#1838 = ADVANCED_FACE ( 'NONE', ( #1855 ), #1596, .F. ) ;
#1839 = DIRECTION ( 'NONE',  ( -0.000000000000000000, -0.000000000000000000, -1.000000000000000000 ) ) ;
#1840 = CARTESIAN_POINT ( 'NONE',  ( -20.15254326381639061, 20.15254326381682404, 19.40000000000000213 ) ) ;
#1841 = DIRECTION ( 'NONE',  ( 0.000000000000000000, 0.000000000000000000, -1.000000000000000000 ) ) ;
#1842 = DIRECTION ( 'NONE',  ( 0.000000000000000000, 0.000000000000000000, -1.000000000000000000 ) ) ;
#1843 = ORIENTED_EDGE ( 'NONE', *, *, #1961, .F. ) ;
#1844 = CARTESIAN_POINT ( 'NONE',  ( 20.68052463955735121, 13.21369043524085818, 6.399999999999999467 ) ) ;
#1845 = EDGE_CURVE ( 'NONE', #1203, #3165, #765, .T. ) ;
#1846 = DIRECTION ( 'NONE',  ( 0.000000000000000000, 0.000000000000000000, 1.000000000000000000 ) ) ;
#1847 = VERTEX_POINT ( 'NONE', #2105 ) ;
#1848 = CARTESIAN_POINT ( 'NONE',  ( 0.000000000000000000, 0.000000000000000000, 24.39999999999999858 ) ) ;
#1849 = CIRCLE ( 'NONE', #1507, 25.00000000000000000 ) ;
#1850 = ORIENTED_EDGE ( 'NONE', *, *, #1257, .T. ) ;
#1851 = DIRECTION ( 'NONE',  ( -1.000000000000000000, 0.000000000000000000, 0.000000000000000000 ) ) ;
#1852 = AXIS2_PLACEMENT_3D ( 'NONE', #1251, #3473, #2299 ) ;
#1853 = AXIS2_PLACEMENT_3D ( 'NONE', #1796, #2544, #427 ) ;
#1854 = ORIENTED_EDGE ( 'NONE', *, *, #2878, .F. ) ;
#1855 = FACE_OUTER_BOUND ( 'NONE', #3363, .T. ) ;
#1856 = DIRECTION ( 'NONE',  ( 1.000000000000000000, 1.249000902703301108E-13, 0.000000000000000000 ) ) ;
#1857 = CARTESIAN_POINT ( 'NONE',  ( -24.68172400785650211, 14.25000000000000355, 24.40000000000000213 ) ) ;
#1858 = AXIS2_PLACEMENT_3D ( 'NONE', #2135, #1890, #3538 ) ;
#1859 = EDGE_CURVE ( 'NONE', #1710, #2936, #2937, .T. ) ;
#1860 = DIRECTION ( 'NONE',  ( -0.000000000000000000, -0.000000000000000000, -1.000000000000000000 ) ) ;
#1861 = EDGE_LOOP ( 'NONE', ( #2568, #893 ) ) ;
#1862 = AXIS2_PLACEMENT_3D ( 'NONE', #3106, #2555, #970 ) ;
#1863 = CIRCLE ( 'NONE', #2594, 1.799999999999999600 ) ;
#1864 = LINE ( 'NONE', #1327, #821 ) ;
#1865 = CARTESIAN_POINT ( 'NONE',  ( -2.563217027994285413, -24.40728646845270333, 20.40000000000000213 ) ) ;
#1866 = VECTOR ( 'NONE', #1213, 1000.000000000000000 ) ;
#1867 = VECTOR ( 'NONE', #739, 1000.000000000000000 ) ;
#1868 = EDGE_LOOP ( 'NONE', ( #1428, #140, #3007, #992 ) ) ;
#1869 = DIRECTION ( 'NONE',  ( -1.000000000000000000, 0.000000000000000000, 0.000000000000000000 ) ) ;
#1870 = AXIS2_PLACEMENT_3D ( 'NONE', #840, #2989, #3045 ) ;
#1871 = AXIS2_PLACEMENT_3D ( 'NONE', #1294, #1313, #3219 ) ;
#1872 = AXIS2_PLACEMENT_3D ( 'NONE', #2063, #2863, #2366 ) ;
#1873 = AXIS2_PLACEMENT_3D ( 'NONE', #1490, #421, #2569 ) ;
#1874 = ORIENTED_EDGE ( 'NONE', *, *, #859, .F. ) ;
#1875 = DIRECTION ( 'NONE',  ( 1.000000000000000000, 0.000000000000000000, 0.000000000000000000 ) ) ;
#1876 = PERSON_AND_ORGANIZATION_ROLE ( 'design_supplier' ) ;
#1877 = EDGE_CURVE ( 'NONE', #3341, #2054, #3488, .T. ) ;
#1878 = VERTEX_POINT ( 'NONE', #3192 ) ;
#1879 = PLANE ( 'NONE',  #3530 ) ;
#1880 = CARTESIAN_POINT ( 'NONE',  ( -2.063249307842049962, 24.41296791243722453, -0.4000000000000000222 ) ) ;
#1881 = DIRECTION ( 'NONE',  ( 0.000000000000000000, 0.000000000000000000, 1.000000000000000000 ) ) ;
#1882 = FACE_OUTER_BOUND ( 'NONE', #1489, .T. ) ;
#1883 = ORIENTED_EDGE ( 'NONE', *, *, #2734, .F. ) ;
#1884 = DIRECTION ( 'NONE',  ( 1.000000000000000000, 0.000000000000000000, 0.000000000000000000 ) ) ;
#1885 = DIRECTION ( 'NONE',  ( 0.000000000000000000, 0.000000000000000000, -1.000000000000000000 ) ) ;
#1886 = ORIENTED_EDGE ( 'NONE', *, *, #3423, .T. ) ;
#1887 = CARTESIAN_POINT ( 'NONE',  ( -12.45131319389213154, 21.10011373778842270, 6.400000000000000355 ) ) ;
#1888 = EDGE_CURVE ( 'NONE', #1579, #2461, #951, .T. ) ;
#1889 = ORIENTED_EDGE ( 'NONE', *, *, #2334, .T. ) ;
#1890 = DIRECTION ( 'NONE',  ( 0.000000000000000000, 0.000000000000000000, -1.000000000000000000 ) ) ;
#1891 = SECURITY_CLASSIFICATION_LEVEL ( 'unclassified' ) ;
#1892 = VERTEX_POINT ( 'NONE', #3151 ) ;
#1893 = PLANE ( 'NONE',  #2547 ) ;
#1894 = FACE_OUTER_BOUND ( 'NONE', #1587, .T. ) ;
#1895 = FACE_OUTER_BOUND ( 'NONE', #516, .T. ) ;
#1896 = DIRECTION ( 'NONE',  ( -0.000000000000000000, -0.000000000000000000, -1.000000000000000000 ) ) ;
#1897 = ORIENTED_EDGE ( 'NONE', *, *, #2302, .T. ) ;
#1898 = DIRECTION ( 'NONE',  ( 0.000000000000000000, 0.000000000000000000, -1.000000000000000000 ) ) ;
#1899 = DIRECTION ( 'NONE',  ( -1.000000000000000000, -2.312964634635743450E-15, 0.000000000000000000 ) ) ;
#1900 = ORIENTED_EDGE ( 'NONE', *, *, #3501, .T. ) ;
#1901 = DIRECTION ( 'NONE',  ( 1.000000000000000000, 0.000000000000000000, -0.000000000000000000 ) ) ;
#1902 = EDGE_CURVE ( 'NONE', #1721, #1028, #559, .T. ) ;
#1903 = ADVANCED_FACE ( 'NONE', ( #1782 ), #1032, .F. ) ;
#1904 = EDGE_LOOP ( 'NONE', ( #3093, #265, #463, #3297 ) ) ;
#1905 = CARTESIAN_POINT ( 'NONE',  ( 20.37324179655684020, -13.60812326145781981, 20.40000000000000213 ) ) ;
#1906 = VERTEX_POINT ( 'NONE', #432 ) ;
#1907 = LINE ( 'NONE', #2393, #825 ) ;
#1908 = CIRCLE ( 'NONE', #373, 0.5000000000000004441 ) ;
#1909 = CARTESIAN_POINT ( 'NONE',  ( -8.733466407718355029, 22.89053438662486073, 20.40000000000000213 ) ) ;
#1910 = CIRCLE ( 'NONE', #2362, 0.5000000000000000000 ) ;
#1911 = ORIENTED_EDGE ( 'NONE', *, *, #618, .F. ) ;
#1912 = DIRECTION ( 'NONE',  ( -0.000000000000000000, -0.000000000000000000, -1.000000000000000000 ) ) ;
#1913 = LINE ( 'NONE', #1946, #836 ) ;
#1914 = AXIS2_PLACEMENT_3D ( 'NONE', #911, #602, #1158 ) ;
#1915 = CIRCLE ( 'NONE', #2706, 25.00000000000000000 ) ;
#1916 = EDGE_LOOP ( 'NONE', ( #151, #870 ) ) ;
#1917 = CARTESIAN_POINT ( 'NONE',  ( 20.15254326381653271, -20.15254326381667838, 19.40000000000000213 ) ) ;
#1918 = VECTOR ( 'NONE', #3092, 1000.000000000000000 ) ;
#1919 = AXIS2_PLACEMENT_3D ( 'NONE', #2373, #2921, #1307 ) ;
#1920 = AXIS2_PLACEMENT_3D ( 'NONE', #112, #949, #2819 ) ;
#1921 = EDGE_LOOP ( 'NONE', ( #2013, #1060, #878, #2851 ) ) ;
#1922 = CARTESIAN_POINT ( 'NONE',  ( 2.063249307842046854, -24.41296791243722453, 6.400000000000000355 ) ) ;
#1923 = DATE_AND_TIME ( #249, #3469 ) ;
#1924 = EDGE_CURVE ( 'NONE', #1906, #3440, #2659, .T. ) ;
#1925 = LOCAL_TIME ( 11, 16, 35.00000000000000000, #783 ) ;
#1926 = AXIS2_PLACEMENT_3D ( 'NONE', #647, #2899, #462 ) ;
#1927 = VERTEX_POINT ( 'NONE', #1553 ) ;
#1928 = FACE_OUTER_BOUND ( 'NONE', #2391, .T. ) ;
#1929 = CARTESIAN_POINT ( 'NONE',  ( 0.000000000000000000, 0.000000000000000000, 20.40000000000000213 ) ) ;
#1930 = ORIENTED_EDGE ( 'NONE', *, *, #3272, .T. ) ;
#1931 = CARTESIAN_POINT ( 'NONE',  ( 2.063249307842021985, 24.41296791243722453, -4.599999999999999645 ) ) ;
#1932 = FACE_OUTER_BOUND ( 'NONE', #217, .T. ) ;
#1933 = DIRECTION ( 'NONE',  ( -0.000000000000000000, -0.000000000000000000, -1.000000000000000000 ) ) ;
#1934 = EDGE_LOOP ( 'NONE', ( #474, #1552 ) ) ;
#1935 = FACE_OUTER_BOUND ( 'NONE', #2151, .T. ) ;
#1936 = EDGE_CURVE ( 'NONE', #2808, #3248, #1125, .T. ) ;
#1937 = ORIENTED_EDGE ( 'NONE', *, *, #699, .T. ) ;
#1938 = EDGE_LOOP ( 'NONE', ( #337, #2845 ) ) ;
#1939 = DIRECTION ( 'NONE',  ( 1.000000000000000000, 0.000000000000000000, -0.000000000000000000 ) ) ;
#1940 = ORIENTED_EDGE ( 'NONE', *, *, #2143, .F. ) ;
#1941 = DIRECTION ( 'NONE',  ( 0.000000000000000000, 0.000000000000000000, -1.000000000000000000 ) ) ;
#1942 = DIRECTION ( 'NONE',  ( 1.000000000000000000, 0.000000000000000000, 0.000000000000000000 ) ) ;
#1943 = EDGE_CURVE ( 'NONE', #853, #409, #101, .T. ) ;
#1944 = VERTEX_POINT ( 'NONE', #2159 ) ;
#1945 = CARTESIAN_POINT ( 'NONE',  ( 24.26000000000000512, 3.420877080516047108, -4.599999999999999645 ) ) ;
#1946 = CARTESIAN_POINT ( 'NONE',  ( 8.911700416039133543, -23.35768814961721063, -4.599999999999999645 ) ) ;
#1947 = DIRECTION ( 'NONE',  ( 0.000000000000000000, 0.000000000000000000, -1.000000000000000000 ) ) ;
#1948 = ORIENTED_EDGE ( 'NONE', *, *, #3190, .F. ) ;
#1949 = FACE_BOUND ( 'NONE', #844, .T. ) ;
#1950 = VERTEX_POINT ( 'NONE', #3062 ) ;
#1951 = ORIENTED_EDGE ( 'NONE', *, *, #1377, .T. ) ;
#1952 = CARTESIAN_POINT ( 'NONE',  ( -18.35254326381638990, 20.15254326381682404, 19.40000000000000213 ) ) ;
#1953 = FACE_OUTER_BOUND ( 'NONE', #1255, .T. ) ;
#1954 = ORIENTED_EDGE ( 'NONE', *, *, #1727, .F. ) ;
#1955 = LINE ( 'NONE', #2243, #3340 ) ;
#1956 = CARTESIAN_POINT ( 'NONE',  ( -5.563023348907858434, -24.37319780454559393, -0.4000000000000000222 ) ) ;
#1957 = AXIS2_PLACEMENT_3D ( 'NONE', #3493, #1582, #1601 ) ;
#1958 = VERTEX_POINT ( 'NONE', #2537 ) ;
#1959 = DIRECTION ( 'NONE',  ( -0.000000000000000000, -0.000000000000000000, -1.000000000000000000 ) ) ;
#1960 = CARTESIAN_POINT ( 'NONE',  ( -20.37324179655682599, -13.60812326145783757, -4.599999999999999645 ) ) ;
#1961 = EDGE_CURVE ( 'NONE', #338, #3359, #157, .T. ) ;
#1962 = AXIS2_PLACEMENT_3D ( 'NONE', #3379, #1677, #3069 ) ;
#1963 = FACE_OUTER_BOUND ( 'NONE', #888, .T. ) ;
#1964 = ORIENTED_EDGE ( 'NONE', *, *, #250, .T. ) ;
#1965 = AXIS2_PLACEMENT_3D ( 'NONE', #889, #1411, #1464 ) ;
#1966 = CARTESIAN_POINT ( 'NONE',  ( -12.95131319389213154, 21.10011373778842270, 20.40000000000000213 ) ) ;
#1967 = AXIS2_PLACEMENT_3D ( 'NONE', #1043, #192, #1155 ) ;
#1968 = ORIENTED_EDGE ( 'NONE', *, *, #205, .T. ) ;
#1969 = VERTEX_POINT ( 'NONE', #2505 ) ;
#1970 = CARTESIAN_POINT ( 'NONE',  ( 17.48424528574717129, -17.22169797300899674, 6.400000000000000355 ) ) ;
#1971 = CIRCLE ( 'NONE', #721, 0.5000000000000000000 ) ;
#1972 = DIRECTION ( 'NONE',  ( -1.000000000000000000, 0.000000000000000000, 0.000000000000000000 ) ) ;
#1973 = AXIS2_PLACEMENT_3D ( 'NONE', #1109, #333, #1717 ) ;
#1974 = VECTOR ( 'NONE', #2679, 1000.000000000000000 ) ;
#1975 = AXIS2_PLACEMENT_3D ( 'NONE', #195, #2259, #2792 ) ;
#1976 = EDGE_LOOP ( 'NONE', ( #2861, #426 ) ) ;
#1977 = CARTESIAN_POINT ( 'NONE',  ( -2.063249307842049962, 24.41296791243722453, 6.400000000000000355 ) ) ;
#1978 = DIRECTION ( 'NONE',  ( -0.000000000000000000, -0.000000000000000000, 1.000000000000000000 ) ) ;
#1979 = AXIS2_PLACEMENT_3D ( 'NONE', #1956, #2175, #819 ) ;
#1980 = EDGE_CURVE ( 'NONE', #2808, #2999, #3249, .T. ) ;
#1981 = AXIS2_PLACEMENT_3D ( 'NONE', #2485, #2519, #907 ) ;
#1982 = APPROVAL_PERSON_ORGANIZATION ( #1384, #1323, #2755 ) ;
#1983 = ORIENTED_EDGE ( 'NONE', *, *, #3190, .T. ) ;
#1984 = CARTESIAN_POINT ( 'NONE',  ( -20.68052463955735121, 13.21369043524084930, -0.4000000000000000222 ) ) ;
#1985 = LINE ( 'NONE', #694, #2992 ) ;
#1986 = DIRECTION ( 'NONE',  ( 1.000000000000000000, -3.469446951953611033E-15, 0.000000000000000000 ) ) ;
#1987 = ORIENTED_EDGE ( 'NONE', *, *, #2675, .F. ) ;
#1988 = CARTESIAN_POINT ( 'NONE',  ( 17.48424528574716774, 17.22169797300900029, 6.400000000000000355 ) ) ;
#1989 = ORIENTED_EDGE ( 'NONE', *, *, #1990, .T. ) ;
#1990 = EDGE_CURVE ( 'NONE', #374, #1217, #634, .T. ) ;
#1991 = FACE_OUTER_BOUND ( 'NONE', #15, .T. ) ;
#1992 = CYLINDRICAL_SURFACE ( 'NONE', #1645, 0.5000000000000000000 ) ;
#1993 = DIRECTION ( 'NONE',  ( 0.000000000000000000, 0.000000000000000000, -1.000000000000000000 ) ) ;
#1994 = VERTEX_POINT ( 'NONE', #1425 ) ;
#1995 = DIRECTION ( 'NONE',  ( 0.000000000000000000, 0.000000000000000000, -1.000000000000000000 ) ) ;
#1996 = PLANE ( 'NONE',  #2381 ) ;
#1997 = ORIENTED_EDGE ( 'NONE', *, *, #2524, .T. ) ;
#1998 = CARTESIAN_POINT ( 'NONE',  ( -12.70542162642054329, 21.53072830386573955, -4.599999999999999645 ) ) ;
#1999 = CARTESIAN_POINT ( 'NONE',  ( 17.80041199229364679, -16.83434979156037059, -4.599999999999999645 ) ) ;
#2000 = DIRECTION ( 'NONE',  ( -1.000000000000000000, 0.000000000000000000, -0.000000000000000000 ) ) ;
#2001 = ORIENTED_EDGE ( 'NONE', *, *, #2131, .F. ) ;
#2002 = EDGE_CURVE ( 'NONE', #1142, #281, #728, .T. ) ;
#2003 = DIRECTION ( 'NONE',  ( 0.000000000000000000, 0.000000000000000000, 1.000000000000000000 ) ) ;
#2004 = ADVANCED_FACE ( 'NONE', ( #597 ), #103, .T. ) ;
#2005 = ORIENTED_EDGE ( 'NONE', *, *, #3096, .F. ) ;
#2006 = FACE_OUTER_BOUND ( 'NONE', #1438, .T. ) ;
#2007 = FACE_BOUND ( 'NONE', #1976, .T. ) ;
#2008 = CARTESIAN_POINT ( 'NONE',  ( -3.469446951953614189E-15, -28.50000000000000000, 2.400000000000000355 ) ) ;
#2009 = ADVANCED_FACE ( 'NONE', ( #3332 ), #45, .F. ) ;
#2010 = ORIENTED_EDGE ( 'NONE', *, *, #518, .T. ) ;
#2011 = CARTESIAN_POINT ( 'NONE',  ( -2.105356436573520451, 24.91119174738492248, -4.599999999999999645 ) ) ;
#2012 = CARTESIAN_POINT ( 'NONE',  ( 8.733466407718326607, 22.89053438662487139, 20.40000000000000213 ) ) ;
#2013 = ORIENTED_EDGE ( 'NONE', *, *, #2133, .F. ) ;
#2014 = FACE_OUTER_BOUND ( 'NONE', #99, .T. ) ;
#2015 = LINE ( 'NONE', #1752, #3114 ) ;
#2016 = DIRECTION ( 'NONE',  ( 0.000000000000000000, 0.000000000000000000, -1.000000000000000000 ) ) ;
#2017 = VERTEX_POINT ( 'NONE', #1970 ) ;
#2018 = DIRECTION ( 'NONE',  ( -0.000000000000000000, -0.000000000000000000, 1.000000000000000000 ) ) ;
#2019 = VECTOR ( 'NONE', #308, 1000.000000000000000 ) ;
#2020 = CIRCLE ( 'NONE', #3519, 25.00000000000000000 ) ;
#2021 = ORIENTED_EDGE ( 'NONE', *, *, #2452, .F. ) ;
#2022 = CARTESIAN_POINT ( 'NONE',  ( 0.000000000000000000, 0.000000000000000000, 20.40000000000000213 ) ) ;
#2023 = DIRECTION ( 'NONE',  ( 0.000000000000000000, 0.000000000000000000, -1.000000000000000000 ) ) ;
#2024 = CIRCLE ( 'NONE', #2142, 0.5000000000000004441 ) ;
#2025 = AXIS2_PLACEMENT_3D ( 'NONE', #2112, #203, #3533 ) ;
#2026 = CIRCLE ( 'NONE', #2993, 0.5000000000000004441 ) ;
#2027 = VERTEX_POINT ( 'NONE', #803 ) ;
#2028 = ADVANCED_FACE ( 'NONE', ( #79 ), #1992, .F. ) ;
#2029 = CARTESIAN_POINT ( 'NONE',  ( 2.563217027994283637, 24.40728646845270333, 20.40000000000000213 ) ) ;
#2030 = CARTESIAN_POINT ( 'NONE',  ( 2.063249307842021985, 24.41296791243722453, 20.40000000000000213 ) ) ;
#2031 = CIRCLE ( 'NONE', #1807, 2.999999999999999112 ) ;
#2032 = VECTOR ( 'NONE', #2602, 1000.000000000000000 ) ;
#2033 = EDGE_LOOP ( 'NONE', ( #3260, #3191, #2798, #184 ) ) ;
#2034 = CIRCLE ( 'NONE', #497, 0.5000000000000004441 ) ;
#2035 = DIRECTION ( 'NONE',  ( -1.000000000000000000, 1.734723475976805517E-14, 0.000000000000000000 ) ) ;
#2036 = FACE_OUTER_BOUND ( 'NONE', #1775, .T. ) ;
#2037 = VECTOR ( 'NONE', #762, 1000.000000000000000 ) ;
#2038 = AXIS2_PLACEMENT_3D ( 'NONE', #3439, #1453, #476 ) ;
#2039 = CARTESIAN_POINT ( 'NONE',  ( 0.000000000000000000, 0.000000000000000000, 6.400000000000000355 ) ) ;
#2040 = ORIENTED_EDGE ( 'NONE', *, *, #2627, .T. ) ;
#2041 = CARTESIAN_POINT ( 'NONE',  ( 0.000000000000000000, 0.000000000000000000, 20.40000000000000213 ) ) ;
#2042 = ORIENTED_EDGE ( 'NONE', *, *, #2878, .T. ) ;
#2043 = ADVANCED_FACE ( 'NONE', ( #868 ), #1893, .T. ) ;
#2044 = DIRECTION ( 'NONE',  ( -1.000000000000000000, 0.000000000000000000, 0.000000000000000000 ) ) ;
#2045 = DIRECTION ( 'NONE',  ( -1.000000000000000000, 0.000000000000000000, 0.000000000000000000 ) ) ;
#2046 = ORIENTED_EDGE ( 'NONE', *, *, #3323, .T. ) ;
#2047 = FACE_OUTER_BOUND ( 'NONE', #495, .T. ) ;
#2048 = CARTESIAN_POINT ( 'NONE',  ( 5.563023348907855770, 24.37319780454559393, 20.40000000000000213 ) ) ;
#2049 = ORIENTED_EDGE ( 'NONE', *, *, #241, .T. ) ;
#2050 = CARTESIAN_POINT ( 'NONE',  ( -25.00000000000000000, 3.061616997868383043E-15, 23.40000000000000213 ) ) ;
#2051 = CARTESIAN_POINT ( 'NONE',  ( -26.00000000000000355, 0.000000000000000000, 3.400000000000000355 ) ) ;
#2052 = ADVANCED_FACE ( 'NONE', ( #2224 ), #3021, .F. ) ;
#2053 = DIRECTION ( 'NONE',  ( -0.000000000000000000, -0.000000000000000000, -1.000000000000000000 ) ) ;
#2054 = VERTEX_POINT ( 'NONE', #371 ) ;
#2055 = CARTESIAN_POINT ( 'NONE',  ( -22.88172400785650140, 14.25000000000000355, 24.40000000000000213 ) ) ;
#2056 = EDGE_CURVE ( 'NONE', #579, #1809, #1530, .T. ) ;
#2057 = ORIENTED_EDGE ( 'NONE', *, *, #521, .T. ) ;
#2058 = LINE ( 'NONE', #1480, #1128 ) ;
#2059 = CARTESIAN_POINT ( 'NONE',  ( 0.000000000000000000, 28.50000000000000000, 24.40000000000000213 ) ) ;
#2060 = CC_DESIGN_DATE_AND_TIME_ASSIGNMENT ( #2984, #3023, ( #259 ) ) ;
#2061 = ORIENTED_EDGE ( 'NONE', *, *, #2420, .T. ) ;
#2062 = LINE ( 'NONE', #1743, #204 ) ;
#2063 = CARTESIAN_POINT ( 'NONE',  ( -24.68172400785650211, 14.25000000000000355, 24.40000000000000213 ) ) ;
#2064 = ORIENTED_EDGE ( 'NONE', *, *, #144, .T. ) ;
#2065 = DIRECTION ( 'NONE',  ( -0.000000000000000000, -0.000000000000000000, 1.000000000000000000 ) ) ;
#2066 = CARTESIAN_POINT ( 'NONE',  ( 8.911700416039133543, -23.35768814961720707, 20.40000000000000213 ) ) ;
#2067 = DIRECTION ( 'NONE',  ( 1.000000000000000000, 0.000000000000000000, 0.000000000000000000 ) ) ;
#2068 = DIRECTION ( 'NONE',  ( 0.000000000000000000, 0.000000000000000000, -1.000000000000000000 ) ) ;
#2069 = ORIENTED_EDGE ( 'NONE', *, *, #356, .T. ) ;
#2070 = CARTESIAN_POINT ( 'NONE',  ( -20.37324179655682599, -13.60812326145783757, 20.40000000000000213 ) ) ;
#2071 = DIRECTION ( 'NONE',  ( -1.000000000000000000, 0.000000000000000000, 0.000000000000000000 ) ) ;
#2072 = EDGE_CURVE ( 'NONE', #1814, #338, #561, .T. ) ;
#2073 = ORIENTED_EDGE ( 'NONE', *, *, #1877, .T. ) ;
#2074 = EDGE_CURVE ( 'NONE', #2494, #944, #1184, .T. ) ;
#2075 = CARTESIAN_POINT ( 'NONE',  ( -24.76000000000000512, -3.420877080516050217, -4.599999999999999645 ) ) ;
#2076 = ADVANCED_FACE ( 'NONE', ( #788 ), #1879, .T. ) ;
#2077 = CIRCLE ( 'NONE', #2191, 1.799999999999999600 ) ;
#2078 = EDGE_CURVE ( 'NONE', #2815, #1067, #1590, .T. ) ;
#2079 = ORIENTED_EDGE ( 'NONE', *, *, #3496, .F. ) ;
#2080 = DIRECTION ( 'NONE',  ( 1.000000000000000000, 0.000000000000000000, -0.000000000000000000 ) ) ;
#2081 = AXIS2_PLACEMENT_3D ( 'NONE', #2491, #1143, #3066 ) ;
#2082 = AXIS2_PLACEMENT_3D ( 'NONE', #1922, #583, #1972 ) ;
#2083 = ORIENTED_EDGE ( 'NONE', *, *, #964, .T. ) ;
#2084 = LINE ( 'NONE', #2919, #2032 ) ;
#2085 = EDGE_CURVE ( 'NONE', #448, #1025, #2837, .T. ) ;
#2086 = FACE_OUTER_BOUND ( 'NONE', #1778, .T. ) ;
#2087 = CARTESIAN_POINT ( 'NONE',  ( -22.88172400785650140, 14.25000000000000355, 2.400000000000000355 ) ) ;
#2088 = AXIS2_PLACEMENT_3D ( 'NONE', #2585, #148, #698 ) ;
#2089 = CIRCLE ( 'NONE', #1973, 0.5000000000000004441 ) ;
#2090 = CARTESIAN_POINT ( 'NONE',  ( -22.52422169756048120, -10.84709347793895873, 20.40000000000000213 ) ) ;
#2091 = VECTOR ( 'NONE', #3470, 1000.000000000000000 ) ;
#2092 = ORIENTED_EDGE ( 'NONE', *, *, #3032, .T. ) ;
#2093 = ORIENTED_EDGE ( 'NONE', *, *, #898, .F. ) ;
#2094 = DIRECTION ( 'NONE',  ( -1.000000000000000000, 0.000000000000000000, 0.000000000000000000 ) ) ;
#2095 = AXIS2_PLACEMENT_3D ( 'NONE', #323, #1144, #3322 ) ;
#2096 = ORIENTED_EDGE ( 'NONE', *, *, #681, .F. ) ;
#2097 = AXIS2_PLACEMENT_3D ( 'NONE', #1569, #2389, #176 ) ;
#2098 = CARTESIAN_POINT ( 'NONE',  ( 0.000000000000000000, 0.000000000000000000, 6.400000000000000355 ) ) ;
#2099 = EDGE_CURVE ( 'NONE', #21, #404, #3174, .T. ) ;
#2100 = ORIENTED_EDGE ( 'NONE', *, *, #1888, .T. ) ;
#2101 = FACE_OUTER_BOUND ( 'NONE', #2991, .T. ) ;
#2102 = FACE_OUTER_BOUND ( 'NONE', #334, .T. ) ;
#2103 = VERTEX_POINT ( 'NONE', #1205 ) ;
#2104 = EDGE_LOOP ( 'NONE', ( #2021, #3431, #1889, #1651 ) ) ;
#2105 = CARTESIAN_POINT ( 'NONE',  ( -2.563217027994291186, 24.40728646845270333, 20.40000000000000213 ) ) ;
#2106 = DIRECTION ( 'NONE',  ( -0.000000000000000000, -0.000000000000000000, -1.000000000000000000 ) ) ;
#2107 = CARTESIAN_POINT ( 'NONE',  ( -23.81813027966178353, 7.595832408700083249, 20.40000000000000213 ) ) ;
#2108 = EDGE_CURVE ( 'NONE', #1498, #129, #1218, .T. ) ;
#2109 = PLANE ( 'NONE',  #3233 ) ;
#2110 = VERTEX_POINT ( 'NONE', #2572 ) ;
#2111 = PLANE ( 'NONE',  #1051 ) ;
#2112 = CARTESIAN_POINT ( 'NONE',  ( 0.000000000000000000, 28.50000000000000000, 24.40000000000000213 ) ) ;
#2113 = ORIENTED_EDGE ( 'NONE', *, *, #2210, .T. ) ;
#2114 = CARTESIAN_POINT ( 'NONE',  ( 23.22497539171024528, 7.930084005870785546, -0.4000000000000000222 ) ) ;
#2115 = ORIENTED_EDGE ( 'NONE', *, *, #287, .T. ) ;
#2116 = DIRECTION ( 'NONE',  ( 0.000000000000000000, 0.000000000000000000, 1.000000000000000000 ) ) ;
#2117 = CARTESIAN_POINT ( 'NONE',  ( 26.00000000000000355, 0.000000000000000000, 24.40000000000000213 ) ) ;
#2118 = ADVANCED_FACE ( 'NONE', ( #2344 ), #3162, .F. ) ;
#2119 = EDGE_LOOP ( 'NONE', ( #3186, #49 ) ) ;
#2120 = DIRECTION ( 'NONE',  ( -1.000000000000000000, 0.000000000000000000, 0.000000000000000000 ) ) ;
#2121 = DIRECTION ( 'NONE',  ( 0.000000000000000000, 0.000000000000000000, 1.000000000000000000 ) ) ;
#2122 = LINE ( 'NONE', #752, #2943 ) ;
#2123 = EDGE_CURVE ( 'NONE', #281, #1028, #2058, .T. ) ;
#2124 = DIRECTION ( 'NONE',  ( -0.000000000000000000, -0.000000000000000000, -1.000000000000000000 ) ) ;
#2125 = ORIENTED_EDGE ( 'NONE', *, *, #530, .T. ) ;
#2126 = CARTESIAN_POINT ( 'NONE',  ( 17.48424528574716774, 17.22169797300900029, 20.40000000000000213 ) ) ;
#2127 = DIRECTION ( 'NONE',  ( -0.000000000000000000, -0.000000000000000000, 1.000000000000000000 ) ) ;
#2128 = VERTEX_POINT ( 'NONE', #3145 ) ;
#2129 = DIRECTION ( 'NONE',  ( -0.000000000000000000, -0.000000000000000000, -1.000000000000000000 ) ) ;
#2130 = ADVANCED_FACE ( 'NONE', ( #2558 ), #118, .F. ) ;
#2131 = EDGE_CURVE ( 'NONE', #595, #3266, #1591, .T. ) ;
#2132 = EDGE_CURVE ( 'NONE', #3064, #1531, #785, .T. ) ;
#2133 = EDGE_CURVE ( 'NONE', #822, #2453, #612, .T. ) ;
#2134 = ORIENTED_EDGE ( 'NONE', *, *, #3170, .F. ) ;
#2135 = CARTESIAN_POINT ( 'NONE',  ( 0.000000000000000000, 28.50000000000000000, 24.40000000000000213 ) ) ;
#2136 = PERSON_AND_ORGANIZATION_ROLE ( 'design_owner' ) ;
#2137 = CIRCLE ( 'NONE', #493, 2.999999999999999112 ) ;
#2138 = ORIENTED_EDGE ( 'NONE', *, *, #2452, .T. ) ;
#2139 = DIRECTION ( 'NONE',  ( -1.000000000000000000, 1.214306433183763862E-14, 0.000000000000000000 ) ) ;
#2140 = DIRECTION ( 'NONE',  ( -0.000000000000000000, -0.000000000000000000, -1.000000000000000000 ) ) ;
#2141 = CARTESIAN_POINT ( 'NONE',  ( -20.37324179655684020, 13.60812326145781448, 20.40000000000000213 ) ) ;
#2142 = AXIS2_PLACEMENT_3D ( 'NONE', #1905, #2697, #782 ) ;
#2143 = EDGE_CURVE ( 'NONE', #349, #938, #1754, .T. ) ;
#2144 = CARTESIAN_POINT ( 'NONE',  ( 24.68172400785649856, -14.25000000000001243, 24.40000000000000213 ) ) ;
#2145 = VERTEX_POINT ( 'NONE', #3426 ) ;
#2146 = AXIS2_PLACEMENT_3D ( 'NONE', #3016, #2462, #1682 ) ;
#2147 = AXIS2_PLACEMENT_3D ( 'NONE', #154, #408, #3374 ) ;
#2148 = DIRECTION ( 'NONE',  ( -0.000000000000000000, -0.000000000000000000, 1.000000000000000000 ) ) ;
#2149 = CARTESIAN_POINT ( 'NONE',  ( -24.36571428571429010, -2.932180354728043614, -0.4000000000000000222 ) ) ;
#2150 = AXIS2_PLACEMENT_3D ( 'NONE', #1280, #2336, #2888 ) ;
#2151 = EDGE_LOOP ( 'NONE', ( #1874, #1152, #146, #2042 ) ) ;
#2152 = CARTESIAN_POINT ( 'NONE',  ( 12.89930345854585703, -20.87806706977590920, -0.4000000000000000222 ) ) ;
#2153 = TOROIDAL_SURFACE ( 'NONE', #36, 26.00000000000000355, 1.000000000000000000 ) ;
#2154 = ADVANCED_FACE ( 'NONE', ( #3373 ), #2827, .F. ) ;
#2155 = EDGE_LOOP ( 'NONE', ( #802, #1105, #1389, #549 ) ) ;
#2156 = CARTESIAN_POINT ( 'NONE',  ( -18.35254326381674872, -20.15254326381645456, 24.40000000000000213 ) ) ;
#2157 = SHAPE_DEFINITION_REPRESENTATION ( #3314, #246 ) ;
#2158 = ORIENTED_EDGE ( 'NONE', *, *, #1196, .T. ) ;
#2159 = CARTESIAN_POINT ( 'NONE',  ( 2.105356436573516454, -24.91119174738491537, 20.40000000000000213 ) ) ;
#2160 = LINE ( 'NONE', #3010, #156 ) ;
#2161 = CARTESIAN_POINT ( 'NONE',  ( -12.70542162642051665, -21.53072830386575376, -4.599999999999999645 ) ) ;
#2162 = ORIENTED_EDGE ( 'NONE', *, *, #1564, .F. ) ;
#2163 = DIRECTION ( 'NONE',  ( 0.000000000000000000, 0.000000000000000000, 1.000000000000000000 ) ) ;
#2164 = LINE ( 'NONE', #772, #1974 ) ;
#2165 = EDGE_CURVE ( 'NONE', #2588, #1906, #959, .T. ) ;
#2166 = ORIENTED_EDGE ( 'NONE', *, *, #3393, .T. ) ;
#2167 = CARTESIAN_POINT ( 'NONE',  ( 20.15254326381661443, 20.15254326381660377, 24.40000000000000213 ) ) ;
#2168 = ORIENTED_EDGE ( 'NONE', *, *, #238, .T. ) ;
#2169 = ORIENTED_EDGE ( 'NONE', *, *, #182, .F. ) ;
#2170 = CYLINDRICAL_SURFACE ( 'NONE', #1462, 0.5000000000000004441 ) ;
#2171 = PERSON_AND_ORGANIZATION_ROLE ( 'creator' ) ;
#2172 = ADVANCED_FACE ( 'NONE', ( #673, #2007, #3091, #1738, #1760, #1243, #2846, #1533, #407, #1493, #3407, #2589 ), #2613, .T. ) ;
#2173 = VERTEX_POINT ( 'NONE', #3459 ) ;
#2174 = FACE_OUTER_BOUND ( 'NONE', #873, .T. ) ;
#2175 = DIRECTION ( 'NONE',  ( 0.000000000000000000, 0.000000000000000000, 1.000000000000000000 ) ) ;
#2176 = CARTESIAN_POINT ( 'NONE',  ( 32.00000000000000000, 3.918869757271530263E-15, 2.400000000000000355 ) ) ;
#2177 = EDGE_LOOP ( 'NONE', ( #1482, #1477 ) ) ;
#2178 = DIRECTION ( 'NONE',  ( 0.000000000000000000, 0.000000000000000000, -1.000000000000000000 ) ) ;
#2179 = CARTESIAN_POINT ( 'NONE',  ( -5.563023348907858434, -24.37319780454559393, 20.40000000000000213 ) ) ;
#2180 = ORIENTED_EDGE ( 'NONE', *, *, #1457, .T. ) ;
#2181 = EDGE_CURVE ( 'NONE', #1326, #185, #1605, .T. ) ;
#2182 = CARTESIAN_POINT ( 'NONE',  ( -24.36571428571428655, 2.932180354728039173, 20.40000000000000213 ) ) ;
#2183 = VERTEX_POINT ( 'NONE', #3497 ) ;
#2184 = EDGE_CURVE ( 'NONE', #775, #1078, #776, .T. ) ;
#2185 = ORIENTED_EDGE ( 'NONE', *, *, #1831, .T. ) ;
#2186 = CARTESIAN_POINT ( 'NONE',  ( -5.563023348907858434, -24.37319780454559393, 20.40000000000000213 ) ) ;
#2187 = COORDINATED_UNIVERSAL_TIME_OFFSET ( 8, 0, .AHEAD. ) ;
#2188 = AXIS2_PLACEMENT_3D ( 'NONE', #438, #458, #906 ) ;
#2189 = ORIENTED_EDGE ( 'NONE', *, *, #467, .F. ) ;
#2190 = CARTESIAN_POINT ( 'NONE',  ( -12.45131319389213154, 21.10011373778842270, -0.4000000000000000222 ) ) ;
#2191 = AXIS2_PLACEMENT_3D ( 'NONE', #2799, #2816, #2217 ) ;
#2192 = FACE_OUTER_BOUND ( 'NONE', #247, .T. ) ;
#2193 = AXIS2_PLACEMENT_3D ( 'NONE', #2214, #1429, #2758 ) ;
#2194 = EDGE_CURVE ( 'NONE', #1950, #1264, #3411, .T. ) ;
#2195 = VERTEX_POINT ( 'NONE', #2385 ) ;
#2196 = CARTESIAN_POINT ( 'NONE',  ( -2.105356436573492918, -24.91119174738491893, -4.599999999999999645 ) ) ;
#2197 = DIRECTION ( 'NONE',  ( 1.000000000000000000, 0.000000000000000000, 0.000000000000000000 ) ) ;
#2198 = AXIS2_PLACEMENT_3D ( 'NONE', #2241, #1117, #852 ) ;
#2199 = DIRECTION ( 'NONE',  ( -1.000000000000000000, 0.000000000000000000, 0.000000000000000000 ) ) ;
#2200 = AXIS2_PLACEMENT_3D ( 'NONE', #684, #2610, #2856 ) ;
#2201 = VECTOR ( 'NONE', #960, 1000.000000000000000 ) ;
#2202 = ADVANCED_FACE ( 'NONE', ( #797 ), #2434, .T. ) ;
#2203 = VERTEX_POINT ( 'NONE', #2414 ) ;
#2204 = FACE_BOUND ( 'NONE', #2119, .T. ) ;
#2205 = ORIENTED_EDGE ( 'NONE', *, *, #2953, .T. ) ;
#2206 = CIRCLE ( 'NONE', #666, 25.00000000000000000 ) ;
#2207 = AXIS2_PLACEMENT_3D ( 'NONE', #735, #1839, #1823 ) ;
#2208 = EDGE_LOOP ( 'NONE', ( #1115, #1595, #3274, #1174, #1336 ) ) ;
#2209 = DIRECTION ( 'NONE',  ( 1.000000000000000000, 6.938893903907228378E-15, 0.000000000000000000 ) ) ;
#2210 = EDGE_CURVE ( 'NONE', #971, #2914, #672, .T. ) ;
#2211 = VECTOR ( 'NONE', #1465, 1000.000000000000000 ) ;
#2212 = AXIS2_PLACEMENT_3D ( 'NONE', #1547, #935, #2628 ) ;
#2213 = EDGE_LOOP ( 'NONE', ( #3395, #2623, #2239, #3544 ) ) ;
#2214 = CARTESIAN_POINT ( 'NONE',  ( -22.52422169756047765, 10.84709347793895162, -0.4000000000000000222 ) ) ;
#2215 = FACE_OUTER_BOUND ( 'NONE', #2557, .T. ) ;
#2216 = ORIENTED_EDGE ( 'NONE', *, *, #2002, .F. ) ;
#2217 = DIRECTION ( 'NONE',  ( -1.000000000000000000, 0.000000000000000000, 0.000000000000000000 ) ) ;
#2218 = CARTESIAN_POINT ( 'NONE',  ( -25.00000000000000000, 3.061616997868383043E-15, 3.400000000000000355 ) ) ;
#2219 = DIRECTION ( 'NONE',  ( -0.000000000000000000, -0.000000000000000000, -1.000000000000000000 ) ) ;
#2220 = ORIENTED_EDGE ( 'NONE', *, *, #2809, .F. ) ;
#2221 = CYLINDRICAL_SURFACE ( 'NONE', #2260, 25.00000000000000000 ) ;
#2222 = ORIENTED_EDGE ( 'NONE', *, *, #3471, .F. ) ;
#2223 = ORIENTED_EDGE ( 'NONE', *, *, #2108, .T. ) ;
#2224 = FACE_OUTER_BOUND ( 'NONE', #1921, .T. ) ;
#2225 = CARTESIAN_POINT ( 'NONE',  ( 8.280545970745418316, 23.10234344632782211, 6.400000000000000355 ) ) ;
#2226 = PERSON_AND_ORGANIZATION ( #1046, #1298 ) ;
#2227 = ORIENTED_EDGE ( 'NONE', *, *, #361, .F. ) ;
#2228 = EDGE_CURVE ( 'NONE', #1809, #2870, #1007, .T. ) ;
#2229 = FACE_OUTER_BOUND ( 'NONE', #117, .T. ) ;
#2230 = CYLINDRICAL_SURFACE ( 'NONE', #1979, 2.999999999999999556 ) ;
#2231 = ORIENTED_EDGE ( 'NONE', *, *, #1830, .F. ) ;
#2232 = CARTESIAN_POINT ( 'NONE',  ( 0.000000000000000000, 0.000000000000000000, 6.400000000000000355 ) ) ;
#2233 = DIRECTION ( 'NONE',  ( 1.000000000000000000, 0.000000000000000000, -0.000000000000000000 ) ) ;
#2234 = CARTESIAN_POINT ( 'NONE',  ( 32.00000000000000000, 3.918869757271530263E-15, 24.39999999999999858 ) ) ;
#2235 = ORIENTED_EDGE ( 'NONE', *, *, #2133, .T. ) ;
#2236 = FACE_BOUND ( 'NONE', #2583, .T. ) ;
#2237 = ORIENTED_EDGE ( 'NONE', *, *, #116, .F. ) ;
#2238 = EDGE_CURVE ( 'NONE', #39, #1276, #3115, .T. ) ;
#2239 = ORIENTED_EDGE ( 'NONE', *, *, #2705, .F. ) ;
#2240 = DIRECTION ( 'NONE',  ( -1.000000000000000000, 0.000000000000000000, 0.000000000000000000 ) ) ;
#2241 = CARTESIAN_POINT ( 'NONE',  ( 0.000000000000000000, 0.000000000000000000, 6.400000000000000355 ) ) ;
#2242 = EDGE_LOOP ( 'NONE', ( #500, #656, #1637, #1082 ) ) ;
#2243 = CARTESIAN_POINT ( 'NONE',  ( -2.563249307842049962, 24.41296791243722453, -0.4000000000000000222 ) ) ;
#2244 = CARTESIAN_POINT ( 'NONE',  ( -8.911700416039135320, 23.35768814961720352, 20.40000000000000213 ) ) ;
#2245 = AXIS2_PLACEMENT_3D ( 'NONE', #1528, #2518, #78 ) ;
#2246 = ORIENTED_EDGE ( 'NONE', *, *, #3143, .T. ) ;
#2247 = DIRECTION ( 'NONE',  ( -0.000000000000000000, -0.000000000000000000, 1.000000000000000000 ) ) ;
#2248 = DIRECTION ( 'NONE',  ( 0.000000000000000000, 0.000000000000000000, -1.000000000000000000 ) ) ;
#2249 = CIRCLE ( 'NONE', #2818, 25.00000000000000000 ) ;
#2250 = ADVANCED_FACE ( 'NONE', ( #2667 ), #2681, .F. ) ;
#2251 = PLANE ( 'NONE',  #778 ) ;
#2252 = ORIENTED_EDGE ( 'NONE', *, *, #1716, .F. ) ;
#2253 = AXIS2_PLACEMENT_3D ( 'NONE', #342, #572, #2810 ) ;
#2254 = LINE ( 'NONE', #1166, #2823 ) ;
#2255 = EDGE_CURVE ( 'NONE', #2453, #109, #1062, .T. ) ;
#2256 = CIRCLE ( 'NONE', #1000, 0.5000000000000004441 ) ;
#2257 = ORIENTED_EDGE ( 'NONE', *, *, #3074, .T. ) ;
#2258 = CARTESIAN_POINT ( 'NONE',  ( 20.78902224138453292, -13.88584006271206128, -4.599999999999999645 ) ) ;
#2259 = DIRECTION ( 'NONE',  ( 0.000000000000000000, 0.000000000000000000, 1.000000000000000000 ) ) ;
#2260 = AXIS2_PLACEMENT_3D ( 'NONE', #2502, #3311, #3035 ) ;
#2261 = PLANE ( 'NONE',  #2591 ) ;
#2262 = AXIS2_PLACEMENT_3D ( 'NONE', #1080, #2398, #1311 ) ;
#2263 = CIRCLE ( 'NONE', #1920, 1.800000000000002931 ) ;
#2264 = ORIENTED_EDGE ( 'NONE', *, *, #1395, .T. ) ;
#2265 = FACE_OUTER_BOUND ( 'NONE', #171, .T. ) ;
#2266 = DIRECTION ( 'NONE',  ( 1.000000000000000000, 6.938893903907228378E-15, 0.000000000000000000 ) ) ;
#2267 = AXIS2_PLACEMENT_3D ( 'NONE', #3448, #737, #1322 ) ;
#2268 = AXIS2_PLACEMENT_3D ( 'NONE', #1073, #339, #1688 ) ;
#2269 = EDGE_CURVE ( 'NONE', #2574, #2815, #1240, .T. ) ;
#2270 = AXIS2_PLACEMENT_3D ( 'NONE', #412, #2562, #2797 ) ;
#2271 = ORIENTED_EDGE ( 'NONE', *, *, #2948, .T. ) ;
#2272 = CARTESIAN_POINT ( 'NONE',  ( 23.22497539171025238, -7.930084005870781994, -0.4000000000000000222 ) ) ;
#2273 = CYLINDRICAL_SURFACE ( 'NONE', #608, 1.799999999999999600 ) ;
#2274 = PLANE ( 'NONE',  #269 ) ;
#2275 = ORIENTED_EDGE ( 'NONE', *, *, #2072, .T. ) ;
#2276 = DIRECTION ( 'NONE',  ( 1.000000000000000000, 0.000000000000000000, 0.000000000000000000 ) ) ;
#2277 = EDGE_CURVE ( 'NONE', #1067, #2379, #2034, .T. ) ;
#2278 = ORIENTED_EDGE ( 'NONE', *, *, #876, .F. ) ;
#2279 = CARTESIAN_POINT ( 'NONE',  ( 0.000000000000000000, 0.000000000000000000, 24.39999999999999858 ) ) ;
#2280 = DIRECTION ( 'NONE',  ( 1.000000000000000000, 0.000000000000000000, 0.000000000000000000 ) ) ;
#2281 = DIRECTION ( 'NONE',  ( -1.000000000000000000, 0.000000000000000000, 0.000000000000000000 ) ) ;
#2282 = VERTEX_POINT ( 'NONE', #1041 ) ;
#2283 = DIRECTION ( 'NONE',  ( -0.000000000000000000, -0.000000000000000000, 1.000000000000000000 ) ) ;
#2284 = DIRECTION ( 'NONE',  ( 0.000000000000000000, 0.000000000000000000, -1.000000000000000000 ) ) ;
#2285 = EDGE_LOOP ( 'NONE', ( #1767, #194, #3495, #1047 ) ) ;
#2286 = PLANE ( 'NONE',  #2586 ) ;
#2287 = CARTESIAN_POINT ( 'NONE',  ( 20.37324179655684020, -13.60812326145781981, 6.400000000000000355 ) ) ;
#2288 = DIRECTION ( 'NONE',  ( -0.000000000000000000, -0.000000000000000000, -1.000000000000000000 ) ) ;
#2289 = VERTEX_POINT ( 'NONE', #1563 ) ;
#2290 = LINE ( 'NONE', #933, #2311 ) ;
#2291 = ADVANCED_FACE ( 'NONE', ( #245 ), #3243, .T. ) ;
#2292 = ORIENTED_EDGE ( 'NONE', *, *, #2973, .F. ) ;
#2293 = CARTESIAN_POINT ( 'NONE',  ( -20.37324179655684020, 13.60812326145781448, -0.4000000000000000222 ) ) ;
#2294 = CARTESIAN_POINT ( 'NONE',  ( -12.89930345854586058, 20.87806706977590920, 6.400000000000000355 ) ) ;
#2295 = EDGE_LOOP ( 'NONE', ( #2632, #3487, #20, #1055 ) ) ;
#2296 = CARTESIAN_POINT ( 'NONE',  ( 24.68172400785650211, 14.25000000000000533, 24.40000000000000213 ) ) ;
#2297 = CARTESIAN_POINT ( 'NONE',  ( -15.58724504646834319, 19.54578706170074298, 6.400000000000000355 ) ) ;
#2298 = ORIENTED_EDGE ( 'NONE', *, *, #2675, .T. ) ;
#2299 = DIRECTION ( 'NONE',  ( -1.000000000000000000, 0.000000000000000000, 0.000000000000000000 ) ) ;
#2300 = DIRECTION ( 'NONE',  ( -1.000000000000000000, 0.000000000000000000, 0.000000000000000000 ) ) ;
#2301 = ADVANCED_FACE ( 'NONE', ( #189 ), #264, .T. ) ;
#2302 = EDGE_CURVE ( 'NONE', #2331, #1217, #605, .T. ) ;
#2303 = DIRECTION ( 'NONE',  ( 0.000000000000000000, 0.000000000000000000, -1.000000000000000000 ) ) ;
#2304 = EDGE_LOOP ( 'NONE', ( #207, #1834, #174, #2624, #3122, #2629, #3480 ) ) ;
#2305 = DIRECTION ( 'NONE',  ( -0.000000000000000000, -0.000000000000000000, -1.000000000000000000 ) ) ;
#2306 = AXIS2_PLACEMENT_3D ( 'NONE', #3390, #137, #1496 ) ;
#2307 = VERTEX_POINT ( 'NONE', #229 ) ;
#2308 = DIRECTION ( 'NONE',  ( -0.000000000000000000, -0.000000000000000000, -1.000000000000000000 ) ) ;
#2309 = CARTESIAN_POINT ( 'NONE',  ( -24.75510204081632892, 3.490690898485739435, 20.40000000000000213 ) ) ;
#2310 = CIRCLE ( 'NONE', #774, 25.00000000000000000 ) ;
#2311 = VECTOR ( 'NONE', #1734, 1000.000000000000000 ) ;
#2312 = VECTOR ( 'NONE', #1164, 1000.000000000000000 ) ;
#2313 = ORIENTED_EDGE ( 'NONE', *, *, #1207, .F. ) ;
#2314 = DIRECTION ( 'NONE',  ( -1.000000000000000000, 0.000000000000000000, 0.000000000000000000 ) ) ;
#2315 = CARTESIAN_POINT ( 'NONE',  ( -20.68052463955735121, -13.21369043524085463, 6.400000000000000355 ) ) ;
#2316 = EDGE_CURVE ( 'NONE', #2410, #3315, #777, .T. ) ;
#2317 = CIRCLE ( 'NONE', #3168, 1.799999999999999822 ) ;
#2318 = AXIS2_PLACEMENT_3D ( 'NONE', #2707, #512, #3529 ) ;
#2319 = ORIENTED_EDGE ( 'NONE', *, *, #414, .F. ) ;
#2320 = AXIS2_PLACEMENT_3D ( 'NONE', #3265, #2423, #1387 ) ;
#2321 = AXIS2_PLACEMENT_3D ( 'NONE', #620, #3355, #883 ) ;
#2322 = DIRECTION ( 'NONE',  ( -0.000000000000000000, -0.000000000000000000, -1.000000000000000000 ) ) ;
#2323 = FACE_OUTER_BOUND ( 'NONE', #2702, .T. ) ;
#2324 = APPROVAL_PERSON_ORGANIZATION ( #1262, #1609, #47 ) ;
#2325 = LINE ( 'NONE', #2339, #441 ) ;
#2326 = ORIENTED_EDGE ( 'NONE', *, *, #1626, .T. ) ;
#2327 = CARTESIAN_POINT ( 'NONE',  ( 23.22497539171025238, -7.930084005870781994, 6.399999999999999467 ) ) ;
#2328 = ORIENTED_EDGE ( 'NONE', *, *, #3528, .F. ) ;
#2329 = DIRECTION ( 'NONE',  ( 1.000000000000000000, 0.000000000000000000, 0.000000000000000000 ) ) ;
#2330 = CARTESIAN_POINT ( 'NONE',  ( 0.000000000000000000, 0.000000000000000000, 3.400000000000000355 ) ) ;
#2331 = VERTEX_POINT ( 'NONE', #1083 ) ;
#2332 = CARTESIAN_POINT ( 'NONE',  ( 20.78902224138451871, 13.88584006271208082, 6.399999999999999467 ) ) ;
#2333 = LINE ( 'NONE', #3188, #2037 ) ;
#2334 = EDGE_CURVE ( 'NONE', #317, #2999, #324, .T. ) ;
#2335 = ORIENTED_EDGE ( 'NONE', *, *, #568, .F. ) ;
#2336 = DIRECTION ( 'NONE',  ( 0.000000000000000000, 0.000000000000000000, -1.000000000000000000 ) ) ;
#2337 = CARTESIAN_POINT ( 'NONE',  ( 0.000000000000000000, 0.000000000000000000, 6.400000000000000355 ) ) ;
#2338 = CARTESIAN_POINT ( 'NONE',  ( -22.52422169756047765, 10.84709347793895162, 20.40000000000000213 ) ) ;
#2339 = CARTESIAN_POINT ( 'NONE',  ( -8.280545970745427198, 23.10234344632782211, -0.4000000000000000222 ) ) ;
#2340 = ORIENTED_EDGE ( 'NONE', *, *, #1222, .F. ) ;
#2341 = DIRECTION ( 'NONE',  ( -0.000000000000000000, -0.000000000000000000, -1.000000000000000000 ) ) ;
#2342 = CYLINDRICAL_SURFACE ( 'NONE', #1862, 2.999999999999998668 ) ;
#2343 = VERTEX_POINT ( 'NONE', #2182 ) ;
#2344 = FACE_OUTER_BOUND ( 'NONE', #3253, .T. ) ;
#2345 = ADVANCED_FACE ( 'NONE', ( #2, #2204, #2448, #3270, #2236, #593, #3329, #1136 ), #1112, .T. ) ;
#2346 = ORIENTED_EDGE ( 'NONE', *, *, #1499, .F. ) ;
#2347 = DIRECTION ( 'NONE',  ( 0.000000000000000000, 0.000000000000000000, -1.000000000000000000 ) ) ;
#2348 = APPROVAL_STATUS ( 'not_yet_approved' ) ;
#2349 = ORIENTED_EDGE ( 'NONE', *, *, #1980, .T. ) ;
#2350 = DIRECTION ( 'NONE',  ( -1.000000000000000000, 0.000000000000000000, 0.000000000000000000 ) ) ;
#2351 = FACE_BOUND ( 'NONE', #1116, .T. ) ;
#2352 = DIRECTION ( 'NONE',  ( 0.000000000000000000, 0.000000000000000000, -1.000000000000000000 ) ) ;
#2353 = CARTESIAN_POINT ( 'NONE',  ( 24.26000000000000512, -3.420877080516027124, -0.4000000000000000222 ) ) ;
#2354 = ORIENTED_EDGE ( 'NONE', *, *, #1859, .T. ) ;
#2355 = CARTESIAN_POINT ( 'NONE',  ( -12.95131319389213154, 21.10011373778842270, 6.400000000000000355 ) ) ;
#2356 = CYLINDRICAL_SURFACE ( 'NONE', #2025, 1.799999999999999600 ) ;
#2357 = EDGE_CURVE ( 'NONE', #1498, #1303, #3521, .T. ) ;
#2358 = VECTOR ( 'NONE', #2445, 1000.000000000000000 ) ;
#2359 = EDGE_CURVE ( 'NONE', #3266, #2642, #1231, .T. ) ;
#2360 = ORIENTED_EDGE ( 'NONE', *, *, #3272, .F. ) ;
#2361 = DIRECTION ( 'NONE',  ( 0.000000000000000000, 0.000000000000000000, 1.000000000000000000 ) ) ;
#2362 = AXIS2_PLACEMENT_3D ( 'NONE', #1649, #2407, #1856 ) ;
#2363 = ORIENTED_EDGE ( 'NONE', *, *, #2571, .F. ) ;
#2364 = DIRECTION ( 'NONE',  ( 0.000000000000000000, 0.000000000000000000, 1.000000000000000000 ) ) ;
#2365 = AXIS2_PLACEMENT_3D ( 'NONE', #1880, #539, #766 ) ;
#2366 = DIRECTION ( 'NONE',  ( -1.000000000000000000, 0.000000000000000000, 0.000000000000000000 ) ) ;
#2367 = AXIS2_PLACEMENT_3D ( 'NONE', #2789, #3349, #902 ) ;
#2368 = AXIS2_PLACEMENT_3D ( 'NONE', #501, #2969, #3518 ) ;
#2369 = ORIENTED_EDGE ( 'NONE', *, *, #177, .F. ) ;
#2370 = EDGE_LOOP ( 'NONE', ( #1854, #3196 ) ) ;
#2371 = DIRECTION ( 'NONE',  ( 0.000000000000000000, 0.000000000000000000, 1.000000000000000000 ) ) ;
#2372 = DIRECTION ( 'NONE',  ( -0.000000000000000000, -0.000000000000000000, -1.000000000000000000 ) ) ;
#2373 = CARTESIAN_POINT ( 'NONE',  ( -20.15254326381674943, -20.15254326381645456, 19.40000000000000213 ) ) ;
#2374 = AXIS2_PLACEMENT_3D ( 'NONE', #1829, #1846, #2662 ) ;
#2375 = AXIS2_PLACEMENT_3D ( 'NONE', #2059, #3146, #702 ) ;
#2376 = LINE ( 'NONE', #791, #2772 ) ;
#2377 = AXIS2_PLACEMENT_3D ( 'NONE', #2090, #682, #1770 ) ;
#2378 = VERTEX_POINT ( 'NONE', #74 ) ;
#2379 = VERTEX_POINT ( 'NONE', #1966 ) ;
#2380 = CARTESIAN_POINT ( 'NONE',  ( 20.68052463955735121, 13.21369043524085818, 20.40000000000000213 ) ) ;
#2381 = AXIS2_PLACEMENT_3D ( 'NONE', #1744, #2576, #1766 ) ;
#2382 = AXIS2_PLACEMENT_3D ( 'NONE', #1848, #2928, #2951 ) ;
#2383 = ORIENTED_EDGE ( 'NONE', *, *, #801, .F. ) ;
#2384 = ADVANCED_FACE ( 'NONE', ( #1935 ), #828, .F. ) ;
#2385 = CARTESIAN_POINT ( 'NONE',  ( 1.799999999999999600, 28.50000000000000000, 2.400000000000000355 ) ) ;
#2386 = EDGE_CURVE ( 'NONE', #2666, #1994, #149, .T. ) ;
#2387 = VERTEX_POINT ( 'NONE', #299 ) ;
#2388 = DIRECTION ( 'NONE',  ( -0.000000000000000000, -0.000000000000000000, 1.000000000000000000 ) ) ;
#2389 = DIRECTION ( 'NONE',  ( 0.000000000000000000, 0.000000000000000000, 1.000000000000000000 ) ) ;
#2390 = ORIENTED_EDGE ( 'NONE', *, *, #3547, .F. ) ;
#2391 = EDGE_LOOP ( 'NONE', ( #3104, #2113, #3375, #2696 ) ) ;
#2392 = DIRECTION ( 'NONE',  ( 0.000000000000000000, 0.000000000000000000, -1.000000000000000000 ) ) ;
#2393 = CARTESIAN_POINT ( 'NONE',  ( -26.48172400785650638, -14.24999999999999467, 24.40000000000000213 ) ) ;
#2394 = DIRECTION ( 'NONE',  ( 0.000000000000000000, 0.000000000000000000, 1.000000000000000000 ) ) ;
#2395 = DIRECTION ( 'NONE',  ( -0.000000000000000000, -0.000000000000000000, 1.000000000000000000 ) ) ;
#2396 = ORIENTED_EDGE ( 'NONE', *, *, #173, .F. ) ;
#2397 = PLANE ( 'NONE',  #1957 ) ;
#2398 = DIRECTION ( 'NONE',  ( -0.000000000000000000, -0.000000000000000000, -1.000000000000000000 ) ) ;
#2399 = ORIENTED_EDGE ( 'NONE', *, *, #1220, .F. ) ;
#2400 = DIRECTION ( 'NONE',  ( 1.000000000000000000, 0.000000000000000000, 0.000000000000000000 ) ) ;
#2401 = EDGE_CURVE ( 'NONE', #1504, #1531, #2478, .T. ) ;
#2402 = ORIENTED_EDGE ( 'NONE', *, *, #3344, .T. ) ;
#2403 = DIRECTION ( 'NONE',  ( -1.000000000000000000, 1.224646799147353454E-16, 0.000000000000000000 ) ) ;
#2404 = EDGE_CURVE ( 'NONE', #944, #1495, #2254, .T. ) ;
#2405 = ORIENTED_EDGE ( 'NONE', *, *, #414, .T. ) ;
#2406 = CARTESIAN_POINT ( 'NONE',  ( -17.48424528574716419, -17.22169797300899674, -0.4000000000000000222 ) ) ;
#2407 = DIRECTION ( 'NONE',  ( -0.000000000000000000, -0.000000000000000000, -1.000000000000000000 ) ) ;
#2408 = DIRECTION ( 'NONE',  ( 0.000000000000000000, 0.000000000000000000, 1.000000000000000000 ) ) ;
#2409 = DIRECTION ( 'NONE',  ( -1.000000000000000000, 0.000000000000000000, 0.000000000000000000 ) ) ;
#2410 = VERTEX_POINT ( 'NONE', #1704 ) ;
#2411 = PLANE ( 'NONE',  #1629 ) ;
#2412 = DIRECTION ( 'NONE',  ( 0.000000000000000000, 0.000000000000000000, 1.000000000000000000 ) ) ;
#2413 = VERTEX_POINT ( 'NONE', #351 ) ;
#2414 = CARTESIAN_POINT ( 'NONE',  ( -23.22497539171025238, 7.930084005870780217, 20.40000000000000213 ) ) ;
#2415 = EDGE_LOOP ( 'NONE', ( #3320, #743, #607, #2405, #2275, #2894, #3061 ) ) ;
#2416 = DIRECTION ( 'NONE',  ( 0.000000000000000000, 0.000000000000000000, -1.000000000000000000 ) ) ;
#2417 = COORDINATED_UNIVERSAL_TIME_OFFSET ( 8, 0, .AHEAD. ) ;
#2418 = CIRCLE ( 'NONE', #1852, 2.999999999999999112 ) ;
#2419 = ORIENTED_EDGE ( 'NONE', *, *, #77, .F. ) ;
#2420 = EDGE_CURVE ( 'NONE', #2870, #729, #268, .T. ) ;
#2421 = CARTESIAN_POINT ( 'NONE',  ( 23.34176767406854580, -7.443915760526085279, 6.399999999999999467 ) ) ;
#2422 = CARTESIAN_POINT ( 'NONE',  ( -18.16368570642208979, 17.17790795057180375, -4.599999999999999645 ) ) ;
#2423 = DIRECTION ( 'NONE',  ( 0.000000000000000000, 0.000000000000000000, -1.000000000000000000 ) ) ;
#2424 = CIRCLE ( 'NONE', #3163, 0.5000000000000004441 ) ;
#2425 = DIRECTION ( 'NONE',  ( 1.000000000000000000, 0.000000000000000000, 0.000000000000000000 ) ) ;
#2426 = ORIENTED_EDGE ( 'NONE', *, *, #3200, .F. ) ;
#2427 = AXIS2_PLACEMENT_3D ( 'NONE', #1216, #2018, #1773 ) ;
#2428 = CIRCLE ( 'NONE', #948, 0.5000000000000000000 ) ;
#2429 = LINE ( 'NONE', #1162, #1053 ) ;
#2430 = DIRECTION ( 'NONE',  ( 0.6234898018587335944, 0.7818314824680298036, 0.000000000000000000 ) ) ;
#2431 = AXIS2_PLACEMENT_3D ( 'NONE', #385, #1476, #2553 ) ;
#2432 = ORIENTED_EDGE ( 'NONE', *, *, #69, .T. ) ;
#2433 = ADVANCED_FACE ( 'NONE', ( #1949, #580, #1436, #17, #3055, #335, #1667 ), #2221, .F. ) ;
#2434 = CYLINDRICAL_SURFACE ( 'NONE', #2382, 32.00000000000000000 ) ;
#2435 = AXIS2_PLACEMENT_3D ( 'NONE', #972, #922, #701 ) ;
#2436 = LOCAL_TIME ( 11, 16, 35.00000000000000000, #2187 ) ;
#2437 = EDGE_LOOP ( 'NONE', ( #2757, #2737, #482, #678 ) ) ;
#2438 = CARTESIAN_POINT ( 'NONE',  ( 18.35254326381652845, -20.15254326381667838, 24.40000000000000213 ) ) ;
#2439 = ORIENTED_EDGE ( 'NONE', *, *, #1249, .F. ) ;
#2440 = DIRECTION ( 'NONE',  ( 0.000000000000000000, 0.000000000000000000, 1.000000000000000000 ) ) ;
#2441 = CARTESIAN_POINT ( 'NONE',  ( 20.37324179655684020, -13.60812326145781981, -0.4000000000000000222 ) ) ;
#2442 = EDGE_CURVE ( 'NONE', #3523, #2564, #3282, .T. ) ;
#2443 = PLANE ( 'NONE',  #2318 ) ;
#2444 = ORIENTED_EDGE ( 'NONE', *, *, #1902, .T. ) ;
#2445 = DIRECTION ( 'NONE',  ( -0.000000000000000000, -0.000000000000000000, -1.000000000000000000 ) ) ;
#2446 = CARTESIAN_POINT ( 'NONE',  ( -2.563217027994286301, -24.40728646845270333, 6.400000000000000355 ) ) ;
#2447 = ORIENTED_EDGE ( 'NONE', *, *, #350, .F. ) ;
#2448 = FACE_BOUND ( 'NONE', #1208, .T. ) ;
#2449 = ORIENTED_EDGE ( 'NONE', *, *, #131, .F. ) ;
#2450 = CARTESIAN_POINT ( 'NONE',  ( 21.95254326381653698, -20.15254326381667838, 19.40000000000000213 ) ) ;
#2451 = PERSON_AND_ORGANIZATION ( #1046, #1298 ) ;
#2452 = EDGE_CURVE ( 'NONE', #3248, #2808, #1416, .T. ) ;
#2453 = VERTEX_POINT ( 'NONE', #1988 ) ;
#2454 = CYLINDRICAL_SURFACE ( 'NONE', #2587, 2.999999999999998668 ) ;
#2455 = CARTESIAN_POINT ( 'NONE',  ( 12.45131319389212798, -21.10011373778842270, 6.400000000000000355 ) ) ;
#2456 = ADVANCED_FACE ( 'NONE', ( #3073 ), #631, .F. ) ;
#2457 = ORIENTED_EDGE ( 'NONE', *, *, #636, .F. ) ;
#2458 = DIRECTION ( 'NONE',  ( -1.000000000000000000, 0.000000000000000000, 0.000000000000000000 ) ) ;
#2459 = DIRECTION ( 'NONE',  ( -0.000000000000000000, -0.000000000000000000, 1.000000000000000000 ) ) ;
#2460 = DIRECTION ( 'NONE',  ( 1.000000000000000000, 0.000000000000000000, 0.000000000000000000 ) ) ;
#2461 = VERTEX_POINT ( 'NONE', #1187 ) ;
#2462 = DIRECTION ( 'NONE',  ( -0.000000000000000000, -0.000000000000000000, -1.000000000000000000 ) ) ;
#2463 = ADVANCED_FACE ( 'NONE', ( #2872 ), #2533, .F. ) ;
#2464 = ORIENTED_EDGE ( 'NONE', *, *, #1791, .F. ) ;
#2465 = VERTEX_POINT ( 'NONE', #3384 ) ;
#2466 = DIRECTION ( 'NONE',  ( 0.000000000000000000, 0.000000000000000000, 1.000000000000000000 ) ) ;
#2467 = ORIENTED_EDGE ( 'NONE', *, *, #1694, .F. ) ;
#2468 = DIRECTION ( 'NONE',  ( -0.000000000000000000, -0.000000000000000000, -1.000000000000000000 ) ) ;
#2469 = AXIS2_PLACEMENT_3D ( 'NONE', #1945, #1959, #2495 ) ;
#2470 = DIRECTION ( 'NONE',  ( -1.000000000000000000, 0.000000000000000000, 0.000000000000000000 ) ) ;
#2471 = VECTOR ( 'NONE', #1358, 1000.000000000000000 ) ;
#2472 = ORIENTED_EDGE ( 'NONE', *, *, #3199, .F. ) ;
#2473 = CARTESIAN_POINT ( 'NONE',  ( -8.911700416039110451, -23.35768814961721418, -4.599999999999999645 ) ) ;
#2474 = CARTESIAN_POINT ( 'NONE',  ( 0.000000000000000000, 0.000000000000000000, 20.40000000000000213 ) ) ;
#2475 = CIRCLE ( 'NONE', #1967, 3.000000000000002665 ) ;
#2476 = DIRECTION ( 'NONE',  ( -0.000000000000000000, -0.000000000000000000, -1.000000000000000000 ) ) ;
#2477 = ORIENTED_EDGE ( 'NONE', *, *, #2524, .F. ) ;
#2478 = LINE ( 'NONE', #1381, #1405 ) ;
#2479 = VECTOR ( 'NONE', #2371, 1000.000000000000000 ) ;
#2480 = EDGE_CURVE ( 'NONE', #867, #2666, #1971, .T. ) ;
#2481 = EDGE_LOOP ( 'NONE', ( #136, #1088, #622, #188 ) ) ;
#2482 = CIRCLE ( 'NONE', #3415, 25.00000000000000000 ) ;
#2483 = AXIS2_PLACEMENT_3D ( 'NONE', #582, #1670, #3077 ) ;
#2484 = ORIENTED_EDGE ( 'NONE', *, *, #1990, .F. ) ;
#2485 = CARTESIAN_POINT ( 'NONE',  ( 20.15254326381661443, 20.15254326381660377, 19.40000000000000213 ) ) ;
#2486 = CARTESIAN_POINT ( 'NONE',  ( -20.87324179655682954, -13.60812326145783757, 20.40000000000000213 ) ) ;
#2487 = COORDINATED_UNIVERSAL_TIME_OFFSET ( 8, 0, .AHEAD. ) ;
#2488 = CIRCLE ( 'NONE', #904, 0.5000000000000004441 ) ;
#2489 = ADVANCED_FACE ( 'NONE', ( #918 ), #2342, .T. ) ;
#2490 = ORIENTED_EDGE ( 'NONE', *, *, #669, .F. ) ;
#2491 = CARTESIAN_POINT ( 'NONE',  ( 0.000000000000000000, 0.000000000000000000, 2.400000000000000355 ) ) ;
#2492 = LINE ( 'NONE', #3281, #1644 ) ;
#2493 = ADVANCED_FACE ( 'NONE', ( #1758 ), #665, .T. ) ;
#2494 = VERTEX_POINT ( 'NONE', #2327 ) ;
#2495 = DIRECTION ( 'NONE',  ( -1.000000000000000000, 0.000000000000000000, 0.000000000000000000 ) ) ;
#2496 = DIRECTION ( 'NONE',  ( -0.000000000000000000, -0.000000000000000000, -1.000000000000000000 ) ) ;
#2497 = CC_DESIGN_PERSON_AND_ORGANIZATION_ASSIGNMENT ( #551, #2171, ( #3534 ) ) ;
#2498 = EDGE_CURVE ( 'NONE', #1165, #3064, #3089, .T. ) ;
#2499 = DIRECTION ( 'NONE',  ( 1.000000000000000000, 0.000000000000000000, -0.000000000000000000 ) ) ;
#2500 = ORIENTED_EDGE ( 'NONE', *, *, #2099, .T. ) ;
#2501 = CC_DESIGN_APPROVAL ( #3358, ( #392 ) ) ;
#2502 = CARTESIAN_POINT ( 'NONE',  ( 0.000000000000000000, 0.000000000000000000, -4.599999999999999645 ) ) ;
#2503 = VERTEX_POINT ( 'NONE', #2803 ) ;
#2504 = ORIENTED_EDGE ( 'NONE', *, *, #1061, .F. ) ;
#2505 = CARTESIAN_POINT ( 'NONE',  ( 8.280545970745418316, 23.10234344632782211, 20.40000000000000213 ) ) ;
#2506 = DIRECTION ( 'NONE',  ( -1.000000000000000000, 0.000000000000000000, 0.000000000000000000 ) ) ;
#2507 = VERTEX_POINT ( 'NONE', #96 ) ;
#2508 = DIRECTION ( 'NONE',  ( -0.000000000000000000, -0.000000000000000000, 1.000000000000000000 ) ) ;
#2509 = CARTESIAN_POINT ( 'NONE',  ( -24.68172400785650566, -14.24999999999999467, 2.400000000000000355 ) ) ;
#2510 = EDGE_CURVE ( 'NONE', #2110, #1193, #2767, .T. ) ;
#2511 = VERTEX_POINT ( 'NONE', #1202 ) ;
#2512 = FACE_OUTER_BOUND ( 'NONE', #1821, .T. ) ;
#2513 = FACE_OUTER_BOUND ( 'NONE', #1837, .T. ) ;
#2514 = DIRECTION ( 'NONE',  ( -0.9009688679024190350, -0.4338837391175584535, 0.000000000000000000 ) ) ;
#2515 = ORIENTED_EDGE ( 'NONE', *, *, #3528, .T. ) ;
#2516 = DIRECTION ( 'NONE',  ( 0.000000000000000000, 0.000000000000000000, -1.000000000000000000 ) ) ;
#2517 = EDGE_LOOP ( 'NONE', ( #2686, #2833 ) ) ;
#2518 = DIRECTION ( 'NONE',  ( 0.000000000000000000, 0.000000000000000000, 1.000000000000000000 ) ) ;
#2519 = DIRECTION ( 'NONE',  ( -0.000000000000000000, -0.000000000000000000, 1.000000000000000000 ) ) ;
#2520 = CARTESIAN_POINT ( 'NONE',  ( -20.15254326381674943, -20.15254326381645456, 19.40000000000000213 ) ) ;
#2521 = EDGE_LOOP ( 'NONE', ( #2677, #191, #1, #1883 ) ) ;
#2522 = PLANE ( 'NONE',  #2532 ) ;
#2523 = CARTESIAN_POINT ( 'NONE',  ( 17.48424528574717129, -17.22169797300899674, -0.4000000000000000222 ) ) ;
#2524 = EDGE_CURVE ( 'NONE', #2173, #595, #2290, .T. ) ;
#2525 = CLOSED_SHELL ( 'NONE', ( #2592, #651, #3351, #3028, #2130, #2009, #2618, #1755, #429, #2154, #1647, #1625, #2202, #3218, #423, #2028, #1114, #708, #2698, #303, #714, #2433, #1700, #357, #161, #2004, #986, #402, #1011, #1510, #1437, #711, #127, #2291, #504, #2301, #3371, #1156, #1182, #2794, #1401, #795, #779, #1450, #1318, #1621, #16, #48, #2857, #66, #471, #2493, #2489, #604, #2631, #1133, #3121, #460, #671, #1774, #1473, #1027, #3258, #2929, #835, #300, #1604, #757, #3246, #3008, #2996, #1903, #2682, #2761, #1239, #3006, #3482, #2826, #2813, #1838, #413, #2556, #3189, #2903, #2052, #2463, #228, #2456, #552, #1045, #763, #816, #2118, #2172, #2345, #1367, #811, #2250, #3263, #2985, #1672, #1324, #3362, #2076, #2384, #243, #135, #1204, #3303, #2043, #1491, #3234 ) ) ;
#2526 = ORIENTED_EDGE ( 'NONE', *, *, #472, .F. ) ;
#2527 = DIRECTION ( 'NONE',  ( -0.000000000000000000, -0.000000000000000000, -1.000000000000000000 ) ) ;
#2528 = CARTESIAN_POINT ( 'NONE',  ( 2.105356436573516454, -24.91119174738491537, 6.400000000000000355 ) ) ;
#2529 = AXIS2_PLACEMENT_3D ( 'NONE', #3433, #1783, #712 ) ;
#2530 = CARTESIAN_POINT ( 'NONE',  ( 8.733466407718326607, 22.89053438662487139, 6.400000000000000355 ) ) ;
#2531 = ORIENTED_EDGE ( 'NONE', *, *, #2746, .F. ) ;
#2532 = AXIS2_PLACEMENT_3D ( 'NONE', #2741, #871, #1122 ) ;
#2533 = CYLINDRICAL_SURFACE ( 'NONE', #947, 0.5000000000000004441 ) ;
#2534 = AXIS2_PLACEMENT_3D ( 'NONE', #1426, #2466, #62 ) ;
#2535 = ORIENTED_EDGE ( 'NONE', *, *, #2973, .T. ) ;
#2536 = ORIENTED_EDGE ( 'NONE', *, *, #238, .F. ) ;
#2537 = CARTESIAN_POINT ( 'NONE',  ( 24.36571428571428655, -2.932180354728040061, 6.400000000000000355 ) ) ;
#2538 = CIRCLE ( 'NONE', #2541, 1.800000000000002931 ) ;
#2539 = DIRECTION ( 'NONE',  ( -1.000000000000000000, -8.673617379884027583E-16, 0.000000000000000000 ) ) ;
#2540 = AXIS2_PLACEMENT_3D ( 'NONE', #3400, #998, #2567 ) ;
#2541 = AXIS2_PLACEMENT_3D ( 'NONE', #1289, #1811, #756 ) ;
#2542 = AXIS2_PLACEMENT_3D ( 'NONE', #1539, #692, #750 ) ;
#2543 = ORIENTED_EDGE ( 'NONE', *, *, #2228, .F. ) ;
#2544 = DIRECTION ( 'NONE',  ( -0.000000000000000000, -0.000000000000000000, 1.000000000000000000 ) ) ;
#2545 = LINE ( 'NONE', #138, #2606 ) ;
#2546 = AXIS2_PLACEMENT_3D ( 'NONE', #3506, #3176, #1052 ) ;
#2547 = AXIS2_PLACEMENT_3D ( 'NONE', #1611, #1722, #2806 ) ;
#2548 = CIRCLE ( 'NONE', #1474, 25.00000000000000000 ) ;
#2549 = ORIENTED_EDGE ( 'NONE', *, *, #3316, .T. ) ;
#2550 = DIRECTION ( 'NONE',  ( 0.000000000000000000, 0.000000000000000000, -1.000000000000000000 ) ) ;
#2551 = CARTESIAN_POINT ( 'NONE',  ( -20.68052463955735121, -13.21369043524085640, -0.4000000000000000222 ) ) ;
#2552 = EDGE_CURVE ( 'NONE', #2378, #3352, #2593, .T. ) ;
#2553 = DIRECTION ( 'NONE',  ( -1.000000000000000000, 0.000000000000000000, 0.000000000000000000 ) ) ;
#2554 = EDGE_LOOP ( 'NONE', ( #2802, #3348 ) ) ;
#2555 = DIRECTION ( 'NONE',  ( 0.000000000000000000, 0.000000000000000000, 1.000000000000000000 ) ) ;
#2556 = ADVANCED_FACE ( 'NONE', ( #1478 ), #1529, .F. ) ;
#2557 = EDGE_LOOP ( 'NONE', ( #1548, #1737, #1989, #1285 ) ) ;
#2558 = FACE_OUTER_BOUND ( 'NONE', #1904, .T. ) ;
#2559 = DIRECTION ( 'NONE',  ( -1.000000000000000000, 0.000000000000000000, 0.000000000000000000 ) ) ;
#2560 = ORIENTED_EDGE ( 'NONE', *, *, #1395, .F. ) ;
#2561 = CARTESIAN_POINT ( 'NONE',  ( -24.75510204081632537, -3.490690898485764748, -4.599999999999999645 ) ) ;
#2562 = DIRECTION ( 'NONE',  ( -0.000000000000000000, -0.000000000000000000, 1.000000000000000000 ) ) ;
#2563 = EDGE_CURVE ( 'NONE', #420, #1958, #440, .T. ) ;
#2564 = VERTEX_POINT ( 'NONE', #367 ) ;
#2565 = DIRECTION ( 'NONE',  ( 0.000000000000000000, 0.000000000000000000, -1.000000000000000000 ) ) ;
#2566 = CARTESIAN_POINT ( 'NONE',  ( 5.563023348907861099, -24.37319780454559393, -0.4000000000000000222 ) ) ;
#2567 = DIRECTION ( 'NONE',  ( 1.000000000000000000, 0.000000000000000000, 0.000000000000000000 ) ) ;
#2568 = ORIENTED_EDGE ( 'NONE', *, *, #747, .T. ) ;
#2569 = DIRECTION ( 'NONE',  ( -1.000000000000000000, 0.000000000000000000, 0.000000000000000000 ) ) ;
#2570 = ORIENTED_EDGE ( 'NONE', *, *, #3161, .F. ) ;
#2571 = EDGE_CURVE ( 'NONE', #3072, #748, #891, .T. ) ;
#2572 = CARTESIAN_POINT ( 'NONE',  ( -20.78902224138451871, -13.88584006271208082, 20.40000000000000213 ) ) ;
#2573 = CYLINDRICAL_SURFACE ( 'NONE', #2147, 0.5000000000000004441 ) ;
#2574 = VERTEX_POINT ( 'NONE', #405 ) ;
#2575 = CARTESIAN_POINT ( 'NONE',  ( -12.45131319389213154, 21.10011373778842270, 6.400000000000000355 ) ) ;
#2576 = DIRECTION ( 'NONE',  ( 0.000000000000000000, 0.000000000000000000, 1.000000000000000000 ) ) ;
#2577 = ORIENTED_EDGE ( 'NONE', *, *, #930, .F. ) ;
#2578 = CYLINDRICAL_SURFACE ( 'NONE', #1735, 1.799999999999999600 ) ;
#2579 = LINE ( 'NONE', #2551, #1866 ) ;
#2580 = AXIS2_PLACEMENT_3D ( 'NONE', #2070, #1271, #475 ) ;
#2581 = EDGE_CURVE ( 'NONE', #2413, #2465, #93, .T. ) ;
#2582 = DIRECTION ( 'NONE',  ( -1.000000000000000000, 0.000000000000000000, 0.000000000000000000 ) ) ;
#2583 = EDGE_LOOP ( 'NONE', ( #644, #2340 ) ) ;
#2584 = DESIGN_CONTEXT ( 'detailed design', #1398, 'design' ) ;
#2585 = CARTESIAN_POINT ( 'NONE',  ( 0.000000000000000000, 0.000000000000000000, 3.400000000000000355 ) ) ;
#2586 = AXIS2_PLACEMENT_3D ( 'NONE', #2232, #928, #2744 ) ;
#2587 = AXIS2_PLACEMENT_3D ( 'NONE', #2958, #2440, #1033 ) ;
#2588 = VERTEX_POINT ( 'NONE', #130 ) ;
#2589 = FACE_OUTER_BOUND ( 'NONE', #2554, .T. ) ;
#2590 = DIRECTION ( 'NONE',  ( 1.000000000000000000, 0.000000000000000000, -0.000000000000000000 ) ) ;
#2591 = AXIS2_PLACEMENT_3D ( 'NONE', #2186, #2777, #22 ) ;
#2592 = ADVANCED_FACE ( 'NONE', ( #170 ), #383, .T. ) ;
#2593 = CIRCLE ( 'NONE', #3052, 25.00000000000000000 ) ;
#2594 = AXIS2_PLACEMENT_3D ( 'NONE', #2766, #629, #1451 ) ;
#2595 = EDGE_LOOP ( 'NONE', ( #1911, #2169, #132, #961 ) ) ;
#2596 = DIRECTION ( 'NONE',  ( 0.6234898018587332613, -0.7818314824680301367, 0.000000000000000000 ) ) ;
#2597 = DIRECTION ( 'NONE',  ( -0.000000000000000000, -0.000000000000000000, 1.000000000000000000 ) ) ;
#2598 = AXIS2_PLACEMENT_3D ( 'NONE', #13, #1107, #1899 ) ;
#2599 = VECTOR ( 'NONE', #2065, 1000.000000000000000 ) ;
#2600 = ORIENTED_EDGE ( 'NONE', *, *, #2359, .F. ) ;
#2601 = AXIS2_PLACEMENT_3D ( 'NONE', #2441, #3542, #306 ) ;
#2602 = DIRECTION ( 'NONE',  ( 0.000000000000000000, 0.000000000000000000, -1.000000000000000000 ) ) ;
#2603 = AXIS2_PLACEMENT_3D ( 'NONE', #1259, #172, #1901 ) ;
#2604 = DIRECTION ( 'NONE',  ( -0.000000000000000000, -0.000000000000000000, 1.000000000000000000 ) ) ;
#2605 = DIRECTION ( 'NONE',  ( -0.000000000000000000, -0.000000000000000000, -1.000000000000000000 ) ) ;
#2606 = VECTOR ( 'NONE', #1226, 1000.000000000000000 ) ;
#2607 = FACE_OUTER_BOUND ( 'NONE', #293, .T. ) ;
#2608 = ORIENTED_EDGE ( 'NONE', *, *, #271, .F. ) ;
#2609 = PLANE ( 'NONE',  #2188 ) ;
#2610 = DIRECTION ( 'NONE',  ( 0.000000000000000000, 0.000000000000000000, -1.000000000000000000 ) ) ;
#2611 = EDGE_CURVE ( 'NONE', #1927, #3204, #42, .T. ) ;
#2612 = ORIENTED_EDGE ( 'NONE', *, *, #866, .T. ) ;
#2613 = PLANE ( 'NONE',  #2603 ) ;
#2614 = ORIENTED_EDGE ( 'NONE', *, *, #64, .T. ) ;
#2615 = DIRECTION ( 'NONE',  ( -1.000000000000000000, 0.000000000000000000, 0.000000000000000000 ) ) ;
#2616 = EDGE_CURVE ( 'NONE', #396, #21, #2650, .T. ) ;
#2617 = ORIENTED_EDGE ( 'NONE', *, *, #1789, .F. ) ;
#2618 = ADVANCED_FACE ( 'NONE', ( #258 ), #2356, .F. ) ;
#2619 = LINE ( 'NONE', #2634, #2479 ) ;
#2620 = CARTESIAN_POINT ( 'NONE',  ( -12.45131319389213154, 21.10011373778842270, -0.4000000000000000222 ) ) ;
#2621 = CARTESIAN_POINT ( 'NONE',  ( 25.00000000000000000, 0.000000000000000000, -4.599999999999999645 ) ) ;
#2622 = DIRECTION ( 'NONE',  ( 0.000000000000000000, 0.000000000000000000, -1.000000000000000000 ) ) ;
#2623 = ORIENTED_EDGE ( 'NONE', *, *, #991, .T. ) ;
#2624 = ORIENTED_EDGE ( 'NONE', *, *, #2143, .T. ) ;
#2625 = CARTESIAN_POINT ( 'NONE',  ( -18.16368570642206492, -17.17790795057182507, 6.400000000000000355 ) ) ;
#2626 = ORIENTED_EDGE ( 'NONE', *, *, #3199, .T. ) ;
#2627 = EDGE_CURVE ( 'NONE', #2203, #1878, #186, .T. ) ;
#2628 = DIRECTION ( 'NONE',  ( -1.000000000000000000, 0.000000000000000000, 0.000000000000000000 ) ) ;
#2629 = ORIENTED_EDGE ( 'NONE', *, *, #2357, .T. ) ;
#2630 = FACE_OUTER_BOUND ( 'NONE', #380, .T. ) ;
#2631 = ADVANCED_FACE ( 'NONE', ( #2693 ), #1545, .T. ) ;
#2632 = ORIENTED_EDGE ( 'NONE', *, *, #1556, .T. ) ;
#2633 = VERTEX_POINT ( 'NONE', #2380 ) ;
#2634 = CARTESIAN_POINT ( 'NONE',  ( -12.89930345854586058, 20.87806706977590920, -0.4000000000000000222 ) ) ;
#2635 = CYLINDRICAL_SURFACE ( 'NONE', #376, 25.00000000000000000 ) ;
#2636 = DIRECTION ( 'NONE',  ( -0.000000000000000000, -0.000000000000000000, 1.000000000000000000 ) ) ;
#2637 = EDGE_CURVE ( 'NONE', #1303, #2343, #28, .T. ) ;
#2638 = FACE_OUTER_BOUND ( 'NONE', #1424, .T. ) ;
#2639 = ORIENTED_EDGE ( 'NONE', *, *, #2916, .T. ) ;
#2640 = CARTESIAN_POINT ( 'NONE',  ( 25.00000000000000000, 0.000000000000000000, 3.400000000000000355 ) ) ;
#2641 = CARTESIAN_POINT ( 'NONE',  ( -12.45131319389210667, -21.10011373778843691, 20.40000000000000213 ) ) ;
#2642 = VERTEX_POINT ( 'NONE', #2625 ) ;
#2643 = AXIS2_PLACEMENT_3D ( 'NONE', #588, #609, #1432 ) ;
#2644 = DIRECTION ( 'NONE',  ( 0.000000000000000000, 0.000000000000000000, -1.000000000000000000 ) ) ;
#2645 = VECTOR ( 'NONE', #397, 1000.000000000000000 ) ;
#2646 = ORIENTED_EDGE ( 'NONE', *, *, #527, .T. ) ;
#2647 = DIRECTION ( 'NONE',  ( 0.000000000000000000, 0.000000000000000000, -1.000000000000000000 ) ) ;
#2648 = AXIS2_PLACEMENT_3D ( 'NONE', #3245, #1353, #1875 ) ;
#2649 = CARTESIAN_POINT ( 'NONE',  ( 26.00000000000000355, 3.184081677783118585E-15, 3.400000000000000355 ) ) ;
#2650 = CIRCLE ( 'NONE', #2038, 0.5000000000000004441 ) ;
#2651 = AXIS2_PLACEMENT_3D ( 'NONE', #128, #3154, #1732 ) ;
#2652 = ORIENTED_EDGE ( 'NONE', *, *, #1791, .T. ) ;
#2653 = LINE ( 'NONE', #453, #1470 ) ;
#2654 = DIRECTION ( 'NONE',  ( 1.000000000000000000, 0.000000000000000000, 0.000000000000000000 ) ) ;
#2655 = LINE ( 'NONE', #222, #3289 ) ;
#2656 = CIRCLE ( 'NONE', #2771, 25.00000000000000000 ) ;
#2657 = CARTESIAN_POINT ( 'NONE',  ( -23.22497539171024528, -7.930084005870804198, 6.400000000000000355 ) ) ;
#2658 = CIRCLE ( 'NONE', #3236, 26.00000000000000355 ) ;
#2659 = CIRCLE ( 'NONE', #1750, 0.5000000000000004441 ) ;
#2660 = ORIENTED_EDGE ( 'NONE', *, *, #2074, .T. ) ;
#2661 = CARTESIAN_POINT ( 'NONE',  ( -2.563249307842049962, 24.41296791243722453, 20.40000000000000213 ) ) ;
#2662 = DIRECTION ( 'NONE',  ( 1.000000000000000000, 0.000000000000000000, 0.000000000000000000 ) ) ;
#2663 = EDGE_CURVE ( 'NONE', #1303, #1718, #1272, .T. ) ;
#2664 = AXIS2_PLACEMENT_3D ( 'NONE', #2048, #343, #1430 ) ;
#2665 = AXIS2_PLACEMENT_3D ( 'NONE', #2293, #724, #1816 ) ;
#2666 = VERTEX_POINT ( 'NONE', #1865 ) ;
#2667 = FACE_OUTER_BOUND ( 'NONE', #1713, .T. ) ;
#2668 = ORIENTED_EDGE ( 'NONE', *, *, #1097, .F. ) ;
#2669 = CARTESIAN_POINT ( 'NONE',  ( 8.911700416039133543, -23.35768814961720707, 6.399999999999999467 ) ) ;
#2670 = VERTEX_POINT ( 'NONE', #3454 ) ;
#2671 = CARTESIAN_POINT ( 'NONE',  ( -23.34176767406854580, 7.443915760526081726, 20.40000000000000213 ) ) ;
#2672 = EDGE_CURVE ( 'NONE', #691, #420, #3198, .T. ) ;
#2673 = DIRECTION ( 'NONE',  ( 1.000000000000000000, 0.000000000000000000, 0.000000000000000000 ) ) ;
#2674 = CARTESIAN_POINT ( 'NONE',  ( 21.95254326381653698, -20.15254326381667838, 24.40000000000000213 ) ) ;
#2675 = EDGE_CURVE ( 'NONE', #2173, #2289, #1119, .T. ) ;
#2676 = DIRECTION ( 'NONE',  ( -1.000000000000000000, 0.000000000000000000, -0.000000000000000000 ) ) ;
#2677 = ORIENTED_EDGE ( 'NONE', *, *, #1076, .F. ) ;
#2678 = CARTESIAN_POINT ( 'NONE',  ( 12.45131319389210667, 21.10011373778844046, 20.40000000000000213 ) ) ;
#2679 = DIRECTION ( 'NONE',  ( 0.000000000000000000, 0.000000000000000000, -1.000000000000000000 ) ) ;
#2680 = VERTEX_POINT ( 'NONE', #742 ) ;
#2681 = CYLINDRICAL_SURFACE ( 'NONE', #1355, 1.799999999999999600 ) ;
#2682 = ADVANCED_FACE ( 'NONE', ( #1024 ), #515, .F. ) ;
#2683 = ORIENTED_EDGE ( 'NONE', *, *, #1705, .F. ) ;
#2684 = CARTESIAN_POINT ( 'NONE',  ( -12.89930345854585880, 20.87806706977590920, 20.40000000000000213 ) ) ;
#2685 = APPROVAL_STATUS ( 'not_yet_approved' ) ;
#2686 = ORIENTED_EDGE ( 'NONE', *, *, #3398, .T. ) ;
#2687 = CARTESIAN_POINT ( 'NONE',  ( 21.95254326381661159, 20.15254326381660377, 19.40000000000000213 ) ) ;
#2688 = DIRECTION ( 'NONE',  ( 0.000000000000000000, 0.000000000000000000, 1.000000000000000000 ) ) ;
#2689 = LINE ( 'NONE', #455, #3353 ) ;
#2690 = FACE_OUTER_BOUND ( 'NONE', #770, .T. ) ;
#2691 = ORIENTED_EDGE ( 'NONE', *, *, #3312, .F. ) ;
#2692 = DIRECTION ( 'NONE',  ( 1.000000000000000000, 0.000000000000000000, 0.000000000000000000 ) ) ;
#2693 = FACE_OUTER_BOUND ( 'NONE', #1157, .T. ) ;
#2694 = ORIENTED_EDGE ( 'NONE', *, *, #2078, .F. ) ;
#2695 = CARTESIAN_POINT ( 'NONE',  ( -20.37324179655684020, 13.60812326145781448, 6.400000000000000355 ) ) ;
#2696 = ORIENTED_EDGE ( 'NONE', *, *, #108, .F. ) ;
#2697 = DIRECTION ( 'NONE',  ( -0.000000000000000000, -0.000000000000000000, -1.000000000000000000 ) ) ;
#2698 = ADVANCED_FACE ( 'NONE', ( #1618 ), #3494, .F. ) ;
#2699 = AXIS2_PLACEMENT_3D ( 'NONE', #2620, #1751, #3137 ) ;
#2700 = EDGE_CURVE ( 'NONE', #952, #3165, #2538, .T. ) ;
#2701 = AXIS2_PLACEMENT_3D ( 'NONE', #1175, #1695, #3337 ) ;
#2702 = EDGE_LOOP ( 'NONE', ( #2396, #709, #490, #1763 ) ) ;
#2703 = DIRECTION ( 'NONE',  ( 0.000000000000000000, 0.000000000000000000, -1.000000000000000000 ) ) ;
#2704 = CARTESIAN_POINT ( 'NONE',  ( 20.68052463955735121, 13.21369043524085818, -0.4000000000000000222 ) ) ;
#2705 = EDGE_CURVE ( 'NONE', #2465, #2410, #894, .T. ) ;
#2706 = AXIS2_PLACEMENT_3D ( 'NONE', #746, #815, #1835 ) ;
#2707 = CARTESIAN_POINT ( 'NONE',  ( -5.563023348907858434, -24.37319780454559393, 20.40000000000000213 ) ) ;
#2708 = ORIENTED_EDGE ( 'NONE', *, *, #91, .F. ) ;
#2709 = EDGE_CURVE ( 'NONE', #1786, #3335, #2317, .T. ) ;
#2710 = AXIS2_PLACEMENT_3D ( 'NONE', #3157, #2003, #2276 ) ;
#2711 = AXIS2_PLACEMENT_3D ( 'NONE', #104, #1777, #2281 ) ;
#2712 = FACE_OUTER_BOUND ( 'NONE', #1260, .T. ) ;
#2713 = CARTESIAN_POINT ( 'NONE',  ( 18.16368570642208624, -17.17790795057180731, 6.399999999999999467 ) ) ;
#2714 = CIRCLE ( 'NONE', #2262, 0.5000000000000004441 ) ;
#2715 = AXIS2_PLACEMENT_3D ( 'NONE', #2671, #3173, #3504 ) ;
#2716 = ORIENTED_EDGE ( 'NONE', *, *, #3247, .F. ) ;
#2717 = EDGE_CURVE ( 'NONE', #109, #2670, #2714, .T. ) ;
#2718 = DIRECTION ( 'NONE',  ( 1.000000000000000000, 0.000000000000000000, 0.000000000000000000 ) ) ;
#2719 = AXIS2_PLACEMENT_3D ( 'NONE', #3490, #1841, #486 ) ;
#2720 = EDGE_CURVE ( 'NONE', #2289, #2054, #153, .T. ) ;
#2721 = AXIS2_PLACEMENT_3D ( 'NONE', #1337, #2957, #2139 ) ;
#2722 = AXIS2_PLACEMENT_3D ( 'NONE', #160, #1247, #1780 ) ;
#2723 = ORIENTED_EDGE ( 'NONE', *, *, #1936, .T. ) ;
#2724 = DIRECTION ( 'NONE',  ( 1.000000000000000000, 0.000000000000000000, 0.000000000000000000 ) ) ;
#2725 = PERSON_AND_ORGANIZATION_ROLE ( 'classification_officer' ) ;
#2726 = ORIENTED_EDGE ( 'NONE', *, *, #909, .F. ) ;
#2727 = CARTESIAN_POINT ( 'NONE',  ( -20.15254326381639061, 20.15254326381682404, 19.40000000000000213 ) ) ;
#2728 = CARTESIAN_POINT ( 'NONE',  ( -12.70542162642051665, -21.53072830386575376, 6.399999999999999467 ) ) ;
#2729 = EDGE_CURVE ( 'NONE', #1950, #338, #2164, .T. ) ;
#2730 = EDGE_LOOP ( 'NONE', ( #1603, #2326, #2363, #3378, #1940, #1245, #1468, #2490, #1506, #87, #640, #2005 ) ) ;
#2731 = CARTESIAN_POINT ( 'NONE',  ( -20.15254326381674943, -20.15254326381645456, 19.40000000000000213 ) ) ;
#2732 = CYLINDRICAL_SURFACE ( 'NONE', #1234, 0.5000000000000004441 ) ;
#2733 = CARTESIAN_POINT ( 'NONE',  ( -2.563249307842023761, -24.41296791243722453, 6.399999999999999467 ) ) ;
#2734 = EDGE_CURVE ( 'NONE', #362, #2507, #3111, .T. ) ;
#2735 = ORIENTED_EDGE ( 'NONE', *, *, #55, .F. ) ;
#2736 = DIRECTION ( 'NONE',  ( 0.000000000000000000, 0.000000000000000000, 1.000000000000000000 ) ) ;
#2737 = ORIENTED_EDGE ( 'NONE', *, *, #1747, .F. ) ;
#2738 = DIRECTION ( 'NONE',  ( 0.000000000000000000, 0.000000000000000000, 1.000000000000000000 ) ) ;
#2739 = DATE_AND_TIME ( #800, #1925 ) ;
#2740 = ORIENTED_EDGE ( 'NONE', *, *, #2165, .T. ) ;
#2741 = CARTESIAN_POINT ( 'NONE',  ( -5.563023348907858434, -24.37319780454559393, 20.40000000000000213 ) ) ;
#2742 = FACE_OUTER_BOUND ( 'NONE', #2864, .T. ) ;
#2743 = ORIENTED_EDGE ( 'NONE', *, *, #2779, .F. ) ;
#2744 = DIRECTION ( 'NONE',  ( -1.000000000000000000, 0.000000000000000000, -0.000000000000000000 ) ) ;
#2745 = DIRECTION ( 'NONE',  ( -1.000000000000000000, 0.000000000000000000, 0.000000000000000000 ) ) ;
#2746 = EDGE_CURVE ( 'NONE', #349, #362, #3240, .T. ) ;
#2747 = CARTESIAN_POINT ( 'NONE',  ( 18.35254326381652845, -20.15254326381667838, 19.40000000000000213 ) ) ;
#2748 = VERTEX_POINT ( 'NONE', #1635 ) ;
#2749 = CARTESIAN_POINT ( 'NONE',  ( -17.80041199229365034, 16.83434979156036704, 6.399999999999999467 ) ) ;
#2750 = EDGE_CURVE ( 'NONE', #2788, #1241, #725, .T. ) ;
#2751 = ORIENTED_EDGE ( 'NONE', *, *, #1559, .T. ) ;
#2752 = ORIENTED_EDGE ( 'NONE', *, *, #1515, .T. ) ;
#2753 = DIRECTION ( 'NONE',  ( -0.000000000000000000, -0.000000000000000000, 1.000000000000000000 ) ) ;
#2754 = CARTESIAN_POINT ( 'NONE',  ( -18.35254326381638990, 20.15254326381682404, 24.40000000000000213 ) ) ;
#2755 = APPROVAL_ROLE ( '' ) ;
#2756 = CIRCLE ( 'NONE', #314, 25.00000000000000000 ) ;
#2757 = ORIENTED_EDGE ( 'NONE', *, *, #241, .F. ) ;
#2758 = DIRECTION ( 'NONE',  ( -0.9009688679024191460, 0.4338837391175580094, 0.000000000000000000 ) ) ;
#2759 = AXIS2_PLACEMENT_3D ( 'NONE', #1931, #1375, #2458 ) ;
#2760 = DIRECTION ( 'NONE',  ( 1.000000000000000000, 0.000000000000000000, 0.000000000000000000 ) ) ;
#2761 = ADVANCED_FACE ( 'NONE', ( #2513 ), #2732, .F. ) ;
#2762 = VERTEX_POINT ( 'NONE', #35 ) ;
#2763 = CARTESIAN_POINT ( 'NONE',  ( 18.35254326381661372, 20.15254326381660377, 24.40000000000000213 ) ) ;
#2764 = CARTESIAN_POINT ( 'NONE',  ( -8.733466407718330160, -22.89053438662486784, -0.4000000000000000222 ) ) ;
#2765 = CIRCLE ( 'NONE', #1227, 32.00000000000000000 ) ;
#2766 = CARTESIAN_POINT ( 'NONE',  ( -24.68172400785650211, 14.25000000000000355, 2.400000000000000355 ) ) ;
#2767 = CIRCLE ( 'NONE', #2934, 0.5000000000000004441 ) ;
#2768 = AXIS2_PLACEMENT_3D ( 'NONE', #2787, #348, #2514 ) ;
#2769 = VERTEX_POINT ( 'NONE', #2713 ) ;
#2770 = DIRECTION ( 'NONE',  ( -1.000000000000000000, 0.000000000000000000, 0.000000000000000000 ) ) ;
#2771 = AXIS2_PLACEMENT_3D ( 'NONE', #1094, #824, #3288 ) ;
#2772 = VECTOR ( 'NONE', #1896, 1000.000000000000000 ) ;
#2773 = ORIENTED_EDGE ( 'NONE', *, *, #108, .T. ) ;
#2774 = EDGE_CURVE ( 'NONE', #971, #396, #1913, .T. ) ;
#2775 = ORIENTED_EDGE ( 'NONE', *, *, #2132, .F. ) ;
#2776 = DIRECTION ( 'NONE',  ( -1.000000000000000000, 0.000000000000000000, 0.000000000000000000 ) ) ;
#2777 = DIRECTION ( 'NONE',  ( 0.000000000000000000, 0.000000000000000000, 1.000000000000000000 ) ) ;
#2778 = CIRCLE ( 'NONE', #3294, 25.00000000000000000 ) ;
#2779 = EDGE_CURVE ( 'NONE', #3036, #3483, #3057, .T. ) ;
#2780 = ORIENTED_EDGE ( 'NONE', *, *, #1619, .T. ) ;
#2781 = PLANE ( 'NONE',  #1172 ) ;
#2782 = DIRECTION ( 'NONE',  ( -1.000000000000000000, 0.000000000000000000, 0.000000000000000000 ) ) ;
#2783 = CC_DESIGN_PERSON_AND_ORGANIZATION_ASSIGNMENT ( #1317, #2136, ( #3017 ) ) ;
#2784 = ORIENTED_EDGE ( 'NONE', *, *, #487, .T. ) ;
#2785 = DIRECTION ( 'NONE',  ( -0.000000000000000000, -0.000000000000000000, 1.000000000000000000 ) ) ;
#2786 = DIRECTION ( 'NONE',  ( 1.000000000000000000, 0.000000000000000000, 0.000000000000000000 ) ) ;
#2787 = CARTESIAN_POINT ( 'NONE',  ( -22.52422169756048120, -10.84709347793895873, -0.4000000000000000222 ) ) ;
#2788 = VERTEX_POINT ( 'NONE', #346 ) ;
#2789 = CARTESIAN_POINT ( 'NONE',  ( 20.15254326381661443, 20.15254326381660377, 19.40000000000000213 ) ) ;
#2790 = VERTEX_POINT ( 'NONE', #2218 ) ;
#2791 = EDGE_LOOP ( 'NONE', ( #3370, #2419 ) ) ;
#2792 = DIRECTION ( 'NONE',  ( 1.000000000000000000, 0.000000000000000000, 0.000000000000000000 ) ) ;
#2793 = CARTESIAN_POINT ( 'NONE',  ( 2.063249307842046854, -24.41296791243722453, 20.40000000000000213 ) ) ;
#2794 = ADVANCED_FACE ( 'NONE', ( #3307 ), #279, .T. ) ;
#2795 = ORIENTED_EDGE ( 'NONE', *, *, #898, .T. ) ;
#2796 = CARTESIAN_POINT ( 'NONE',  ( 25.00000000000000000, 0.000000000000000000, -4.599999999999999645 ) ) ;
#2797 = DIRECTION ( 'NONE',  ( 1.000000000000000000, 0.000000000000000000, 0.000000000000000000 ) ) ;
#2798 = ORIENTED_EDGE ( 'NONE', *, *, #1443, .T. ) ;
#2799 = CARTESIAN_POINT ( 'NONE',  ( 24.68172400785650211, 14.25000000000000533, 2.400000000000000355 ) ) ;
#2800 = FACE_OUTER_BOUND ( 'NONE', #2956, .T. ) ;
#2801 = CYLINDRICAL_SURFACE ( 'NONE', #150, 32.00000000000000000 ) ;
#2802 = ORIENTED_EDGE ( 'NONE', *, *, #64, .F. ) ;
#2803 = CARTESIAN_POINT ( 'NONE',  ( 24.36571428571428655, -2.932180354728041838, 20.40000000000000213 ) ) ;
#2804 = EDGE_LOOP ( 'NONE', ( #1818, #3463, #422, #1546 ) ) ;
#2805 = DIRECTION ( 'NONE',  ( 0.000000000000000000, 0.000000000000000000, -1.000000000000000000 ) ) ;
#2806 = DIRECTION ( 'NONE',  ( 1.000000000000000000, 0.000000000000000000, -0.000000000000000000 ) ) ;
#2807 = DIRECTION ( 'NONE',  ( -0.000000000000000000, -0.000000000000000000, 1.000000000000000000 ) ) ;
#2808 = VERTEX_POINT ( 'NONE', #861 ) ;
#2809 = EDGE_CURVE ( 'NONE', #3440, #817, #1433, .T. ) ;
#2810 = DIRECTION ( 'NONE',  ( 1.000000000000000000, 0.000000000000000000, 0.000000000000000000 ) ) ;
#2811 = DIRECTION ( 'NONE',  ( -1.000000000000000000, 0.000000000000000000, 0.000000000000000000 ) ) ;
#2812 = CIRCLE ( 'NONE', #1275, 1.799999999999999600 ) ;
#2813 = ADVANCED_FACE ( 'NONE', ( #1678 ), #2995, .F. ) ;
#2814 = CIRCLE ( 'NONE', #1278, 1.799999999999999600 ) ;
#2815 = VERTEX_POINT ( 'NONE', #809 ) ;
#2816 = DIRECTION ( 'NONE',  ( 0.000000000000000000, 0.000000000000000000, -1.000000000000000000 ) ) ;
#2817 = DIRECTION ( 'NONE',  ( -1.000000000000000000, 0.000000000000000000, 0.000000000000000000 ) ) ;
#2818 = AXIS2_PLACEMENT_3D ( 'NONE', #3152, #1802, #416 ) ;
#2819 = DIRECTION ( 'NONE',  ( 1.000000000000000000, 0.000000000000000000, 0.000000000000000000 ) ) ;
#2820 = VERTEX_POINT ( 'NONE', #2446 ) ;
#2821 = CIRCLE ( 'NONE', #2986, 2.999999999999997335 ) ;
#2822 = DIRECTION ( 'NONE',  ( -0.000000000000000000, -0.000000000000000000, -1.000000000000000000 ) ) ;
#2823 = VECTOR ( 'NONE', #1151, 1000.000000000000000 ) ;
#2824 = VECTOR ( 'NONE', #2738, 1000.000000000000000 ) ;
#2825 = ORIENTED_EDGE ( 'NONE', *, *, #2404, .T. ) ;
#2826 = ADVANCED_FACE ( 'NONE', ( #295 ), #3255, .F. ) ;
#2827 = CYLINDRICAL_SURFACE ( 'NONE', #2435, 1.799999999999999822 ) ;
#2828 = AXIS2_PLACEMENT_3D ( 'NONE', #1148, #3013, #1701 ) ;
#2829 = DIRECTION ( 'NONE',  ( -0.000000000000000000, -0.000000000000000000, 1.000000000000000000 ) ) ;
#2830 = AXIS2_PLACEMENT_3D ( 'NONE', #1206, #1509, #2590 ) ;
#2831 = VECTOR ( 'NONE', #2352, 1000.000000000000000 ) ;
#2832 = AXIS2_PLACEMENT_3D ( 'NONE', #1253, #2303, #2582 ) ;
#2833 = ORIENTED_EDGE ( 'NONE', *, *, #903, .T. ) ;
#2834 = CARTESIAN_POINT ( 'NONE',  ( 22.88172400785649785, -14.25000000000001243, 2.400000000000000355 ) ) ;
#2835 = CARTESIAN_POINT ( 'NONE',  ( 0.000000000000000000, 0.000000000000000000, 6.400000000000000355 ) ) ;
#2836 = CIRCLE ( 'NONE', #1753, 0.5000000000000004441 ) ;
#2837 = CIRCLE ( 'NONE', #3472, 0.5000000000000004441 ) ;
#2838 = ORIENTED_EDGE ( 'NONE', *, *, #3336, .T. ) ;
#2839 = DIRECTION ( 'NONE',  ( -1.000000000000000000, 0.000000000000000000, 0.000000000000000000 ) ) ;
#2840 = DIRECTION ( 'NONE',  ( -0.000000000000000000, -0.000000000000000000, -1.000000000000000000 ) ) ;
#2841 = EDGE_CURVE ( 'NONE', #920, #57, #875, .T. ) ;
#2842 = CARTESIAN_POINT ( 'NONE',  ( 2.563217027994284081, 24.40728646845270333, 6.399999999999999467 ) ) ;
#2843 = VERTEX_POINT ( 'NONE', #71 ) ;
#2844 = DIRECTION ( 'NONE',  ( 1.000000000000000000, 0.000000000000000000, 0.000000000000000000 ) ) ;
#2845 = ORIENTED_EDGE ( 'NONE', *, *, #1006, .T. ) ;
#2846 = FACE_BOUND ( 'NONE', #2517, .T. ) ;
#2847 = CARTESIAN_POINT ( 'NONE',  ( 12.70542162642053796, -21.53072830386573600, 6.400000000000000355 ) ) ;
#2848 = ORIENTED_EDGE ( 'NONE', *, *, #3131, .T. ) ;
#2849 = LINE ( 'NONE', #2011, #1059 ) ;
#2850 = CARTESIAN_POINT ( 'NONE',  ( 24.68172400785650211, 14.25000000000000533, 24.40000000000000213 ) ) ;
#2851 = ORIENTED_EDGE ( 'NONE', *, *, #2255, .F. ) ;
#2852 = DIRECTION ( 'NONE',  ( -1.000000000000000000, 0.000000000000000000, 0.000000000000000000 ) ) ;
#2853 = DIRECTION ( 'NONE',  ( -0.000000000000000000, -0.000000000000000000, -1.000000000000000000 ) ) ;
#2854 = CARTESIAN_POINT ( 'NONE',  ( -24.76000000000000512, -3.420877080516050217, 20.40000000000000213 ) ) ;
#2855 = ORIENTED_EDGE ( 'NONE', *, *, #1502, .T. ) ;
#2856 = DIRECTION ( 'NONE',  ( -1.000000000000000000, 0.000000000000000000, 0.000000000000000000 ) ) ;
#2857 = ADVANCED_FACE ( 'NONE', ( #3049 ), #564, .T. ) ;
#2858 = EDGE_LOOP ( 'NONE', ( #1656, #1676, #1380, #506 ) ) ;
#2859 = CARTESIAN_POINT ( 'NONE',  ( 20.15254326381653271, -20.15254326381667838, 19.40000000000000213 ) ) ;
#2860 = CARTESIAN_POINT ( 'NONE',  ( 8.280545970745418316, 23.10234344632782211, -0.4000000000000000222 ) ) ;
#2861 = ORIENTED_EDGE ( 'NONE', *, *, #418, .F. ) ;
#2862 = DIRECTION ( 'NONE',  ( 0.000000000000000000, 0.000000000000000000, 1.000000000000000000 ) ) ;
#2863 = DIRECTION ( 'NONE',  ( 0.000000000000000000, 0.000000000000000000, -1.000000000000000000 ) ) ;
#2864 = EDGE_LOOP ( 'NONE', ( #3296, #2708, #2577, #1040 ) ) ;
#2865 = CARTESIAN_POINT ( 'NONE',  ( -25.00000000000000000, -3.061616997868383043E-15, -0.4000000000000000222 ) ) ;
#2866 = EDGE_CURVE ( 'NONE', #2017, #775, #558, .T. ) ;
#2867 = CYLINDRICAL_SURFACE ( 'NONE', #2529, 3.000000000000000000 ) ;
#2868 = DIRECTION ( 'NONE',  ( 0.000000000000000000, 0.000000000000000000, -1.000000000000000000 ) ) ;
#2869 = DIRECTION ( 'NONE',  ( 1.000000000000000000, 0.000000000000000000, 0.000000000000000000 ) ) ;
#2870 = VERTEX_POINT ( 'NONE', #846 ) ;
#2871 = CARTESIAN_POINT ( 'NONE',  ( -5.563023348907858434, -24.37319780454559393, 20.40000000000000213 ) ) ;
#2872 = FACE_OUTER_BOUND ( 'NONE', #1005, .T. ) ;
#2873 = CIRCLE ( 'NONE', #1962, 0.5000000000000004441 ) ;
#2874 = AXIS2_PLACEMENT_3D ( 'NONE', #2727, #2121, #789 ) ;
#2875 = ORIENTED_EDGE ( 'NONE', *, *, #1859, .F. ) ;
#2876 = DIRECTION ( 'NONE',  ( -0.000000000000000000, -0.000000000000000000, 1.000000000000000000 ) ) ;
#2877 = AXIS2_PLACEMENT_3D ( 'NONE', #3464, #2915, #248 ) ;
#2878 = EDGE_CURVE ( 'NONE', #3165, #952, #3285, .T. ) ;
#2879 = AXIS2_PLACEMENT_3D ( 'NONE', #3000, #2736, #2718 ) ;
#2880 = CIRCLE ( 'NONE', #211, 0.5000000000000004441 ) ;
#2881 = ORIENTED_EDGE ( 'NONE', *, *, #2979, .F. ) ;
#2882 = DIRECTION ( 'NONE',  ( -0.000000000000000000, -0.000000000000000000, 1.000000000000000000 ) ) ;
#2883 = CARTESIAN_POINT ( 'NONE',  ( 20.37324179655682599, 13.60812326145783935, 6.399999999999999467 ) ) ;
#2884 = CIRCLE ( 'NONE', #1003, 2.999999999999999112 ) ;
#2885 = CIRCLE ( 'NONE', #2431, 1.799999999999999600 ) ;
#2886 = ORIENTED_EDGE ( 'NONE', *, *, #3247, .T. ) ;
#2887 = AXIS2_PLACEMENT_3D ( 'NONE', #557, #1650, #2470 ) ;
#2888 = DIRECTION ( 'NONE',  ( -1.000000000000000000, 0.000000000000000000, 0.000000000000000000 ) ) ;
#2889 = AXIS2_PLACEMENT_3D ( 'NONE', #394, #3129, #2329 ) ;
#2890 = CARTESIAN_POINT ( 'NONE',  ( -18.35254326381638990, 20.15254326381682404, 19.40000000000000213 ) ) ;
#2891 = LINE ( 'NONE', #2621, #1469 ) ;
#2892 = CIRCLE ( 'NONE', #670, 1.799999999999999600 ) ;
#2893 = DIRECTION ( 'NONE',  ( 0.000000000000000000, 0.000000000000000000, -1.000000000000000000 ) ) ;
#2894 = ORIENTED_EDGE ( 'NONE', *, *, #1961, .T. ) ;
#2895 = ORIENTED_EDGE ( 'NONE', *, *, #91, .T. ) ;
#2896 = CARTESIAN_POINT ( 'NONE',  ( -3.469446951953614189E-15, -28.50000000000000000, 24.40000000000000213 ) ) ;
#2897 = EDGE_CURVE ( 'NONE', #1944, #396, #2656, .T. ) ;
#2898 = EDGE_LOOP ( 'NONE', ( #987, #1129 ) ) ;
#2899 = DIRECTION ( 'NONE',  ( 0.000000000000000000, 0.000000000000000000, -1.000000000000000000 ) ) ;
#2900 = EDGE_LOOP ( 'NONE', ( #3037, #3140 ) ) ;
#2901 = CARTESIAN_POINT ( 'NONE',  ( 24.75510204081632537, 3.490690898485761640, 20.40000000000000213 ) ) ;
#2902 = CARTESIAN_POINT ( 'NONE',  ( 5.563023348907855770, 24.37319780454559393, 6.400000000000000355 ) ) ;
#2903 = ADVANCED_FACE ( 'NONE', ( #1932 ), #577, .F. ) ;
#2904 = ORIENTED_EDGE ( 'NONE', *, *, #1619, .F. ) ;
#2905 = CARTESIAN_POINT ( 'NONE',  ( 24.26000000000000512, 3.420877080516047108, 6.399999999999999467 ) ) ;
#2906 = DIRECTION ( 'NONE',  ( 0.000000000000000000, 0.000000000000000000, 1.000000000000000000 ) ) ;
#2907 = DIRECTION ( 'NONE',  ( 1.000000000000000000, 0.000000000000000000, 0.000000000000000000 ) ) ;
#2908 = CARTESIAN_POINT ( 'NONE',  ( -24.36571428571429010, -2.932180354728043614, 6.400000000000000355 ) ) ;
#2909 = EDGE_LOOP ( 'NONE', ( #1810, #3498, #2093, #2447 ) ) ;
#2910 = DIRECTION ( 'NONE',  ( 0.000000000000000000, 0.000000000000000000, 1.000000000000000000 ) ) ;
#2911 = CARTESIAN_POINT ( 'NONE',  ( -20.37324179655682599, -13.60812326145783757, -4.599999999999999645 ) ) ;
#2912 = ORIENTED_EDGE ( 'NONE', *, *, #2563, .T. ) ;
#2913 = CARTESIAN_POINT ( 'NONE',  ( -24.68172400785650566, -14.24999999999999467, 24.40000000000000213 ) ) ;
#2914 = VERTEX_POINT ( 'NONE', #2528 ) ;
#2915 = DIRECTION ( 'NONE',  ( 0.000000000000000000, 0.000000000000000000, -1.000000000000000000 ) ) ;
#2916 = EDGE_CURVE ( 'NONE', #1878, #3315, #2884, .T. ) ;
#2917 = VERTEX_POINT ( 'NONE', #1230 ) ;
#2918 = VERTEX_POINT ( 'NONE', #3420 ) ;
#2919 = CARTESIAN_POINT ( 'NONE',  ( -18.16368570642206848, -17.17790795057182507, -4.599999999999999645 ) ) ;
#2920 = DIRECTION ( 'NONE',  ( 1.000000000000000000, 0.000000000000000000, 0.000000000000000000 ) ) ;
#2921 = DIRECTION ( 'NONE',  ( -0.000000000000000000, -0.000000000000000000, 1.000000000000000000 ) ) ;
#2922 = CARTESIAN_POINT ( 'NONE',  ( -8.911700416039112227, -23.35768814961721418, 20.40000000000000213 ) ) ;
#2923 = ORIENTED_EDGE ( 'NONE', *, *, #919, .F. ) ;
#2924 = PLANE ( 'NONE',  #81 ) ;
#2925 = DIRECTION ( 'NONE',  ( -0.000000000000000000, -0.000000000000000000, -1.000000000000000000 ) ) ;
#2926 = VERTEX_POINT ( 'NONE', #111 ) ;
#2927 = AXIS2_PLACEMENT_3D ( 'NONE', #3509, #2962, #1056 ) ;
#2928 = DIRECTION ( 'NONE',  ( 0.000000000000000000, 0.000000000000000000, -1.000000000000000000 ) ) ;
#2929 = ADVANCED_FACE ( 'NONE', ( #1730 ), #3138, .T. ) ;
#2930 = ORIENTED_EDGE ( 'NONE', *, *, #3299, .T. ) ;
#2931 = DIRECTION ( 'NONE',  ( 0.000000000000000000, 0.000000000000000000, -1.000000000000000000 ) ) ;
#2932 = AXIS2_PLACEMENT_3D ( 'NONE', #2793, #570, #2209 ) ;
#2933 = APPLICATION_PROTOCOL_DEFINITION ( 'international standard', 'config_control_design', 1994, #3366 ) ;
#2934 = AXIS2_PLACEMENT_3D ( 'NONE', #645, #2822, #2844 ) ;
#2935 = CIRCLE ( 'NONE', #1292, 25.00000000000000000 ) ;
#2936 = VERTEX_POINT ( 'NONE', #1487 ) ;
#2937 = LINE ( 'NONE', #234, #1066 ) ;
#2938 = CARTESIAN_POINT ( 'NONE',  ( -1.800000000000003153, -28.50000000000000000, 24.40000000000000213 ) ) ;
#2939 = CARTESIAN_POINT ( 'NONE',  ( -8.280545970745404105, -23.10234344632782921, 6.400000000000000355 ) ) ;
#2940 = AXIS2_PLACEMENT_3D ( 'NONE', #1328, #1002, #2094 ) ;
#2941 = AXIS2_PLACEMENT_3D ( 'NONE', #695, #145, #183 ) ;
#2942 = LINE ( 'NONE', #223, #667 ) ;
#2943 = VECTOR ( 'NONE', #2408, 1000.000000000000000 ) ;
#2944 = VECTOR ( 'NONE', #517, 1000.000000000000000 ) ;
#2945 = ORIENTED_EDGE ( 'NONE', *, *, #2897, .T. ) ;
#2946 = CARTESIAN_POINT ( 'NONE',  ( 0.000000000000000000, 0.000000000000000000, 20.40000000000000213 ) ) ;
#2947 = DIRECTION ( 'NONE',  ( -0.000000000000000000, -0.000000000000000000, -1.000000000000000000 ) ) ;
#2948 = EDGE_CURVE ( 'NONE', #3417, #1710, #2031, .T. ) ;
#2949 = CIRCLE ( 'NONE', #1414, 2.999999999999999112 ) ;
#2950 = ORIENTED_EDGE ( 'NONE', *, *, #3403, .F. ) ;
#2951 = DIRECTION ( 'NONE',  ( -1.000000000000000000, 0.000000000000000000, 0.000000000000000000 ) ) ;
#2952 = ORIENTED_EDGE ( 'NONE', *, *, #3388, .T. ) ;
#2953 = EDGE_CURVE ( 'NONE', #2666, #2820, #1985, .T. ) ;
#2954 = CARTESIAN_POINT ( 'NONE',  ( 0.000000000000000000, 0.000000000000000000, 6.400000000000000355 ) ) ;
#2955 = APPROVAL_DATE_TIME ( #834, #3358 ) ;
#2956 = EDGE_LOOP ( 'NONE', ( #3292, #3171, #2961, #1248 ) ) ;
#2957 = DIRECTION ( 'NONE',  ( -0.000000000000000000, -0.000000000000000000, 1.000000000000000000 ) ) ;
#2958 = CARTESIAN_POINT ( 'NONE',  ( 22.52422169756047765, 10.84709347793895873, -0.4000000000000000222 ) ) ;
#2959 = CARTESIAN_POINT ( 'NONE',  ( 20.37324179655682599, 13.60812326145783935, -4.599999999999999645 ) ) ;
#2960 = DIRECTION ( 'NONE',  ( -1.000000000000000000, 0.000000000000000000, 0.000000000000000000 ) ) ;
#2961 = ORIENTED_EDGE ( 'NONE', *, *, #521, .F. ) ;
#2962 = DIRECTION ( 'NONE',  ( -0.000000000000000000, -0.000000000000000000, 1.000000000000000000 ) ) ;
#2963 = DIRECTION ( 'NONE',  ( 1.000000000000000000, 0.000000000000000000, 0.000000000000000000 ) ) ;
#2964 = ORIENTED_EDGE ( 'NONE', *, *, #1536, .F. ) ;
#2965 = EDGE_CURVE ( 'NONE', #983, #1319, #1466, .T. ) ;
#2966 = CARTESIAN_POINT ( 'NONE',  ( -24.26000000000000512, 3.420877080516024016, 20.40000000000000213 ) ) ;
#2967 = EDGE_CURVE ( 'NONE', #262, #1456, #3461, .T. ) ;
#2968 = VERTEX_POINT ( 'NONE', #946 ) ;
#2969 = DIRECTION ( 'NONE',  ( 0.000000000000000000, 0.000000000000000000, 1.000000000000000000 ) ) ;
#2970 = EDGE_LOOP ( 'NONE', ( #2735, #7, #452, #2292 ) ) ;
#2971 = DIRECTION ( 'NONE',  ( 0.000000000000000000, 0.000000000000000000, 1.000000000000000000 ) ) ;
#2972 = DIRECTION ( 'NONE',  ( 1.000000000000000000, 0.000000000000000000, 0.000000000000000000 ) ) ;
#2973 = EDGE_CURVE ( 'NONE', #1646, #3417, #2579, .T. ) ;
#2974 = DIRECTION ( 'NONE',  ( -0.000000000000000000, -0.000000000000000000, 1.000000000000000000 ) ) ;
#2975 = EDGE_CURVE ( 'NONE', #1435, #2790, #327, .T. ) ;
#2976 = ORIENTED_EDGE ( 'NONE', *, *, #2056, .T. ) ;
#2977 = DIRECTION ( 'NONE',  ( 1.000000000000000000, 0.000000000000000000, 0.000000000000000000 ) ) ;
#2978 = CARTESIAN_POINT ( 'NONE',  ( 20.15254326381653271, -20.15254326381667838, 24.40000000000000213 ) ) ;
#2979 = EDGE_CURVE ( 'NONE', #1786, #3204, #967, .T. ) ;
#2980 = EDGE_LOOP ( 'NONE', ( #1016, #703, #760, #978, #1362 ) ) ;
#2981 = DIRECTION ( 'NONE',  ( -0.000000000000000000, -0.000000000000000000, 1.000000000000000000 ) ) ;
#2982 = VERTEX_POINT ( 'NONE', #680 ) ;
#2983 = DIRECTION ( 'NONE',  ( -1.000000000000000000, 0.000000000000000000, 0.000000000000000000 ) ) ;
#2984 = DATE_AND_TIME ( #1101, #787 ) ;
#2985 = ADVANCED_FACE ( 'NONE', ( #2323 ), #2273, .F. ) ;
#2986 = AXIS2_PLACEMENT_3D ( 'NONE', #525, #1372, #1628 ) ;
#2987 = ORIENTED_EDGE ( 'NONE', *, *, #820, .F. ) ;
#2988 = CYLINDRICAL_SURFACE ( 'NONE', #2365, 0.5000000000000000000 ) ;
#2989 = DIRECTION ( 'NONE',  ( 0.000000000000000000, 0.000000000000000000, -1.000000000000000000 ) ) ;
#2990 = AXIS2_PLACEMENT_3D ( 'NONE', #3005, #5, #1690 ) ;
#2991 = EDGE_LOOP ( 'NONE', ( #477, #1463, #2952, #2912, #792 ) ) ;
#2992 = VECTOR ( 'NONE', #2853, 1000.000000000000000 ) ;
#2993 = AXIS2_PLACEMENT_3D ( 'NONE', #1488, #456, #2869 ) ;
#2994 = CARTESIAN_POINT ( 'NONE',  ( 22.88172400785650140, 14.25000000000000533, 24.40000000000000213 ) ) ;
#2995 = CYLINDRICAL_SURFACE ( 'NONE', #780, 0.5000000000000004441 ) ;
#2996 = ADVANCED_FACE ( 'NONE', ( #3101 ), #1769, .F. ) ;
#2997 = VECTOR ( 'NONE', #1803, 1000.000000000000000 ) ;
#2998 = AXIS2_PLACEMENT_3D ( 'NONE', #1035, #3476, #3543 ) ;
#2999 = VERTEX_POINT ( 'NONE', #3343 ) ;
#3000 = CARTESIAN_POINT ( 'NONE',  ( -5.563023348907858434, -24.37319780454559393, 20.40000000000000213 ) ) ;
#3001 = EDGE_CURVE ( 'NONE', #1435, #1135, #2658, .T. ) ;
#3002 = VECTOR ( 'NONE', #1154, 1000.000000000000000 ) ;
#3003 = CC_DESIGN_APPROVAL ( #1609, ( #259 ) ) ;
#3004 = EDGE_LOOP ( 'NONE', ( #2848, #650, #251, #592 ) ) ;
#3005 = CARTESIAN_POINT ( 'NONE',  ( 0.000000000000000000, 28.50000000000000000, 2.400000000000000355 ) ) ;
#3006 = ADVANCED_FACE ( 'NONE', ( #2800 ), #89, .F. ) ;
#3007 = ORIENTED_EDGE ( 'NONE', *, *, #3381, .T. ) ;
#3008 = ADVANCED_FACE ( 'NONE', ( #2036 ), #915, .F. ) ;
#3009 = CARTESIAN_POINT ( 'NONE',  ( 24.75510204081632892, -3.490690898485741656, 20.40000000000000213 ) ) ;
#3010 = CARTESIAN_POINT ( 'NONE',  ( -12.95131319389213154, 21.10011373778842270, -0.4000000000000000222 ) ) ;
#3011 = EDGE_LOOP ( 'NONE', ( #1538, #740, #1137, #230 ) ) ;
#3012 = CARTESIAN_POINT ( 'NONE',  ( -12.45131319389210667, -21.10011373778843691, -4.599999999999999645 ) ) ;
#3013 = DIRECTION ( 'NONE',  ( -0.000000000000000000, -0.000000000000000000, -1.000000000000000000 ) ) ;
#3014 = CARTESIAN_POINT ( 'NONE',  ( 8.280545970745423645, -23.10234344632782211, -0.4000000000000000222 ) ) ;
#3015 = ORIENTED_EDGE ( 'NONE', *, *, #3208, .F. ) ;
#3016 = CARTESIAN_POINT ( 'NONE',  ( 23.34176767406853514, 7.443915760526108372, 20.40000000000000213 ) ) ;
#3017 = PRODUCT ( '\X2\64467ebf76d8\X0\', '\X2\64467ebf76d8\X0\', '', ( #1594 ) ) ;
#3018 = CC_DESIGN_PERSON_AND_ORGANIZATION_ASSIGNMENT ( #1086, #1876, ( #3534 ) ) ;
#3019 = ORIENTED_EDGE ( 'NONE', *, *, #1132, .F. ) ;
#3020 = ORIENTED_EDGE ( 'NONE', *, *, #1537, .T. ) ;
#3021 = CYLINDRICAL_SURFACE ( 'NONE', #2483, 0.5000000000000004441 ) ;
#3022 = DIRECTION ( 'NONE',  ( 0.000000000000000000, 0.000000000000000000, -1.000000000000000000 ) ) ;
#3023 = DATE_TIME_ROLE ( 'creation_date' ) ;
#3024 = EDGE_CURVE ( 'NONE', #2289, #814, #2015, .T. ) ;
#3025 = ORIENTED_EDGE ( 'NONE', *, *, #1334, .T. ) ;
#3026 = FACE_OUTER_BOUND ( 'NONE', #1771, .T. ) ;
#3027 = CYLINDRICAL_SURFACE ( 'NONE', #2887, 1.799999999999999822 ) ;
#3028 = ADVANCED_FACE ( 'NONE', ( #1541 ), #1575, .F. ) ;
#3029 = VERTEX_POINT ( 'NONE', #1613 ) ;
#3030 = LINE ( 'NONE', #2272, #1392 ) ;
#3031 = DIRECTION ( 'NONE',  ( 0.000000000000000000, 0.000000000000000000, 1.000000000000000000 ) ) ;
#3032 = EDGE_CURVE ( 'NONE', #3359, #2343, #2122, .T. ) ;
#3033 = DIRECTION ( 'NONE',  ( 0.000000000000000000, 0.000000000000000000, 1.000000000000000000 ) ) ;
#3034 = ORIENTED_EDGE ( 'NONE', *, *, #2238, .F. ) ;
#3035 = DIRECTION ( 'NONE',  ( 1.000000000000000000, 0.000000000000000000, 0.000000000000000000 ) ) ;
#3036 = VERTEX_POINT ( 'NONE', #981 ) ;
#3037 = ORIENTED_EDGE ( 'NONE', *, *, #1902, .F. ) ;
#3038 = DIRECTION ( 'NONE',  ( -0.000000000000000000, -0.000000000000000000, 1.000000000000000000 ) ) ;
#3039 = CARTESIAN_POINT ( 'NONE',  ( -26.48172400785650638, -14.24999999999999467, 24.40000000000000213 ) ) ;
#3040 = EDGE_CURVE ( 'NONE', #1479, #2183, #331, .T. ) ;
#3041 = AXIS2_PLACEMENT_3D ( 'NONE', #3354, #1439, #370 ) ;
#3042 = ORIENTED_EDGE ( 'NONE', *, *, #1268, .T. ) ;
#3043 = CYLINDRICAL_SURFACE ( 'NONE', #1461, 0.5000000000000004441 ) ;
#3044 = AXIS2_PLACEMENT_3D ( 'NONE', #3325, #1486, #980 ) ;
#3045 = DIRECTION ( 'NONE',  ( -1.000000000000000000, 0.000000000000000000, 0.000000000000000000 ) ) ;
#3046 = CIRCLE ( 'NONE', #2253, 25.00000000000000000 ) ;
#3047 = ORIENTED_EDGE ( 'NONE', *, *, #3418, .T. ) ;
#3048 = CARTESIAN_POINT ( 'NONE',  ( 20.15254326381653271, -20.15254326381667838, 19.40000000000000213 ) ) ;
#3049 = FACE_OUTER_BOUND ( 'NONE', #848, .T. ) ;
#3050 = CIRCLE ( 'NONE', #2198, 25.00000000000000000 ) ;
#3051 = DIRECTION ( 'NONE',  ( 0.000000000000000000, 0.000000000000000000, -1.000000000000000000 ) ) ;
#3052 = AXIS2_PLACEMENT_3D ( 'NONE', #2041, #389, #985 ) ;
#3053 = AXIS2_PLACEMENT_3D ( 'NONE', #2530, #1393, #14 ) ;
#3054 = ORIENTED_EDGE ( 'NONE', *, *, #568, .T. ) ;
#3055 = FACE_BOUND ( 'NONE', #3004, .T. ) ;
#3056 = EDGE_CURVE ( 'NONE', #1025, #1186, #2655, .T. ) ;
#3057 = CIRCLE ( 'NONE', #1745, 2.999999999999995559 ) ;
#3058 = CIRCLE ( 'NONE', #2377, 2.999999999999999112 ) ;
#3059 = ORIENTED_EDGE ( 'NONE', *, *, #2809, .T. ) ;
#3060 = CIRCLE ( 'NONE', #3410, 0.5000000000000004441 ) ;
#3061 = ORIENTED_EDGE ( 'NONE', *, *, #535, .F. ) ;
#3062 = CARTESIAN_POINT ( 'NONE',  ( -24.76000000000000512, 3.420877080516024016, 20.40000000000000213 ) ) ;
#3063 = CARTESIAN_POINT ( 'NONE',  ( 26.00000000000000355, 3.184081677783118585E-15, 2.400000000000000355 ) ) ;
#3064 = VERTEX_POINT ( 'NONE', #2087 ) ;
#3065 = EDGE_CURVE ( 'NONE', #57, #2633, #1238, .T. ) ;
#3066 = DIRECTION ( 'NONE',  ( -1.000000000000000000, 0.000000000000000000, 0.000000000000000000 ) ) ;
#3067 = CARTESIAN_POINT ( 'NONE',  ( -2.563217027994292074, 24.40728646845270333, -0.4000000000000000222 ) ) ;
#3068 = EDGE_LOOP ( 'NONE', ( #2061, #1431, #406, #353 ) ) ;
#3069 = DIRECTION ( 'NONE',  ( 1.000000000000000000, -6.938893903907222067E-15, 0.000000000000000000 ) ) ;
#3070 = DIRECTION ( 'NONE',  ( -0.000000000000000000, -0.000000000000000000, 1.000000000000000000 ) ) ;
#3071 = CARTESIAN_POINT ( 'NONE',  ( 0.000000000000000000, 0.000000000000000000, 6.400000000000000355 ) ) ;
#3072 = VERTEX_POINT ( 'NONE', #3153 ) ;
#3073 = FACE_OUTER_BOUND ( 'NONE', #2804, .T. ) ;
#3074 = EDGE_CURVE ( 'NONE', #2507, #362, #1010, .T. ) ;
#3075 = EDGE_LOOP ( 'NONE', ( #668, #1270, #2795, #3478, #113 ) ) ;
#3076 = LINE ( 'NONE', #2258, #1388 ) ;
#3077 = DIRECTION ( 'NONE',  ( -1.000000000000000000, 0.000000000000000000, 0.000000000000000000 ) ) ;
#3078 = CARTESIAN_POINT ( 'NONE',  ( 24.68172400785649856, -14.25000000000001243, 24.40000000000000213 ) ) ;
#3079 = EDGE_CURVE ( 'NONE', #2128, #2461, #1034, .T. ) ;
#3080 = ORIENTED_EDGE ( 'NONE', *, *, #2720, .F. ) ;
#3081 = CARTESIAN_POINT ( 'NONE',  ( 23.81813027966177643, 7.595832408700111671, 20.40000000000000213 ) ) ;
#3082 = CARTESIAN_POINT ( 'NONE',  ( -17.48424528574714998, -17.22169797300901450, 6.400000000000000355 ) ) ;
#3083 = ORIENTED_EDGE ( 'NONE', *, *, #3086, .F. ) ;
#3084 = DIRECTION ( 'NONE',  ( 0.000000000000000000, 0.000000000000000000, -1.000000000000000000 ) ) ;
#3085 = DIRECTION ( 'NONE',  ( -1.000000000000000000, 0.000000000000000000, 0.000000000000000000 ) ) ;
#3086 = EDGE_CURVE ( 'NONE', #2413, #3182, #526, .T. ) ;
#3087 = DIRECTION ( 'NONE',  ( 1.000000000000000000, 0.000000000000000000, 0.000000000000000000 ) ) ;
#3088 = ORIENTED_EDGE ( 'NONE', *, *, #2581, .T. ) ;
#3089 = LINE ( 'NONE', #2055, #209 ) ;
#3090 = ORIENTED_EDGE ( 'NONE', *, *, #2975, .F. ) ;
#3091 = FACE_BOUND ( 'NONE', #2791, .T. ) ;
#3092 = DIRECTION ( 'NONE',  ( -0.000000000000000000, -0.000000000000000000, 1.000000000000000000 ) ) ;
#3093 = ORIENTED_EDGE ( 'NONE', *, *, #1377, .F. ) ;
#3094 = DIRECTION ( 'NONE',  ( 0.000000000000000000, 0.000000000000000000, -1.000000000000000000 ) ) ;
#3095 = CARTESIAN_POINT ( 'NONE',  ( -20.37324179655682599, -13.60812326145783757, 6.399999999999999467 ) ) ;
#3096 = EDGE_CURVE ( 'NONE', #25, #2762, #2891, .T. ) ;
#3097 = CIRCLE ( 'NONE', #2580, 0.5000000000000004441 ) ;
#3098 = CIRCLE ( 'NONE', #199, 0.5000000000000000000 ) ;
#3099 = ORIENTED_EDGE ( 'NONE', *, *, #3040, .T. ) ;
#3100 = CARTESIAN_POINT ( 'NONE',  ( 2.063249307842021985, 24.41296791243722453, 6.399999999999999467 ) ) ;
#3101 = FACE_OUTER_BOUND ( 'NONE', #2285, .T. ) ;
#3102 = CIRCLE ( 'NONE', #829, 2.999999999999999112 ) ;
#3103 = CARTESIAN_POINT ( 'NONE',  ( 0.000000000000000000, 0.000000000000000000, 6.400000000000000355 ) ) ;
#3104 = ORIENTED_EDGE ( 'NONE', *, *, #1447, .T. ) ;
#3105 = CIRCLE ( 'NONE', #2932, 0.5000000000000000000 ) ;
#3106 = CARTESIAN_POINT ( 'NONE',  ( 22.52422169756047765, -10.84709347793895517, -0.4000000000000000222 ) ) ;
#3107 = AXIS2_PLACEMENT_3D ( 'NONE', #1622, #1274, #208 ) ;
#3108 = VECTOR ( 'NONE', #167, 1000.000000000000000 ) ;
#3109 = ORIENTED_EDGE ( 'NONE', *, *, #296, .F. ) ;
#3110 = DIRECTION ( 'NONE',  ( -0.000000000000000000, -0.000000000000000000, -1.000000000000000000 ) ) ;
#3111 = CIRCLE ( 'NONE', #1639, 25.00000000000000000 ) ;
#3112 = DIRECTION ( 'NONE',  ( -1.000000000000000000, 0.000000000000000000, 0.000000000000000000 ) ) ;
#3113 = VECTOR ( 'NONE', #528, 1000.000000000000000 ) ;
#3114 = VECTOR ( 'NONE', #2840, 1000.000000000000000 ) ;
#3115 = CIRCLE ( 'NONE', #899, 0.5000000000000004441 ) ;
#3116 = EDGE_LOOP ( 'NONE', ( #1742, #399, #284, #2220 ) ) ;
#3117 = CARTESIAN_POINT ( 'NONE',  ( -23.34176767406854580, 7.443915760526081726, 6.399999999999999467 ) ) ;
#3118 = DIRECTION ( 'NONE',  ( -0.000000000000000000, -0.000000000000000000, -1.000000000000000000 ) ) ;
#3119 = AXIS2_PLACEMENT_3D ( 'NONE', #2030, #3118, #2266 ) ;
#3120 = AXIS2_PLACEMENT_3D ( 'NONE', #2022, #1191, #2280 ) ;
#3121 = ADVANCED_FACE ( 'NONE', ( #1598 ), #3211, .T. ) ;
#3122 = ORIENTED_EDGE ( 'NONE', *, *, #3170, .T. ) ;
#3123 = FACE_OUTER_BOUND ( 'NONE', #545, .T. ) ;
#3124 = DIRECTION ( 'NONE',  ( -1.000000000000000000, 0.000000000000000000, 0.000000000000000000 ) ) ;
#3125 = CARTESIAN_POINT ( 'NONE',  ( -20.37324179655684020, 13.60812326145781448, 20.40000000000000213 ) ) ;
#3126 = ORIENTED_EDGE ( 'NONE', *, *, #173, .T. ) ;
#3127 = DIRECTION ( 'NONE',  ( -1.000000000000000000, 0.000000000000000000, 0.000000000000000000 ) ) ;
#3128 = EDGE_LOOP ( 'NONE', ( #2560, #3099, #2185, #2399 ) ) ;
#3129 = DIRECTION ( 'NONE',  ( 0.000000000000000000, 0.000000000000000000, 1.000000000000000000 ) ) ;
#3130 = DIRECTION ( 'NONE',  ( -1.000000000000000000, 0.000000000000000000, 0.000000000000000000 ) ) ;
#3131 = EDGE_CURVE ( 'NONE', #2788, #1331, #2689, .T. ) ;
#3132 = VERTEX_POINT ( 'NONE', #767 ) ;
#3133 = CARTESIAN_POINT ( 'NONE',  ( -2.105356436573493362, -24.91119174738491893, 6.399999999999999467 ) ) ;
#3134 = CARTESIAN_POINT ( 'NONE',  ( -20.68052463955736187, 13.21369043524083153, 6.400000000000000355 ) ) ;
#3135 = ORIENTED_EDGE ( 'NONE', *, *, #2194, .F. ) ;
#3136 = DIRECTION ( 'NONE',  ( 0.000000000000000000, 0.000000000000000000, 1.000000000000000000 ) ) ;
#3137 = DIRECTION ( 'NONE',  ( -1.000000000000000000, 0.000000000000000000, 0.000000000000000000 ) ) ;
#3138 = CYLINDRICAL_SURFACE ( 'NONE', #32, 2.999999999999999556 ) ;
#3139 = DIRECTION ( 'NONE',  ( -0.000000000000000000, -0.000000000000000000, -1.000000000000000000 ) ) ;
#3140 = ORIENTED_EDGE ( 'NONE', *, *, #3455, .F. ) ;
#3141 = DIRECTION ( 'NONE',  ( 0.000000000000000000, 0.000000000000000000, 1.000000000000000000 ) ) ;
#3142 = DIRECTION ( 'NONE',  ( -0.000000000000000000, -0.000000000000000000, -1.000000000000000000 ) ) ;
#3143 = EDGE_CURVE ( 'NONE', #1504, #1165, #3466, .T. ) ;
#3144 = ORIENTED_EDGE ( 'NONE', *, *, #3032, .F. ) ;
#3145 = CARTESIAN_POINT ( 'NONE',  ( -23.81813027966177643, -7.595832408700109895, 20.40000000000000213 ) ) ;
#3146 = DIRECTION ( 'NONE',  ( -0.000000000000000000, -0.000000000000000000, -1.000000000000000000 ) ) ;
#3147 = ORIENTED_EDGE ( 'NONE', *, *, #3096, .T. ) ;
#3148 = LINE ( 'NONE', #2561, #2645 ) ;
#3149 = DIRECTION ( 'NONE',  ( 0.000000000000000000, 0.000000000000000000, -1.000000000000000000 ) ) ;
#3150 = VERTEX_POINT ( 'NONE', #2939 ) ;
#3151 = CARTESIAN_POINT ( 'NONE',  ( -1.799999999999999600, 28.50000000000000000, 2.400000000000000355 ) ) ;
#3152 = CARTESIAN_POINT ( 'NONE',  ( 0.000000000000000000, 0.000000000000000000, 6.400000000000000355 ) ) ;
#3153 = CARTESIAN_POINT ( 'NONE',  ( -24.75510204081632537, -3.490690898485764748, 6.399999999999999467 ) ) ;
#3154 = DIRECTION ( 'NONE',  ( 0.000000000000000000, -1.000000000000000000, 0.000000000000000000 ) ) ;
#3155 = ORIENTED_EDGE ( 'NONE', *, *, #1169, .F. ) ;
#3156 = DIRECTION ( 'NONE',  ( 1.000000000000000000, 0.000000000000000000, 0.000000000000000000 ) ) ;
#3157 = CARTESIAN_POINT ( 'NONE',  ( 25.00000000000000000, 0.000000000000000000, -0.4000000000000000222 ) ) ;
#3158 = CIRCLE ( 'NONE', #1221, 2.999999999999995559 ) ;
#3159 = VECTOR ( 'NONE', #3525, 1000.000000000000000 ) ;
#3160 = ORIENTED_EDGE ( 'NONE', *, *, #379, .F. ) ;
#3161 = EDGE_CURVE ( 'NONE', #2027, #3502, #784, .T. ) ;
#3162 = CYLINDRICAL_SURFACE ( 'NONE', #2665, 0.5000000000000004441 ) ;
#3163 = AXIS2_PLACEMENT_3D ( 'NONE', #3117, #159, #3443 ) ;
#3164 = CIRCLE ( 'NONE', #3347, 0.5000000000000004441 ) ;
#3165 = VERTEX_POINT ( 'NONE', #2674 ) ;
#3166 = CARTESIAN_POINT ( 'NONE',  ( 18.35254326381652845, -20.15254326381667838, 19.40000000000000213 ) ) ;
#3167 = CARTESIAN_POINT ( 'NONE',  ( 20.68052463955735121, -13.21369043524085285, 20.40000000000000213 ) ) ;
#3168 = AXIS2_PLACEMENT_3D ( 'NONE', #2896, #1885, #226 ) ;
#3169 = CIRCLE ( 'NONE', #1808, 1.799999999999999600 ) ;
#3170 = EDGE_CURVE ( 'NONE', #938, #1498, #390, .T. ) ;
#3171 = ORIENTED_EDGE ( 'NONE', *, *, #1762, .F. ) ;
#3172 = AXIS2_PLACEMENT_3D ( 'NONE', #142, #2248, #929 ) ;
#3173 = DIRECTION ( 'NONE',  ( -0.000000000000000000, -0.000000000000000000, -1.000000000000000000 ) ) ;
#3174 = CIRCLE ( 'NONE', #2889, 3.000000000000000888 ) ;
#3175 = FACE_BOUND ( 'NONE', #1673, .T. ) ;
#3176 = DIRECTION ( 'NONE',  ( -0.000000000000000000, -0.000000000000000000, -1.000000000000000000 ) ) ;
#3177 = AXIS2_PLACEMENT_3D ( 'NONE', #2649, #1798, #465 ) ;
#3178 = DIRECTION ( 'NONE',  ( -1.000000000000000000, 0.000000000000000000, 0.000000000000000000 ) ) ;
#3179 = EDGE_LOOP ( 'NONE', ( #2390, #3015, #1666, #1681 ) ) ;
#3180 = ORIENTED_EDGE ( 'NONE', *, *, #2255, .T. ) ;
#3181 = DIRECTION ( 'NONE',  ( 1.000000000000000000, 0.000000000000000000, 0.000000000000000000 ) ) ;
#3182 = VERTEX_POINT ( 'NONE', #2107 ) ;
#3183 = CARTESIAN_POINT ( 'NONE',  ( 2.105356436573491585, 24.91119174738491893, -4.599999999999999645 ) ) ;
#3184 = EDGE_CURVE ( 'NONE', #1315, #2917, #3060, .T. ) ;
#3185 = LOCAL_TIME ( 11, 16, 35.00000000000000000, #2417 ) ;
#3186 = ORIENTED_EDGE ( 'NONE', *, *, #1145, .F. ) ;
#3187 = DIRECTION ( 'NONE',  ( 1.000000000000000000, 0.000000000000000000, 0.000000000000000000 ) ) ;
#3188 = CARTESIAN_POINT ( 'NONE',  ( -20.78902224138452581, -13.88584006271208260, -4.599999999999999645 ) ) ;
#3189 = ADVANCED_FACE ( 'NONE', ( #1555 ), #790, .F. ) ;
#3190 = EDGE_CURVE ( 'NONE', #2203, #1315, #611, .T. ) ;
#3191 = ORIENTED_EDGE ( 'NONE', *, *, #3313, .F. ) ;
#3192 = CARTESIAN_POINT ( 'NONE',  ( -23.22497539171025238, 7.930084005870778441, 6.400000000000000355 ) ) ;
#3193 = CARTESIAN_POINT ( 'NONE',  ( 0.000000000000000000, 0.000000000000000000, 20.40000000000000213 ) ) ;
#3194 = DIRECTION ( 'NONE',  ( -1.000000000000000000, 0.000000000000000000, 0.000000000000000000 ) ) ;
#3195 = CARTESIAN_POINT ( 'NONE',  ( 20.15254326381661443, 20.15254326381660377, 24.40000000000000213 ) ) ;
#3196 = ORIENTED_EDGE ( 'NONE', *, *, #2700, .F. ) ;
#3197 = ORIENTED_EDGE ( 'NONE', *, *, #30, .T. ) ;
#3198 = LINE ( 'NONE', #242, #661 ) ;
#3199 = EDGE_CURVE ( 'NONE', #2511, #185, #2206, .T. ) ;
#3200 = EDGE_CURVE ( 'NONE', #3352, #1228, #1124, .T. ) ;
#3201 = ORIENTED_EDGE ( 'NONE', *, *, #2709, .T. ) ;
#3202 = CARTESIAN_POINT ( 'NONE',  ( 0.000000000000000000, 0.000000000000000000, 6.400000000000000355 ) ) ;
#3203 = EDGE_CURVE ( 'NONE', #2379, #39, #2160, .T. ) ;
#3204 = VERTEX_POINT ( 'NONE', #1075 ) ;
#3205 = CARTESIAN_POINT ( 'NONE',  ( -20.87324179655684375, 13.60812326145781448, -0.4000000000000000222 ) ) ;
#3206 = DIRECTION ( 'NONE',  ( -1.000000000000000000, 0.000000000000000000, 0.000000000000000000 ) ) ;
#3207 = ORIENTED_EDGE ( 'NONE', *, *, #3475, .F. ) ;
#3208 = EDGE_CURVE ( 'NONE', #2633, #4, #1339, .T. ) ;
#3209 = DIRECTION ( 'NONE',  ( -1.000000000000000000, 0.000000000000000000, 0.000000000000000000 ) ) ;
#3210 = LINE ( 'NONE', #1019, #3159 ) ;
#3211 = CYLINDRICAL_SURFACE ( 'NONE', #215, 3.000000000000000000 ) ;
#3212 = CYLINDRICAL_SURFACE ( 'NONE', #155, 1.799999999999999600 ) ;
#3213 = ORIENTED_EDGE ( 'NONE', *, *, #2401, .F. ) ;
#3214 = CARTESIAN_POINT ( 'NONE',  ( -24.76000000000000512, -3.420877080516050217, 6.399999999999999467 ) ) ;
#3215 = DIRECTION ( 'NONE',  ( 0.000000000000000000, 0.000000000000000000, 1.000000000000000000 ) ) ;
#3216 = AXIS2_PLACEMENT_3D ( 'NONE', #1079, #2148, #3287 ) ;
#3217 = VERTEX_POINT ( 'NONE', #586 ) ;
#3218 = ADVANCED_FACE ( 'NONE', ( #1660 ), #3251, .F. ) ;
#3219 = DIRECTION ( 'NONE',  ( 1.000000000000000000, 0.000000000000000000, 0.000000000000000000 ) ) ;
#3220 = CIRCLE ( 'NONE', #143, 3.000000000000000000 ) ;
#3221 = EDGE_CURVE ( 'NONE', #1319, #3483, #2492, .T. ) ;
#3222 = VERTEX_POINT ( 'NONE', #805 ) ;
#3223 = LINE ( 'NONE', #3205, #1741 ) ;
#3224 = CIRCLE ( 'NONE', #1684, 1.799999999999999822 ) ;
#3225 = APPLICATION_PROTOCOL_DEFINITION ( 'international standard', 'config_control_design', 1994, #1398 ) ;
#3226 = AXIS2_PLACEMENT_3D ( 'NONE', #1026, #1588, #2400 ) ;
#3227 = VECTOR ( 'NONE', #2068, 1000.000000000000000 ) ;
#3228 = EDGE_LOOP ( 'NONE', ( #1017, #2049, #3512, #3256 ) ) ;
#3229 = DIRECTION ( 'NONE',  ( -1.000000000000000000, 1.734723475976805517E-15, 0.000000000000000000 ) ) ;
#3230 = LINE ( 'NONE', #2796, #23 ) ;
#3231 = DIRECTION ( 'NONE',  ( -1.000000000000000000, 0.000000000000000000, 0.000000000000000000 ) ) ;
#3232 = AXIS2_PLACEMENT_3D ( 'NONE', #2051, #1181, #2868 ) ;
#3233 = AXIS2_PLACEMENT_3D ( 'NONE', #1614, #1842, #2676 ) ;
#3234 = ADVANCED_FACE ( 'NONE', ( #1895 ), #2153, .T. ) ;
#3235 = DIRECTION ( 'NONE',  ( -1.000000000000000000, 0.000000000000000000, 0.000000000000000000 ) ) ;
#3236 = AXIS2_PLACEMENT_3D ( 'NONE', #897, #658, #2300 ) ;
#3237 = AXIS2_PLACEMENT_3D ( 'NONE', #1776, #1793, #988 ) ;
#3238 = ORIENTED_EDGE ( 'NONE', *, *, #1087, .T. ) ;
#3239 = DIRECTION ( 'NONE',  ( 0.000000000000000000, 0.000000000000000000, 1.000000000000000000 ) ) ;
#3240 = LINE ( 'NONE', #794, #97 ) ;
#3241 = AXIS2_PLACEMENT_3D ( 'NONE', #2509, #3149, #3485 ) ;
#3242 = ORIENTED_EDGE ( 'NONE', *, *, #1762, .T. ) ;
#3243 = PLANE ( 'NONE',  #1286 ) ;
#3244 = ORIENTED_EDGE ( 'NONE', *, *, #1550, .T. ) ;
#3245 = CARTESIAN_POINT ( 'NONE',  ( 0.000000000000000000, 0.000000000000000000, 20.40000000000000213 ) ) ;
#3246 = ADVANCED_FACE ( 'NONE', ( #2742 ), #1696, .F. ) ;
#3247 = EDGE_CURVE ( 'NONE', #281, #1142, #1413, .T. ) ;
#3248 = VERTEX_POINT ( 'NONE', #1090 ) ;
#3249 = LINE ( 'NONE', #2687, #3002 ) ;
#3250 = PLANE ( 'NONE',  #3273 ) ;
#3251 = CYLINDRICAL_SURFACE ( 'NONE', #1870, 0.5000000000000004441 ) ;
#3252 = FACE_OUTER_BOUND ( 'NONE', #1616, .T. ) ;
#3253 = EDGE_LOOP ( 'NONE', ( #1150, #1346, #663, #1610 ) ) ;
#3254 = DIRECTION ( 'NONE',  ( 0.000000000000000000, 0.000000000000000000, -1.000000000000000000 ) ) ;
#3255 = CYLINDRICAL_SURFACE ( 'NONE', #2828, 0.5000000000000004441 ) ;
#3256 = ORIENTED_EDGE ( 'NONE', *, *, #1686, .F. ) ;
#3257 = DIRECTION ( 'NONE',  ( 0.000000000000000000, 0.000000000000000000, 1.000000000000000000 ) ) ;
#3258 = ADVANCED_FACE ( 'NONE', ( #3526 ), #2230, .T. ) ;
#3259 = EDGE_LOOP ( 'NONE', ( #1417, #1600, #63, #431 ) ) ;
#3260 = ORIENTED_EDGE ( 'NONE', *, *, #886, .T. ) ;
#3261 = CARTESIAN_POINT ( 'NONE',  ( 23.81813027966178353, -7.595832408700087690, 6.399999999999999467 ) ) ;
#3262 = ORIENTED_EDGE ( 'NONE', *, *, #2750, .T. ) ;
#3263 = ADVANCED_FACE ( 'NONE', ( #2192 ), #3027, .F. ) ;
#3264 = DIRECTION ( 'NONE',  ( 1.000000000000000000, 0.000000000000000000, 0.000000000000000000 ) ) ;
#3265 = CARTESIAN_POINT ( 'NONE',  ( -24.68172400785650566, -14.24999999999999467, 24.40000000000000213 ) ) ;
#3266 = VERTEX_POINT ( 'NONE', #2728 ) ;
#3267 = CARTESIAN_POINT ( 'NONE',  ( 2.105356436573492029, 24.91119174738491893, 20.40000000000000213 ) ) ;
#3268 = DIRECTION ( 'NONE',  ( -0.000000000000000000, -0.000000000000000000, 1.000000000000000000 ) ) ;
#3269 = ORIENTED_EDGE ( 'NONE', *, *, #1081, .T. ) ;
#3270 = FACE_BOUND ( 'NONE', #1934, .T. ) ;
#3271 = CIRCLE ( 'NONE', #3041, 0.5000000000000004441 ) ;
#3272 = EDGE_CURVE ( 'NONE', #2588, #2503, #1589, .T. ) ;
#3273 = AXIS2_PLACEMENT_3D ( 'NONE', #818, #2703, #1612 ) ;
#3274 = ORIENTED_EDGE ( 'NONE', *, *, #1943, .T. ) ;
#3275 = PLANE ( 'NONE',  #1399 ) ;
#3276 = APPROVAL_STATUS ( 'not_yet_approved' ) ;
#3277 = AXIS2_PLACEMENT_3D ( 'NONE', #976, #1261, #1246 ) ;
#3278 = CIRCLE ( 'NONE', #3277, 25.00000000000000000 ) ;
#3279 = ORIENTED_EDGE ( 'NONE', *, *, #3001, .F. ) ;
#3280 = DIRECTION ( 'NONE',  ( -1.000000000000000000, 0.000000000000000000, 0.000000000000000000 ) ) ;
#3281 = CARTESIAN_POINT ( 'NONE',  ( 20.68052463955735121, -13.21369043524085463, -0.4000000000000000222 ) ) ;
#3282 = CIRCLE ( 'NONE', #1349, 0.5000000000000004441 ) ;
#3283 = AXIS2_PLACEMENT_3D ( 'NONE', #3484, #2364, #3187 ) ;
#3284 = EDGE_LOOP ( 'NONE', ( #2716, #1121, #483, #1687 ) ) ;
#3285 = CIRCLE ( 'NONE', #210, 1.800000000000002931 ) ;
#3286 = CIRCLE ( 'NONE', #387, 1.799999999999999600 ) ;
#3287 = DIRECTION ( 'NONE',  ( 1.000000000000000000, 0.000000000000000000, 0.000000000000000000 ) ) ;
#3288 = DIRECTION ( 'NONE',  ( 1.000000000000000000, 0.000000000000000000, 0.000000000000000000 ) ) ;
#3289 = VECTOR ( 'NONE', #2636, 1000.000000000000000 ) ;
#3290 = AXIS2_PLACEMENT_3D ( 'NONE', #541, #2395, #3491 ) ;
#3291 = CARTESIAN_POINT ( 'NONE',  ( 20.15254326381653271, -20.15254326381667838, 19.40000000000000213 ) ) ;
#3292 = ORIENTED_EDGE ( 'NONE', *, *, #1126, .F. ) ;
#3293 = CARTESIAN_POINT ( 'NONE',  ( 0.000000000000000000, 0.000000000000000000, 2.400000000000000355 ) ) ;
#3294 = AXIS2_PLACEMENT_3D ( 'NONE', #2835, #1445, #2811 ) ;
#3295 = AXIS2_PLACEMENT_3D ( 'NONE', #3386, #2876, #2044 ) ;
#3296 = ORIENTED_EDGE ( 'NONE', *, *, #2965, .F. ) ;
#3297 = ORIENTED_EDGE ( 'NONE', *, *, #1845, .F. ) ;
#3298 = CARTESIAN_POINT ( 'NONE',  ( -24.75510204081633603, 3.490690898485739879, -4.599999999999999645 ) ) ;
#3299 = EDGE_CURVE ( 'NONE', #1331, #775, #100, .T. ) ;
#3300 = EDGE_LOOP ( 'NONE', ( #212, #82, #1558, #1492 ) ) ;
#3301 = FACE_OUTER_BOUND ( 'NONE', #3535, .T. ) ;
#3302 = CYLINDRICAL_SURFACE ( 'NONE', #954, 1.799999999999999600 ) ;
#3303 = ADVANCED_FACE ( 'NONE', ( #2215 ), #3302, .F. ) ;
#3304 = APPROVAL_PERSON_ORGANIZATION ( #2451, #3358, #6 ) ;
#3305 = ORIENTED_EDGE ( 'NONE', *, *, #3312, .T. ) ;
#3306 = DIRECTION ( 'NONE',  ( -0.000000000000000000, -0.000000000000000000, -1.000000000000000000 ) ) ;
#3307 = FACE_OUTER_BOUND ( 'NONE', #1517, .T. ) ;
#3308 = CARTESIAN_POINT ( 'NONE',  ( -26.00000000000000355, 0.000000000000000000, 2.400000000000000355 ) ) ;
#3309 = CC_DESIGN_DATE_AND_TIME_ASSIGNMENT ( #286, #1370, ( #392 ) ) ;
#3310 = ORIENTED_EDGE ( 'NONE', *, *, #336, .F. ) ;
#3311 = DIRECTION ( 'NONE',  ( -0.000000000000000000, -0.000000000000000000, 1.000000000000000000 ) ) ;
#3312 = EDGE_CURVE ( 'NONE', #368, #2748, #1812, .T. ) ;
#3313 = EDGE_CURVE ( 'NONE', #1456, #3029, #2482, .T. ) ;
#3314 = PRODUCT_DEFINITION_SHAPE ( 'NONE', 'NONE',  #259 ) ;
#3315 = VERTEX_POINT ( 'NONE', #3134 ) ;
#3316 = EDGE_CURVE ( 'NONE', #3523, #1276, #41, .T. ) ;
#3317 = EDGE_LOOP ( 'NONE', ( #2923, #807, #2464, #3083 ) ) ;
#3318 = CARTESIAN_POINT ( 'NONE',  ( -24.68172400785650566, -14.24999999999999467, 24.40000000000000213 ) ) ;
#3319 = CARTESIAN_POINT ( 'NONE',  ( -3.469446951953614189E-15, -28.50000000000000000, 24.40000000000000213 ) ) ;
#3320 = ORIENTED_EDGE ( 'NONE', *, *, #1249, .T. ) ;
#3321 = CYLINDRICAL_SURFACE ( 'NONE', #548, 0.5000000000000004441 ) ;
#3322 = DIRECTION ( 'NONE',  ( -1.000000000000000000, 0.000000000000000000, 0.000000000000000000 ) ) ;
#3323 = EDGE_CURVE ( 'NONE', #1969, #2511, #2488, .T. ) ;
#3324 = ORIENTED_EDGE ( 'NONE', *, *, #2611, .T. ) ;
#3325 = CARTESIAN_POINT ( 'NONE',  ( -15.58724504646833786, -19.54578706170075009, 6.400000000000000355 ) ) ;
#3326 = DIRECTION ( 'NONE',  ( -1.000000000000000000, 0.000000000000000000, 0.000000000000000000 ) ) ;
#3327 = CARTESIAN_POINT ( 'NONE',  ( -8.911700416039135320, 23.35768814961720352, 6.399999999999999467 ) ) ;
#3328 = ORIENTED_EDGE ( 'NONE', *, *, #350, .T. ) ;
#3329 = FACE_BOUND ( 'NONE', #994, .T. ) ;
#3330 = ORIENTED_EDGE ( 'NONE', *, *, #2108, .F. ) ;
#3331 = ORIENTED_EDGE ( 'NONE', *, *, #664, .F. ) ;
#3332 = FACE_OUTER_BOUND ( 'NONE', #2104, .T. ) ;
#3333 = FACE_OUTER_BOUND ( 'NONE', #1309, .T. ) ;
#3334 = CIRCLE ( 'NONE', #3392, 2.999999999999999112 ) ;
#3335 = VERTEX_POINT ( 'NONE', #926 ) ;
#3336 = EDGE_CURVE ( 'NONE', #2843, #1579, #2836, .T. ) ;
#3337 = DIRECTION ( 'NONE',  ( -1.000000000000000000, 0.000000000000000000, 0.000000000000000000 ) ) ;
#3338 = AXIS2_PLACEMENT_3D ( 'NONE', #2337, #2565, #1281 ) ;
#3339 = FACE_OUTER_BOUND ( 'NONE', #1042, .T. ) ;
#3340 = VECTOR ( 'NONE', #50, 1000.000000000000000 ) ;
#3341 = VERTEX_POINT ( 'NONE', #3082 ) ;
#3342 = LINE ( 'NONE', #363, #2019 ) ;
#3343 = CARTESIAN_POINT ( 'NONE',  ( 21.95254326381661159, 20.15254326381660377, 24.40000000000000213 ) ) ;
#3344 = EDGE_CURVE ( 'NONE', #2387, #2173, #218, .T. ) ;
#3345 = CARTESIAN_POINT ( 'NONE',  ( 0.000000000000000000, 0.000000000000000000, 24.39999999999999858 ) ) ;
#3346 = AXIS2_PLACEMENT_3D ( 'NONE', #283, #1366, #2071 ) ;
#3347 = AXIS2_PLACEMENT_3D ( 'NONE', #310, #2219, #3087 ) ;
#3348 = ORIENTED_EDGE ( 'NONE', *, *, #3040, .F. ) ;
#3349 = DIRECTION ( 'NONE',  ( 0.000000000000000000, 0.000000000000000000, 1.000000000000000000 ) ) ;
#3350 = VECTOR ( 'NONE', #1520, 1000.000000000000000 ) ;
#3351 = ADVANCED_FACE ( 'NONE', ( #639 ), #1210, .F. ) ;
#3352 = VERTEX_POINT ( 'NONE', #2244 ) ;
#3353 = VECTOR ( 'NONE', #181, 1000.000000000000000 ) ;
#3354 = CARTESIAN_POINT ( 'NONE',  ( 24.26000000000000512, -3.420877080516027124, 20.40000000000000213 ) ) ;
#3355 = DIRECTION ( 'NONE',  ( 0.000000000000000000, 0.000000000000000000, -1.000000000000000000 ) ) ;
#3356 = DIRECTION ( 'NONE',  ( 0.000000000000000000, 0.000000000000000000, 1.000000000000000000 ) ) ;
#3357 = VECTOR ( 'NONE', #1726, 1000.000000000000000 ) ;
#3358 = APPROVAL ( #2685, 'æœª' ) ;
#3359 = VERTEX_POINT ( 'NONE', #624 ) ;
#3360 = CARTESIAN_POINT ( 'NONE',  ( -24.26000000000000512, 3.420877080516024016, -0.4000000000000000222 ) ) ;
#3361 = CARTESIAN_POINT ( 'NONE',  ( -20.78902224138453292, 13.88584006271205773, -4.599999999999999645 ) ) ;
#3362 = ADVANCED_FACE ( 'NONE', ( #3339 ), #963, .F. ) ;
#3363 = EDGE_LOOP ( 'NONE', ( #786, #831, #3144, #1843 ) ) ;
#3364 = DIRECTION ( 'NONE',  ( -0.000000000000000000, -0.000000000000000000, -1.000000000000000000 ) ) ;
#3365 = DIRECTION ( 'NONE',  ( -1.000000000000000000, 0.000000000000000000, 0.000000000000000000 ) ) ;
#3366 = APPLICATION_CONTEXT ( 'configuration controlled 3d designs of mechanical parts and assemblies' ) ;
#3367 = CARTESIAN_POINT ( 'NONE',  ( 8.911700416039108674, 23.35768814961721773, -4.599999999999999645 ) ) ;
#3368 = EDGE_LOOP ( 'NONE', ( #1787, #52, #3401, #2875 ) ) ;
#3369 = CARTESIAN_POINT ( 'NONE',  ( 12.45131319389210667, 21.10011373778844046, -4.599999999999999645 ) ) ;
#3370 = ORIENTED_EDGE ( 'NONE', *, *, #942, .F. ) ;
#3371 = ADVANCED_FACE ( 'NONE', ( #677 ), #1996, .T. ) ;
#3372 = CARTESIAN_POINT ( 'NONE',  ( 20.78902224138451871, 13.88584006271208082, 20.40000000000000213 ) ) ;
#3373 = FACE_OUTER_BOUND ( 'NONE', #934, .T. ) ;
#3374 = DIRECTION ( 'NONE',  ( -1.000000000000000000, 0.000000000000000000, 0.000000000000000000 ) ) ;
#3375 = ORIENTED_EDGE ( 'NONE', *, *, #1132, .T. ) ;
#3376 = CARTESIAN_POINT ( 'NONE',  ( -5.563023348907858434, -24.37319780454559393, 20.40000000000000213 ) ) ;
#3377 = DIRECTION ( 'NONE',  ( -1.000000000000000000, 0.000000000000000000, 0.000000000000000000 ) ) ;
#3378 = ORIENTED_EDGE ( 'NONE', *, *, #820, .T. ) ;
#3379 = CARTESIAN_POINT ( 'NONE',  ( -8.733466407718330160, -22.89053438662486784, 20.40000000000000213 ) ) ;
#3380 = DIRECTION ( 'NONE',  ( 0.000000000000000000, 0.000000000000000000, 1.000000000000000000 ) ) ;
#3381 = EDGE_CURVE ( 'NONE', #2926, #1847, #123, .T. ) ;
#3382 = DIRECTION ( 'NONE',  ( -0.000000000000000000, -0.000000000000000000, -1.000000000000000000 ) ) ;
#3383 = ORIENTED_EDGE ( 'NONE', *, *, #919, .T. ) ;
#3384 = CARTESIAN_POINT ( 'NONE',  ( -20.78902224138453292, 13.88584006271205773, 6.400000000000000355 ) ) ;
#3385 = ORIENTED_EDGE ( 'NONE', *, *, #2965, .T. ) ;
#3386 = CARTESIAN_POINT ( 'NONE',  ( -12.45131319389210667, -21.10011373778843691, 6.399999999999999467 ) ) ;
#3387 = FACE_OUTER_BOUND ( 'NONE', #3540, .T. ) ;
#3388 = EDGE_CURVE ( 'NONE', #2762, #420, #2778, .T. ) ;
#3389 = ORIENTED_EDGE ( 'NONE', *, *, #1661, .T. ) ;
#3390 = CARTESIAN_POINT ( 'NONE',  ( -17.80041199229365034, 16.83434979156036704, -4.599999999999999645 ) ) ;
#3391 = DIRECTION ( 'NONE',  ( -0.000000000000000000, -0.000000000000000000, 1.000000000000000000 ) ) ;
#3392 = AXIS2_PLACEMENT_3D ( 'NONE', #1458, #1617, #491 ) ;
#3393 = EDGE_CURVE ( 'NONE', #2815, #3523, #1712, .T. ) ;
#3394 = CIRCLE ( 'NONE', #1631, 25.00000000000000000 ) ;
#3395 = ORIENTED_EDGE ( 'NONE', *, *, #1559, .F. ) ;
#3396 = CARTESIAN_POINT ( 'NONE',  ( -8.911700416039112227, -23.35768814961721418, 6.400000000000000355 ) ) ;
#3397 = CARTESIAN_POINT ( 'NONE',  ( -17.80041199229362547, -16.83434979156038835, -0.4000000000000000222 ) ) ;
#3398 = EDGE_CURVE ( 'NONE', #2982, #956, #2892, .T. ) ;
#3399 = CIRCLE ( 'NONE', #1853, 0.5000000000000000000 ) ;
#3400 = CARTESIAN_POINT ( 'NONE',  ( 0.000000000000000000, 0.000000000000000000, 23.40000000000000213 ) ) ;
#3401 = ORIENTED_EDGE ( 'NONE', *, *, #115, .F. ) ;
#3402 = VECTOR ( 'NONE', #3022, 1000.000000000000000 ) ;
#3403 = EDGE_CURVE ( 'NONE', #158, #2017, #107, .T. ) ;
#3404 = AXIS2_PLACEMENT_3D ( 'NONE', #1096, #567, #879 ) ;
#3405 = AXIS2_PLACEMENT_3D ( 'NONE', #3291, #900, #2460 ) ;
#3406 = ORIENTED_EDGE ( 'NONE', *, *, #3515, .F. ) ;
#3407 = FACE_BOUND ( 'NONE', #1031, .T. ) ;
#3408 = AXIS2_PLACEMENT_3D ( 'NONE', #628, #3070, #3124 ) ;
#3409 = DIRECTION ( 'NONE',  ( -0.000000000000000000, -0.000000000000000000, -1.000000000000000000 ) ) ;
#3410 = AXIS2_PLACEMENT_3D ( 'NONE', #2141, #1825, #470 ) ;
#3411 = CIRCLE ( 'NONE', #220, 0.5000000000000004441 ) ;
#3412 = ORIENTED_EDGE ( 'NONE', *, *, #3056, .T. ) ;
#3413 = CYLINDRICAL_SURFACE ( 'NONE', #1111, 1.799999999999999600 ) ;
#3414 = CARTESIAN_POINT ( 'NONE',  ( 24.75510204081632537, 3.490690898485762084, 6.399999999999999467 ) ) ;
#3415 = AXIS2_PLACEMENT_3D ( 'NONE', #872, #2284, #1159 ) ;
#3416 = AXIS2_PLACEMENT_3D ( 'NONE', #1602, #1344, #2430 ) ;
#3417 = VERTEX_POINT ( 'NONE', #2315 ) ;
#3418 = EDGE_CURVE ( 'NONE', #185, #813, #732, .T. ) ;
#3419 = DIRECTION ( 'NONE',  ( 1.000000000000000000, 0.000000000000000000, 0.000000000000000000 ) ) ;
#3420 = CARTESIAN_POINT ( 'NONE',  ( -20.78902224138453292, 13.88584006271205773, 20.40000000000000213 ) ) ;
#3421 = CARTESIAN_POINT ( 'NONE',  ( -26.48172400785650282, 14.25000000000000355, 24.40000000000000213 ) ) ;
#3422 = ORIENTED_EDGE ( 'NONE', *, *, #1705, .T. ) ;
#3423 = EDGE_CURVE ( 'NONE', #2918, #2465, #690, .T. ) ;
#3424 = CARTESIAN_POINT ( 'NONE',  ( -3.469446951953614189E-15, -28.50000000000000000, 2.400000000000000355 ) ) ;
#3425 = EDGE_LOOP ( 'NONE', ( #2205, #3, #43, #201 ) ) ;
#3426 = CARTESIAN_POINT ( 'NONE',  ( 20.78902224138453292, -13.88584006271206128, 20.40000000000000213 ) ) ;
#3427 = FACE_OUTER_BOUND ( 'NONE', #2437, .T. ) ;
#3428 = EDGE_LOOP ( 'NONE', ( #3025, #1167 ) ) ;
#3429 = DIRECTION ( 'NONE',  ( 0.000000000000000000, 0.000000000000000000, 1.000000000000000000 ) ) ;
#3430 = CARTESIAN_POINT ( 'NONE',  ( 0.000000000000000000, 0.000000000000000000, 6.400000000000000355 ) ) ;
#3431 = ORIENTED_EDGE ( 'NONE', *, *, #3496, .T. ) ;
#3432 = CARTESIAN_POINT ( 'NONE',  ( -32.00000000000000000, 0.000000000000000000, 24.39999999999999858 ) ) ;
#3433 = CARTESIAN_POINT ( 'NONE',  ( -15.58724504646834319, 19.54578706170074298, -0.4000000000000000222 ) ) ;
#3434 = DIRECTION ( 'NONE',  ( 0.000000000000000000, 0.000000000000000000, 1.000000000000000000 ) ) ;
#3435 = EDGE_CURVE ( 'NONE', #956, #368, #2545, .T. ) ;
#3436 = CYLINDRICAL_SURFACE ( 'NONE', #1409, 0.5000000000000004441 ) ;
#3437 = ORIENTED_EDGE ( 'NONE', *, *, #313, .T. ) ;
#3438 = DIRECTION ( 'NONE',  ( 1.000000000000000000, 0.000000000000000000, -0.000000000000000000 ) ) ;
#3439 = CARTESIAN_POINT ( 'NONE',  ( 8.733466407718351476, -22.89053438662486073, 20.40000000000000213 ) ) ;
#3440 = VERTEX_POINT ( 'NONE', #3414 ) ;
#3441 = DIRECTION ( 'NONE',  ( -1.000000000000000000, 0.000000000000000000, 0.000000000000000000 ) ) ;
#3442 = EDGE_LOOP ( 'NONE', ( #1886, #44, #1095, #2278 ) ) ;
#3443 = DIRECTION ( 'NONE',  ( -1.000000000000000000, -1.734723475976805517E-15, 0.000000000000000000 ) ) ;
#3444 = DIRECTION ( 'NONE',  ( -0.000000000000000000, -0.000000000000000000, -1.000000000000000000 ) ) ;
#3445 = ORIENTED_EDGE ( 'NONE', *, *, #681, .T. ) ;
#3446 = DIRECTION ( 'NONE',  ( -0.000000000000000000, -0.000000000000000000, 1.000000000000000000 ) ) ;
#3447 = FACE_BOUND ( 'NONE', #2033, .T. ) ;
#3448 = CARTESIAN_POINT ( 'NONE',  ( -24.26000000000000512, -3.420877080516050217, 20.40000000000000213 ) ) ;
#3449 = EDGE_CURVE ( 'NONE', #813, #1969, #1357, .T. ) ;
#3450 = CIRCLE ( 'NONE', #594, 0.5000000000000004441 ) ;
#3451 = DIRECTION ( 'NONE',  ( -1.000000000000000000, 0.000000000000000000, -0.000000000000000000 ) ) ;
#3452 = EDGE_LOOP ( 'NONE', ( #2646, #2010 ) ) ;
#3453 = ORIENTED_EDGE ( 'NONE', *, *, #727, .T. ) ;
#3454 = CARTESIAN_POINT ( 'NONE',  ( 18.16368570642206492, 17.17790795057182862, 20.40000000000000213 ) ) ;
#3455 = EDGE_CURVE ( 'NONE', #1028, #1721, #1815, .T. ) ;
#3456 = AXIS2_PLACEMENT_3D ( 'NONE', #180, #2604, #2035 ) ;
#3457 = CIRCLE ( 'NONE', #2081, 32.00000000000000000 ) ;
#3458 = ORIENTED_EDGE ( 'NONE', *, *, #2480, .T. ) ;
#3459 = CARTESIAN_POINT ( 'NONE',  ( -12.95131319389210667, -21.10011373778843691, 20.40000000000000213 ) ) ;
#3460 = AXIS2_PLACEMENT_3D ( 'NONE', #537, #2388, #1851 ) ;
#3461 = CIRCLE ( 'NONE', #3408, 0.5000000000000004441 ) ;
#3462 = VECTOR ( 'NONE', #3139, 1000.000000000000000 ) ;
#3463 = ORIENTED_EDGE ( 'NONE', *, *, #1457, .F. ) ;
#3464 = CARTESIAN_POINT ( 'NONE',  ( 0.000000000000000000, 0.000000000000000000, 6.400000000000000355 ) ) ;
#3465 = CARTESIAN_POINT ( 'NONE',  ( 8.280545970745423645, -23.10234344632782211, 6.400000000000000355 ) ) ;
#3466 = CIRCLE ( 'NONE', #1296, 1.799999999999999600 ) ;
#3467 = AXIS2_PLACEMENT_3D ( 'NONE', #1265, #2392, #3209 ) ;
#3468 = ORIENTED_EDGE ( 'NONE', *, *, #2420, .F. ) ;
#3469 = LOCAL_TIME ( 11, 16, 35.00000000000000000, #2487 ) ;
#3470 = DIRECTION ( 'NONE',  ( 0.000000000000000000, 0.000000000000000000, -1.000000000000000000 ) ) ;
#3471 = EDGE_CURVE ( 'NONE', #1579, #2110, #2333, .T. ) ;
#3472 = AXIS2_PLACEMENT_3D ( 'NONE', #424, #152, #3441 ) ;
#3473 = DIRECTION ( 'NONE',  ( -0.000000000000000000, -0.000000000000000000, 1.000000000000000000 ) ) ;
#3474 = DIRECTION ( 'NONE',  ( -0.2225209339563145594, 0.9749279121818235083, 0.000000000000000000 ) ) ;
#3475 = EDGE_CURVE ( 'NONE', #25, #2790, #280, .T. ) ;
#3476 = DIRECTION ( 'NONE',  ( -0.000000000000000000, -0.000000000000000000, -1.000000000000000000 ) ) ;
#3477 = EDGE_LOOP ( 'NONE', ( #60, #59, #2092, #633 ) ) ;
#3478 = ORIENTED_EDGE ( 'NONE', *, *, #2238, .T. ) ;
#3479 = CARTESIAN_POINT ( 'NONE',  ( -23.22497539171025238, 7.930084005870778441, -0.4000000000000000222 ) ) ;
#3480 = ORIENTED_EDGE ( 'NONE', *, *, #2637, .T. ) ;
#3481 = DIRECTION ( 'NONE',  ( 1.000000000000000000, -6.938893903907222067E-15, 0.000000000000000000 ) ) ;
#3482 = ADVANCED_FACE ( 'NONE', ( #2102 ), #705, .F. ) ;
#3483 = VERTEX_POINT ( 'NONE', #3167 ) ;
#3484 = CARTESIAN_POINT ( 'NONE',  ( -20.15254326381674943, -20.15254326381645456, 24.40000000000000213 ) ) ;
#3485 = DIRECTION ( 'NONE',  ( -1.000000000000000000, 0.000000000000000000, 0.000000000000000000 ) ) ;
#3486 = VERTEX_POINT ( 'NONE', #3465 ) ;
#3487 = ORIENTED_EDGE ( 'NONE', *, *, #2210, .F. ) ;
#3488 = LINE ( 'NONE', #2406, #1179 ) ;
#3489 = DIRECTION ( 'NONE',  ( -0.000000000000000000, -0.000000000000000000, 1.000000000000000000 ) ) ;
#3490 = CARTESIAN_POINT ( 'NONE',  ( 0.000000000000000000, 0.000000000000000000, 24.39999999999999858 ) ) ;
#3491 = DIRECTION ( 'NONE',  ( -1.000000000000000000, -1.734723475976807686E-15, 0.000000000000000000 ) ) ;
#3492 = ORIENTED_EDGE ( 'NONE', *, *, #1126, .T. ) ;
#3493 = CARTESIAN_POINT ( 'NONE',  ( 0.000000000000000000, 0.000000000000000000, 6.400000000000000355 ) ) ;
#3494 = CYLINDRICAL_SURFACE ( 'NONE', #1408, 0.5000000000000004441 ) ;
#3495 = ORIENTED_EDGE ( 'NONE', *, *, #1335, .F. ) ;
#3496 = EDGE_CURVE ( 'NONE', #3248, #317, #1015, .T. ) ;
#3497 = CARTESIAN_POINT ( 'NONE',  ( -32.00000000000000000, 0.000000000000000000, 24.39999999999999858 ) ) ;
#3498 = ORIENTED_EDGE ( 'NONE', *, *, #3203, .T. ) ;
#3499 = CARTESIAN_POINT ( 'NONE',  ( 12.89930345854585703, -20.87806706977590920, 20.40000000000000213 ) ) ;
#3500 =( NAMED_UNIT ( * ) SI_UNIT ( $, .STERADIAN. ) SOLID_ANGLE_UNIT ( ) );
#3501 = EDGE_CURVE ( 'NONE', #1527, #1099, #2949, .T. ) ;
#3502 = VERTEX_POINT ( 'NONE', #2117 ) ;
#3503 = EDGE_CURVE ( 'NONE', #2564, #1800, #2548, .T. ) ;
#3504 = DIRECTION ( 'NONE',  ( 1.000000000000000000, -3.469446951953611033E-15, 0.000000000000000000 ) ) ;
#3505 = DIRECTION ( 'NONE',  ( -0.000000000000000000, -0.000000000000000000, 1.000000000000000000 ) ) ;
#3506 = CARTESIAN_POINT ( 'NONE',  ( 20.37324179655682599, 13.60812326145783935, 20.40000000000000213 ) ) ;
#3507 = DIRECTION ( 'NONE',  ( 0.000000000000000000, 0.000000000000000000, 1.000000000000000000 ) ) ;
#3508 = ORIENTED_EDGE ( 'NONE', *, *, #2404, .F. ) ;
#3509 = CARTESIAN_POINT ( 'NONE',  ( -2.063249307842049962, 24.41296791243722453, 6.400000000000000355 ) ) ;
#3510 = DIRECTION ( 'NONE',  ( 0.000000000000000000, 0.000000000000000000, -1.000000000000000000 ) ) ;
#3511 = AXIS2_PLACEMENT_3D ( 'NONE', #514, #3254, #3532 ) ;
#3512 = ORIENTED_EDGE ( 'NONE', *, *, #120, .T. ) ;
#3513 = AXIS2_PLACEMENT_3D ( 'NONE', #3048, #1130, #874 ) ;
#3514 = CARTESIAN_POINT ( 'NONE',  ( -12.45131319389213154, 21.10011373778842270, 20.40000000000000213 ) ) ;
#3515 = EDGE_CURVE ( 'NONE', #1165, #1504, #1188, .T. ) ;
#3516 = AXIS2_PLACEMENT_3D ( 'NONE', #1977, #83, #305 ) ;
#3517 = ORIENTED_EDGE ( 'NONE', *, *, #1831, .F. ) ;
#3518 = DIRECTION ( 'NONE',  ( -0.6234898018587332613, -0.7818314824680301367, 0.000000000000000000 ) ) ;
#3519 = AXIS2_PLACEMENT_3D ( 'NONE', #925, #2862, #990 ) ;
#3520 = CALENDAR_DATE ( 2026, 28, 8 ) ;
#3521 = CIRCLE ( 'NONE', #3404, 0.5000000000000004441 ) ;
#3522 = CIRCLE ( 'NONE', #94, 0.5000000000000004441 ) ;
#3523 = VERTEX_POINT ( 'NONE', #1302 ) ;
#3524 = DIRECTION ( 'NONE',  ( 1.000000000000000000, 0.000000000000000000, -0.000000000000000000 ) ) ;
#3525 = DIRECTION ( 'NONE',  ( -0.000000000000000000, -0.000000000000000000, 1.000000000000000000 ) ) ;
#3526 = FACE_OUTER_BOUND ( 'NONE', #3425, .T. ) ;
#3527 = VECTOR ( 'NONE', #1364, 1000.000000000000000 ) ;
#3528 = EDGE_CURVE ( 'NONE', #1135, #25, #842, .T. ) ;
#3529 = DIRECTION ( 'NONE',  ( 1.000000000000000000, 0.000000000000000000, -0.000000000000000000 ) ) ;
#3530 = AXIS2_PLACEMENT_3D ( 'NONE', #524, #1139, #3524 ) ;
#3531 = VERTEX_POINT ( 'NONE', #1514 ) ;
#3532 = DIRECTION ( 'NONE',  ( -1.000000000000000000, 0.000000000000000000, 0.000000000000000000 ) ) ;
#3533 = DIRECTION ( 'NONE',  ( -1.000000000000000000, 0.000000000000000000, 0.000000000000000000 ) ) ;
#3534 = PRODUCT_DEFINITION_FORMATION_WITH_SPECIFIED_SOURCE ( 'ä»', '', #3017, .NOT_KNOWN. ) ;
#3535 = EDGE_LOOP ( 'NONE', ( #3135, #1623, #1400, #436 ) ) ;
#3536 = DIRECTION ( 'NONE',  ( -1.000000000000000000, 0.000000000000000000, 0.000000000000000000 ) ) ;
#3537 = ORIENTED_EDGE ( 'NONE', *, *, #3398, .F. ) ;
#3538 = DIRECTION ( 'NONE',  ( -1.000000000000000000, 0.000000000000000000, 0.000000000000000000 ) ) ;
#3539 = COORDINATED_UNIVERSAL_TIME_OFFSET ( 8, 0, .AHEAD. ) ;
#3540 = EDGE_LOOP ( 'NONE', ( #2057, #529, #2402, #2298, #1036 ) ) ;
#3541 = CARTESIAN_POINT ( 'NONE',  ( -17.80041199229362547, -16.83434979156038835, 20.40000000000000213 ) ) ;
#3542 = DIRECTION ( 'NONE',  ( 0.000000000000000000, 0.000000000000000000, -1.000000000000000000 ) ) ;
#3543 = DIRECTION ( 'NONE',  ( -1.000000000000000000, 0.000000000000000000, 0.000000000000000000 ) ) ;
#3544 = ORIENTED_EDGE ( 'NONE', *, *, #3423, .F. ) ;
#3545 = CARTESIAN_POINT ( 'NONE',  ( 0.000000000000000000, 0.000000000000000000, 6.400000000000000355 ) ) ;
#3546 = DIRECTION ( 'NONE',  ( 0.000000000000000000, 0.000000000000000000, 1.000000000000000000 ) ) ;
#3547 = EDGE_CURVE ( 'NONE', #4, #920, #1072, .T. ) ;
ENDSEC;
END-ISO-10303-21;
