ISO-10303-21;
HEADER;
FILE_DESCRIPTION (( 'STEP AP203' ),
    '1' );
FILE_NAME ('°ÚÏßÂÖ2.STEP',
    '2026-08-28T03:19:11',
    ( '' ),
    ( '' ),
    'SwSTEP 2.0',
    'SolidWorks 2026',
    '' );
FILE_SCHEMA (( 'CONFIG_CONTROL_DESIGN' ));
ENDSEC;

DATA;
#1 = CARTESIAN_POINT ( 'NONE',  ( 1.857833821405696417, 22.83518087930976392, -4.000000000000000000 ) ) ;
#2 = CARTESIAN_POINT ( 'NONE',  ( -22.37721557805504347, -3.872467211510906449, 0.000000000000000000 ) ) ;
#3 = CARTESIAN_POINT ( 'NONE',  ( 8.920607862287514678, -19.38845876690917436, -4.000000000000000000 ) ) ;
#4 = FACE_OUTER_BOUND ( 'NONE', #594, .T. ) ;
#5 = CARTESIAN_POINT ( 'NONE',  ( -21.95448300822184606, -2.722055118315031663, -4.000000000000000000 ) ) ;
#6 = CARTESIAN_POINT ( 'NONE',  ( -22.44474957922670910, -4.596765017330784353, 0.000000000000000000 ) ) ;
#7 = CARTESIAN_POINT ( 'NONE',  ( -21.00000000000000355, -0.1146559665542567497, -4.000000000000000000 ) ) ;
#8 = CARTESIAN_POINT ( 'NONE',  ( 20.38460457323552433, 5.024353773962914715, 0.000000000000000000 ) ) ;
#9 = CARTESIAN_POINT ( 'NONE',  ( -6.105749397311496018, 21.69045284728557377, -4.000000000000000000 ) ) ;
#10 = CARTESIAN_POINT ( 'NONE',  ( 0.6436398694731745307, 22.47664715384596690, -4.000000000000000000 ) ) ;
#11 = ORIENTED_EDGE ( 'NONE', *, *, #2649, .F. ) ;
#12 = CYLINDRICAL_SURFACE ( 'NONE', #3779, 5.000000000000000888 ) ;
#13 = CARTESIAN_POINT ( 'NONE',  ( -9.442194321211964336, 20.69742849959578024, 0.000000000000000000 ) ) ;
#14 = CARTESIAN_POINT ( 'NONE',  ( 15.50124267262307320, -14.18684045416840434, 0.000000000000000000 ) ) ;
#15 = EDGE_CURVE ( 'NONE', #963, #4763, #2946, .T. ) ;
#16 = CARTESIAN_POINT ( 'NONE',  ( 15.31911420367087651, 14.46005418918946361, 0.000000000000000000 ) ) ;
#17 = CARTESIAN_POINT ( 'NONE',  ( -0.9213867414385564780, -21.42502250719502044, -4.000000000000000000 ) ) ;
#18 = CARTESIAN_POINT ( 'NONE',  ( -20.86332366715751974, 7.681268167302651051, 0.000000000000000000 ) ) ;
#19 = CARTESIAN_POINT ( 'NONE',  ( 17.94588197194135404, -12.62293839904232406, -4.000000000000000000 ) ) ;
#20 = CARTESIAN_POINT ( 'NONE',  ( 20.63977482671135277, 7.800975292103149883, -4.000000000000000000 ) ) ;
#21 = CARTESIAN_POINT ( 'NONE',  ( -15.69022999050113931, -16.30021426032061882, -4.000000000000000000 ) ) ;
#22 = CARTESIAN_POINT ( 'NONE',  ( 19.40839018475416111, -11.86814941478854912, 0.000000000000000000 ) ) ;
#23 = CARTESIAN_POINT ( 'NONE',  ( 16.20113928410977167, 13.46445368502866735, 0.000000000000000000 ) ) ;
#24 = CARTESIAN_POINT ( 'NONE',  ( 20.42587224719004979, 10.57032113636049964, 0.000000000000000000 ) ) ;
#25 = CARTESIAN_POINT ( 'NONE',  ( -18.25491778814015476, -10.67023813421722878, -4.000000000000000000 ) ) ;
#26 = CARTESIAN_POINT ( 'NONE',  ( -12.12435565298206086, 7.000000000000141220, -4.000000000000000000 ) ) ;
#27 = CARTESIAN_POINT ( 'NONE',  ( -20.78488896738855018, -7.737314153829968788, -4.000000000000000000 ) ) ;
#28 = CARTESIAN_POINT ( 'NONE',  ( 10.42692446230140746, -19.57439362941259731, -4.000000000000000000 ) ) ;
#29 = DIRECTION ( 'NONE',  ( 1.000000000000000000, 0.000000000000000000, 0.000000000000000000 ) ) ;
#30 = EDGE_CURVE ( 'NONE', #1481, #3011, #3613, .T. ) ;
#31 = CARTESIAN_POINT ( 'NONE',  ( -21.12263386550846533, 0.9645433511945863403, 0.000000000000000000 ) ) ;
#32 = CARTESIAN_POINT ( 'NONE',  ( -5.000000000000098588, -14.00000000000000000, -4.000000000000000000 ) ) ;
#33 = CARTESIAN_POINT ( 'NONE',  ( 12.25706784425205598, 19.35617007985194249, -4.000000000000000000 ) ) ;
#34 = CARTESIAN_POINT ( 'NONE',  ( -22.43509628547915469, 4.853803308554995866, -4.000000000000000000 ) ) ;
#35 = ORIENTED_EDGE ( 'NONE', *, *, #1724, .F. ) ;
#36 = CARTESIAN_POINT ( 'NONE',  ( 22.44605429875779379, 1.982565721560222594, 0.000000000000000000 ) ) ;
#37 = CARTESIAN_POINT ( 'NONE',  ( -8.749985478137801920, 21.22099681987718256, 0.000000000000000000 ) ) ;
#38 = CARTESIAN_POINT ( 'NONE',  ( 18.41882560490896381, -12.45098463714985293, 0.000000000000000000 ) ) ;
#39 = CARTESIAN_POINT ( 'NONE',  ( 14.84467752762610004, 15.61258150207477691, -4.000000000000000000 ) ) ;
#40 = CARTESIAN_POINT ( 'NONE',  ( -21.09316236851856630, 7.501932561979696601, -4.000000000000000000 ) ) ;
#41 = CARTESIAN_POINT ( 'NONE',  ( -13.51774999865093818, -16.64785205169378557, -4.000000000000000000 ) ) ;
#42 = ADVANCED_FACE ( 'NONE', ( #4838 ), #2290, .F. ) ;
#43 = CARTESIAN_POINT ( 'NONE',  ( 19.76335568513955820, -11.53639894063094040, 0.000000000000000000 ) ) ;
#44 = CARTESIAN_POINT ( 'NONE',  ( 12.01993966802988112, 19.43824653320579898, 0.000000000000000000 ) ) ;
#45 = CARTESIAN_POINT ( 'NONE',  ( -5.904873404661001857, -21.64624392335658243, 0.000000000000000000 ) ) ;
#46 = CARTESIAN_POINT ( 'NONE',  ( -0.2856726970412385991, 21.87095674489394170, -4.000000000000000000 ) ) ;
#47 = CARTESIAN_POINT ( 'NONE',  ( 22.89262382182331024, 0.9081887751128878694, -4.000000000000000000 ) ) ;
#48 = CARTESIAN_POINT ( 'NONE',  ( -22.21764800328125133, -5.884928489421191955, -4.000000000000000000 ) ) ;
#49 = CARTESIAN_POINT ( 'NONE',  ( 13.17393849248636428, -18.85193068575482300, 0.000000000000000000 ) ) ;
#50 = DIRECTION ( 'NONE',  ( -1.000000000000000000, 0.000000000000000000, 0.000000000000000000 ) ) ;
#51 = CARTESIAN_POINT ( 'NONE',  ( -20.78488896738854663, 7.737314153829982999, -4.000000000000000000 ) ) ;
#52 = CARTESIAN_POINT ( 'NONE',  ( 5.888780766279269052, 20.72291999561921116, -4.000000000000000000 ) ) ;
#53 = AXIS2_PLACEMENT_3D ( 'NONE', #1233, #2359, #1544 ) ;
#54 = CARTESIAN_POINT ( 'NONE',  ( -22.32787987256119067, -3.653229048890591191, 0.000000000000000000 ) ) ;
#55 = CARTESIAN_POINT ( 'NONE',  ( -7.124355652982059972, 7.000000000000141220, -4.000000000000000000 ) ) ;
#56 = CARTESIAN_POINT ( 'NONE',  ( 12.84246811570854341, 19.07246152098828063, -4.000000000000000000 ) ) ;
#57 = CARTESIAN_POINT ( 'NONE',  ( -22.12494672396930184, 3.069479490690234957, -4.000000000000000000 ) ) ;
#58 = ADVANCED_FACE ( 'NONE', ( #3700 ), #1909, .F. ) ;
#59 = CARTESIAN_POINT ( 'NONE',  ( -0.6175175649107306208, 21.62688545941146145, -4.000000000000000000 ) ) ;
#60 = AXIS2_PLACEMENT_3D ( 'NONE', #2720, #1195, #4535 ) ;
#61 = CARTESIAN_POINT ( 'NONE',  ( 7.444813141596420714, 19.63035893048885683, -4.000000000000000000 ) ) ;
#62 = CALENDAR_DATE ( 2026, 28, 8 ) ;
#63 = VERTEX_POINT ( 'NONE', #355 ) ;
#64 = FACE_BOUND ( 'NONE', #1188, .T. ) ;
#65 = CARTESIAN_POINT ( 'NONE',  ( -7.018785184948981737, 21.74996626287743240, 0.000000000000000000 ) ) ;
#66 = CARTESIAN_POINT ( 'NONE',  ( 14.77007356050272691, -15.92647734529627535, 0.000000000000000000 ) ) ;
#67 = APPROVAL_PERSON_ORGANIZATION ( #4385, #1479, #2906 ) ;
#68 = CARTESIAN_POINT ( 'NONE',  ( 19.49872646015114341, -11.79169641045160688, -4.000000000000000000 ) ) ;
#69 = CARTESIAN_POINT ( 'NONE',  ( -15.58767780413765180, -16.33620357133146683, 0.000000000000000000 ) ) ;
#70 = CARTESIAN_POINT ( 'NONE',  ( 20.80479732610527321, -8.890484256038245547, -4.000000000000000000 ) ) ;
#71 = CARTESIAN_POINT ( 'NONE',  ( 14.74184757433800641, 16.05974072920882278, 0.000000000000000000 ) ) ;
#72 = CARTESIAN_POINT ( 'NONE',  ( -9.875503961468174552, -20.20119702064939915, 0.000000000000000000 ) ) ;
#73 = CARTESIAN_POINT ( 'NONE',  ( -18.17327844624658084, 12.80672111095504739, -4.000000000000000000 ) ) ;
#74 = CARTESIAN_POINT ( 'NONE',  ( -18.17312489739111214, -12.51371455121038423, -4.000000000000000000 ) ) ;
#75 = CARTESIAN_POINT ( 'NONE',  ( 11.11919254841975402, -19.59896623534658033, -4.000000000000000000 ) ) ;
#76 = CARTESIAN_POINT ( 'NONE',  ( -8.967007540600043569, 21.08292693307965138, 0.000000000000000000 ) ) ;
#77 = CARTESIAN_POINT ( 'NONE',  ( 0.05588777320240490010, 22.12251759593046785, -4.000000000000000000 ) ) ;
#78 = CARTESIAN_POINT ( 'NONE',  ( -22.17120079974524316, -6.007861870957579953, 0.000000000000000000 ) ) ;
#79 = CARTESIAN_POINT ( 'NONE',  ( 13.38099028520532308, -18.68703735509054198, -4.000000000000000000 ) ) ;
#80 = DIRECTION ( 'NONE',  ( -1.000000000000000000, 0.000000000000000000, 0.000000000000000000 ) ) ;
#81 = CARTESIAN_POINT ( 'NONE',  ( -20.24364962902316378, 8.089004381985118286, 0.000000000000000000 ) ) ;
#82 = CARTESIAN_POINT ( 'NONE',  ( -0.4943508176894245709, -21.71550991531045227, 0.000000000000000000 ) ) ;
#83 = CARTESIAN_POINT ( 'NONE',  ( -18.16634988306093845, 12.30353548794323260, 0.000000000000000000 ) ) ;
#84 = CARTESIAN_POINT ( 'NONE',  ( -21.68400932030298733, -2.245235397778349906, 0.000000000000000000 ) ) ;
#85 = CARTESIAN_POINT ( 'NONE',  ( -9.169259294848504993, 20.93439900958706090, -4.000000000000000000 ) ) ;
#86 = CARTESIAN_POINT ( 'NONE',  ( -22.38706326563480431, 5.244728221083877706, -4.000000000000000000 ) ) ;
#87 = CARTESIAN_POINT ( 'NONE',  ( 0.3802319003370139838, 22.33361581975058030, -4.000000000000000000 ) ) ;
#88 = CARTESIAN_POINT ( 'NONE',  ( 10.02411735440074025, 19.51692406200496777, -4.000000000000000000 ) ) ;
#89 = ORIENTED_EDGE ( 'NONE', *, *, #3971, .T. ) ;
#90 = CARTESIAN_POINT ( 'NONE',  ( 22.94476432465958382, 0.6563093650777872545, -4.000000000000000000 ) ) ;
#91 = CARTESIAN_POINT ( 'NONE',  ( -17.79490290189911761, 14.38819513235454650, 0.000000000000000000 ) ) ;
#92 = CARTESIAN_POINT ( 'NONE',  ( -6.317921412924655478, 21.72473638752124003, 0.000000000000000000 ) ) ;
#93 = CARTESIAN_POINT ( 'NONE',  ( 12.95531842612693296, -19.00283322196914426, 0.000000000000000000 ) ) ;
#94 = CARTESIAN_POINT ( 'NONE',  ( 14.67208735301614375, 16.39888229772765982, 0.000000000000000000 ) ) ;
#95 = CARTESIAN_POINT ( 'NONE',  ( 0.6436398694731844117, -22.47664715384598111, -4.000000000000000000 ) ) ;
#96 = CARTESIAN_POINT ( 'NONE',  ( -7.650304178717140857, -21.65939507780015205, -4.000000000000000000 ) ) ;
#97 =( NAMED_UNIT ( * ) PLANE_ANGLE_UNIT ( ) SI_UNIT ( $, .RADIAN. ) );
#98 = CARTESIAN_POINT ( 'NONE',  ( -14.03001975968732218, -16.58210780195572198, -4.000000000000000000 ) ) ;
#99 = CARTESIAN_POINT ( 'NONE',  ( 20.74536345487271660, -9.589279067479342444, 0.000000000000000000 ) ) ;
#100 = CARTESIAN_POINT ( 'NONE',  ( 13.83449488849161924, 18.22869934018957494, 0.000000000000000000 ) ) ;
#101 = CARTESIAN_POINT ( 'NONE',  ( -8.279565467389332412, -21.45685768362953638, 0.000000000000000000 ) ) ;
#102 = CARTESIAN_POINT ( 'NONE',  ( 19.58821292735725805, 11.71089130713609450, -4.000000000000000000 ) ) ;
#103 = CARTESIAN_POINT ( 'NONE',  ( -18.20278110322238874, -10.94483285274551143, -4.000000000000000000 ) ) ;
#104 = CARTESIAN_POINT ( 'NONE',  ( -21.16885992121934379, -7.436852529821842417, 0.000000000000000000 ) ) ;
#105 = CARTESIAN_POINT ( 'NONE',  ( 11.55588974441207029, -19.54986423344080748, 0.000000000000000000 ) ) ;
#106 = FACE_BOUND ( 'NONE', #2739, .T. ) ;
#107 = CARTESIAN_POINT ( 'NONE',  ( 0.6436398694731844117, -22.47664715384598111, 0.000000000000000000 ) ) ;
#108 = ADVANCED_FACE ( 'NONE', ( #1448 ), #1801, .F. ) ;
#109 = CARTESIAN_POINT ( 'NONE',  ( -18.95261829878785420, -9.196014721598634978, 0.000000000000000000 ) ) ;
#110 = CARTESIAN_POINT ( 'NONE',  ( -5.348528770268337063, -21.46630262106306120, -4.000000000000000000 ) ) ;
#111 = VERTEX_POINT ( 'NONE', #4799 ) ;
#112 = CARTESIAN_POINT ( 'NONE',  ( -10.32123374931713222, 19.43362091328372543, 0.000000000000000000 ) ) ;
#113 = CARTESIAN_POINT ( 'NONE',  ( 13.38099028520532308, -18.68703735509054198, 0.000000000000000000 ) ) ;
#114 = CARTESIAN_POINT ( 'NONE',  ( 0.7374622847275346116, -22.52136918132849530, -4.000000000000000000 ) ) ;
#115 = CARTESIAN_POINT ( 'NONE',  ( -10.14005884793971113, -19.78533198252967651, -4.000000000000000000 ) ) ;
#116 = CARTESIAN_POINT ( 'NONE',  ( -21.68465170036326484, 6.878550772462173057, 0.000000000000000000 ) ) ;
#117 = CARTESIAN_POINT ( 'NONE',  ( -8.031184762135691102, -21.55105605998828722, -4.000000000000000000 ) ) ;
#118 = CARTESIAN_POINT ( 'NONE',  ( 7.124355652982112375, -7.000000000000055955, 0.000000000000000000 ) ) ;
#119 = CARTESIAN_POINT ( 'NONE',  ( 20.76316020819750463, -8.372076745820166366, 0.000000000000000000 ) ) ;
#120 = CARTESIAN_POINT ( 'NONE',  ( 11.78539027706231224, 19.50253865068290438, 0.000000000000000000 ) ) ;
#121 = CARTESIAN_POINT ( 'NONE',  ( -5.348528770268337063, -21.46630262106306120, 0.000000000000000000 ) ) ;
#122 = CARTESIAN_POINT ( 'NONE',  ( 19.31750712556342719, 11.94025534839109959, -4.000000000000000000 ) ) ;
#123 = CARTESIAN_POINT ( 'NONE',  ( -18.16420914855800106, -12.99986453351298543, -4.000000000000000000 ) ) ;
#124 = ADVANCED_FACE ( 'NONE', ( #4 ), #2264, .F. ) ;
#125 = CARTESIAN_POINT ( 'NONE',  ( 22.78682372401866729, 1.266382827403232270, -4.000000000000000000 ) ) ;
#126 = CARTESIAN_POINT ( 'NONE',  ( -20.94060127998758603, -7.623709070541726085, 0.000000000000000000 ) ) ;
#127 = CARTESIAN_POINT ( 'NONE',  ( 14.84467752762610537, -15.61258150207478756, -4.000000000000000000 ) ) ;
#128 = DIRECTION ( 'NONE',  ( 1.000000000000000000, 0.000000000000000000, 0.000000000000000000 ) ) ;
#129 = CARTESIAN_POINT ( 'NONE',  ( -20.44527414537789056, 7.961408085081993491, 0.000000000000000000 ) ) ;
#130 = CARTESIAN_POINT ( 'NONE',  ( -15.28801687577188062, 16.42266561556432336, -4.000000000000000000 ) ) ;
#131 = CARTESIAN_POINT ( 'NONE',  ( 5.888780766279269052, 20.72291999561921116, 0.000000000000000000 ) ) ;
#132 = CARTESIAN_POINT ( 'NONE',  ( -22.35395168710630642, 3.761273262743602075, 0.000000000000000000 ) ) ;
#133 = VECTOR ( 'NONE', #1622, 1000.000000000000000 ) ;
#134 = CARTESIAN_POINT ( 'NONE',  ( -2.195231396460739504, -20.89822780963908144, 0.000000000000000000 ) ) ;
#135 = CARTESIAN_POINT ( 'NONE',  ( -20.24364962902317444, -8.089004381985104075, 0.000000000000000000 ) ) ;
#136 = CARTESIAN_POINT ( 'NONE',  ( -9.813211701011764987, 20.28439785978904197, -4.000000000000000000 ) ) ;
#137 = CARTESIAN_POINT ( 'NONE',  ( -0.02492641410532377491, 22.06478867062249805, -4.000000000000000000 ) ) ;
#138 = CARTESIAN_POINT ( 'NONE',  ( 20.88274395768154434, -3.878351565327978090, -4.000000000000000000 ) ) ;
#139 = CARTESIAN_POINT ( 'NONE',  ( -17.79490290189911761, 14.38819513235454650, -4.000000000000000000 ) ) ;
#140 = CARTESIAN_POINT ( 'NONE',  ( -17.84767620596553783, 14.27532248167365836, 0.000000000000000000 ) ) ;
#141 = CARTESIAN_POINT ( 'NONE',  ( 20.36616000391638082, -10.68898534220124041, 0.000000000000000000 ) ) ;
#142 = CARTESIAN_POINT ( 'NONE',  ( 1.039378218881640281, -22.64433760357381686, -4.000000000000000000 ) ) ;
#143 = CARTESIAN_POINT ( 'NONE',  ( -9.603024693121355426, -20.53358832084187569, -4.000000000000000000 ) ) ;
#144 = CARTESIAN_POINT ( 'NONE',  ( -8.400974717098005584, -21.40353708094176710, 0.000000000000000000 ) ) ;
#145 = CARTESIAN_POINT ( 'NONE',  ( 20.38460457323550656, -5.024353773963022185, 0.000000000000000000 ) ) ;
#146 = CARTESIAN_POINT ( 'NONE',  ( 11.01533356301950839, 19.60296829705857746, 0.000000000000000000 ) ) ;
#147 = CARTESIAN_POINT ( 'NONE',  ( -7.018785184948981737, -21.74996626287742529, 0.000000000000000000 ) ) ;
#148 = CARTESIAN_POINT ( 'NONE',  ( 19.04423762621111393, 12.13112771699291059, -4.000000000000000000 ) ) ;
#149 = CARTESIAN_POINT ( 'NONE',  ( -18.15585517574670149, 11.41251356180682386, -4.000000000000000000 ) ) ;
#150 = CARTESIAN_POINT ( 'NONE',  ( -18.04549037692338231, -13.71884141036984062, -4.000000000000000000 ) ) ;
#151 = CARTESIAN_POINT ( 'NONE',  ( 13.06591992072801922, -18.92925295874190539, -4.000000000000000000 ) ) ;
#152 = CARTESIAN_POINT ( 'NONE',  ( -9.989734795150123858, 20.03511141949916308, 0.000000000000000000 ) ) ;
#153 = CARTESIAN_POINT ( 'NONE',  ( -19.70601580275764775, -8.458929255087692667, -4.000000000000000000 ) ) ;
#154 = CARTESIAN_POINT ( 'NONE',  ( 14.84467752762610537, -15.61258150207478756, 0.000000000000000000 ) ) ;
#155 = FACE_OUTER_BOUND ( 'NONE', #3626, .T. ) ;
#156 = CARTESIAN_POINT ( 'NONE',  ( -21.68465170036326839, -6.878550772462168617, -4.000000000000000000 ) ) ;
#157 = CARTESIAN_POINT ( 'NONE',  ( -7.650304178717131975, 21.65939507780015205, 0.000000000000000000 ) ) ;
#158 = CARTESIAN_POINT ( 'NONE',  ( -21.99981435537412722, 2.808168091621709550, 0.000000000000000000 ) ) ;
#159 = CARTESIAN_POINT ( 'NONE',  ( 4.589621725225812021, -22.10842868385095272, -4.000000000000000000 ) ) ;
#160 = CARTESIAN_POINT ( 'NONE',  ( -21.82161479238341073, -6.682827900513029995, 0.000000000000000000 ) ) ;
#161 = CARTESIAN_POINT ( 'NONE',  ( 20.79633826188293355, 8.675726789176390952, 0.000000000000000000 ) ) ;
#162 = CARTESIAN_POINT ( 'NONE',  ( 11.78539027706231224, 19.50253865068290438, -4.000000000000000000 ) ) ;
#163 = CARTESIAN_POINT ( 'NONE',  ( -21.46445723021905394, 1.842343038153471113, -4.000000000000000000 ) ) ;
#164 = CARTESIAN_POINT ( 'NONE',  ( -17.73761553920985534, 14.50082850329367723, 0.000000000000000000 ) ) ;
#165 = CARTESIAN_POINT ( 'NONE',  ( 19.67653159492529369, -11.62576803065812570, 0.000000000000000000 ) ) ;
#166 = CARTESIAN_POINT ( 'NONE',  ( -9.813211701011756105, -20.28439785978904908, 0.000000000000000000 ) ) ;
#167 = CARTESIAN_POINT ( 'NONE',  ( 20.35947228549825283, -6.735906117007664839, 0.000000000000000000 ) ) ;
#168 = CARTESIAN_POINT ( 'NONE',  ( 4.904735259174656470, 21.84362751253985024, 0.000000000000000000 ) ) ;
#169 = CARTESIAN_POINT ( 'NONE',  ( -4.716875799352186149, -21.20280255783144341, 0.000000000000000000 ) ) ;
#170 = CARTESIAN_POINT ( 'NONE',  ( -18.44593788034984527, -10.06490646662222233, -4.000000000000000000 ) ) ;
#171 = CARTESIAN_POINT ( 'NONE',  ( 13.98660388258982579, -18.03380083971664050, -4.000000000000000000 ) ) ;
#172 = CARTESIAN_POINT ( 'NONE',  ( 22.92067372998529606, 0.7833605312303513202, 0.000000000000000000 ) ) ;
#173 = CARTESIAN_POINT ( 'NONE',  ( 4.673683455278428767, 22.04342540039876042, -4.000000000000000000 ) ) ;
#174 = CARTESIAN_POINT ( 'NONE',  ( -6.896230539633925183, 21.75511584063072590, -4.000000000000000000 ) ) ;
#175 = LINE ( 'NONE', #4788, #2114 ) ;
#176 = CARTESIAN_POINT ( 'NONE',  ( 1.857833821405697083, -22.83518087930976748, 0.000000000000000000 ) ) ;
#177 = CARTESIAN_POINT ( 'NONE',  ( -18.14936776173882649, -11.77726421825681236, 0.000000000000000000 ) ) ;
#178 = CARTESIAN_POINT ( 'NONE',  ( 11.33340381907177097, 19.58147747135109640, 0.000000000000000000 ) ) ;
#179 = CARTESIAN_POINT ( 'NONE',  ( 5.370547556266000555, 21.33894811969763694, -4.000000000000000000 ) ) ;
#180 = CARTESIAN_POINT ( 'NONE',  ( -18.01441512476086260, 13.82811003151778984, 0.000000000000000000 ) ) ;
#181 = CARTESIAN_POINT ( 'NONE',  ( 18.77397602136328914, -12.28679088549162657, 0.000000000000000000 ) ) ;
#182 = CARTESIAN_POINT ( 'NONE',  ( 13.98660388258979559, 18.03380083971667602, 0.000000000000000000 ) ) ;
#183 = CARTESIAN_POINT ( 'NONE',  ( -10.18624193779600517, -19.70071356287415298, -4.000000000000000000 ) ) ;
#184 = CARTESIAN_POINT ( 'NONE',  ( -9.989734795150122082, -20.03511141949916663, 0.000000000000000000 ) ) ;
#185 = CARTESIAN_POINT ( 'NONE',  ( 21.39476759738625944, -3.219848144137871682, 0.000000000000000000 ) ) ;
#186 = CARTESIAN_POINT ( 'NONE',  ( 4.214602464302491747, 22.35566384975634691, 0.000000000000000000 ) ) ;
#187 = CARTESIAN_POINT ( 'NONE',  ( -3.198142567396938141, -20.82163085010418868, 0.000000000000000000 ) ) ;
#188 = CARTESIAN_POINT ( 'NONE',  ( -9.813211701011764987, 20.28439785978904197, 0.000000000000000000 ) ) ;
#189 = CARTESIAN_POINT ( 'NONE',  ( -18.16634988306094201, -12.30353548794321661, 0.000000000000000000 ) ) ;
#190 = CARTESIAN_POINT ( 'NONE',  ( 14.33820731893271727, -17.44313782921219058, 0.000000000000000000 ) ) ;
#191 = CARTESIAN_POINT ( 'NONE',  ( 22.03257834552027461, 2.538332356142270374, 0.000000000000000000 ) ) ;
#192 = CARTESIAN_POINT ( 'NONE',  ( -15.09453435472147476, 16.46481109810801158, -4.000000000000000000 ) ) ;
#193 = CARTESIAN_POINT ( 'NONE',  ( 4.831005402018960559, -21.91092861382620782, 0.000000000000000000 ) ) ;
#194 = CARTESIAN_POINT ( 'NONE',  ( -15.19074582262465078, 16.44511271538114627, 0.000000000000000000 ) ) ;
#195 = VERTEX_POINT ( 'NONE', #4136 ) ;
#196 = CARTESIAN_POINT ( 'NONE',  ( -18.17312489739111214, -12.51371455121038423, 0.000000000000000000 ) ) ;
#197 = CARTESIAN_POINT ( 'NONE',  ( 20.80208241000206471, 8.781834310499766261, 0.000000000000000000 ) ) ;
#198 = CARTESIAN_POINT ( 'NONE',  ( 11.55588974441207206, 19.54986423344080038, 0.000000000000000000 ) ) ;
#199 = CARTESIAN_POINT ( 'NONE',  ( -4.021429321039780902, 20.95990658864501555, 0.000000000000000000 ) ) ;
#200 = CARTESIAN_POINT ( 'NONE',  ( 21.49759199204718740, -3.108261918880991459, -4.000000000000000000 ) ) ;
#201 = CARTESIAN_POINT ( 'NONE',  ( -14.16571377015884536, 16.57015074090624296, 0.000000000000000000 ) ) ;
#202 = CARTESIAN_POINT ( 'NONE',  ( 20.35947228549825283, -6.735906117007664839, 0.000000000000000000 ) ) ;
#203 = CARTESIAN_POINT ( 'NONE',  ( 20.76316020819750463, -8.372076745820166366, -4.000000000000000000 ) ) ;
#204 = CARTESIAN_POINT ( 'NONE',  ( -4.716875799352186149, -21.20280255783144341, -4.000000000000000000 ) ) ;
#205 = PERSON_AND_ORGANIZATION_ROLE ( 'design_owner' ) ;
#206 = CARTESIAN_POINT ( 'NONE',  ( 20.28432423003497931, -5.684594767459055120, -4.000000000000000000 ) ) ;
#207 = CARTESIAN_POINT ( 'NONE',  ( 6.021956410969873552, 20.58194801143687869, 0.000000000000000000 ) ) ;
#208 = CARTESIAN_POINT ( 'NONE',  ( -1.111460075045973550, -21.31324082560936262, 0.000000000000000000 ) ) ;
#209 = AXIS2_PLACEMENT_3D ( 'NONE', #464, #754, #3765 ) ;
#210 = CARTESIAN_POINT ( 'NONE',  ( 17.71958050504023419, 12.69857507438617361, 0.000000000000000000 ) ) ;
#211 = CARTESIAN_POINT ( 'NONE',  ( -22.17120079974525382, 6.007861870957563077, -4.000000000000000000 ) ) ;
#212 = CARTESIAN_POINT ( 'NONE',  ( -17.60961632205925653, -14.72393849779074948, -4.000000000000000000 ) ) ;
#213 = CARTESIAN_POINT ( 'NONE',  ( 14.67208735301614730, -16.39888229772765982, -4.000000000000000000 ) ) ;
#214 = CARTESIAN_POINT ( 'NONE',  ( 21.15774907159878637, 3.497169882115190642, -4.000000000000000000 ) ) ;
#215 = CARTESIAN_POINT ( 'NONE',  ( -19.86201249255650225, -8.343716905771959347, 0.000000000000000000 ) ) ;
#216 = CARTESIAN_POINT ( 'NONE',  ( 14.46015909102277597, -17.15608361418292560, -4.000000000000000000 ) ) ;
#217 = CARTESIAN_POINT ( 'NONE',  ( 22.86081428818682681, 1.030484612093684804, 0.000000000000000000 ) ) ;
#218 = CARTESIAN_POINT ( 'NONE',  ( -14.16571377015884536, 16.57015074090624296, -4.000000000000000000 ) ) ;
#219 = CARTESIAN_POINT ( 'NONE',  ( 5.175558906586990915, 21.56597388726453346, 0.000000000000000000 ) ) ;
#220 = CARTESIAN_POINT ( 'NONE',  ( 6.021956410969864670, -20.58194801143690000, -4.000000000000000000 ) ) ;
#221 = CARTESIAN_POINT ( 'NONE',  ( 4.111083978712367859, -22.41301912558926190, 0.000000000000000000 ) ) ;
#222 = VERTEX_POINT ( 'NONE', #764 ) ;
#223 = CARTESIAN_POINT ( 'NONE',  ( -18.20278110322238874, 10.94483285274552031, -4.000000000000000000 ) ) ;
#224 = CARTESIAN_POINT ( 'NONE',  ( -18.07261558141746249, -13.61105683382036524, 0.000000000000000000 ) ) ;
#225 = CARTESIAN_POINT ( 'NONE',  ( 20.69246807443067127, 9.834571535528151998, -4.000000000000000000 ) ) ;
#226 = CARTESIAN_POINT ( 'NONE',  ( 11.11919254841974158, 19.59896623534659454, 0.000000000000000000 ) ) ;
#227 = CARTESIAN_POINT ( 'NONE',  ( -2.869831308946170445, 20.81631655038353657, 0.000000000000000000 ) ) ;
#228 = CARTESIAN_POINT ( 'NONE',  ( -15.48642864523426432, 16.36845894515291988, 0.000000000000000000 ) ) ;
#229 = CARTESIAN_POINT ( 'NONE',  ( 20.31862222672677021, -5.358036699682507731, 0.000000000000000000 ) ) ;
#230 = CARTESIAN_POINT ( 'NONE',  ( 21.39476759738624168, 3.219848144137873902, 0.000000000000000000 ) ) ;
#231 = CARTESIAN_POINT ( 'NONE',  ( 20.80208241000208247, -8.781834310499787577, -4.000000000000000000 ) ) ;
#232 = CARTESIAN_POINT ( 'NONE',  ( -4.842583601908457602, -21.25527525704973897, 0.000000000000000000 ) ) ;
#233 = PERSON_AND_ORGANIZATION ( #475, #4840 ) ;
#234 = CARTESIAN_POINT ( 'NONE',  ( 23.00000000000000355, -0.04430047995070253430, 0.000000000000000000 ) ) ;
#235 = CARTESIAN_POINT ( 'NONE',  ( 3.660967934227314036, 22.61624075931525724, 0.000000000000000000 ) ) ;
#236 = CARTESIAN_POINT ( 'NONE',  ( 3.291614851979459466, -22.73371550867474866, 0.000000000000000000 ) ) ;
#237 = CARTESIAN_POINT ( 'NONE',  ( 17.28807635332961823, 12.85455437032263504, 0.000000000000000000 ) ) ;
#238 = CARTESIAN_POINT ( 'NONE',  ( -21.82161479238340007, 6.682827900513040653, -4.000000000000000000 ) ) ;
#239 = CARTESIAN_POINT ( 'NONE',  ( -15.48642864523426077, -16.36845894515291278, -4.000000000000000000 ) ) ;
#240 = CARTESIAN_POINT ( 'NONE',  ( 14.74184757433799398, -16.05974072920884410, -4.000000000000000000 ) ) ;
#241 = CARTESIAN_POINT ( 'NONE',  ( 20.51659141783717288, 7.369316032574129594, -4.000000000000000000 ) ) ;
#242 = CARTESIAN_POINT ( 'NONE',  ( -18.76174266397842416, -9.463190723969987062, 0.000000000000000000 ) ) ;
#243 = CARTESIAN_POINT ( 'NONE',  ( 18.23822292812888080, -12.52102761954149202, -4.000000000000000000 ) ) ;
#244 = CARTESIAN_POINT ( 'NONE',  ( 22.99848482850784848, 0.1328215991950528752, 0.000000000000000000 ) ) ;
#245 = CARTESIAN_POINT ( 'NONE',  ( -16.00418357823503257, 16.16801435209528393, -4.000000000000000000 ) ) ;
#246 = CARTESIAN_POINT ( 'NONE',  ( -8.400974717098032230, 21.40353708094175644, -4.000000000000000000 ) ) ;
#247 = CARTESIAN_POINT ( 'NONE',  ( -4.416164701120715463, -21.08588725642606576, -4.000000000000000000 ) ) ;
#248 = CARTESIAN_POINT ( 'NONE',  ( 4.111083978712367859, -22.41301912558926190, -4.000000000000000000 ) ) ;
#249 = ORIENTED_EDGE ( 'NONE', *, *, #15, .F. ) ;
#250 = CARTESIAN_POINT ( 'NONE',  ( -18.33448606018943039, 10.37376730258235114, -4.000000000000000000 ) ) ;
#251 = CARTESIAN_POINT ( 'NONE',  ( -14.40354036892242640, -16.55086941576450243, 0.000000000000000000 ) ) ;
#252 = CARTESIAN_POINT ( 'NONE',  ( 20.79251774114803197, 9.230914693542096927, 0.000000000000000000 ) ) ;
#253 = CARTESIAN_POINT ( 'NONE',  ( -21.00000000000000355, -4.127278043175977515E-15, -4.000000000000000000 ) ) ;
#254 = CARTESIAN_POINT ( 'NONE',  ( -2.530628014445745144, 20.84159677917247677, 0.000000000000000000 ) ) ;
#255 = CARTESIAN_POINT ( 'NONE',  ( -22.12096606211569494, 6.128279723999729534, 0.000000000000000000 ) ) ;
#256 = CARTESIAN_POINT ( 'NONE',  ( 22.82546726133484327, -1.149966177979558024, 0.000000000000000000 ) ) ;
#257 = CARTESIAN_POINT ( 'NONE',  ( 21.02387159568900898, 3.672383574304939113, -4.000000000000000000 ) ) ;
#258 = CARTESIAN_POINT ( 'NONE',  ( -7.395328098381209969, -21.70898570351965517, -4.000000000000000000 ) ) ;
#259 = CARTESIAN_POINT ( 'NONE',  ( -6.428320472785005180, -21.73759481832537688, 0.000000000000000000 ) ) ;
#260 = EDGE_LOOP ( 'NONE', ( #2619, #4756 ) ) ;
#261 = CARTESIAN_POINT ( 'NONE',  ( 22.39034930273993851, -2.070313421045507418, 0.000000000000000000 ) ) ;
#262 = CARTESIAN_POINT ( 'NONE',  ( -1.877732061666989472, 20.98195771237742946, 0.000000000000000000 ) ) ;
#263 = CARTESIAN_POINT ( 'NONE',  ( -0.2856726970412228894, -21.87095674489395236, 0.000000000000000000 ) ) ;
#264 = CARTESIAN_POINT ( 'NONE',  ( -20.70473135879237603, 7.792496877489671903, -4.000000000000000000 ) ) ;
#265 = CARTESIAN_POINT ( 'NONE',  ( 21.02387159568900898, 3.672383574304939113, -4.000000000000000000 ) ) ;
#266 = CARTESIAN_POINT ( 'NONE',  ( -18.16980692583724633, -12.90301663323252512, -4.000000000000000000 ) ) ;
#267 = CARTESIAN_POINT ( 'NONE',  ( 16.90907204334971325, -13.02201446096770177, 0.000000000000000000 ) ) ;
#268 = CARTESIAN_POINT ( 'NONE',  ( 20.80208241000206471, 8.781834310499766261, 0.000000000000000000 ) ) ;
#269 = CARTESIAN_POINT ( 'NONE',  ( -19.86201249255650225, -8.343716905771959347, -4.000000000000000000 ) ) ;
#270 = CARTESIAN_POINT ( 'NONE',  ( 1.257926768375587701, 22.71466927650083889, -4.000000000000000000 ) ) ;
#271 = CARTESIAN_POINT ( 'NONE',  ( -22.42774528754811314, -4.223659812520987877, -4.000000000000000000 ) ) ;
#272 = CARTESIAN_POINT ( 'NONE',  ( 5.304651655887928641, -21.41766073162606077, -4.000000000000000000 ) ) ;
#273 = ORIENTED_EDGE ( 'NONE', *, *, #4080, .F. ) ;
#274 = CARTESIAN_POINT ( 'NONE',  ( -18.17183461541526768, 11.19258704227218715, 0.000000000000000000 ) ) ;
#275 = CARTESIAN_POINT ( 'NONE',  ( -13.87905924079402098, -16.59744610498876582, 0.000000000000000000 ) ) ;
#276 = CARTESIAN_POINT ( 'NONE',  ( -22.32787987256119067, -3.653229048890591191, -4.000000000000000000 ) ) ;
#277 = CARTESIAN_POINT ( 'NONE',  ( -19.70601580275762643, 8.458929255087708654, 0.000000000000000000 ) ) ;
#278 = CARTESIAN_POINT ( 'NONE',  ( 4.999999999999903189, -14.00000000000000000, -4.000000000000000000 ) ) ;
#279 = CARTESIAN_POINT ( 'NONE',  ( 20.39983756515138325, 6.925588738408707812, 0.000000000000000000 ) ) ;
#280 = CARTESIAN_POINT ( 'NONE',  ( 13.91274688963103934, 18.13173604191908339, 0.000000000000000000 ) ) ;
#281 = CARTESIAN_POINT ( 'NONE',  ( 1.985132969657291246, 22.84797988994008833, -4.000000000000000000 ) ) ;
#282 = CARTESIAN_POINT ( 'NONE',  ( -7.904950534007981311, -21.59165424017937340, -4.000000000000000000 ) ) ;
#283 = CARTESIAN_POINT ( 'NONE',  ( -22.33239803592119443, 5.504441744273378845, -4.000000000000000000 ) ) ;
#284 = CARTESIAN_POINT ( 'NONE',  ( -7.018785184948981737, -21.74996626287742529, -4.000000000000000000 ) ) ;
#285 = CARTESIAN_POINT ( 'NONE',  ( 14.65031900565576528, 16.49920220610297150, -4.000000000000000000 ) ) ;
#286 = CIRCLE ( 'NONE', #3993, 5.000000000000000888 ) ;
#287 = CARTESIAN_POINT ( 'NONE',  ( 22.70068007964911416, -1.489195761755031322, 0.000000000000000000 ) ) ;
#288 = CARTESIAN_POINT ( 'NONE',  ( -17.03362813099638018, 15.44484666377423565, -4.000000000000000000 ) ) ;
#289 = CARTESIAN_POINT ( 'NONE',  ( 1.985132969657291246, 22.84797988994008833, 0.000000000000000000 ) ) ;
#290 = CARTESIAN_POINT ( 'NONE',  ( 6.588325495778316387, -20.09203753864540687, 0.000000000000000000 ) ) ;
#291 = CARTESIAN_POINT ( 'NONE',  ( 18.14480526315981024, 12.55474262449691203, -4.000000000000000000 ) ) ;
#292 = VECTOR ( 'NONE', #4351, 1000.000000000000000 ) ;
#293 = CARTESIAN_POINT ( 'NONE',  ( -15.38654536925085559, -16.39719979630828561, -4.000000000000000000 ) ) ;
#294 = CARTESIAN_POINT ( 'NONE',  ( 14.49416725604000433, -17.06222747542408413, -4.000000000000000000 ) ) ;
#295 = CARTESIAN_POINT ( 'NONE',  ( -17.12653607385810517, -15.35023478957749887, 0.000000000000000000 ) ) ;
#296 = CARTESIAN_POINT ( 'NONE',  ( 17.71958050504022353, -12.69857507438618605, 0.000000000000000000 ) ) ;
#297 = CARTESIAN_POINT ( 'NONE',  ( -14.99906732216531680, 16.48204178567783984, 0.000000000000000000 ) ) ;
#298 = CARTESIAN_POINT ( 'NONE',  ( 20.61242875501079297, 7.702030169303789364, 0.000000000000000000 ) ) ;
#299 = CARTESIAN_POINT ( 'NONE',  ( 3.163979201484035997, 22.76500607809901311, 0.000000000000000000 ) ) ;
#300 = AXIS2_PLACEMENT_3D ( 'NONE', #26, #1105, #2629 ) ;
#301 = CARTESIAN_POINT ( 'NONE',  ( 8.088152775219027646, -19.45122648637158136, -4.000000000000000000 ) ) ;
#302 = CARTESIAN_POINT ( 'NONE',  ( -22.42774528754811314, -4.223659812520987877, 0.000000000000000000 ) ) ;
#303 = CARTESIAN_POINT ( 'NONE',  ( 5.676847562098989108, -20.96619076917855651, -4.000000000000000000 ) ) ;
#304 = ORIENTED_EDGE ( 'NONE', *, *, #890, .T. ) ;
#305 = CARTESIAN_POINT ( 'NONE',  ( -13.51774999865093818, -16.64785205169378557, 0.000000000000000000 ) ) ;
#306 = CARTESIAN_POINT ( 'NONE',  ( 9.788587241230349179, 19.47872947641211994, 0.000000000000000000 ) ) ;
#307 = CARTESIAN_POINT ( 'NONE',  ( -22.39742744632050986, -3.986705893618942120, -4.000000000000000000 ) ) ;
#308 = CARTESIAN_POINT ( 'NONE',  ( -22.06717016211343108, 6.245873757502434565, 0.000000000000000000 ) ) ;
#309 = CARTESIAN_POINT ( 'NONE',  ( 22.99848482850785558, -0.1328215991950580377, 0.000000000000000000 ) ) ;
#310 = CARTESIAN_POINT ( 'NONE',  ( 20.48125029462984159, 4.698228691358558251, -4.000000000000000000 ) ) ;
#311 = CARTESIAN_POINT ( 'NONE',  ( -7.777861387214379363, 21.62778625667888832, -4.000000000000000000 ) ) ;
#312 = CARTESIAN_POINT ( 'NONE',  ( 20.65929445717397073, -9.958136898542228721, -4.000000000000000000 ) ) ;
#313 = CARTESIAN_POINT ( 'NONE',  ( -5.904873404661001857, -21.64624392335658243, -4.000000000000000000 ) ) ;
#314 = PERSON_AND_ORGANIZATION ( #475, #4840 ) ;
#315 = CARTESIAN_POINT ( 'NONE',  ( 22.03257834552027461, -2.538332356142269930, 0.000000000000000000 ) ) ;
#316 = CARTESIAN_POINT ( 'NONE',  ( -16.63690652438660322, 15.78557186981674754, 0.000000000000000000 ) ) ;
#317 = CARTESIAN_POINT ( 'NONE',  ( -0.6175175649107306208, 21.62688545941146145, 0.000000000000000000 ) ) ;
#318 = CARTESIAN_POINT ( 'NONE',  ( 4.501746821145964361, -22.17238321979582949, 0.000000000000000000 ) ) ;
#319 = CARTESIAN_POINT ( 'NONE',  ( -21.31935372223081515, 7.296648360000085987, -4.000000000000000000 ) ) ;
#320 = CARTESIAN_POINT ( 'NONE',  ( 20.48125029462984159, 4.698228691358558251, -4.000000000000000000 ) ) ;
#321 = CARTESIAN_POINT ( 'NONE',  ( -17.67583476004737619, -14.61286431517886442, -4.000000000000000000 ) ) ;
#322 = CARTESIAN_POINT ( 'NONE',  ( 15.31911420367088894, -14.46005418918946184, -4.000000000000000000 ) ) ;
#323 = CARTESIAN_POINT ( 'NONE',  ( -15.09453435472147476, 16.46481109810801158, -4.000000000000000000 ) ) ;
#324 = CARTESIAN_POINT ( 'NONE',  ( 20.76316020819749752, 8.372076745820168142, 0.000000000000000000 ) ) ;
#325 = CARTESIAN_POINT ( 'NONE',  ( -17.03362813099638018, 15.44484666377423565, -4.000000000000000000 ) ) ;
#326 = CARTESIAN_POINT ( 'NONE',  ( 9.653974740081325834, -19.45786538474273186, -4.000000000000000000 ) ) ;
#327 = CARTESIAN_POINT ( 'NONE',  ( 3.540430871598356788, 22.65913253418498030, -4.000000000000000000 ) ) ;
#328 = CARTESIAN_POINT ( 'NONE',  ( -21.37987086968731276, 1.667832292710538455, 0.000000000000000000 ) ) ;
#329 = CARTESIAN_POINT ( 'NONE',  ( -22.29924221309443411, -3.548385995256941428, 0.000000000000000000 ) ) ;
#330 = CARTESIAN_POINT ( 'NONE',  ( 6.179755451562972901, -20.42792697626761367, -4.000000000000000000 ) ) ;
#331 = ORIENTED_EDGE ( 'NONE', *, *, #4126, .T. ) ;
#332 = CARTESIAN_POINT ( 'NONE',  ( -11.92633278975211830, -17.27827597421669026, 0.000000000000000000 ) ) ;
#333 = CARTESIAN_POINT ( 'NONE',  ( -10.23136038523248814, 19.61448885117687979, -4.000000000000000000 ) ) ;
#334 = CARTESIAN_POINT ( 'NONE',  ( -5.621427799191296870, 21.56453735785114034, -4.000000000000000000 ) ) ;
#335 = CARTESIAN_POINT ( 'NONE',  ( -18.16980692583723567, 12.90301663323251447, -4.000000000000000000 ) ) ;
#336 = CARTESIAN_POINT ( 'NONE',  ( -18.25491778814014765, 10.67023813421721101, 0.000000000000000000 ) ) ;
#337 = CARTESIAN_POINT ( 'NONE',  ( 22.86081428818683037, -1.030484612093665486, 0.000000000000000000 ) ) ;
#338 = CARTESIAN_POINT ( 'NONE',  ( -6.775665262204265460, 21.75625882495917907, -4.000000000000000000 ) ) ;
#339 = CARTESIAN_POINT ( 'NONE',  ( 4.831005402018960559, -21.91092861382620782, -4.000000000000000000 ) ) ;
#340 = CARTESIAN_POINT ( 'NONE',  ( -9.169259294848490782, -20.93439900958707867, -4.000000000000000000 ) ) ;
#341 = CARTESIAN_POINT ( 'NONE',  ( -22.44474957922670910, 4.596765017330765701, 0.000000000000000000 ) ) ;
#342 = CARTESIAN_POINT ( 'NONE',  ( 1.146957286384171937, -22.68083482401356221, -4.000000000000000000 ) ) ;
#343 = CARTESIAN_POINT ( 'NONE',  ( 11.44367210680426794, 19.56754203517812840, -4.000000000000000000 ) ) ;
#344 = PERSON_AND_ORGANIZATION_ROLE ( 'classification_officer' ) ;
#345 = CARTESIAN_POINT ( 'NONE',  ( 22.55334719936499610, -1.796338551631291303, -4.000000000000000000 ) ) ;
#346 = CARTESIAN_POINT ( 'NONE',  ( -0.1077446603907883660, 22.00413322531517935, 0.000000000000000000 ) ) ;
#347 = CARTESIAN_POINT ( 'NONE',  ( 6.367210647053982875, -20.26300161976033465, 0.000000000000000000 ) ) ;
#348 = CARTESIAN_POINT ( 'NONE',  ( -16.42822751140352722, -15.93085274830863973, 0.000000000000000000 ) ) ;
#349 = CARTESIAN_POINT ( 'NONE',  ( 17.59069102790715178, -12.74265838722847022, -4.000000000000000000 ) ) ;
#350 = CARTESIAN_POINT ( 'NONE',  ( 19.31750712556342719, 11.94025534839109959, 0.000000000000000000 ) ) ;
#351 = CARTESIAN_POINT ( 'NONE',  ( -17.38541332982639176, 15.04776325982250107, -4.000000000000000000 ) ) ;
#352 = DIRECTION ( 'NONE',  ( -1.000000000000000000, 0.000000000000000000, 0.000000000000000000 ) ) ;
#353 = CARTESIAN_POINT ( 'NONE',  ( -21.05531120614950069, -0.6650542471123045418, -4.000000000000000000 ) ) ;
#354 = CARTESIAN_POINT ( 'NONE',  ( 5.589924110080315423, -21.07107236563832586, -4.000000000000000000 ) ) ;
#355 = CARTESIAN_POINT ( 'NONE',  ( -5.000000000000098588, -14.00000000000000000, 0.000000000000000000 ) ) ;
#356 = CARTESIAN_POINT ( 'NONE',  ( -10.09223420870868537, 19.86898413699723775, -4.000000000000000000 ) ) ;
#357 = CARTESIAN_POINT ( 'NONE',  ( -21.46445723021905039, -1.842343038153482659, -4.000000000000000000 ) ) ;
#358 = CARTESIAN_POINT ( 'NONE',  ( 22.21661050595689346, -2.314560327330771994, -4.000000000000000000 ) ) ;
#359 = CARTESIAN_POINT ( 'NONE',  ( -22.23518487644739139, -3.348207441344188240, 0.000000000000000000 ) ) ;
#360 = DIRECTION ( 'NONE',  ( -0.000000000000000000, -0.000000000000000000, 1.000000000000000000 ) ) ;
#361 = CARTESIAN_POINT ( 'NONE',  ( -1.588541420213872346, -21.08488893612969761, -4.000000000000000000 ) ) ;
#362 = ORIENTED_EDGE ( 'NONE', *, *, #2038, .F. ) ;
#363 = FACE_BOUND ( 'NONE', #457, .T. ) ;
#364 = CARTESIAN_POINT ( 'NONE',  ( -17.21631478046346331, 15.25232396492125986, -4.000000000000000000 ) ) ;
#365 = CARTESIAN_POINT ( 'NONE',  ( -3.503562908580233781, 20.85236322909900863, 0.000000000000000000 ) ) ;
#366 = CARTESIAN_POINT ( 'NONE',  ( 5.044013087028537790, -21.70685730218823650, 0.000000000000000000 ) ) ;
#367 = CARTESIAN_POINT ( 'NONE',  ( -10.47012875514902497, -19.12102889608781098, -4.000000000000000000 ) ) ;
#368 = CARTESIAN_POINT ( 'NONE',  ( 20.42587224719004979, 10.57032113636049964, -4.000000000000000000 ) ) ;
#369 = CARTESIAN_POINT ( 'NONE',  ( -16.63690652438658191, -15.78557186981675109, -4.000000000000000000 ) ) ;
#370 = CARTESIAN_POINT ( 'NONE',  ( 19.58821292735725805, -11.71089130713608917, -4.000000000000000000 ) ) ;
#371 = CARTESIAN_POINT ( 'NONE',  ( 20.74536345487273081, 9.589279067479322904, 0.000000000000000000 ) ) ;
#372 = AXIS2_PLACEMENT_3D ( 'NONE', #3890, #4208, #50 ) ;
#373 = CARTESIAN_POINT ( 'NONE',  ( 20.57933143268193277, 10.20527642677843971, -4.000000000000000000 ) ) ;
#374 = CARTESIAN_POINT ( 'NONE',  ( -18.07261558141744828, 13.61105683382038301, -4.000000000000000000 ) ) ;
#375 = CARTESIAN_POINT ( 'NONE',  ( 2.508025960596960591, 22.85601849740108449, -4.000000000000000000 ) ) ;
#376 = CARTESIAN_POINT ( 'NONE',  ( -21.80324200739084262, -2.451915892524422436, -4.000000000000000000 ) ) ;
#377 = CARTESIAN_POINT ( 'NONE',  ( 9.910989783159420696, -19.49852915850235746, -4.000000000000000000 ) ) ;
#378 = DIRECTION ( 'NONE',  ( -1.000000000000000000, 0.000000000000000000, 0.000000000000000000 ) ) ;
#379 = CIRCLE ( 'NONE', #209, 7.500000000000000000 ) ;
#380 = CARTESIAN_POINT ( 'NONE',  ( -21.74592688421185471, -2.352662698596946989, -4.000000000000000000 ) ) ;
#381 = CARTESIAN_POINT ( 'NONE',  ( -5.256247460261286086, 21.42959129432590615, -4.000000000000000000 ) ) ;
#382 = CARTESIAN_POINT ( 'NONE',  ( 22.55334719936499610, -1.796338551631291303, -4.000000000000000000 ) ) ;
#383 = CARTESIAN_POINT ( 'NONE',  ( -10.47012875514902497, 19.12102889608782519, 0.000000000000000000 ) ) ;
#384 = CARTESIAN_POINT ( 'NONE',  ( -18.11579714807045605, 13.40051544206606593, -4.000000000000000000 ) ) ;
#385 = CARTESIAN_POINT ( 'NONE',  ( -22.42774528754811314, -4.223659812520987877, 0.000000000000000000 ) ) ;
#386 = DIRECTION ( 'NONE',  ( -1.000000000000000000, 0.000000000000000000, 0.000000000000000000 ) ) ;
#387 = CARTESIAN_POINT ( 'NONE',  ( 20.60264002790486160, 4.393136808702793772, -4.000000000000000000 ) ) ;
#388 = ORIENTED_EDGE ( 'NONE', *, *, #2228, .T. ) ;
#389 = CARTESIAN_POINT ( 'NONE',  ( 23.00000000000000000, 6.776263578034402713E-18, -4.000000000000000000 ) ) ;
#390 = CARTESIAN_POINT ( 'NONE',  ( -17.38541332982639176, 15.04776325982250107, -4.000000000000000000 ) ) ;
#391 = CARTESIAN_POINT ( 'NONE',  ( -10.09223420870868537, 19.86898413699723775, 0.000000000000000000 ) ) ;
#392 = CARTESIAN_POINT ( 'NONE',  ( 10.42692446230140746, -19.57439362941259731, 0.000000000000000000 ) ) ;
#393 = CARTESIAN_POINT ( 'NONE',  ( 17.44778784351271739, -12.79367820391177091, -4.000000000000000000 ) ) ;
#394 = CARTESIAN_POINT ( 'NONE',  ( 20.79633826188293355, 8.675726789176390952, -4.000000000000000000 ) ) ;
#395 = CARTESIAN_POINT ( 'NONE',  ( -15.28801687577188417, -16.42266561556431981, 0.000000000000000000 ) ) ;
#396 = CARTESIAN_POINT ( 'NONE',  ( 20.80425486829264514, -9.001628295016114834, -4.000000000000000000 ) ) ;
#397 = CARTESIAN_POINT ( 'NONE',  ( 13.57424375338773359, 18.51034463267700758, 0.000000000000000000 ) ) ;
#398 = CARTESIAN_POINT ( 'NONE',  ( -17.53905095534864955, 14.83368601355759608, -4.000000000000000000 ) ) ;
#399 = CARTESIAN_POINT ( 'NONE',  ( -4.021429321039780902, 20.95990658864501555, -4.000000000000000000 ) ) ;
#400 = CARTESIAN_POINT ( 'NONE',  ( -21.24426801316550240, -7.368515192687130622, -4.000000000000000000 ) ) ;
#401 = CARTESIAN_POINT ( 'NONE',  ( 10.91357375904090077, -19.60411471402108319, 0.000000000000000000 ) ) ;
#402 = CARTESIAN_POINT ( 'NONE',  ( 0.000000000000000000, 0.000000000000000000, -6.000000000000000000 ) ) ;
#403 = CARTESIAN_POINT ( 'NONE',  ( -10.77255186281654176, 18.54272550959110433, -4.000000000000000000 ) ) ;
#404 = CARTESIAN_POINT ( 'NONE',  ( -21.00000000000000355, -4.127278043175977515E-15, 0.000000000000000000 ) ) ;
#405 = DIRECTION ( 'NONE',  ( 0.000000000000000000, 0.000000000000000000, -1.000000000000000000 ) ) ;
#406 = CARTESIAN_POINT ( 'NONE',  ( 20.77666459608137473, 8.470986611750912942, 0.000000000000000000 ) ) ;
#407 = CARTESIAN_POINT ( 'NONE',  ( -22.44474957922670910, 4.596765017330765701, -4.000000000000000000 ) ) ;
#408 = ORIENTED_EDGE ( 'NONE', *, *, #934, .F. ) ;
#409 = CARTESIAN_POINT ( 'NONE',  ( 22.44605429875779379, 1.982565721560222594, -4.000000000000000000 ) ) ;
#410 = CARTESIAN_POINT ( 'NONE',  ( -8.031184762135666233, 21.55105605998829432, 0.000000000000000000 ) ) ;
#411 = CARTESIAN_POINT ( 'NONE',  ( 17.71958050504022353, -12.69857507438618605, 0.000000000000000000 ) ) ;
#412 = CARTESIAN_POINT ( 'NONE',  ( 14.89708575702913507, 15.42586720119266808, 0.000000000000000000 ) ) ;
#413 = CARTESIAN_POINT ( 'NONE',  ( -14.16571377015885602, -16.57015074090624296, -4.000000000000000000 ) ) ;
#414 = CARTESIAN_POINT ( 'NONE',  ( -10.52942656070065652, -18.99839282454463074, -4.000000000000000000 ) ) ;
#415 = CARTESIAN_POINT ( 'NONE',  ( -15.48642864523426077, -16.36845894515291278, -4.000000000000000000 ) ) ;
#416 = CARTESIAN_POINT ( 'NONE',  ( 20.76524781650243057, -9.468238696520170805, -4.000000000000000000 ) ) ;
#417 = CARTESIAN_POINT ( 'NONE',  ( 13.38099028520531597, 18.68703735509054908, 0.000000000000000000 ) ) ;
#418 = CARTESIAN_POINT ( 'NONE',  ( -6.775665262204276118, -21.75625882495917907, 0.000000000000000000 ) ) ;
#419 = CARTESIAN_POINT ( 'NONE',  ( 20.16368796050758405, 11.03095435375335676, 0.000000000000000000 ) ) ;
#420 = CARTESIAN_POINT ( 'NONE',  ( -18.17484740104747587, 12.71033286937701412, -4.000000000000000000 ) ) ;
#421 = CARTESIAN_POINT ( 'NONE',  ( -21.88699574652788016, -6.579042111146233829, -4.000000000000000000 ) ) ;
#422 = CARTESIAN_POINT ( 'NONE',  ( 13.06591992072801922, -18.92925295874190539, -4.000000000000000000 ) ) ;
#423 = CARTESIAN_POINT ( 'NONE',  ( 12.12435565298215856, 6.999999999999974243, 0.000000000000000000 ) ) ;
#424 = EDGE_CURVE ( 'NONE', #195, #222, #2270, .T. ) ;
#425 = CARTESIAN_POINT ( 'NONE',  ( -14.16571377015884536, 16.57015074090624296, 0.000000000000000000 ) ) ;
#426 = CARTESIAN_POINT ( 'NONE',  ( -22.26827178752866132, -3.446736430283537267, 0.000000000000000000 ) ) ;
#427 = CARTESIAN_POINT ( 'NONE',  ( -7.500000000000000000, 9.184850993605147944E-16, -4.000000000000000000 ) ) ;
#428 = CARTESIAN_POINT ( 'NONE',  ( -22.41434739993848169, 4.103835820171919835, -4.000000000000000000 ) ) ;
#429 = ORIENTED_EDGE ( 'NONE', *, *, #424, .F. ) ;
#430 = CARTESIAN_POINT ( 'NONE',  ( 22.86081428818682681, 1.030484612093684804, -4.000000000000000000 ) ) ;
#431 = CARTESIAN_POINT ( 'NONE',  ( -6.003950609213851486, 21.66948353427437723, 0.000000000000000000 ) ) ;
#432 = CARTESIAN_POINT ( 'NONE',  ( 17.28807635332961468, -12.85455437032263681, 0.000000000000000000 ) ) ;
#433 = CARTESIAN_POINT ( 'NONE',  ( 17.28807635332961468, -12.85455437032263681, -4.000000000000000000 ) ) ;
#434 = CARTESIAN_POINT ( 'NONE',  ( -10.77255186281655952, -18.54272550959105814, -4.000000000000000000 ) ) ;
#435 = CARTESIAN_POINT ( 'NONE',  ( 20.76524781650241636, 9.468238696520225872, -4.000000000000000000 ) ) ;
#436 = CARTESIAN_POINT ( 'NONE',  ( -9.776147748760773395E-14, -14.00000000000000000, -4.000000000000000000 ) ) ;
#437 = CARTESIAN_POINT ( 'NONE',  ( -14.80839600204009621, -16.51027097138295829, 0.000000000000000000 ) ) ;
#438 = CARTESIAN_POINT ( 'NONE',  ( 20.79251774114803197, -9.230914693542064953, 0.000000000000000000 ) ) ;
#439 = CARTESIAN_POINT ( 'NONE',  ( 15.71473732662324529, 13.92204242230083189, 0.000000000000000000 ) ) ;
#440 = CARTESIAN_POINT ( 'NONE',  ( -6.541507844657093784, -21.74728613986732384, 0.000000000000000000 ) ) ;
#441 = CARTESIAN_POINT ( 'NONE',  ( -18.15682379694213466, 12.06511880593058095, -4.000000000000000000 ) ) ;
#442 = CARTESIAN_POINT ( 'NONE',  ( -18.15585517574670860, -11.41251356180677412, -4.000000000000000000 ) ) ;
#443 = CARTESIAN_POINT ( 'NONE',  ( -21.88699574652788016, -6.579042111146233829, 0.000000000000000000 ) ) ;
#444 = CARTESIAN_POINT ( 'NONE',  ( 12.25706784425205065, -19.35617007985193894, 0.000000000000000000 ) ) ;
#445 = CARTESIAN_POINT ( 'NONE',  ( -12.12435565298206086, 7.000000000000141220, 0.000000000000000000 ) ) ;
#446 = CARTESIAN_POINT ( 'NONE',  ( 6.367210647053994421, 20.26300161976031688, -4.000000000000000000 ) ) ;
#447 = CARTESIAN_POINT ( 'NONE',  ( -22.42774528754811314, -4.223659812520987877, -4.000000000000000000 ) ) ;
#448 = CARTESIAN_POINT ( 'NONE',  ( 4.214602464302507734, -22.35566384975632559, -4.000000000000000000 ) ) ;
#449 = DIRECTION ( 'NONE',  ( 0.000000000000000000, 0.000000000000000000, 1.000000000000000000 ) ) ;
#450 = CARTESIAN_POINT ( 'NONE',  ( 0.2161260314738332744, -22.23136173600510190, -4.000000000000000000 ) ) ;
#451 = CARTESIAN_POINT ( 'NONE',  ( -21.54363463193362804, 1.993817810941284741, 0.000000000000000000 ) ) ;
#452 = VECTOR ( 'NONE', #3777, 1000.000000000000000 ) ;
#453 = CARTESIAN_POINT ( 'NONE',  ( -22.29840436819379690, 5.632859719257557352, -4.000000000000000000 ) ) ;
#454 = AXIS2_PLACEMENT_3D ( 'NONE', #458, #3830, #3060 ) ;
#455 = CARTESIAN_POINT ( 'NONE',  ( 9.140856978489084739, 19.39910504791187407, -4.000000000000000000 ) ) ;
#456 = APPROVAL_STATUS ( 'not_yet_approved' ) ;
#457 = EDGE_LOOP ( 'NONE', ( #572, #2000 ) ) ;
#458 = CARTESIAN_POINT ( 'NONE',  ( 12.12435565298215856, 6.999999999999974243, -4.000000000000000000 ) ) ;
#459 = CARTESIAN_POINT ( 'NONE',  ( -11.92633278975202415, 17.27827597421674000, 0.000000000000000000 ) ) ;
#460 = CARTESIAN_POINT ( 'NONE',  ( 14.65031900565576706, -16.49920220610296795, 0.000000000000000000 ) ) ;
#461 = CC_DESIGN_APPROVAL ( #1479, ( #1122 ) ) ;
#462 = CARTESIAN_POINT ( 'NONE',  ( 14.67208735301614375, 16.39888229772765982, -4.000000000000000000 ) ) ;
#463 = CARTESIAN_POINT ( 'NONE',  ( -21.61366561709855105, 6.970311178364145377, 0.000000000000000000 ) ) ;
#464 = CARTESIAN_POINT ( 'NONE',  ( 0.000000000000000000, 0.000000000000000000, 0.000000000000000000 ) ) ;
#465 = CARTESIAN_POINT ( 'NONE',  ( -14.03001975968732218, -16.58210780195572198, 0.000000000000000000 ) ) ;
#466 = CARTESIAN_POINT ( 'NONE',  ( 20.78091500548366355, -9.348690247244260121, 0.000000000000000000 ) ) ;
#467 = CARTESIAN_POINT ( 'NONE',  ( 12.25706784425205598, 19.35617007985194249, 0.000000000000000000 ) ) ;
#468 = CARTESIAN_POINT ( 'NONE',  ( -10.77255186281655952, -18.54272550959105814, 0.000000000000000000 ) ) ;
#469 = CARTESIAN_POINT ( 'NONE',  ( 19.58821292735725805, 11.71089130713609450, 0.000000000000000000 ) ) ;
#470 = CARTESIAN_POINT ( 'NONE',  ( 12.13835046888203983, -19.39946330054828039, -4.000000000000000000 ) ) ;
#471 = CARTESIAN_POINT ( 'NONE',  ( -9.442194321211964336, 20.69742849959578024, -4.000000000000000000 ) ) ;
#472 = CARTESIAN_POINT ( 'NONE',  ( -21.46809596502322393, -7.141509484957307308, 0.000000000000000000 ) ) ;
#473 = CARTESIAN_POINT ( 'NONE',  ( 11.33340381907174610, -19.58147747135110706, 0.000000000000000000 ) ) ;
#474 = CARTESIAN_POINT ( 'NONE',  ( -7.500000000000000000, 9.184850993605147944E-16, 0.000000000000000000 ) ) ;
#475 = PERSON ( 'æœª', 'æœª', 'æœª', ('æœª'), ('æœª'), ('æœª') ) ;
#476 = CARTESIAN_POINT ( 'NONE',  ( -22.44474957922670910, -4.596765017330784353, -4.000000000000000000 ) ) ;
#477 = CARTESIAN_POINT ( 'NONE',  ( -6.105749397311496018, 21.69045284728557377, 0.000000000000000000 ) ) ;
#478 = CARTESIAN_POINT ( 'NONE',  ( -3.198142567396938141, -20.82163085010418868, 0.000000000000000000 ) ) ;
#479 = CARTESIAN_POINT ( 'NONE',  ( -18.16172512099849712, -12.18901548346500974, 0.000000000000000000 ) ) ;
#480 = CARTESIAN_POINT ( 'NONE',  ( -22.39742744632050631, 3.986705893618919472, -4.000000000000000000 ) ) ;
#481 = EDGE_LOOP ( 'NONE', ( #89, #4548, #3471, #4401 ) ) ;
#482 = CARTESIAN_POINT ( 'NONE',  ( 21.96795606151920310, 2.611094541491828291, -4.000000000000000000 ) ) ;
#483 = CARTESIAN_POINT ( 'NONE',  ( -17.60961632205925298, 14.72393849779074415, -4.000000000000000000 ) ) ;
#484 = CARTESIAN_POINT ( 'NONE',  ( -9.524729263620633546, 20.61589949009512779, 0.000000000000000000 ) ) ;
#485 = CARTESIAN_POINT ( 'NONE',  ( 12.61143276425614523, -19.19917479465659582, 0.000000000000000000 ) ) ;
#486 = CARTESIAN_POINT ( 'NONE',  ( 14.46015909102278130, 17.15608361418290784, -4.000000000000000000 ) ) ;
#487 = CARTESIAN_POINT ( 'NONE',  ( -10.23136038523248459, -19.61448885117688690, -4.000000000000000000 ) ) ;
#488 = CARTESIAN_POINT ( 'NONE',  ( -8.749985478137789485, -21.22099681987719322, -4.000000000000000000 ) ) ;
#489 = CARTESIAN_POINT ( 'NONE',  ( -12.21493408267609126, -17.09825581231773839, -4.000000000000000000 ) ) ;
#490 = CARTESIAN_POINT ( 'NONE',  ( 20.60264002790486160, -4.393136808702785778, -4.000000000000000000 ) ) ;
#491 = CARTESIAN_POINT ( 'NONE',  ( 12.84246811570854341, 19.07246152098828063, 0.000000000000000000 ) ) ;
#492 = CARTESIAN_POINT ( 'NONE',  ( -5.530158903661357428, -21.53363642302078773, 0.000000000000000000 ) ) ;
#493 = CARTESIAN_POINT ( 'NONE',  ( -17.38541332982640242, -15.04776325982248331, -4.000000000000000000 ) ) ;
#494 = CARTESIAN_POINT ( 'NONE',  ( 13.27905935459841835, -18.77110434763019953, -4.000000000000000000 ) ) ;
#495 = CARTESIAN_POINT ( 'NONE',  ( -21.01712563943171119, -7.564086312211784957, 0.000000000000000000 ) ) ;
#496 = CARTESIAN_POINT ( 'NONE',  ( 11.90217861259450771, -19.47257571994365222, -4.000000000000000000 ) ) ;
#497 = DIRECTION ( 'NONE',  ( -0.000000000000000000, -0.000000000000000000, 1.000000000000000000 ) ) ;
#498 = CARTESIAN_POINT ( 'NONE',  ( -22.01006197919741325, -6.360361937078864436, -4.000000000000000000 ) ) ;
#499 = CARTESIAN_POINT ( 'NONE',  ( -6.003950609213851486, 21.66948353427437723, 0.000000000000000000 ) ) ;
#500 = CARTESIAN_POINT ( 'NONE',  ( -22.44313168229287925, 4.470410355436096772, 0.000000000000000000 ) ) ;
#501 = CARTESIAN_POINT ( 'NONE',  ( -1.332937384492320243, -21.19796886485566745, -4.000000000000000000 ) ) ;
#502 = CARTESIAN_POINT ( 'NONE',  ( -11.92633278975202415, 17.27827597421674000, 0.000000000000000000 ) ) ;
#503 = CARTESIAN_POINT ( 'NONE',  ( -18.15682379694213466, 12.06511880593058095, 0.000000000000000000 ) ) ;
#504 = CARTESIAN_POINT ( 'NONE',  ( -18.16980692583724633, -12.90301663323252512, 0.000000000000000000 ) ) ;
#505 = CARTESIAN_POINT ( 'NONE',  ( 13.66511979571201252, 18.41834517341790445, 0.000000000000000000 ) ) ;
#506 = APPROVAL_ROLE ( '' ) ;
#507 = CARTESIAN_POINT ( 'NONE',  ( -18.17484740104747587, 12.71033286937701412, 0.000000000000000000 ) ) ;
#508 = CARTESIAN_POINT ( 'NONE',  ( 20.80479732610527321, -8.890484256038245547, 0.000000000000000000 ) ) ;
#509 = CARTESIAN_POINT ( 'NONE',  ( 14.74184757433800641, 16.05974072920882278, 0.000000000000000000 ) ) ;
#510 = CARTESIAN_POINT ( 'NONE',  ( -8.860237739539302382, -21.15341875813860995, -4.000000000000000000 ) ) ;
#511 = CARTESIAN_POINT ( 'NONE',  ( 19.22635862625716285, 12.00805840096806598, -4.000000000000000000 ) ) ;
#512 = CARTESIAN_POINT ( 'NONE',  ( 20.35947228549825283, -6.735906117007664839, -4.000000000000000000 ) ) ;
#513 = CARTESIAN_POINT ( 'NONE',  ( -15.89868533617199553, 16.21627527863183360, 0.000000000000000000 ) ) ;
#514 = CARTESIAN_POINT ( 'NONE',  ( 4.831005402018962336, 21.91092861382620427, 0.000000000000000000 ) ) ;
#515 = CARTESIAN_POINT ( 'NONE',  ( -10.04227015966239911, -19.95213727705884565, 0.000000000000000000 ) ) ;
#516 = CARTESIAN_POINT ( 'NONE',  ( 14.23798757753601407, -17.63876532891242377, -4.000000000000000000 ) ) ;
#517 = CARTESIAN_POINT ( 'NONE',  ( 22.09532119296679653, 2.465144311845595571, -4.000000000000000000 ) ) ;
#518 = CARTESIAN_POINT ( 'NONE',  ( -18.58985845081708987, -9.756710369366027535, -4.000000000000000000 ) ) ;
#519 = CARTESIAN_POINT ( 'NONE',  ( 14.18166562306855027, -17.73742200790329093, 0.000000000000000000 ) ) ;
#520 = DIRECTION ( 'NONE',  ( 0.000000000000000000, 0.000000000000000000, -1.000000000000000000 ) ) ;
#521 = CARTESIAN_POINT ( 'NONE',  ( -6.775665262204265460, 21.75625882495917907, 0.000000000000000000 ) ) ;
#522 = CARTESIAN_POINT ( 'NONE',  ( -22.32787987256118711, 3.653229048890612063, -4.000000000000000000 ) ) ;
#523 = AXIS2_PLACEMENT_3D ( 'NONE', #3728, #2632, #4086 ) ;
#524 = CARTESIAN_POINT ( 'NONE',  ( 1.985132969657262603, -22.84797988994008833, 0.000000000000000000 ) ) ;
#525 = CARTESIAN_POINT ( 'NONE',  ( -20.78488896738855018, -7.737314153829968788, 0.000000000000000000 ) ) ;
#526 = AXIS2_PLACEMENT_3D ( 'NONE', #445, #2336, #80 ) ;
#527 = CARTESIAN_POINT ( 'NONE',  ( -21.05531120614950069, -0.6650542471123045418, -4.000000000000000000 ) ) ;
#528 = EDGE_CURVE ( 'NONE', #3780, #747, #286, .T. ) ;
#529 = CARTESIAN_POINT ( 'NONE',  ( -18.16980692583723567, 12.90301663323251447, 0.000000000000000000 ) ) ;
#530 = CARTESIAN_POINT ( 'NONE',  ( 19.93120287531943902, -11.34539950381585705, 0.000000000000000000 ) ) ;
#531 = CARTESIAN_POINT ( 'NONE',  ( 21.59123141923970834, 3.009330157237677827, -4.000000000000000000 ) ) ;
#532 = CARTESIAN_POINT ( 'NONE',  ( 14.58034703317465741, 16.78373127438552004, -4.000000000000000000 ) ) ;
#533 = CARTESIAN_POINT ( 'NONE',  ( -10.67698286436428923, -18.71147212199528553, -4.000000000000000000 ) ) ;
#534 = CARTESIAN_POINT ( 'NONE',  ( -9.355409910612213054, -20.77789073049703106, -4.000000000000000000 ) ) ;
#535 = CARTESIAN_POINT ( 'NONE',  ( 20.68850112096512817, -7.991468017176341476, -4.000000000000000000 ) ) ;
#536 = CARTESIAN_POINT ( 'NONE',  ( 6.367210647053994421, 20.26300161976031688, 0.000000000000000000 ) ) ;
#537 = CARTESIAN_POINT ( 'NONE',  ( 1.857833821405697083, -22.83518087930976748, 0.000000000000000000 ) ) ;
#538 = CARTESIAN_POINT ( 'NONE',  ( -17.89594962096631647, -14.16255796312505311, -4.000000000000000000 ) ) ;
#539 = CARTESIAN_POINT ( 'NONE',  ( 14.38243175225549386, -17.34651484635461571, -4.000000000000000000 ) ) ;
#540 = CARTESIAN_POINT ( 'NONE',  ( -10.09223420870868537, 19.86898413699723775, 0.000000000000000000 ) ) ;
#541 = CARTESIAN_POINT ( 'NONE',  ( -18.14936776173882649, -11.77726421825681236, 0.000000000000000000 ) ) ;
#542 = CARTESIAN_POINT ( 'NONE',  ( 14.96523272433925733, -15.21615547683478198, -4.000000000000000000 ) ) ;
#543 = CARTESIAN_POINT ( 'NONE',  ( -7.124355652982059972, 7.000000000000141220, 0.000000000000000000 ) ) ;
#544 = CARTESIAN_POINT ( 'NONE',  ( 5.175558906586990027, -21.56597388726454056, -4.000000000000000000 ) ) ;
#545 = CARTESIAN_POINT ( 'NONE',  ( -22.23518487644739849, 3.348207441344186908, 0.000000000000000000 ) ) ;
#546 = CARTESIAN_POINT ( 'NONE',  ( 3.540430871598339024, -22.65913253418499806, 0.000000000000000000 ) ) ;
#547 = CARTESIAN_POINT ( 'NONE',  ( -14.51079128029506293, 16.54177814894682541, -4.000000000000000000 ) ) ;
#548 = CARTESIAN_POINT ( 'NONE',  ( -21.75406656625703050, -6.782700467727688753, 0.000000000000000000 ) ) ;
#549 = CARTESIAN_POINT ( 'NONE',  ( 20.78091500548366000, 9.348690247244249463, 0.000000000000000000 ) ) ;
#550 = CARTESIAN_POINT ( 'NONE',  ( -9.747148956018724775, 20.36762955473148651, -4.000000000000000000 ) ) ;
#551 = CARTESIAN_POINT ( 'NONE',  ( 11.01533356301950839, 19.60296829705857746, 0.000000000000000000 ) ) ;
#552 = CARTESIAN_POINT ( 'NONE',  ( -21.80324200739084617, 2.451915892524423768, -4.000000000000000000 ) ) ;
#553 = CARTESIAN_POINT ( 'NONE',  ( -3.778801353825819831, -20.90098721100731893, -4.000000000000000000 ) ) ;
#554 = CARTESIAN_POINT ( 'NONE',  ( 20.27801818137658785, -5.991492629422116245, -4.000000000000000000 ) ) ;
#555 = CARTESIAN_POINT ( 'NONE',  ( -17.60961632205925298, 14.72393849779074415, 0.000000000000000000 ) ) ;
#556 = CARTESIAN_POINT ( 'NONE',  ( -14.99906732216531680, 16.48204178567783984, 0.000000000000000000 ) ) ;
#557 = CARTESIAN_POINT ( 'NONE',  ( 19.40839018475416111, -11.86814941478854912, 0.000000000000000000 ) ) ;
#558 = CARTESIAN_POINT ( 'NONE',  ( 19.67653159492529369, -11.62576803065812570, -4.000000000000000000 ) ) ;
#559 = CARTESIAN_POINT ( 'NONE',  ( -9.603024693121355426, -20.53358832084187569, 0.000000000000000000 ) ) ;
#560 = CARTESIAN_POINT ( 'NONE',  ( 17.83716394441302810, 12.65922352464750489, -4.000000000000000000 ) ) ;
#561 = CARTESIAN_POINT ( 'NONE',  ( 20.66509520378538767, -7.897008828913190115, -4.000000000000000000 ) ) ;
#562 = CARTESIAN_POINT ( 'NONE',  ( 4.501746821145971467, 22.17238321979582949, 0.000000000000000000 ) ) ;
#563 = CARTESIAN_POINT ( 'NONE',  ( 3.034655965340522510, -22.79207403780078067, 0.000000000000000000 ) ) ;
#564 = CARTESIAN_POINT ( 'NONE',  ( 16.45012902904862884, 13.28492605249689085, 0.000000000000000000 ) ) ;
#565 = CARTESIAN_POINT ( 'NONE',  ( -9.813211701011764987, 20.28439785978904197, -4.000000000000000000 ) ) ;
#566 = CARTESIAN_POINT ( 'NONE',  ( -18.17183461541527478, -11.19258704227211432, -4.000000000000000000 ) ) ;
#567 = CARTESIAN_POINT ( 'NONE',  ( 14.23798757753601407, -17.63876532891242377, -4.000000000000000000 ) ) ;
#568 = CARTESIAN_POINT ( 'NONE',  ( 0.000000000000000000, 0.000000000000000000, -6.000000000000000000 ) ) ;
#569 = CARTESIAN_POINT ( 'NONE',  ( 5.240001218098253588, 21.49305226020203108, 0.000000000000000000 ) ) ;
#570 = CARTESIAN_POINT ( 'NONE',  ( -22.39742744632050631, 3.986705893618919472, -4.000000000000000000 ) ) ;
#571 = CARTESIAN_POINT ( 'NONE',  ( 4.754076879945541734, -21.97754974012423901, 0.000000000000000000 ) ) ;
#572 = ORIENTED_EDGE ( 'NONE', *, *, #1327, .F. ) ;
#573 = CARTESIAN_POINT ( 'NONE',  ( -20.86332366715752684, -7.681268167302650163, 0.000000000000000000 ) ) ;
#574 = CARTESIAN_POINT ( 'NONE',  ( -4.021429321039780902, 20.95990658864501555, -4.000000000000000000 ) ) ;
#575 = CARTESIAN_POINT ( 'NONE',  ( -14.61300362791339680, 16.53226074606681451, 0.000000000000000000 ) ) ;
#576 = CARTESIAN_POINT ( 'NONE',  ( 20.44046392959869962, -7.091610322081407070, 0.000000000000000000 ) ) ;
#577 = CARTESIAN_POINT ( 'NONE',  ( 14.23798757753600874, 17.63876532891241666, 0.000000000000000000 ) ) ;
#578 = CARTESIAN_POINT ( 'NONE',  ( -22.01006197919742036, 6.360361937078860883, 0.000000000000000000 ) ) ;
#579 = CARTESIAN_POINT ( 'NONE',  ( -7.777861387214355382, -21.62778625667889543, -4.000000000000000000 ) ) ;
#580 = CARTESIAN_POINT ( 'NONE',  ( 14.89708575702913507, 15.42586720119266808, -4.000000000000000000 ) ) ;
#581 = CARTESIAN_POINT ( 'NONE',  ( 21.02387159568900188, -3.672383574304969756, 0.000000000000000000 ) ) ;
#582 = CARTESIAN_POINT ( 'NONE',  ( 4.409968919116986186, 22.23507379612073009, 0.000000000000000000 ) ) ;
#583 = CARTESIAN_POINT ( 'NONE',  ( 0.7374622847275346116, -22.52136918132849530, 0.000000000000000000 ) ) ;
#584 = CARTESIAN_POINT ( 'NONE',  ( 17.83716394441302810, 12.65922352464750489, 0.000000000000000000 ) ) ;
#585 = CARTESIAN_POINT ( 'NONE',  ( -17.67583476004737619, -14.61286431517886442, -4.000000000000000000 ) ) ;
#586 = CARTESIAN_POINT ( 'NONE',  ( 14.80349630983424802, -15.77846632668083338, -4.000000000000000000 ) ) ;
#587 = CARTESIAN_POINT ( 'NONE',  ( -5.062129075425347402, 21.34872602289420485, -4.000000000000000000 ) ) ;
#588 = CARTESIAN_POINT ( 'NONE',  ( 20.44046392959870673, 7.091610322081399964, -4.000000000000000000 ) ) ;
#589 = CARTESIAN_POINT ( 'NONE',  ( -18.16172512099849712, -12.18901548346500974, -4.000000000000000000 ) ) ;
#590 = CARTESIAN_POINT ( 'NONE',  ( 13.66511979571200719, -18.41834517341791866, -4.000000000000000000 ) ) ;
#591 = FACE_OUTER_BOUND ( 'NONE', #3270, .T. ) ;
#592 = CARTESIAN_POINT ( 'NONE',  ( 5.175558906586990915, 21.56597388726453346, -4.000000000000000000 ) ) ;
#593 = CARTESIAN_POINT ( 'NONE',  ( 1.609724419164899389, -22.79765701126126132, -4.000000000000000000 ) ) ;
#594 = EDGE_LOOP ( 'NONE', ( #2366, #3961, #4114, #1142 ) ) ;
#595 = CARTESIAN_POINT ( 'NONE',  ( -17.79490290189911050, -14.38819513235454650, 0.000000000000000000 ) ) ;
#596 = AXIS2_PLACEMENT_3D ( 'NONE', #694, #741, #378 ) ;
#597 = CARTESIAN_POINT ( 'NONE',  ( -15.79395911403171482, 16.26029483406763987, 0.000000000000000000 ) ) ;
#598 = CARTESIAN_POINT ( 'NONE',  ( 19.49872646015114341, -11.79169641045160688, 0.000000000000000000 ) ) ;
#599 = CARTESIAN_POINT ( 'NONE',  ( 1.372163210848023951, 22.74558431711198381, -4.000000000000000000 ) ) ;
#600 = VECTOR ( 'NONE', #2171, 1000.000000000000000 ) ;
#601 = CARTESIAN_POINT ( 'NONE',  ( -4.416164701120715463, -21.08588725642606576, 0.000000000000000000 ) ) ;
#602 = CARTESIAN_POINT ( 'NONE',  ( 14.62811007625883697, 16.59600264588740259, -4.000000000000000000 ) ) ;
#603 = CARTESIAN_POINT ( 'NONE',  ( 22.99848482850785558, -0.1328215991950580377, -4.000000000000000000 ) ) ;
#604 = CARTESIAN_POINT ( 'NONE',  ( 9.788587241230349179, 19.47872947641211994, 0.000000000000000000 ) ) ;
#605 = CARTESIAN_POINT ( 'NONE',  ( 2.508025960596968584, -22.85601849740108094, 0.000000000000000000 ) ) ;
#606 = CIRCLE ( 'NONE', #454, 5.000000000000000000 ) ;
#607 = CARTESIAN_POINT ( 'NONE',  ( -15.89868533617197066, -16.21627527863183360, -4.000000000000000000 ) ) ;
#608 = CARTESIAN_POINT ( 'NONE',  ( 20.55100073401141358, 7.488439534210017179, -4.000000000000000000 ) ) ;
#609 = CARTESIAN_POINT ( 'NONE',  ( -20.34839886508052231, -8.022656757860596954, 0.000000000000000000 ) ) ;
#610 = CARTESIAN_POINT ( 'NONE',  ( 14.18166562306855027, -17.73742200790329093, -4.000000000000000000 ) ) ;
#611 = CARTESIAN_POINT ( 'NONE',  ( 21.96795606151920310, 2.611094541491828291, 0.000000000000000000 ) ) ;
#612 = CARTESIAN_POINT ( 'NONE',  ( 5.438954983983050440, 21.25584677821781909, -4.000000000000000000 ) ) ;
#613 = CARTESIAN_POINT ( 'NONE',  ( -8.156181287886402842, 21.50608257563538928, 0.000000000000000000 ) ) ;
#614 = CARTESIAN_POINT ( 'NONE',  ( -21.37987086968731276, 1.667832292710538455, -4.000000000000000000 ) ) ;
#615 = CARTESIAN_POINT ( 'NONE',  ( 3.892887678750805325, -22.52043080026214383, -4.000000000000000000 ) ) ;
#616 = ORIENTED_EDGE ( 'NONE', *, *, #424, .T. ) ;
#617 = CARTESIAN_POINT ( 'NONE',  ( -16.21641532725007906, -16.05836027834629931, 0.000000000000000000 ) ) ;
#618 = CARTESIAN_POINT ( 'NONE',  ( 11.01533356301950839, 19.60296829705857746, -4.000000000000000000 ) ) ;
#619 = CARTESIAN_POINT ( 'NONE',  ( -18.09598118973340419, 13.50491433628528348, 0.000000000000000000 ) ) ;
#620 = CARTESIAN_POINT ( 'NONE',  ( -19.53409718184668620, 8.597012578739899880, 0.000000000000000000 ) ) ;
#621 = CARTESIAN_POINT ( 'NONE',  ( 22.55334719936499610, -1.796338551631291303, 0.000000000000000000 ) ) ;
#622 = CARTESIAN_POINT ( 'NONE',  ( 21.90090697121823737, 2.684361049373889418, 0.000000000000000000 ) ) ;
#623 = CARTESIAN_POINT ( 'NONE',  ( -22.29840436819379690, 5.632859719257557352, -4.000000000000000000 ) ) ;
#624 = CARTESIAN_POINT ( 'NONE',  ( -3.778801353825819831, -20.90098721100731893, -4.000000000000000000 ) ) ;
#625 = CARTESIAN_POINT ( 'NONE',  ( 14.38243175225549564, 17.34651484635464413, -4.000000000000000000 ) ) ;
#626 = COORDINATED_UNIVERSAL_TIME_OFFSET ( 8, 0, .AHEAD. ) ;
#627 = CARTESIAN_POINT ( 'NONE',  ( 21.75646130103281806, -2.837189671757639253, 0.000000000000000000 ) ) ;
#628 = CARTESIAN_POINT ( 'NONE',  ( -16.83963071822948976, 15.62316825860849256, -4.000000000000000000 ) ) ;
#629 = CARTESIAN_POINT ( 'NONE',  ( 2.904014192323573607, 22.81479010543602470, 0.000000000000000000 ) ) ;
#630 = CARTESIAN_POINT ( 'NONE',  ( 0.9352643789683138253, -22.60543259105241631, 0.000000000000000000 ) ) ;
#631 = CARTESIAN_POINT ( 'NONE',  ( 18.23822292812888435, 12.52102761954147780, 0.000000000000000000 ) ) ;
#632 = CARTESIAN_POINT ( 'NONE',  ( -21.16885992121934379, 7.436852529821839752, -4.000000000000000000 ) ) ;
#633 = CARTESIAN_POINT ( 'NONE',  ( -15.79395911403171127, -16.26029483406766474, -4.000000000000000000 ) ) ;
#634 = CARTESIAN_POINT ( 'NONE',  ( -10.27608982505457824, 19.52581620093668135, -4.000000000000000000 ) ) ;
#635 = CARTESIAN_POINT ( 'NONE',  ( -18.04549037692338231, -13.71884141036984062, -4.000000000000000000 ) ) ;
#636 = CARTESIAN_POINT ( 'NONE',  ( 16.68839162776216156, -13.13880477611282771, -4.000000000000000000 ) ) ;
#637 = CARTESIAN_POINT ( 'NONE',  ( 22.98039910196879987, 0.3968919721285881774, 0.000000000000000000 ) ) ;
#638 = CARTESIAN_POINT ( 'NONE',  ( 5.370547556266014766, -21.33894811969763694, -4.000000000000000000 ) ) ;
#639 = VERTEX_POINT ( 'NONE', #1830 ) ;
#640 = CARTESIAN_POINT ( 'NONE',  ( -17.46426378467749174, -14.94174543293087432, 0.000000000000000000 ) ) ;
#641 = CARTESIAN_POINT ( 'NONE',  ( 10.02411735440074025, 19.51692406200496777, 0.000000000000000000 ) ) ;
#642 = CARTESIAN_POINT ( 'NONE',  ( -22.26827178752866132, -3.446736430283537267, -4.000000000000000000 ) ) ;
#643 = CARTESIAN_POINT ( 'NONE',  ( 4.111083978712352760, 22.41301912558926901, -4.000000000000000000 ) ) ;
#644 = CARTESIAN_POINT ( 'NONE',  ( -20.44527414537789056, 7.961408085081993491, 0.000000000000000000 ) ) ;
#645 = CYLINDRICAL_SURFACE ( 'NONE', #2509, 5.000000000000000888 ) ;
#646 = CARTESIAN_POINT ( 'NONE',  ( 20.28432423003497220, 5.684594767459072884, 0.000000000000000000 ) ) ;
#647 = CARTESIAN_POINT ( 'NONE',  ( -8.400974717098032230, 21.40353708094175644, -4.000000000000000000 ) ) ;
#648 = CARTESIAN_POINT ( 'NONE',  ( 13.98660388258979559, 18.03380083971667602, -4.000000000000000000 ) ) ;
#649 = CARTESIAN_POINT ( 'NONE',  ( 1.857833821405696417, 22.83518087930976392, -4.000000000000000000 ) ) ;
#650 = CARTESIAN_POINT ( 'NONE',  ( -22.26010680064554137, 5.759810847278162171, 0.000000000000000000 ) ) ;
#651 = CARTESIAN_POINT ( 'NONE',  ( -7.395328098381209969, -21.70898570351965517, 0.000000000000000000 ) ) ;
#652 = APPROVAL_STATUS ( 'not_yet_approved' ) ;
#653 = CARTESIAN_POINT ( 'NONE',  ( 22.09532119296678587, -2.465144311845597347, 0.000000000000000000 ) ) ;
#654 = CARTESIAN_POINT ( 'NONE',  ( -16.93788766549283764, 15.53590124693298691, -4.000000000000000000 ) ) ;
#655 = CARTESIAN_POINT ( 'NONE',  ( -4.716875799352163945, 21.20280255783143630, 0.000000000000000000 ) ) ;
#656 = CARTESIAN_POINT ( 'NONE',  ( 11.55588974441207029, -19.54986423344080748, 0.000000000000000000 ) ) ;
#657 = CARTESIAN_POINT ( 'NONE',  ( -16.73918910046183584, -15.70644772556289936, -4.000000000000000000 ) ) ;
#658 = CARTESIAN_POINT ( 'NONE',  ( 14.62811007625882631, -16.59600264588740615, -4.000000000000000000 ) ) ;
#659 = CARTESIAN_POINT ( 'NONE',  ( -17.21631478046348107, -15.25232396492124032, -4.000000000000000000 ) ) ;
#660 = CARTESIAN_POINT ( 'NONE',  ( 16.68839162776216156, -13.13880477611282771, 0.000000000000000000 ) ) ;
#661 = CARTESIAN_POINT ( 'NONE',  ( 20.80479732610528032, 8.890484256038259758, 0.000000000000000000 ) ) ;
#662 = CARTESIAN_POINT ( 'NONE',  ( -16.73918910046182873, 15.70644772556290647, -4.000000000000000000 ) ) ;
#663 = CARTESIAN_POINT ( 'NONE',  ( 4.314250260353269972, 22.29625582966830777, 0.000000000000000000 ) ) ;
#664 = CARTESIAN_POINT ( 'NONE',  ( 0.6436398694731745307, 22.47664715384596690, -4.000000000000000000 ) ) ;
#665 = CARTESIAN_POINT ( 'NONE',  ( -21.20407965231138903, 1.231914024922849293, 0.000000000000000000 ) ) ;
#666 = CARTESIAN_POINT ( 'NONE',  ( -22.16338961594793844, -3.159849933283256807, -4.000000000000000000 ) ) ;
#667 = CARTESIAN_POINT ( 'NONE',  ( 7.768109850089496504, -19.52463663745171729, -4.000000000000000000 ) ) ;
#668 = VERTEX_POINT ( 'NONE', #4157 ) ;
#669 = CARTESIAN_POINT ( 'NONE',  ( -17.21631478046348107, -15.25232396492124032, 0.000000000000000000 ) ) ;
#670 = CARTESIAN_POINT ( 'NONE',  ( -22.12494672396928408, -3.069479490690222523, -4.000000000000000000 ) ) ;
#671 = CARTESIAN_POINT ( 'NONE',  ( -5.530158903661344105, 21.53363642302077707, -4.000000000000000000 ) ) ;
#672 = CARTESIAN_POINT ( 'NONE',  ( -11.65567158548801352, 17.48428684158513491, -4.000000000000000000 ) ) ;
#673 = CARTESIAN_POINT ( 'NONE',  ( -20.62209677019498955, 7.847588496223871779, 0.000000000000000000 ) ) ;
#674 = CARTESIAN_POINT ( 'NONE',  ( 0.000000000000000000, 14.00000000000000000, 0.000000000000000000 ) ) ;
#675 = CARTESIAN_POINT ( 'NONE',  ( -6.003950609213851486, 21.66948353427437723, -4.000000000000000000 ) ) ;
#676 = CARTESIAN_POINT ( 'NONE',  ( 3.417209851801629839, -22.69836180709104667, -4.000000000000000000 ) ) ;
#677 = CARTESIAN_POINT ( 'NONE',  ( -8.520062268277698081, -21.34630659078940340, -4.000000000000000000 ) ) ;
#678 = CARTESIAN_POINT ( 'NONE',  ( 20.69246807443067837, -9.834571535528160879, -4.000000000000000000 ) ) ;
#679 = CARTESIAN_POINT ( 'NONE',  ( -6.775665262204276118, -21.75625882495917907, -4.000000000000000000 ) ) ;
#680 = CARTESIAN_POINT ( 'NONE',  ( 14.52531902632189897, 16.96909187510687289, -4.000000000000000000 ) ) ;
#681 = DATE_AND_TIME ( #3992, #4097 ) ;
#682 = CARTESIAN_POINT ( 'NONE',  ( 22.82546726133484327, -1.149966177979558024, 0.000000000000000000 ) ) ;
#683 = CARTESIAN_POINT ( 'NONE',  ( -3.778801353825799847, 20.90098721100731183, 0.000000000000000000 ) ) ;
#684 = CARTESIAN_POINT ( 'NONE',  ( 4.409968919116991515, -22.23507379612073009, 0.000000000000000000 ) ) ;
#685 = CIRCLE ( 'NONE', #3852, 5.000000000000000000 ) ;
#686 = CARTESIAN_POINT ( 'NONE',  ( 14.60493761306324423, -16.69051937538968033, -4.000000000000000000 ) ) ;
#687 = CARTESIAN_POINT ( 'NONE',  ( -17.89594962096631647, -14.16255796312505311, -4.000000000000000000 ) ) ;
#688 = CARTESIAN_POINT ( 'NONE',  ( 16.20113928410976456, -13.46445368502866557, -4.000000000000000000 ) ) ;
#689 = CARTESIAN_POINT ( 'NONE',  ( 20.08917054442649430, 11.13919997127609385, 0.000000000000000000 ) ) ;
#690 = ADVANCED_FACE ( 'NONE', ( #4822 ), #3797, .F. ) ;
#691 = CARTESIAN_POINT ( 'NONE',  ( 3.034655965340508743, 22.79207403780077357, 0.000000000000000000 ) ) ;
#692 = CARTESIAN_POINT ( 'NONE',  ( -21.90691606563209604, -2.634871704410320259, 0.000000000000000000 ) ) ;
#693 = CARTESIAN_POINT ( 'NONE',  ( 5.676847562098989108, -20.96619076917855651, 0.000000000000000000 ) ) ;
#694 = CARTESIAN_POINT ( 'NONE',  ( -12.12435565298221007, -6.999999999999886313, 0.000000000000000000 ) ) ;
#695 = CARTESIAN_POINT ( 'NONE',  ( -12.50810894298447806, -16.95038754158261796, 0.000000000000000000 ) ) ;
#696 = LOCAL_TIME ( 11, 19, 11.00000000000000000, #626 ) ;
#697 = CARTESIAN_POINT ( 'NONE',  ( 10.13042743176716343, 19.53376379397890261, 0.000000000000000000 ) ) ;
#698 = CARTESIAN_POINT ( 'NONE',  ( -22.23518487644739139, -3.348207441344188240, -4.000000000000000000 ) ) ;
#699 = CARTESIAN_POINT ( 'NONE',  ( -4.956690974354534873, 21.30379244199514233, 0.000000000000000000 ) ) ;
#700 = CARTESIAN_POINT ( 'NONE',  ( -10.88890590373231326, 18.35541626355848521, -4.000000000000000000 ) ) ;
#701 = CARTESIAN_POINT ( 'NONE',  ( -18.44593788034982396, 10.06490646662228272, 0.000000000000000000 ) ) ;
#702 = DIRECTION ( 'NONE',  ( -1.000000000000000000, 0.000000000000000000, 0.000000000000000000 ) ) ;
#703 = CARTESIAN_POINT ( 'NONE',  ( 20.47965370487759884, 7.238199896465309813, -4.000000000000000000 ) ) ;
#704 = CARTESIAN_POINT ( 'NONE',  ( 4.754076879945541734, -21.97754974012423901, -4.000000000000000000 ) ) ;
#705 = CARTESIAN_POINT ( 'NONE',  ( 20.72971935574831548, -8.179759005715945719, -4.000000000000000000 ) ) ;
#706 = CARTESIAN_POINT ( 'NONE',  ( -0.02492641410532247040, -22.06478867062250870, -4.000000000000000000 ) ) ;
#707 = CARTESIAN_POINT ( 'NONE',  ( 11.11919254841974158, 19.59896623534659454, -4.000000000000000000 ) ) ;
#708 = CARTESIAN_POINT ( 'NONE',  ( 22.65371642544585029, -1.595277858700916873, 0.000000000000000000 ) ) ;
#709 = CARTESIAN_POINT ( 'NONE',  ( -5.348528770268318411, 21.46630262106306475, 0.000000000000000000 ) ) ;
#710 = CARTESIAN_POINT ( 'NONE',  ( 5.589924110080315423, -21.07107236563832586, 0.000000000000000000 ) ) ;
#711 = CARTESIAN_POINT ( 'NONE',  ( -22.01006197919742036, 6.360361937078860883, -4.000000000000000000 ) ) ;
#712 = CARTESIAN_POINT ( 'NONE',  ( -16.93788766549283054, -15.53590124693299757, -4.000000000000000000 ) ) ;
#713 = CARTESIAN_POINT ( 'NONE',  ( 20.48139027573107285, 10.44990086774786775, -4.000000000000000000 ) ) ;
#714 = CARTESIAN_POINT ( 'NONE',  ( -18.01441512476087325, -13.82811003151777385, -4.000000000000000000 ) ) ;
#715 = CARTESIAN_POINT ( 'NONE',  ( 17.10904052391322239, -12.92908640671131693, 0.000000000000000000 ) ) ;
#716 = CARTESIAN_POINT ( 'NONE',  ( 20.16368796050758405, 11.03095435375335676, 0.000000000000000000 ) ) ;
#717 = CARTESIAN_POINT ( 'NONE',  ( -22.16338961594793844, -3.159849933283256807, 0.000000000000000000 ) ) ;
#718 = CARTESIAN_POINT ( 'NONE',  ( 4.904735259174656470, -21.84362751253984314, 0.000000000000000000 ) ) ;
#719 = CARTESIAN_POINT ( 'NONE',  ( 7.500000000000000000, 0.000000000000000000, -6.000000000000000000 ) ) ;
#720 = CARTESIAN_POINT ( 'NONE',  ( -18.95261829878784710, 9.196014721598645636, -4.000000000000000000 ) ) ;
#721 = CARTESIAN_POINT ( 'NONE',  ( -9.989734795150123858, 20.03511141949916308, -4.000000000000000000 ) ) ;
#722 = CARTESIAN_POINT ( 'NONE',  ( 9.653974740081311623, 19.45786538474273897, 0.000000000000000000 ) ) ;
#723 = CARTESIAN_POINT ( 'NONE',  ( -22.43740558611070313, 4.345941609494268221, 0.000000000000000000 ) ) ;
#724 = CARTESIAN_POINT ( 'NONE',  ( 23.00000000000000000, 6.776263578034402713E-18, 0.000000000000000000 ) ) ;
#725 = CARTESIAN_POINT ( 'NONE',  ( 20.51659141783717288, 7.369316032574129594, -4.000000000000000000 ) ) ;
#726 = CARTESIAN_POINT ( 'NONE',  ( -0.02492641410532247040, -22.06478867062250870, 0.000000000000000000 ) ) ;
#727 = FACE_OUTER_BOUND ( 'NONE', #796, .T. ) ;
#728 = CARTESIAN_POINT ( 'NONE',  ( -4.232730576400632216, 21.02295257162312225, 0.000000000000000000 ) ) ;
#729 = CARTESIAN_POINT ( 'NONE',  ( 5.304651655887928641, -21.41766073162606077, 0.000000000000000000 ) ) ;
#730 = CARTESIAN_POINT ( 'NONE',  ( -10.77255186281655952, -18.54272550959105814, 0.000000000000000000 ) ) ;
#731 = CARTESIAN_POINT ( 'NONE',  ( 20.72113584048848978, 9.711501322388421897, -4.000000000000000000 ) ) ;
#732 = DIRECTION ( 'NONE',  ( 1.000000000000000000, 0.000000000000000000, 0.000000000000000000 ) ) ;
#733 = CARTESIAN_POINT ( 'NONE',  ( -18.14569269480858082, -13.19701642569618372, -4.000000000000000000 ) ) ;
#734 = CARTESIAN_POINT ( 'NONE',  ( 19.22635862625715220, -12.00805840096806776, 0.000000000000000000 ) ) ;
#735 = CARTESIAN_POINT ( 'NONE',  ( 20.48139027573107285, 10.44990086774786775, 0.000000000000000000 ) ) ;
#736 = CARTESIAN_POINT ( 'NONE',  ( -17.60961632205925298, 14.72393849779074415, -4.000000000000000000 ) ) ;
#737 = CARTESIAN_POINT ( 'NONE',  ( -21.24426801316550240, -7.368515192687130622, -4.000000000000000000 ) ) ;
#738 = CARTESIAN_POINT ( 'NONE',  ( 22.98039910196879987, 0.3968919721285881774, -4.000000000000000000 ) ) ;
#739 = CARTESIAN_POINT ( 'NONE',  ( -21.61676680493876646, -2.126769031605182825, 0.000000000000000000 ) ) ;
#740 = CARTESIAN_POINT ( 'NONE',  ( 5.044013087028537790, -21.70685730218823650, -4.000000000000000000 ) ) ;
#741 = DIRECTION ( 'NONE',  ( -0.000000000000000000, -0.000000000000000000, 1.000000000000000000 ) ) ;
#742 = CARTESIAN_POINT ( 'NONE',  ( -5.062129075425347402, 21.34872602289420485, 0.000000000000000000 ) ) ;
#743 = CARTESIAN_POINT ( 'NONE',  ( -21.99981435537412722, -2.808168091621713991, 0.000000000000000000 ) ) ;
#744 = LINE ( 'NONE', #1549, #4318 ) ;
#745 = CARTESIAN_POINT ( 'NONE',  ( -8.031184762135666233, 21.55105605998829432, -4.000000000000000000 ) ) ;
#746 = CARTESIAN_POINT ( 'NONE',  ( 0.7374622847275456028, 22.52136918132849530, -4.000000000000000000 ) ) ;
#747 = VERTEX_POINT ( 'NONE', #1517 ) ;
#748 = DIRECTION ( 'NONE',  ( 0.000000000000000000, 0.000000000000000000, -1.000000000000000000 ) ) ;
#749 = CARTESIAN_POINT ( 'NONE',  ( -8.860237739539297053, 21.15341875813862060, 0.000000000000000000 ) ) ;
#750 = CARTESIAN_POINT ( 'NONE',  ( 10.13042743176719540, -19.53376379397890261, 0.000000000000000000 ) ) ;
#751 = VECTOR ( 'NONE', #4543, 1000.000000000000000 ) ;
#752 = CARTESIAN_POINT ( 'NONE',  ( 18.32925739246958940, -12.48663137688971858, -4.000000000000000000 ) ) ;
#753 = CARTESIAN_POINT ( 'NONE',  ( -11.03144477067790241, -18.15042237353859633, -4.000000000000000000 ) ) ;
#754 = DIRECTION ( 'NONE',  ( -0.000000000000000000, -0.000000000000000000, 1.000000000000000000 ) ) ;
#755 = CARTESIAN_POINT ( 'NONE',  ( -13.30135309966941115, -16.69022419582070071, 0.000000000000000000 ) ) ;
#756 = CARTESIAN_POINT ( 'NONE',  ( 20.79251774114803197, -9.230914693542064953, -4.000000000000000000 ) ) ;
#757 = CARTESIAN_POINT ( 'NONE',  ( 19.76335568513954755, 11.53639894063094751, 0.000000000000000000 ) ) ;
#758 = CARTESIAN_POINT ( 'NONE',  ( 20.48139027573107285, 10.44990086774786775, 0.000000000000000000 ) ) ;
#759 = CARTESIAN_POINT ( 'NONE',  ( -18.95261829878785420, -9.196014721598634978, -4.000000000000000000 ) ) ;
#760 = CARTESIAN_POINT ( 'NONE',  ( 10.91357375904090077, -19.60411471402108319, -4.000000000000000000 ) ) ;
#761 = CARTESIAN_POINT ( 'NONE',  ( -3.503562908580233781, 20.85236322909900863, -4.000000000000000000 ) ) ;
#762 = CARTESIAN_POINT ( 'NONE',  ( -22.40761293520194286, -5.114210463940550788, -4.000000000000000000 ) ) ;
#763 = CARTESIAN_POINT ( 'NONE',  ( 12.72771890607626766, -19.13795803034422960, -4.000000000000000000 ) ) ;
#764 = CARTESIAN_POINT ( 'NONE',  ( -7.124355652982209186, -6.999999999999886313, 0.000000000000000000 ) ) ;
#765 = CC_DESIGN_PERSON_AND_ORGANIZATION_ASSIGNMENT ( #1948, #344, ( #3629 ) ) ;
#766 = CARTESIAN_POINT ( 'NONE',  ( -10.47012875514902497, 19.12102889608782519, -4.000000000000000000 ) ) ;
#767 = CARTESIAN_POINT ( 'NONE',  ( -18.17327844624658084, 12.80672111095504739, -4.000000000000000000 ) ) ;
#768 = CARTESIAN_POINT ( 'NONE',  ( -22.26827178752866132, 3.446736430283527497, 0.000000000000000000 ) ) ;
#769 = DIRECTION ( 'NONE',  ( -1.000000000000000000, 0.000000000000000000, 0.000000000000000000 ) ) ;
#770 = CARTESIAN_POINT ( 'NONE',  ( 20.63977482671135277, 7.800975292103149883, -4.000000000000000000 ) ) ;
#771 = CARTESIAN_POINT ( 'NONE',  ( 11.78539027706231224, 19.50253865068290438, -4.000000000000000000 ) ) ;
#772 = EDGE_LOOP ( 'NONE', ( #2507, #1919 ) ) ;
#773 = DIRECTION ( 'NONE',  ( -1.000000000000000000, 0.000000000000000000, -0.000000000000000000 ) ) ;
#774 = CARTESIAN_POINT ( 'NONE',  ( -12.50810894298446740, 16.95038754158260019, 0.000000000000000000 ) ) ;
#775 = CARTESIAN_POINT ( 'NONE',  ( 17.59069102790715178, -12.74265838722847022, 0.000000000000000000 ) ) ;
#776 = CARTESIAN_POINT ( 'NONE',  ( 0.2973477410281228916, -22.28320682219198190, -4.000000000000000000 ) ) ;
#777 = CARTESIAN_POINT ( 'NONE',  ( 18.77397602136328914, -12.28679088549162657, -4.000000000000000000 ) ) ;
#778 = EDGE_CURVE ( 'NONE', #4057, #4218, #4425, .T. ) ;
#779 = CARTESIAN_POINT ( 'NONE',  ( -15.09453435472146410, -16.46481109810801868, 0.000000000000000000 ) ) ;
#780 = CARTESIAN_POINT ( 'NONE',  ( 20.48139027573108351, -10.44990086774784110, -4.000000000000000000 ) ) ;
#781 = CARTESIAN_POINT ( 'NONE',  ( 14.23798757753600874, 17.63876532891241666, 0.000000000000000000 ) ) ;
#782 = CARTESIAN_POINT ( 'NONE',  ( -6.105749397311479143, -21.69045284728556311, 0.000000000000000000 ) ) ;
#783 = CARTESIAN_POINT ( 'NONE',  ( 20.53257775300018295, 10.32809357724408272, -4.000000000000000000 ) ) ;
#784 = CARTESIAN_POINT ( 'NONE',  ( 11.66987199498925776, -19.52825306359922308, -4.000000000000000000 ) ) ;
#785 = CARTESIAN_POINT ( 'NONE',  ( -9.264407565793709054, 20.85698476170287918, -4.000000000000000000 ) ) ;
#786 = CARTESIAN_POINT ( 'NONE',  ( -21.09316236851858051, -7.501932561979676173, 0.000000000000000000 ) ) ;
#787 = CARTESIAN_POINT ( 'NONE',  ( 12.13835046888203983, -19.39946330054828039, 0.000000000000000000 ) ) ;
#788 = CARTESIAN_POINT ( 'NONE',  ( -12.12435565298206086, 7.000000000000141220, 0.000000000000000000 ) ) ;
#789 = CARTESIAN_POINT ( 'NONE',  ( -19.86201249255650225, 8.343716905771959347, 0.000000000000000000 ) ) ;
#790 = CARTESIAN_POINT ( 'NONE',  ( 4.975601053490137815, -21.77563698353633370, -4.000000000000000000 ) ) ;
#791 = CARTESIAN_POINT ( 'NONE',  ( -21.46445723021905394, 1.842343038153471113, 0.000000000000000000 ) ) ;
#792 = CARTESIAN_POINT ( 'NONE',  ( 0.000000000000000000, 0.000000000000000000, -4.000000000000000000 ) ) ;
#793 = CARTESIAN_POINT ( 'NONE',  ( 12.13835046888205405, 19.39946330054828749, 0.000000000000000000 ) ) ;
#794 = CARTESIAN_POINT ( 'NONE',  ( -0.4943508176894119144, 21.71550991531048425, -4.000000000000000000 ) ) ;
#795 = CARTESIAN_POINT ( 'NONE',  ( 11.33340381907177097, 19.58147747135109640, -4.000000000000000000 ) ) ;
#796 = EDGE_LOOP ( 'NONE', ( #2971, #273 ) ) ;
#797 = CARTESIAN_POINT ( 'NONE',  ( 22.89262382182331024, 0.9081887751128878694, -4.000000000000000000 ) ) ;
#798 = CARTESIAN_POINT ( 'NONE',  ( -6.541507844657088455, 21.74728613986733450, 0.000000000000000000 ) ) ;
#799 = CARTESIAN_POINT ( 'NONE',  ( 12.72771890607626766, -19.13795803034422960, 0.000000000000000000 ) ) ;
#800 = CARTESIAN_POINT ( 'NONE',  ( 14.46015909102278130, 17.15608361418290784, 0.000000000000000000 ) ) ;
#801 = CARTESIAN_POINT ( 'NONE',  ( -14.03001975968732218, -16.58210780195572198, -4.000000000000000000 ) ) ;
#802 = CARTESIAN_POINT ( 'NONE',  ( -10.47012875514902497, -19.12102889608781098, 0.000000000000000000 ) ) ;
#803 = CARTESIAN_POINT ( 'NONE',  ( -15.48642864523426077, -16.36845894515291278, 0.000000000000000000 ) ) ;
#804 = CARTESIAN_POINT ( 'NONE',  ( 20.62158199844362017, -10.08183057675171668, 0.000000000000000000 ) ) ;
#805 = CARTESIAN_POINT ( 'NONE',  ( 14.38243175225549564, 17.34651484635464413, 0.000000000000000000 ) ) ;
#806 = CARTESIAN_POINT ( 'NONE',  ( -10.23136038523248459, -19.61448885117688690, 0.000000000000000000 ) ) ;
#807 = CARTESIAN_POINT ( 'NONE',  ( -17.97922248258690914, 13.93865628448627270, -4.000000000000000000 ) ) ;
#808 = CARTESIAN_POINT ( 'NONE',  ( -18.14936776173882649, -11.77726421825681236, -4.000000000000000000 ) ) ;
#809 = CARTESIAN_POINT ( 'NONE',  ( -9.355409910612245028, 20.77789073049700264, -4.000000000000000000 ) ) ;
#810 = CARTESIAN_POINT ( 'NONE',  ( -0.1077446603907883660, 22.00413322531517935, -4.000000000000000000 ) ) ;
#811 = LINE ( 'NONE', #1906, #1081 ) ;
#812 = CARTESIAN_POINT ( 'NONE',  ( -22.42361596997390549, -4.983773268745406604, 0.000000000000000000 ) ) ;
#813 = CARTESIAN_POINT ( 'NONE',  ( 10.91357375904090077, -19.60411471402108319, -4.000000000000000000 ) ) ;
#814 = DIRECTION ( 'NONE',  ( -1.000000000000000000, 0.000000000000000000, 0.000000000000000000 ) ) ;
#815 = CARTESIAN_POINT ( 'NONE',  ( 5.589924110080312758, 21.07107236563831165, 0.000000000000000000 ) ) ;
#816 = CARTESIAN_POINT ( 'NONE',  ( -22.21764800328125133, -5.884928489421191955, -4.000000000000000000 ) ) ;
#817 = CARTESIAN_POINT ( 'NONE',  ( -6.428320472784999851, 21.73759481832536622, 0.000000000000000000 ) ) ;
#818 = CARTESIAN_POINT ( 'NONE',  ( -0.2856726970412228894, -21.87095674489395236, -4.000000000000000000 ) ) ;
#819 = ADVANCED_BREP_SHAPE_REPRESENTATION ( '\X2\64467ebf8f6e\X0\2', ( #3764, #4326 ), #1386 ) ;
#820 = CARTESIAN_POINT ( 'NONE',  ( -21.85668550328495030, 2.545346090368722614, 0.000000000000000000 ) ) ;
#821 = CARTESIAN_POINT ( 'NONE',  ( 20.51659141783717288, 7.369316032574129594, 0.000000000000000000 ) ) ;
#822 = ORIENTED_EDGE ( 'NONE', *, *, #1806, .F. ) ;
#823 = CARTESIAN_POINT ( 'NONE',  ( 22.96472145361868655, 0.5273686763883617123, -4.000000000000000000 ) ) ;
#824 = CARTESIAN_POINT ( 'NONE',  ( -18.04549037692339297, 13.71884141036982463, 0.000000000000000000 ) ) ;
#825 = CARTESIAN_POINT ( 'NONE',  ( -11.20522004111685455, 17.93150995099999889, 0.000000000000000000 ) ) ;
#826 = CARTESIAN_POINT ( 'NONE',  ( 15.05457142190026332, -14.98300655306777251, 0.000000000000000000 ) ) ;
#827 = CARTESIAN_POINT ( 'NONE',  ( 14.38243175225549564, 17.34651484635464413, -4.000000000000000000 ) ) ;
#828 = CARTESIAN_POINT ( 'NONE',  ( 18.50763246423367292, 12.41359184638038471, -4.000000000000000000 ) ) ;
#829 = CYLINDRICAL_SURFACE ( 'NONE', #3453, 5.000000000000000888 ) ;
#830 = CARTESIAN_POINT ( 'NONE',  ( -15.09453435472146410, -16.46481109810801868, -4.000000000000000000 ) ) ;
#831 = CARTESIAN_POINT ( 'NONE',  ( 20.62158199844362017, -10.08183057675171668, -4.000000000000000000 ) ) ;
#832 = CARTESIAN_POINT ( 'NONE',  ( 13.98660388258979559, 18.03380083971667602, 0.000000000000000000 ) ) ;
#833 = CARTESIAN_POINT ( 'NONE',  ( -10.18624193779600517, -19.70071356287415298, 0.000000000000000000 ) ) ;
#834 = CARTESIAN_POINT ( 'NONE',  ( 19.22635862625716285, 12.00805840096806598, -4.000000000000000000 ) ) ;
#835 = CARTESIAN_POINT ( 'NONE',  ( -18.16172512099849712, -12.18901548346500974, -4.000000000000000000 ) ) ;
#836 = CARTESIAN_POINT ( 'NONE',  ( -9.355409910612245028, 20.77789073049700264, 0.000000000000000000 ) ) ;
#837 = CARTESIAN_POINT ( 'NONE',  ( -0.02492641410532377491, 22.06478867062249805, -4.000000000000000000 ) ) ;
#838 = CARTESIAN_POINT ( 'NONE',  ( -22.33239803592120509, -5.504441744273377957, 0.000000000000000000 ) ) ;
#839 = CARTESIAN_POINT ( 'NONE',  ( 10.81375728331118502, -19.60263105521331184, 0.000000000000000000 ) ) ;
#840 = FACE_BOUND ( 'NONE', #772, .T. ) ;
#841 = CARTESIAN_POINT ( 'NONE',  ( -20.24364962902316378, 8.089004381985118286, -4.000000000000000000 ) ) ;
#842 = CARTESIAN_POINT ( 'NONE',  ( -13.87905924079402453, 16.59744610498878004, -4.000000000000000000 ) ) ;
#843 = CARTESIAN_POINT ( 'NONE',  ( 6.588325495778275531, 20.09203753864544595, 0.000000000000000000 ) ) ;
#844 = CARTESIAN_POINT ( 'NONE',  ( -6.003950609213851486, 21.66948353427437723, -4.000000000000000000 ) ) ;
#845 = CARTESIAN_POINT ( 'NONE',  ( 0.6436398694731844117, -22.47664715384598111, -4.000000000000000000 ) ) ;
#846 = CARTESIAN_POINT ( 'NONE',  ( -21.12263386550847954, -0.9645433511946365224, 0.000000000000000000 ) ) ;
#847 = AXIS2_PLACEMENT_3D ( 'NONE', #1554, #748, #773 ) ;
#848 = CARTESIAN_POINT ( 'NONE',  ( 20.74746145929375274, 8.275132317816296990, 0.000000000000000000 ) ) ;
#849 = CARTESIAN_POINT ( 'NONE',  ( -22.42361596997390549, 4.983773268745399498, -4.000000000000000000 ) ) ;
#850 = CARTESIAN_POINT ( 'NONE',  ( 0.2973477410281224476, 22.28320682219198190, 0.000000000000000000 ) ) ;
#851 = CARTESIAN_POINT ( 'NONE',  ( 10.13042743176716343, 19.53376379397890261, -4.000000000000000000 ) ) ;
#852 = VERTEX_POINT ( 'NONE', #474 ) ;
#853 = CARTESIAN_POINT ( 'NONE',  ( 22.09532119296679653, 2.465144311845595571, -4.000000000000000000 ) ) ;
#854 = CARTESIAN_POINT ( 'NONE',  ( -12.79282727309319512, 16.83566380198483614, 0.000000000000000000 ) ) ;
#855 = CARTESIAN_POINT ( 'NONE',  ( 14.33820731893271727, -17.44313782921219058, 0.000000000000000000 ) ) ;
#856 = LOCAL_TIME ( 11, 19, 11.00000000000000000, #3851 ) ;
#857 = CARTESIAN_POINT ( 'NONE',  ( 1.372163210848019954, -22.74558431711198736, -4.000000000000000000 ) ) ;
#858 = CARTESIAN_POINT ( 'NONE',  ( -10.18624193779600517, -19.70071356287415298, -4.000000000000000000 ) ) ;
#859 = CARTESIAN_POINT ( 'NONE',  ( -15.19074582262465256, -16.44511271538113917, 0.000000000000000000 ) ) ;
#860 = CARTESIAN_POINT ( 'NONE',  ( 20.32235553057461885, -6.518546132211284316, -4.000000000000000000 ) ) ;
#861 = CARTESIAN_POINT ( 'NONE',  ( 17.59069102790716954, 12.74265838722847199, 0.000000000000000000 ) ) ;
#862 = CARTESIAN_POINT ( 'NONE',  ( -6.428320472785005180, -21.73759481832537688, 0.000000000000000000 ) ) ;
#863 = CARTESIAN_POINT ( 'NONE',  ( 2.772435045105526186, 22.83305684466245467, 0.000000000000000000 ) ) ;
#864 = CARTESIAN_POINT ( 'NONE',  ( 14.46015909102277597, -17.15608361418292560, -4.000000000000000000 ) ) ;
#865 = CARTESIAN_POINT ( 'NONE',  ( -21.01712563943171119, -7.564086312211784957, -4.000000000000000000 ) ) ;
#866 = CARTESIAN_POINT ( 'NONE',  ( 11.11919254841975402, -19.59896623534658033, -4.000000000000000000 ) ) ;
#867 = CYLINDRICAL_SURFACE ( 'NONE', #4834, 5.000000000000000888 ) ;
#868 = CARTESIAN_POINT ( 'NONE',  ( -19.70601580275762643, 8.458929255087708654, -4.000000000000000000 ) ) ;
#869 = CARTESIAN_POINT ( 'NONE',  ( -15.38654536925086980, 16.39719979630828206, -4.000000000000000000 ) ) ;
#870 = CARTESIAN_POINT ( 'NONE',  ( -22.43740558611070313, 4.345941609494268221, -4.000000000000000000 ) ) ;
#871 = CARTESIAN_POINT ( 'NONE',  ( 0.5530032713436895397, -22.43037211676184484, -4.000000000000000000 ) ) ;
#872 = CARTESIAN_POINT ( 'NONE',  ( -18.16172512099849357, 12.18901548346499020, -4.000000000000000000 ) ) ;
#873 = CARTESIAN_POINT ( 'NONE',  ( -18.17327844624658795, -12.80672111095501897, 0.000000000000000000 ) ) ;
#874 = CARTESIAN_POINT ( 'NONE',  ( -0.2856726970412385991, 21.87095674489394170, 0.000000000000000000 ) ) ;
#875 = CARTESIAN_POINT ( 'NONE',  ( 10.61881090672411787, 19.59261536617596278, -4.000000000000000000 ) ) ;
#876 = CARTESIAN_POINT ( 'NONE',  ( -15.28801687577188062, 16.42266561556432336, 0.000000000000000000 ) ) ;
#877 = CARTESIAN_POINT ( 'NONE',  ( 16.90907204334971325, -13.02201446096770177, 0.000000000000000000 ) ) ;
#878 = CARTESIAN_POINT ( 'NONE',  ( -9.875503961468174552, -20.20119702064939915, -4.000000000000000000 ) ) ;
#879 = CARTESIAN_POINT ( 'NONE',  ( -10.32123374931712334, -19.43362091328372898, -4.000000000000000000 ) ) ;
#880 = CARTESIAN_POINT ( 'NONE',  ( 20.72971935574831548, -8.179759005715945719, -4.000000000000000000 ) ) ;
#881 = CARTESIAN_POINT ( 'NONE',  ( 14.69404000307405589, 16.29350919737446901, 0.000000000000000000 ) ) ;
#882 = CARTESIAN_POINT ( 'NONE',  ( -8.860237739539302382, -21.15341875813860995, 0.000000000000000000 ) ) ;
#883 = CARTESIAN_POINT ( 'NONE',  ( -17.97922248258690203, -13.93865628448627980, -4.000000000000000000 ) ) ;
#884 = CARTESIAN_POINT ( 'NONE',  ( -5.713967158203303143, 21.59364608391137708, -4.000000000000000000 ) ) ;
#885 = CARTESIAN_POINT ( 'NONE',  ( 22.33348662812914043, 2.154711336977886749, -4.000000000000000000 ) ) ;
#886 = CARTESIAN_POINT ( 'NONE',  ( -20.12905527314532961, -8.162651984714145215, 0.000000000000000000 ) ) ;
#887 = CARTESIAN_POINT ( 'NONE',  ( 14.80349630983424802, -15.77846632668083338, 0.000000000000000000 ) ) ;
#888 = CARTESIAN_POINT ( 'NONE',  ( -12.12435565298221007, -6.999999999999886313, -4.000000000000000000 ) ) ;
#889 = CARTESIAN_POINT ( 'NONE',  ( -19.53409718184668620, 8.597012578739899880, 0.000000000000000000 ) ) ;
#890 = EDGE_CURVE ( 'NONE', #3290, #4807, #3053, .T. ) ;
#891 = CARTESIAN_POINT ( 'NONE',  ( 4.831005402018962336, 21.91092861382620427, -4.000000000000000000 ) ) ;
#892 = CARTESIAN_POINT ( 'NONE',  ( -6.657349869653466534, 21.75358068935851463, 0.000000000000000000 ) ) ;
#893 = CARTESIAN_POINT ( 'NONE',  ( -22.20017227113293501, 3.252653846714196995, -4.000000000000000000 ) ) ;
#894 = CARTESIAN_POINT ( 'NONE',  ( 22.82546726133484327, -1.149966177979558024, -4.000000000000000000 ) ) ;
#895 = CARTESIAN_POINT ( 'NONE',  ( 3.163979201484066639, -22.76500607809899890, 0.000000000000000000 ) ) ;
#896 = CARTESIAN_POINT ( 'NONE',  ( -12.79282727309319512, 16.83566380198483614, -4.000000000000000000 ) ) ;
#897 = CARTESIAN_POINT ( 'NONE',  ( -22.29840436819378979, -5.632859719257554687, 0.000000000000000000 ) ) ;
#898 = CARTESIAN_POINT ( 'NONE',  ( 12.37573363895108436, 19.30834417696301486, -4.000000000000000000 ) ) ;
#899 = CARTESIAN_POINT ( 'NONE',  ( -0.9213867414385392696, 21.42502250719503465, -4.000000000000000000 ) ) ;
#900 = CARTESIAN_POINT ( 'NONE',  ( 20.63977482671136343, -7.800975292103147218, -4.000000000000000000 ) ) ;
#901 = CARTESIAN_POINT ( 'NONE',  ( 10.23194733791961397, 19.54898396539807592, -4.000000000000000000 ) ) ;
#902 = CARTESIAN_POINT ( 'NONE',  ( -13.51774999865092219, 16.64785205169377846, 0.000000000000000000 ) ) ;
#903 = CARTESIAN_POINT ( 'NONE',  ( 20.72971935574831548, -8.179759005715945719, 0.000000000000000000 ) ) ;
#904 = CARTESIAN_POINT ( 'NONE',  ( 0.5530032713436895397, -22.43037211676184484, -4.000000000000000000 ) ) ;
#905 = CARTESIAN_POINT ( 'NONE',  ( -12.50810894298447806, -16.95038754158261796, -4.000000000000000000 ) ) ;
#906 = CARTESIAN_POINT ( 'NONE',  ( -10.18624193779600517, -19.70071356287415298, 0.000000000000000000 ) ) ;
#907 = APPLICATION_PROTOCOL_DEFINITION ( 'international standard', 'config_control_design', 1994, #4671 ) ;
#908 = CARTESIAN_POINT ( 'NONE',  ( 20.31862222672677021, -5.358036699682507731, -4.000000000000000000 ) ) ;
#909 = CARTESIAN_POINT ( 'NONE',  ( 7.768109850089548907, 19.52463663745169953, 0.000000000000000000 ) ) ;
#910 = ADVANCED_FACE ( 'NONE', ( #1571 ), #1252, .F. ) ;
#911 = CARTESIAN_POINT ( 'NONE',  ( -0.9213867414385564780, -21.42502250719502044, 0.000000000000000000 ) ) ;
#912 = CARTESIAN_POINT ( 'NONE',  ( -19.15140907962192429, 8.962116689579209705, -4.000000000000000000 ) ) ;
#913 = CARTESIAN_POINT ( 'NONE',  ( 22.86081428818682681, 1.030484612093684804, -4.000000000000000000 ) ) ;
#914 = CARTESIAN_POINT ( 'NONE',  ( -18.17472718066971993, -12.61301709083407552, -4.000000000000000000 ) ) ;
#915 = CARTESIAN_POINT ( 'NONE',  ( 14.29011911042242033, -17.54060426259943384, -4.000000000000000000 ) ) ;
#916 = CARTESIAN_POINT ( 'NONE',  ( 22.50045111320923752, 1.891281616171918367, 0.000000000000000000 ) ) ;
#917 = CARTESIAN_POINT ( 'NONE',  ( -14.71177527412552699, 16.52188174842913782, -4.000000000000000000 ) ) ;
#918 = CARTESIAN_POINT ( 'NONE',  ( -6.896230539633925183, 21.75511584063072590, 0.000000000000000000 ) ) ;
#919 = CARTESIAN_POINT ( 'NONE',  ( -22.41434739993848169, 4.103835820171919835, -4.000000000000000000 ) ) ;
#920 = CARTESIAN_POINT ( 'NONE',  ( 2.640307831937914962, -22.84680985470237502, -4.000000000000000000 ) ) ;
#921 = CARTESIAN_POINT ( 'NONE',  ( -19.15140907962189942, -8.962116689579227469, 0.000000000000000000 ) ) ;
#922 = CARTESIAN_POINT ( 'NONE',  ( -3.503562908580214241, -20.85236322909899442, -4.000000000000000000 ) ) ;
#923 = CARTESIAN_POINT ( 'NONE',  ( 20.51659141783717999, -7.369316032574150022, -4.000000000000000000 ) ) ;
#924 = CARTESIAN_POINT ( 'NONE',  ( 8.088152775218997448, 19.45122648637160978, -4.000000000000000000 ) ) ;
#925 = CIRCLE ( 'NONE', #3292, 7.500000000000000000 ) ;
#926 = CARTESIAN_POINT ( 'NONE',  ( -14.03001975968732751, 16.58210780195570777, 0.000000000000000000 ) ) ;
#927 = CARTESIAN_POINT ( 'NONE',  ( 20.55100073401141714, -7.488439534209994086, 0.000000000000000000 ) ) ;
#928 = VECTOR ( 'NONE', #449, 1000.000000000000000 ) ;
#929 = CARTESIAN_POINT ( 'NONE',  ( -10.04227015966239911, -19.95213727705884565, 0.000000000000000000 ) ) ;
#930 = CARTESIAN_POINT ( 'NONE',  ( 18.14480526315981024, 12.55474262449691203, -4.000000000000000000 ) ) ;
#931 = CARTESIAN_POINT ( 'NONE',  ( 20.27801818137658785, -5.991492629422116245, -4.000000000000000000 ) ) ;
#932 = CARTESIAN_POINT ( 'NONE',  ( 5.888780766279269052, 20.72291999561921116, 0.000000000000000000 ) ) ;
#933 = CARTESIAN_POINT ( 'NONE',  ( -0.1940517453232547540, -21.93981762679452530, 0.000000000000000000 ) ) ;
#934 = EDGE_CURVE ( 'NONE', #2924, #4730, #1530, .T. ) ;
#935 = CARTESIAN_POINT ( 'NONE',  ( -20.53601518875617060, -7.903516184359806296, -4.000000000000000000 ) ) ;
#936 = CARTESIAN_POINT ( 'NONE',  ( 13.57424375338772116, -18.51034463267700403, 0.000000000000000000 ) ) ;
#937 = CARTESIAN_POINT ( 'NONE',  ( 22.44605429875779379, 1.982565721560222594, 0.000000000000000000 ) ) ;
#938 = CARTESIAN_POINT ( 'NONE',  ( -7.650304178717131975, 21.65939507780015205, -4.000000000000000000 ) ) ;
#939 = CARTESIAN_POINT ( 'NONE',  ( -22.29924221309444476, 3.548385995256939207, 0.000000000000000000 ) ) ;
#940 = CARTESIAN_POINT ( 'NONE',  ( 1.489498614487889450, -22.77332770528893846, 0.000000000000000000 ) ) ;
#941 = CARTESIAN_POINT ( 'NONE',  ( -14.90389234821013176, 16.49709513737359501, -4.000000000000000000 ) ) ;
#942 = ORIENTED_EDGE ( 'NONE', *, *, #3320, .F. ) ;
#943 = CARTESIAN_POINT ( 'NONE',  ( -22.40761293520194286, -5.114210463940550788, 0.000000000000000000 ) ) ;
#944 = CARTESIAN_POINT ( 'NONE',  ( -21.00000000000000355, -0.1146559665542567497, -4.000000000000000000 ) ) ;
#945 = CARTESIAN_POINT ( 'NONE',  ( -1.588541420213892774, 21.08488893612968340, -4.000000000000000000 ) ) ;
#946 = CARTESIAN_POINT ( 'NONE',  ( 5.775226086956907423, 20.85066584697020176, -4.000000000000000000 ) ) ;
#947 = CARTESIAN_POINT ( 'NONE',  ( -18.16172512099849357, 12.18901548346499020, 0.000000000000000000 ) ) ;
#948 = CARTESIAN_POINT ( 'NONE',  ( 20.51659141783717999, -7.369316032574150022, 0.000000000000000000 ) ) ;
#949 = CARTESIAN_POINT ( 'NONE',  ( 21.28164066119390085, 3.347972942834771981, 0.000000000000000000 ) ) ;
#950 = CARTESIAN_POINT ( 'NONE',  ( -9.442194321211962560, -20.69742849959578024, -4.000000000000000000 ) ) ;
#951 = CARTESIAN_POINT ( 'NONE',  ( -21.75406656625705182, 6.782700467727670990, 0.000000000000000000 ) ) ;
#952 = CARTESIAN_POINT ( 'NONE',  ( -10.32123374931712334, -19.43362091328372898, 0.000000000000000000 ) ) ;
#953 = CARTESIAN_POINT ( 'NONE',  ( 21.59123141923971190, -3.009330157237668946, -4.000000000000000000 ) ) ;
#954 = CARTESIAN_POINT ( 'NONE',  ( 6.588325495778275531, 20.09203753864544595, 0.000000000000000000 ) ) ;
#955 = CARTESIAN_POINT ( 'NONE',  ( 0.2161260314738332744, -22.23136173600510190, 0.000000000000000000 ) ) ;
#956 = CARTESIAN_POINT ( 'NONE',  ( 17.94588197194134693, 12.62293839904231874, 0.000000000000000000 ) ) ;
#957 = CARTESIAN_POINT ( 'NONE',  ( -20.62209677019498955, 7.847588496223871779, -4.000000000000000000 ) ) ;
#958 = CARTESIAN_POINT ( 'NONE',  ( -18.09598118973341130, -13.50491433628526572, -4.000000000000000000 ) ) ;
#959 = CARTESIAN_POINT ( 'NONE',  ( -18.14965349118961413, -11.60634439467844459, 0.000000000000000000 ) ) ;
#960 = CARTESIAN_POINT ( 'NONE',  ( 14.67208735301614730, -16.39888229772765982, 0.000000000000000000 ) ) ;
#961 = CARTESIAN_POINT ( 'NONE',  ( 22.96472145361868655, 0.5273686763883617123, 0.000000000000000000 ) ) ;
#962 = CARTESIAN_POINT ( 'NONE',  ( 3.417209851801629839, -22.69836180709104667, 0.000000000000000000 ) ) ;
#963 = VERTEX_POINT ( 'NONE', #4562 ) ;
#964 = CARTESIAN_POINT ( 'NONE',  ( -19.86201249255650225, -8.343716905771959347, 0.000000000000000000 ) ) ;
#965 = CARTESIAN_POINT ( 'NONE',  ( 11.66987199498923822, 19.52825306359924085, 0.000000000000000000 ) ) ;
#966 = CARTESIAN_POINT ( 'NONE',  ( -17.79490290189911761, 14.38819513235454650, 0.000000000000000000 ) ) ;
#967 = CARTESIAN_POINT ( 'NONE',  ( 20.78091500548366355, -9.348690247244260121, 0.000000000000000000 ) ) ;
#968 = CARTESIAN_POINT ( 'NONE',  ( 14.18166562306855383, 17.73742200790328027, 0.000000000000000000 ) ) ;
#969 = CARTESIAN_POINT ( 'NONE',  ( 1.489498614487865247, 22.77332770528892780, -4.000000000000000000 ) ) ;
#970 = CARTESIAN_POINT ( 'NONE',  ( -8.156181287886385078, -21.50608257563539283, -4.000000000000000000 ) ) ;
#971 = CARTESIAN_POINT ( 'NONE',  ( -5.808312477100088245, -21.62091573078120987, 0.000000000000000000 ) ) ;
#972 = COORDINATED_UNIVERSAL_TIME_OFFSET ( 8, 0, .AHEAD. ) ;
#973 = CARTESIAN_POINT ( 'NONE',  ( 22.50045111320923397, -1.891281616171908819, 0.000000000000000000 ) ) ;
#974 = CARTESIAN_POINT ( 'NONE',  ( 8.088152775218997448, 19.45122648637160978, 0.000000000000000000 ) ) ;
#975 = CARTESIAN_POINT ( 'NONE',  ( 2.640307831937914962, -22.84680985470237502, 0.000000000000000000 ) ) ;
#976 = CARTESIAN_POINT ( 'NONE',  ( -21.24426801316549884, 7.368515192687133286, -4.000000000000000000 ) ) ;
#977 = CARTESIAN_POINT ( 'NONE',  ( -18.01441512476087325, -13.82811003151777385, -4.000000000000000000 ) ) ;
#978 = CARTESIAN_POINT ( 'NONE',  ( 15.17090792698333068, -14.72886818338915482, -4.000000000000000000 ) ) ;
#979 = CARTESIAN_POINT ( 'NONE',  ( 20.38460457323552433, 5.024353773962914715, -4.000000000000000000 ) ) ;
#980 = CARTESIAN_POINT ( 'NONE',  ( -20.62209677019496823, -7.847588496223877108, -4.000000000000000000 ) ) ;
#981 = CARTESIAN_POINT ( 'NONE',  ( 14.89708575702913151, -15.42586720119270183, -4.000000000000000000 ) ) ;
#982 = CARTESIAN_POINT ( 'NONE',  ( 21.67705880712997057, 2.919842341477635994, 0.000000000000000000 ) ) ;
#983 = CARTESIAN_POINT ( 'NONE',  ( -21.75406656625703050, -6.782700467727688753, -4.000000000000000000 ) ) ;
#984 = CARTESIAN_POINT ( 'NONE',  ( -7.777861387214379363, 21.62778625667888832, -4.000000000000000000 ) ) ;
#985 = CARTESIAN_POINT ( 'NONE',  ( -21.95448300822184606, 2.722055118315033884, 0.000000000000000000 ) ) ;
#986 = CARTESIAN_POINT ( 'NONE',  ( 1.489498614487889450, -22.77332770528893846, -4.000000000000000000 ) ) ;
#987 = EDGE_LOOP ( 'NONE', ( #1977, #4710, #1690, #249 ) ) ;
#988 = CARTESIAN_POINT ( 'NONE',  ( -15.69022999050113931, -16.30021426032061882, 0.000000000000000000 ) ) ;
#989 = CARTESIAN_POINT ( 'NONE',  ( -9.603024693121355426, 20.53358832084188990, -4.000000000000000000 ) ) ;
#990 = CARTESIAN_POINT ( 'NONE',  ( 10.52279904167778035, 19.58445443271416408, -4.000000000000000000 ) ) ;
#991 = CARTESIAN_POINT ( 'NONE',  ( -1.877732061666989472, 20.98195771237742946, 0.000000000000000000 ) ) ;
#992 = CARTESIAN_POINT ( 'NONE',  ( 21.67705880712999544, -2.919842341477613346, -4.000000000000000000 ) ) ;
#993 = CARTESIAN_POINT ( 'NONE',  ( -18.14965349118963900, 11.60634439467843748, 0.000000000000000000 ) ) ;
#994 = CARTESIAN_POINT ( 'NONE',  ( 20.80023229913680183, -9.115158563235326028, 0.000000000000000000 ) ) ;
#995 = CARTESIAN_POINT ( 'NONE',  ( 2.508025960596968584, -22.85601849740108094, -4.000000000000000000 ) ) ;
#996 = AXIS2_PLACEMENT_3D ( 'NONE', #2566, #1780, #2196 ) ;
#997 = CARTESIAN_POINT ( 'NONE',  ( 20.57933143268193987, -10.20527642677844682, -4.000000000000000000 ) ) ;
#998 = CARTESIAN_POINT ( 'NONE',  ( -4.021429321039853733, -20.95990658864502265, -4.000000000000000000 ) ) ;
#999 = CARTESIAN_POINT ( 'NONE',  ( 14.49416725604001144, 17.06222747542408769, -4.000000000000000000 ) ) ;
#1000 = CARTESIAN_POINT ( 'NONE',  ( -21.00000000000000355, -2.087706656454520165E-14, -4.000000000000000000 ) ) ;
#1001 = CARTESIAN_POINT ( 'NONE',  ( -4.842583601908457602, 21.25527525704974607, 0.000000000000000000 ) ) ;
#1002 = CARTESIAN_POINT ( 'NONE',  ( 3.778537881278385413, -22.56992201879467785, 0.000000000000000000 ) ) ;
#1003 = CARTESIAN_POINT ( 'NONE',  ( 18.77397602136330690, 12.28679088549161769, 0.000000000000000000 ) ) ;
#1004 = CARTESIAN_POINT ( 'NONE',  ( -17.53905095534864600, -14.83368601355758543, -4.000000000000000000 ) ) ;
#1005 = CARTESIAN_POINT ( 'NONE',  ( 15.05457142190026332, -14.98300655306777251, 0.000000000000000000 ) ) ;
#1006 = CARTESIAN_POINT ( 'NONE',  ( 20.32235553057461175, 6.518546132211240796, 0.000000000000000000 ) ) ;
#1007 = CARTESIAN_POINT ( 'NONE',  ( 4.111083978712352760, 22.41301912558926901, 0.000000000000000000 ) ) ;
#1008 = CARTESIAN_POINT ( 'NONE',  ( -20.12905527314532961, -8.162651984714145215, -4.000000000000000000 ) ) ;
#1009 = CARTESIAN_POINT ( 'NONE',  ( -21.80324200739084617, 2.451915892524423768, 0.000000000000000000 ) ) ;
#1010 = CARTESIAN_POINT ( 'NONE',  ( 6.588325495778316387, -20.09203753864540687, -4.000000000000000000 ) ) ;
#1011 = ORIENTED_EDGE ( 'NONE', *, *, #2745, .T. ) ;
#1012 = CARTESIAN_POINT ( 'NONE',  ( -17.53905095534864600, -14.83368601355758543, 0.000000000000000000 ) ) ;
#1013 = CARTESIAN_POINT ( 'NONE',  ( -1.588541420213892774, 21.08488893612968340, 0.000000000000000000 ) ) ;
#1014 = CARTESIAN_POINT ( 'NONE',  ( -20.00251443689480979, 8.246388228751534655, 0.000000000000000000 ) ) ;
#1015 = CARTESIAN_POINT ( 'NONE',  ( 22.09532119296678587, -2.465144311845597347, 0.000000000000000000 ) ) ;
#1016 = CARTESIAN_POINT ( 'NONE',  ( -5.904873404660989422, 21.64624392335657888, -4.000000000000000000 ) ) ;
#1017 = CARTESIAN_POINT ( 'NONE',  ( -6.775665262204276118, -21.75625882495917907, -4.000000000000000000 ) ) ;
#1018 = CARTESIAN_POINT ( 'NONE',  ( -22.17120079974525382, 6.007861870957563077, -4.000000000000000000 ) ) ;
#1019 = CARTESIAN_POINT ( 'NONE',  ( -5.808312477100088245, -21.62091573078120987, -4.000000000000000000 ) ) ;
#1020 = CARTESIAN_POINT ( 'NONE',  ( 15.95187074585637710, 13.67818650900298216, -4.000000000000000000 ) ) ;
#1021 = CARTESIAN_POINT ( 'NONE',  ( 22.78682372401866729, -1.266382827403219169, 0.000000000000000000 ) ) ;
#1022 = CARTESIAN_POINT ( 'NONE',  ( -16.73918910046182873, 15.70644772556290647, 0.000000000000000000 ) ) ;
#1023 = CARTESIAN_POINT ( 'NONE',  ( -2.869831308946170445, 20.81631655038353657, 0.000000000000000000 ) ) ;
#1024 = CARTESIAN_POINT ( 'NONE',  ( 4.904735259174656470, -21.84362751253984314, 0.000000000000000000 ) ) ;
#1025 = CARTESIAN_POINT ( 'NONE',  ( -21.31935372223081515, 7.296648360000085987, -4.000000000000000000 ) ) ;
#1026 = CARTESIAN_POINT ( 'NONE',  ( -16.53313442973521674, -15.86040662237438248, -4.000000000000000000 ) ) ;
#1027 = CARTESIAN_POINT ( 'NONE',  ( -17.97922248258690203, -13.93865628448627980, 0.000000000000000000 ) ) ;
#1028 = CARTESIAN_POINT ( 'NONE',  ( 18.04784068419241905, -12.58844448481508316, -4.000000000000000000 ) ) ;
#1029 = CARTESIAN_POINT ( 'NONE',  ( 18.32925739246958940, 12.48663137688971680, 0.000000000000000000 ) ) ;
#1030 = CARTESIAN_POINT ( 'NONE',  ( 4.501746821145971467, 22.17238321979582949, -4.000000000000000000 ) ) ;
#1031 = CARTESIAN_POINT ( 'NONE',  ( 6.588325495778316387, -20.09203753864540687, -4.000000000000000000 ) ) ;
#1032 = CARTESIAN_POINT ( 'NONE',  ( 1.732595443184604234, 22.81834440718661128, -4.000000000000000000 ) ) ;
#1033 = CARTESIAN_POINT ( 'NONE',  ( -21.90691606563208893, 2.634871704410302939, 0.000000000000000000 ) ) ;
#1034 = CARTESIAN_POINT ( 'NONE',  ( -21.95448300822184606, -2.722055118315031663, 0.000000000000000000 ) ) ;
#1035 = CARTESIAN_POINT ( 'NONE',  ( 5.511434109662957326, -21.16706053947264365, 0.000000000000000000 ) ) ;
#1036 = CARTESIAN_POINT ( 'NONE',  ( 17.12435565298211060, -7.000000000000056843, -6.000000000000000000 ) ) ;
#1037 = CARTESIAN_POINT ( 'NONE',  ( -18.44593788034982396, 10.06490646662228272, -4.000000000000000000 ) ) ;
#1038 = CARTESIAN_POINT ( 'NONE',  ( -17.93977136646276094, -14.05023277825313954, 0.000000000000000000 ) ) ;
#1039 = CARTESIAN_POINT ( 'NONE',  ( 9.910989783159404709, 19.49852915850236101, -4.000000000000000000 ) ) ;
#1040 = CARTESIAN_POINT ( 'NONE',  ( -21.82161479238340007, 6.682827900513040653, 0.000000000000000000 ) ) ;
#1041 = CARTESIAN_POINT ( 'NONE',  ( 22.74513939634670479, -1.379518627932494468, 0.000000000000000000 ) ) ;
#1042 = CARTESIAN_POINT ( 'NONE',  ( -6.896230539633902978, -21.75511584063072590, -4.000000000000000000 ) ) ;
#1043 = CARTESIAN_POINT ( 'NONE',  ( -22.42361596997390549, 4.983773268745399498, -4.000000000000000000 ) ) ;
#1044 = CARTESIAN_POINT ( 'NONE',  ( -5.256247460261277205, -21.42959129432589194, -4.000000000000000000 ) ) ;
#1045 = CARTESIAN_POINT ( 'NONE',  ( 14.74184757433800641, 16.05974072920882278, -4.000000000000000000 ) ) ;
#1046 = APPROVAL_ROLE ( '' ) ;
#1047 = CARTESIAN_POINT ( 'NONE',  ( 22.98039910196879632, -0.3968919721285905644, 0.000000000000000000 ) ) ;
#1048 = CARTESIAN_POINT ( 'NONE',  ( -17.03362813099638018, 15.44484666377423565, 0.000000000000000000 ) ) ;
#1049 = CARTESIAN_POINT ( 'NONE',  ( -0.1940517453232506739, 21.93981762679451819, 0.000000000000000000 ) ) ;
#1050 = CARTESIAN_POINT ( 'NONE',  ( 6.021956410969864670, -20.58194801143690000, 0.000000000000000000 ) ) ;
#1051 = CARTESIAN_POINT ( 'NONE',  ( 17.10904052391324370, 12.92908640671130627, 0.000000000000000000 ) ) ;
#1052 = CARTESIAN_POINT ( 'NONE',  ( 20.32235553057461175, 6.518546132211240796, -4.000000000000000000 ) ) ;
#1053 = CARTESIAN_POINT ( 'NONE',  ( -18.09598118973341130, -13.50491433628526572, 0.000000000000000000 ) ) ;
#1054 = CARTESIAN_POINT ( 'NONE',  ( 15.95187074585634512, -13.67818650900301591, -4.000000000000000000 ) ) ;
#1055 = CARTESIAN_POINT ( 'NONE',  ( 20.66509520378539122, 7.897008828913195444, 0.000000000000000000 ) ) ;
#1056 = CARTESIAN_POINT ( 'NONE',  ( -16.93788766549283764, 15.53590124693298691, -4.000000000000000000 ) ) ;
#1057 = CARTESIAN_POINT ( 'NONE',  ( 4.214602464302491747, 22.35566384975634691, -4.000000000000000000 ) ) ;
#1058 = CARTESIAN_POINT ( 'NONE',  ( 0.3802319003370139838, 22.33361581975058030, -4.000000000000000000 ) ) ;
#1059 = CARTESIAN_POINT ( 'NONE',  ( -21.54363463193362804, 1.993817810941284741, 0.000000000000000000 ) ) ;
#1060 = CARTESIAN_POINT ( 'NONE',  ( -21.68400932030298733, -2.245235397778349906, 0.000000000000000000 ) ) ;
#1061 = CARTESIAN_POINT ( 'NONE',  ( 5.775226086956912752, -20.85066584697018754, -4.000000000000000000 ) ) ;
#1062 = ORIENTED_EDGE ( 'NONE', *, *, #2265, .F. ) ;
#1063 = CARTESIAN_POINT ( 'NONE',  ( -16.53313442973521674, -15.86040662237438248, 0.000000000000000000 ) ) ;
#1064 = CARTESIAN_POINT ( 'NONE',  ( 10.02411735440074025, 19.51692406200496777, -4.000000000000000000 ) ) ;
#1065 = CARTESIAN_POINT ( 'NONE',  ( -21.20407965231138192, -1.231914024922829087, -4.000000000000000000 ) ) ;
#1066 = CARTESIAN_POINT ( 'NONE',  ( 22.09532119296678587, -2.465144311845597347, -4.000000000000000000 ) ) ;
#1067 = CARTESIAN_POINT ( 'NONE',  ( -18.95261829878784710, 9.196014721598645636, 0.000000000000000000 ) ) ;
#1068 = CARTESIAN_POINT ( 'NONE',  ( 0.000000000000000000, 0.000000000000000000, -4.000000000000000000 ) ) ;
#1069 = CARTESIAN_POINT ( 'NONE',  ( -8.636500735330375988, 21.28538005795921606, -4.000000000000000000 ) ) ;
#1070 = CARTESIAN_POINT ( 'NONE',  ( -5.062129075425346514, -21.34872602289419063, 0.000000000000000000 ) ) ;
#1071 = CARTESIAN_POINT ( 'NONE',  ( 21.96795606151921021, -2.611094541491823851, -4.000000000000000000 ) ) ;
#1072 = CARTESIAN_POINT ( 'NONE',  ( -16.73918910046182873, 15.70644772556290647, -4.000000000000000000 ) ) ;
#1073 = CARTESIAN_POINT ( 'NONE',  ( -4.416164701120695035, 21.08588725642605155, 0.000000000000000000 ) ) ;
#1074 = CARTESIAN_POINT ( 'NONE',  ( 4.975601053490137815, -21.77563698353633370, 0.000000000000000000 ) ) ;
#1075 = CARTESIAN_POINT ( 'NONE',  ( 15.50124267262309985, 14.18684045416836526, 0.000000000000000000 ) ) ;
#1076 = CARTESIAN_POINT ( 'NONE',  ( 20.80425486829263448, 9.001628295016114834, -4.000000000000000000 ) ) ;
#1077 = CARTESIAN_POINT ( 'NONE',  ( -16.83963071822946844, -15.62316825860851388, 0.000000000000000000 ) ) ;
#1078 = CARTESIAN_POINT ( 'NONE',  ( 18.95364980006550581, -12.18667631799439377, -4.000000000000000000 ) ) ;
#1079 = CARTESIAN_POINT ( 'NONE',  ( 20.47965370487759884, 7.238199896465309813, 0.000000000000000000 ) ) ;
#1080 = AXIS2_PLACEMENT_3D ( 'NONE', #4565, #1914, #3414 ) ;
#1081 = VECTOR ( 'NONE', #1964, 1000.000000000000000 ) ;
#1082 = CARTESIAN_POINT ( 'NONE',  ( -21.37987086968730210, -1.667832292710507591, 0.000000000000000000 ) ) ;
#1083 = CARTESIAN_POINT ( 'NONE',  ( 9.140856978489066975, -19.39910504791186696, -4.000000000000000000 ) ) ;
#1084 = DIRECTION ( 'NONE',  ( -0.000000000000000000, -0.000000000000000000, 1.000000000000000000 ) ) ;
#1085 = APPROVAL_PERSON_ORGANIZATION ( #4483, #4617, #506 ) ;
#1086 = CARTESIAN_POINT ( 'NONE',  ( -5.062129075425347402, 21.34872602289420485, -4.000000000000000000 ) ) ;
#1087 = CARTESIAN_POINT ( 'NONE',  ( 22.33348662812913332, -2.154711336977888969, -4.000000000000000000 ) ) ;
#1088 = CARTESIAN_POINT ( 'NONE',  ( -11.41345111234950416, 17.70597528647927987, -4.000000000000000000 ) ) ;
#1089 = CARTESIAN_POINT ( 'NONE',  ( -22.43509628547915469, 4.853803308554995866, 0.000000000000000000 ) ) ;
#1090 = CARTESIAN_POINT ( 'NONE',  ( 22.98039910196879632, -0.3968919721285905644, 0.000000000000000000 ) ) ;
#1091 = CARTESIAN_POINT ( 'NONE',  ( -6.317921412924655478, 21.72473638752124003, -4.000000000000000000 ) ) ;
#1092 = CARTESIAN_POINT ( 'NONE',  ( 1.039378218881651383, 22.64433760357381686, -4.000000000000000000 ) ) ;
#1093 = CARTESIAN_POINT ( 'NONE',  ( -0.4943508176894245709, -21.71550991531045227, -4.000000000000000000 ) ) ;
#1094 = ORIENTED_EDGE ( 'NONE', *, *, #3930, .F. ) ;
#1095 = CARTESIAN_POINT ( 'NONE',  ( 22.99848482850784848, 0.1328215991950528752, -4.000000000000000000 ) ) ;
#1096 = CARTESIAN_POINT ( 'NONE',  ( 0.2161260314738396859, 22.23136173600509835, 0.000000000000000000 ) ) ;
#1097 = CARTESIAN_POINT ( 'NONE',  ( 4.214602464302507734, -22.35566384975632559, 0.000000000000000000 ) ) ;
#1098 = CARTESIAN_POINT ( 'NONE',  ( -21.46809596502322037, 7.141509484957326848, 0.000000000000000000 ) ) ;
#1099 = CARTESIAN_POINT ( 'NONE',  ( 20.72971935574831548, 8.179759005715959930, -4.000000000000000000 ) ) ;
#1100 = CARTESIAN_POINT ( 'NONE',  ( -18.16420914855800106, -12.99986453351298543, 0.000000000000000000 ) ) ;
#1101 = CARTESIAN_POINT ( 'NONE',  ( 19.04423762621111393, -12.13112771699290349, -4.000000000000000000 ) ) ;
#1102 = CARTESIAN_POINT ( 'NONE',  ( 20.63977482671135277, 7.800975292103149883, 0.000000000000000000 ) ) ;
#1103 = CARTESIAN_POINT ( 'NONE',  ( 3.660967934227314036, 22.61624075931525724, 0.000000000000000000 ) ) ;
#1104 = CARTESIAN_POINT ( 'NONE',  ( 10.02411735440073492, -19.51692406200496421, -4.000000000000000000 ) ) ;
#1105 = DIRECTION ( 'NONE',  ( 0.000000000000000000, 0.000000000000000000, -1.000000000000000000 ) ) ;
#1106 = CARTESIAN_POINT ( 'NONE',  ( -22.35395168710629932, -3.761273262743626056, 0.000000000000000000 ) ) ;
#1107 = CARTESIAN_POINT ( 'NONE',  ( 7.132715232446780185, -19.76561003056574606, -4.000000000000000000 ) ) ;
#1108 = EDGE_LOOP ( 'NONE', ( #2239, #3829, #4527, #3114 ) ) ;
#1109 = B_SPLINE_CURVE_WITH_KNOTS ( 'NONE', 3,
 ( #2678, #3431, #4133, #3819, #738, #1514, #3050, #1933, #47, #913, #3517, #125, #2434, #1663, #1619, #1320, #4321, #3151, #3193, #4273, #885, #4677, #2405, #3908, #517, #2039, #1295, #2822, #2457, #2101, #2523, #3973, #2866, #2913, #1764, #214, #265, #3306, #1791, #4370, #320, #979, #1411, #4771, #2937, #4747, #1052, #2887, #1384, #588, #3620, #241, #608, #4416, #1711, #20, #2280, #2227, #3065, #1099, #1875, #4553, #1123, #1173, #394, #1844, #4830, #1076, #1559, #2643, #3449, #435, #4173, #731, #3789, #1897, #3425, #1925, #4200, #713, #368, #3400, #1507, #3041, #4534, #1149, #2669, #3143, #2750, #3538, #1223, #4630, #2816, #1588, #4267, #511, #1290, #4599, #2719, #4245, #4575, #4652, #1267, #828, #1656, #2373, #2008, #930, #3583, #2348, #560, #2794, #4292, #1194, #4224, #2425, #2053, #3561, #2073, #3857, #1020, #2840, #4344, #4069, #4741, #2149, #1357, #580, #1701, #2095, #3234, #1045, #3711, #3658, #4717, #285, #602, #2122, #4014, #1405, #680, #999, #2517, #4040, #625, #1759, #4102, #1116, #1431, #2957, #1918, #3393, #4457, #1456, #4143, #2596, #2220, #1524, #3828, #1866, #3367, #1814, #3736, #3033, #2272, #4845, #3010, #4507, #4526, #1141, #2657, #4165, #771, #2981, #1166, #343, #795, #3324, #707, #1838, #2343, #1552, #2713, #875, #4621, #4217, #3554, #901, #851, #88, #2418, #3135, #3185, #2738, #1947, #455, #1999, #4668, #2811, #924, #4307, #61, #2446, #3113, #1582, #3443, #3083, #1187, #2144, #946, #2068, #3964, #2169, #2088, #179, #1672, #4008, #1328, #3253, #3604, #4734, #3228, #1750, #4360, #2488, #2898, #4405, #3985, #2536, #4034, #643, #3022, #4081, #2235, #1851, #327, #3696, #4027, #3311, #2920, #1445, #2160, #2942, #375, #3748, #2210, #2557, #2628, #1, #1032, #4819, #1469, #4493, #270, #4132, #1770, #2188, #4422, #4445, #664, #4053, #1797, #1058, #4608, #3100, #2381, #77, #837, #810, #3488, #46, #2018, #3125, #4540, #2700, #4637, #1540, #1963, #3887, #1568, #2287, #1230, #2758, #4153, #761, #4559, #399, #1513, #1905, #3406, #3049, #2677, #1179, #587, #3619, #3999, #4320, #1739, #3954, #3263, #884, #2567, #1016, #675, #9, #2271, #1091, #1863, #2197, #2901, #338, #2953, #4503, #4118, #3364, #2637, #3707, #4408, #311, #1782, #745, #2540, #1811, #647, #2173, #1069, #3319, #1427, #2393, #1943, #85, #1579, #2734, #4618, #1721, #989, #3180, #550, #136, #3293, #4089, #721, #2241, #356, #2215, #1856, #333, #3341, #1803, #3361, #1397, #3002, #1110, #2167, #3703, #1747, #4427, #1421, #1370, #3675, #2562, #2948, #4450, #4612, #3774, #4563, #3462, #1208, #2729, #842, #4232, #218, #1277, #3958, #4681, #4726, #917, #1341, #1299, #3594, #192, #2870, #130, #869, #4642, #1253, #4793, #3722, #2891, #245, #1796, #4420, #2233, #1391, #2918, #2577, #662, #4443, #1056, #325, #4817, #1442, #3746, #351, #3070, #398, #736, #1901, #3046, #1130, #1201, #3484, #1538, #807, #2259, #3864, #374, #2725, #2648, #2993, #3020, #4152, #3815, #3456, #73, #420, #1155, #4179, #2675, #4558, #2332, #441, #1565, #2015, #4251, #149, #2099, #1272, #2379, #4635, #2430, #2800, #1249, #3124, #912, #3515, #3928, #4605, #3566, #1662, #1294, #2821, #4319, #4703, #2846, #957, #264, #4415, #4073, #1736, #1820, #2601, #632, #976, #1025, #2550, #2181, #2865, #3641, #2204, #3717, #238, #4812, #1438, #711, #2296, #4368, #211, #1708, #4722, #453, #1259, #1974, #86, #3530, #849, #34, #1581, #407, #2689, #3873, #3110, #428, #480, #4259, #3133, #1945, #3896, #4284, #3441, #3802, #1917, #57, #4378, #4688, #3603, #3983, #3251, #3577, #552, #1671, #3182, #4358, #2112, #163, #2510, #3204, #4335, #2141, #2415, #4304, #1722, #253 ),
 .UNSPECIFIED., .F., .F.,
 ( 4, 1, 1, 1, 1, 1, 1, 1, 1, 1, 1, 1, 1, 1, 1, 1, 1, 1, 1, 1, 1, 1, 1, 1, 1, 1, 1, 1, 1, 1, 1, 1, 1, 1, 1, 1, 1, 1, 1, 1, 1, 1, 1, 1, 1, 1, 1, 1, 1, 1, 1, 1, 1, 1, 1, 1, 1, 1, 1, 1, 1, 1, 1, 1, 1, 1, 1, 1, 1, 1, 1, 1, 1, 1, 1, 1, 1, 1, 1, 1, 1, 1, 1, 1, 1, 1, 1, 1, 1, 1, 1, 1, 1, 1, 1, 1, 1, 1, 1, 1, 1, 1, 1, 1, 1, 1, 1, 1, 1, 1, 1, 1, 1, 1, 1, 1, 1, 1, 1, 1, 1, 1, 1, 1, 1, 1, 1, 1, 1, 1, 1, 1, 1, 1, 1, 1, 1, 1, 1, 1, 1, 1, 1, 1, 1, 1, 1, 1, 1, 1, 1, 1, 1, 1, 1, 1, 1, 1, 1, 1, 1, 1, 1, 1, 1, 1, 1, 1, 1, 1, 1, 1, 1, 1, 1, 1, 1, 1, 1, 1, 1, 1, 1, 1, 1, 1, 1, 1, 1, 1, 1, 1, 1, 1, 1, 1, 1, 1, 1, 1, 1, 1, 1, 1, 1, 1, 1, 1, 1, 1, 1, 1, 1, 1, 1, 1, 1, 1, 1, 1, 1, 1, 1, 1, 1, 1, 1, 1, 1, 1, 1, 1, 1, 1, 1, 1, 1, 1, 1, 1, 1, 1, 1, 1, 1, 1, 1, 1, 1, 1, 1, 1, 1, 1, 1, 1, 1, 1, 1, 1, 1, 1, 1, 1, 1, 1, 1, 1, 1, 1, 1, 1, 1, 1, 1, 1, 1, 1, 1, 1, 1, 1, 1, 1, 1, 1, 1, 1, 1, 1, 1, 1, 1, 1, 1, 1, 1, 1, 1, 1, 1, 1, 1, 1, 1, 1, 1, 1, 1, 1, 1, 1, 1, 1, 1, 1, 1, 1, 1, 1, 1, 1, 1, 1, 1, 1, 1, 1, 1, 1, 1, 1, 1, 1, 1, 1, 1, 1, 1, 1, 1, 1, 1, 1, 1, 1, 1, 1, 1, 1, 1, 1, 1, 1, 1, 1, 1, 1, 1, 1, 1, 1, 1, 1, 1, 1, 1, 1, 1, 1, 1, 1, 1, 1, 1, 1, 1, 1, 1, 1, 1, 1, 1, 1, 1, 1, 1, 1, 1, 1, 1, 1, 1, 1, 1, 1, 1, 1, 1, 1, 1, 1, 1, 1, 1, 1, 1, 1, 1, 1, 1, 1, 1, 1, 1, 1, 1, 1, 1, 1, 1, 1, 1, 1, 1, 1, 1, 1, 1, 1, 1, 1, 1, 1, 1, 1, 1, 1, 1, 1, 1, 1, 1, 1, 1, 1, 1, 1, 1, 1, 1, 1, 1, 1, 1, 1, 1, 1, 1, 1, 1, 1, 1, 1, 1, 1, 1, 1, 1, 1, 1, 1, 1, 1, 1, 1, 1, 1, 1, 1, 1, 1, 1, 1, 1, 1, 1, 1, 1, 1, 1, 1, 1, 1, 1, 1, 1, 1, 1, 1, 1, 1, 1, 1, 1, 1, 1, 1, 1, 1, 1, 1, 1, 1, 1, 1, 1, 1, 1, 1, 4 ),
 ( 0.000000000000000000, 0.0008813019034598229291, 0.001761015478235540685, 0.002637563500704431796, 0.003509391115117346371, 0.004374977417690649809, 0.005232847537328262286, 0.006081585406814866111, 0.006919847444383456052, 0.007746377400544493010, 0.008560022670780171455, 0.009359752433553561804, 0.01014467804820247746, 0.01091407624272149740, 0.01166741574237359011, 0.01240438814305891944, 0.01312494402658833520, 0.01382933555850943651, 0.01451816711477822014, 0.01519245586474663075, 0.01585370470809688292, 0.01650399053278837208, 0.01714607142981178570, 0.01778351724382293969, 0.01842086857885650436, 0.01906382993047699148, 0.01971950258738728451, 0.02039666155303070105, 0.02110607648371674513, 0.02186086677497768582, 0.02267686063444153063, 0.02357288937168005791, 0.02457087976534113455, 0.02569549659889779764, 0.02697293174821659839, 0.02842827459187943426, 0.03008087267637728560, 0.03193750608208504455, 0.03398442910647477000, 0.03618131358263686204, 0.03846153846153791550, 0.04074176334043971837, 0.04293864781660284430, 0.04498557084099202852, 0.04684220424669976318, 0.04849480233119710798, 0.04995014517485966976, 0.05122758032417984442, 0.05235219715773586219, 0.05335018755139660923, 0.05424621628863567774, 0.05506221014809945663, 0.05581700043936031058, 0.05652641537004628874, 0.05720357433568998284, 0.05785924699260011628, 0.05850220834422024951, 0.05913955967925416113, 0.05977700549326536023, 0.06041908639028855527, 0.06106937221498012769, 0.06173062105833032609, 0.06240490980829892925, 0.06309374136456762094, 0.06379813289648865460, 0.06451868878001805474, 0.06525566118070341703, 0.06600900068035564505, 0.06677839887487452275, 0.06756332448952361014, 0.06836305425229702304, 0.06917669952253251153, 0.07000322947869359880, 0.07084149151626210894, 0.07169022938574873272, 0.07254809950538637642, 0.07341368580795976095, 0.07428551342237277311, 0.07516206144484154084, 0.07604177501961716101, 0.07692307692307703837, 0.07780437882653684634, 0.07868409240131254978, 0.07956064042378144241, 0.08043246803819437130, 0.08129805434076765869, 0.08215592446040530239, 0.08300466232989188453, 0.08384292436746049182, 0.08466945432362152357, 0.08548309959385719248, 0.08628282935663059150, 0.08706775497127951235, 0.08783715316579851495, 0.08859049266545061807, 0.08932746506613593873, 0.09004802094966535275, 0.09075241248158646967, 0.09144124403785527933, 0.09211553278782366738, 0.09277678163117392129, 0.09342706745586540351, 0.09406914835288882060, 0.09470659416689998500, 0.09534394550193352191, 0.09598690685355404373, 0.09664257951046432982, 0.09731973847610772554, 0.09802915340679377310, 0.09878394369805473807, 0.09959993755751857247, 0.1004959662947571136, 0.1014939566884181937, 0.1026185735219748429, 0.1038960086712936437, 0.1053513515149565039, 0.1070039495994543483, 0.1088605830051621037, 0.1109075060295518361, 0.1131043905057139143, 0.1153846153846149886, 0.1176648402635167984, 0.1198617247396799174, 0.1219086477640691085, 0.1237652811697768362, 0.1254178792542741949, 0.1268732220979367775, 0.1281506572472569383, 0.1292752740808129353, 0.1302732644744736823, 0.1311692932117127230, 0.1319852870711765436, 0.1327400773624373420, 0.1334494922931233341, 0.1341266512587670212, 0.1347823239156771824, 0.1354252852672973018, 0.1360626366023312273, 0.1367000824163424055, 0.1373421633133656283, 0.1379924491380571661, 0.1386536979814073645, 0.1393279867313759746, 0.1400168182876446732, 0.1407212098195656791, 0.1414417657030950792, 0.1421787381037804554, 0.1429320776034326834, 0.1437014757979515611, 0.1444864014126006901, 0.1452861311753740892, 0.1460997764456095638, 0.1469263064017706233, 0.1477645684393391334, 0.1486133063088257988, 0.1494711764284634148, 0.1503367627310367993, 0.1512085903454498115, 0.1520851383679185653, 0.1529648519426941855, 0.1538461538461540767, 0.1547274557496138847, 0.1556071693243896159, 0.1564837173468584808, 0.1573555449612713819, 0.1582211312638446832, 0.1590790013834822991, 0.1599277392529689090, 0.1607660012905375024, 0.1615925312466985342, 0.1624061765169342031, 0.1632059062797076021, 0.1639908318943565368, 0.1647602300888755533, 0.1655135695885276426, 0.1662505419892129632, 0.1669710978727423911, 0.1676754894046635080, 0.1683643209609322622, 0.1690386097109006780, 0.1696998585542509319, 0.1703501443789424419, 0.1709922252759658590, 0.1716296710899770095, 0.1722670224250105464, 0.1729099837766310543, 0.1735656564335413266, 0.1742428153991847362, 0.1749522303298707837, 0.1757070206211316932, 0.1765230144805955692, 0.1774190432178340826, 0.1784170336114951627, 0.1795416504450517980, 0.1808190855943705988, 0.1822744284380334590, 0.1839270265225312895, 0.1857836599282390588, 0.1878305829526287773, 0.1900274674287908694, 0.1923076923076919298, 0.1945879171865937118, 0.1967848016627568308, 0.1988317246871460220, 0.2006883580928537358, 0.2023409561773510945, 0.2037962990210136771, 0.2050737341703338379, 0.2061983510038898626, 0.2071963413975506096, 0.2080923701347896781, 0.2089083639942534709, 0.2096631542855142694, 0.2103725692162002892, 0.2110497281818439763, 0.2117054008387541097, 0.2123483621903742291, 0.2129857135254081824, 0.2136231593394193606, 0.2142652402364425834, 0.2149155260611341489, 0.2155767749044843751, 0.2162510636544529852, 0.2169398952107216838, 0.2176442867426427175, 0.2183648426261721454, 0.2191018150268574938, 0.2198551545265097218, 0.2206245527210285995, 0.2214094783356777008, 0.2222092080984510998, 0.2230228533686865744, 0.2238493833248476617, 0.2246876453624161440, 0.2255363832319027539, 0.2263942533515403699, 0.2272598396541137267, 0.2281316672685267666, 0.2290082152909955204, 0.2298879288657711406, 0.2307692307692309763, 0.2316505326726907843, 0.2325302462474665155, 0.2334067942699353804, 0.2342786218843482815, 0.2351442081869215828, 0.2360020783065592265, 0.2368508161760457809, 0.2376890782136143743, 0.2385156081697754060, 0.2393292534400110472, 0.2401289832027844739, 0.2409139088174334087, 0.2416833070119524252, 0.2424366465116045422, 0.2431736189122898628, 0.2438941747958192907, 0.2445985663277404354, 0.2452873978840092173, 0.2459616866339776331, 0.2466229354773278593, 0.2472732213020193415, 0.2479153021990427863, 0.2485527480130539368, 0.2491900993480874738, 0.2498330606997080094, 0.2504887333566183094, 0.2511658923222617745, 0.2518753072529478221, 0.2526300975442087315, 0.2534460914036726353, 0.2543421201409111210, 0.2553401105345721733, 0.2564647273681288642, 0.2577421625174476372, 0.2591975053611104696, 0.2608501034456082723, 0.2627067368513160694, 0.2647536598757057602, 0.2669505443518678800, 0.2692307692307689404, 0.2715109941096707225, 0.2737078785858338414, 0.2757548016102230881, 0.2776114350159308297, 0.2792640331004281329, 0.2807193759440906877, 0.2819968110934108485, 0.2831214279269668732, 0.2841194183206275925, 0.2850154470578666888, 0.2858314409173304815, 0.2865862312085912800, 0.2872956461392772165, 0.2879728051049209037, 0.2886284777618310926, 0.2892714391134512120, 0.2899087904484851097, 0.2905462362624963157, 0.2911883171595195385, 0.2918386029842111040, 0.2924998518275612747, 0.2931741405775298848, 0.2938629721337985834, 0.2945673636657196170, 0.2952879195492490449, 0.2960248919499343656, 0.2967782314495865936, 0.2975476296441054713, 0.2983325552587545726, 0.2991322850215279439, 0.2999459302917634185, 0.3007724602479245335, 0.3016107222854930714, 0.3024594601549796535, 0.3033173302746172695, 0.3041829165771906540, 0.3050547441916036662, 0.3059312922140724478, 0.3068110057888480680, 0.3076923076923078759, 0.3085736095957676839, 0.3094533231705434151, 0.3103298711930123632, 0.3112016988074252644, 0.3120672851099985379, 0.3129251552296360983, 0.3137738930991226805, 0.3146121551366912739, 0.3154386850928523334, 0.3162523303630880300, 0.3170520601258614013, 0.3178369857405103360, 0.3186063839350293247, 0.3193597234346814417, 0.3200966958353667624, 0.3208172517188961903, 0.3215216432508172795, 0.3222104748070860891, 0.3228847635570544772, 0.3235460124004047033, 0.3241962982250962133, 0.3248383791221196026, 0.3254758249361307532, 0.3261131762711642623, 0.3267561376227847703, 0.3274118102796951257, 0.3280889692453385353, 0.3287983841760245829, 0.3295531744672855479, 0.3303691683267493961, 0.3312651970639879373, 0.3322631874576489897, 0.3333878042912056805, 0.3346652394405245090, 0.3361205822841873414, 0.3377731803686851997, 0.3396298137743929413, 0.3416767367987826876, 0.3438736212749447518, 0.3461538461538458122, 0.3484340710327476498, 0.3506309555089107688, 0.3526778785332999044, 0.3545345119390076460, 0.3561871100235049492, 0.3576424528671675040, 0.3589198880164876648, 0.3600445048500436895, 0.3610424952437044088, 0.3619385239809435051, 0.3627545178404072423, 0.3635093081316681518, 0.3642187230623540883, 0.3648958820279977755, 0.3655515546849079644, 0.3661945160365280838, 0.3668318673715620371, 0.3674693131855732431, 0.3681113940825964104, 0.3687616799072880314, 0.3694229287506382020, 0.3700972175006068121, 0.3707860490568755107, 0.3714904405887965444, 0.3722109964723259723, 0.3729479688730113485, 0.3737013083726635765, 0.3744707065671824542, 0.3752556321818314999, 0.3760553619446049267, 0.3768690072148404013, 0.3776955371710015164, 0.3785337992085699987, 0.3793825370780566364, 0.3802404071976943079, 0.3811059935002676924, 0.3819778211146807045, 0.3828543691371494861, 0.3837340827119251063, 0.3846153846153849143, 0.3854966865188447223, 0.3863764000936204535, 0.3872529481160893461, 0.3881247757305022472, 0.3889903620330755207, 0.3898482321527131922, 0.3906969700221997743, 0.3915352320597683677, 0.3923617620159294272, 0.3931754072861650684, 0.3939751370489384397, 0.3947600626635873744, 0.3955294608581064186, 0.3962828003577584801, 0.3970197727584438563, 0.3977403286419732842, 0.3984447201738943733, 0.3991335517301631830, 0.3998078404801315711, 0.4004690893234817972, 0.4011193751481733627, 0.4017614560451967520, 0.4023989018592079026, 0.4030362531942414117, 0.4036792145458619196, 0.4043348872027722751, 0.4050120461684156847, 0.4057214610991017323, 0.4064762513903626973, 0.4072922452498265455, 0.4081882739870650312, 0.4091862643807261390, 0.4103108812142828299, 0.4115883163636016584, 0.4130436592072644908, 0.4146962572917623491, 0.4165528906974700352, 0.4185998137218597814, 0.4207966981980219012, 0.4230769230769229616, 0.4253571479558247437, 0.4275540324319878627, 0.4296009554563770538, 0.4314575888620847399, 0.4331101869465821541, 0.4345655297902447090, 0.4358429649395648697, 0.4369675817731208944, 0.4379655721667815582, 0.4388616009040205990, 0.4396775947634843362, 0.4404323850547451902, 0.4411417999854311267, 0.4418189589510747584, 0.4424746316079850028, 0.4431175929596051222, 0.4437549442946390199, 0.4443923901086502815, 0.4450344710056734487, 0.4456847568303650697, 0.4463460056737152959, 0.4470202944236839060, 0.4477091259799526601, 0.4484135175118736938, 0.4491340733954030662, 0.4498710457960884423, 0.4506243852957406704, 0.4513937834902594926, 0.4521787091049085383, 0.4529784388676820206, 0.4537920841379174397, 0.4546186140940785547, 0.4554568761316470371, 0.4563056140011336748, 0.4571634841207713462, 0.4580290704233447308, 0.4589008980377577429, 0.4597774460602265245, 0.4606571596350021447, 0.4615384615384619527, 0.4624197634419218161, 0.4632994770166975473, 0.4641760250391664400, 0.4650478526535793411, 0.4659134389561526146, 0.4667713090757902306, 0.4676200469452768127, 0.4684583089828454061, 0.4692848389390064656, 0.4700984842092421623, 0.4708982139720154780, 0.4716831395866643573, 0.4724525377811834015, 0.4732058772808355185, 0.4739428496815208947, 0.4746634055650502670, 0.4753677970969713562, 0.4760566286532402214, 0.4767309174032086649, 0.4773921662465588356, 0.4780424520712504011, 0.4786845329682737904, 0.4793219787822849409, 0.4799593301173184501, 0.4806022914689389580, 0.4812579641258492580, 0.4819351230914926676, 0.4826445380221787151, 0.4833993283134396246, 0.4842153221729034174, 0.4851113509101419585, 0.4861093413038030664, 0.4872339581373596462, 0.4885113932866784192, 0.4899667361303413071, 0.4916193342148391654, 0.4934759676205468515, 0.4955228906449365978, 0.4977197751210987176, 0.4999999999999997780 ),
 .UNSPECIFIED. ) ;
#1110 = CARTESIAN_POINT ( 'NONE',  ( -10.52942656070066896, 18.99839282454463785, -4.000000000000000000 ) ) ;
#1111 = CARTESIAN_POINT ( 'NONE',  ( 9.334022096823062498, 19.41631230574319389, 0.000000000000000000 ) ) ;
#1112 = CARTESIAN_POINT ( 'NONE',  ( -22.41434739993849234, -4.103835820171950033, 0.000000000000000000 ) ) ;
#1113 = CARTESIAN_POINT ( 'NONE',  ( 22.78682372401866729, -1.266382827403219169, 0.000000000000000000 ) ) ;
#1114 = CARTESIAN_POINT ( 'NONE',  ( 20.47965370487759884, 7.238199896465309813, 0.000000000000000000 ) ) ;
#1115 = CARTESIAN_POINT ( 'NONE',  ( 0.3802319003370135397, -22.33361581975058030, 0.000000000000000000 ) ) ;
#1116 = CARTESIAN_POINT ( 'NONE',  ( 14.23798757753600874, 17.63876532891241666, -4.000000000000000000 ) ) ;
#1117 = ORIENTED_EDGE ( 'NONE', *, *, #1775, .F. ) ;
#1118 = CARTESIAN_POINT ( 'NONE',  ( 22.74513939634669768, 1.379518627932509789, -4.000000000000000000 ) ) ;
#1119 = CARTESIAN_POINT ( 'NONE',  ( -11.65567158548801352, 17.48428684158513491, 0.000000000000000000 ) ) ;
#1120 = CARTESIAN_POINT ( 'NONE',  ( 6.179755451562972901, -20.42792697626761367, 0.000000000000000000 ) ) ;
#1121 = CARTESIAN_POINT ( 'NONE',  ( -20.86332366715751974, 7.681268167302651051, -4.000000000000000000 ) ) ;
#1122 = PRODUCT_DEFINITION ( 'æœ', '', #2285, #1728 ) ;
#1123 = CARTESIAN_POINT ( 'NONE',  ( 20.77666459608137473, 8.470986611750912942, -4.000000000000000000 ) ) ;
#1124 = ADVANCED_FACE ( 'NONE', ( #3868, #3491, #1158, #1937, #4255, #840, #4231, #106 ), #2408, .F. ) ;
#1125 = CARTESIAN_POINT ( 'NONE',  ( -17.12435565298221007, -6.999999999999885425, -4.000000000000000000 ) ) ;
#1126 = CARTESIAN_POINT ( 'NONE',  ( -11.65567158548804372, -17.48428684158509228, 0.000000000000000000 ) ) ;
#1127 = CARTESIAN_POINT ( 'NONE',  ( 20.01157765848165226, -11.24409674075326215, -4.000000000000000000 ) ) ;
#1128 = CARTESIAN_POINT ( 'NONE',  ( 17.94588197194134693, 12.62293839904231874, 0.000000000000000000 ) ) ;
#1129 = CARTESIAN_POINT ( 'NONE',  ( 20.23485559402974232, 10.91963345819502429, -4.000000000000000000 ) ) ;
#1130 = CARTESIAN_POINT ( 'NONE',  ( -17.79490290189911761, 14.38819513235454650, -4.000000000000000000 ) ) ;
#1131 = CARTESIAN_POINT ( 'NONE',  ( -12.12435565298221007, -6.999999999999886313, 0.000000000000000000 ) ) ;
#1132 = CARTESIAN_POINT ( 'NONE',  ( -22.23518487644739139, -3.348207441344188240, 0.000000000000000000 ) ) ;
#1133 = CARTESIAN_POINT ( 'NONE',  ( 12.49397971639987936, -19.25599705917739257, -4.000000000000000000 ) ) ;
#1134 = CARTESIAN_POINT ( 'NONE',  ( 12.12435565298211060, -7.000000000000056843, -6.000000000000000000 ) ) ;
#1135 = CARTESIAN_POINT ( 'NONE',  ( -21.82161479238341073, -6.682827900513029995, -4.000000000000000000 ) ) ;
#1136 = CARTESIAN_POINT ( 'NONE',  ( -5.256247460261286086, 21.42959129432590615, 0.000000000000000000 ) ) ;
#1137 = CARTESIAN_POINT ( 'NONE',  ( -21.74592688421185471, -2.352662698596946989, 0.000000000000000000 ) ) ;
#1138 = CARTESIAN_POINT ( 'NONE',  ( 12.12435565298215856, 6.999999999999974243, -4.000000000000000000 ) ) ;
#1139 = CARTESIAN_POINT ( 'NONE',  ( 20.72971935574831548, 8.179759005715959930, -4.000000000000000000 ) ) ;
#1140 = EDGE_CURVE ( 'NONE', #639, #668, #3997, .T. ) ;
#1141 = CARTESIAN_POINT ( 'NONE',  ( 12.13835046888205405, 19.39946330054828749, -4.000000000000000000 ) ) ;
#1142 = ORIENTED_EDGE ( 'NONE', *, *, #1287, .T. ) ;
#1143 = CARTESIAN_POINT ( 'NONE',  ( 23.00000000000000000, 0.04430047995070000161, -4.000000000000000000 ) ) ;
#1144 = CARTESIAN_POINT ( 'NONE',  ( -10.77255186281654176, 18.54272550959110433, 0.000000000000000000 ) ) ;
#1145 = CARTESIAN_POINT ( 'NONE',  ( 15.31911420367088894, -14.46005418918946184, 0.000000000000000000 ) ) ;
#1146 = CARTESIAN_POINT ( 'NONE',  ( 15.71473732662324529, 13.92204242230083189, 0.000000000000000000 ) ) ;
#1147 = CARTESIAN_POINT ( 'NONE',  ( 0.1359087958816566077, -22.17789819845265598, -4.000000000000000000 ) ) ;
#1148 = CARTESIAN_POINT ( 'NONE',  ( 17.83716394441303521, -12.65922352464749778, -4.000000000000000000 ) ) ;
#1149 = CARTESIAN_POINT ( 'NONE',  ( 20.08917054442649430, 11.13919997127609385, -4.000000000000000000 ) ) ;
#1150 = CARTESIAN_POINT ( 'NONE',  ( -14.51079128029503096, -16.54177814894683962, 0.000000000000000000 ) ) ;
#1151 = CARTESIAN_POINT ( 'NONE',  ( 20.30242169740233393, -10.80553650704882607, -4.000000000000000000 ) ) ;
#1152 = CARTESIAN_POINT ( 'NONE',  ( 14.60493761306325311, 16.69051937538967678, 0.000000000000000000 ) ) ;
#1153 = CARTESIAN_POINT ( 'NONE',  ( -9.603024693121355426, -20.53358832084187569, 0.000000000000000000 ) ) ;
#1154 = CARTESIAN_POINT ( 'NONE',  ( 20.62158199844362017, 10.08183057675174332, -4.000000000000000000 ) ) ;
#1155 = CARTESIAN_POINT ( 'NONE',  ( -18.17472718066970927, 12.61301709083408085, -4.000000000000000000 ) ) ;
#1156 = CARTESIAN_POINT ( 'NONE',  ( -22.43509628547915469, -4.853803308555003859, -4.000000000000000000 ) ) ;
#1157 = CARTESIAN_POINT ( 'NONE',  ( 12.95531842612693296, -19.00283322196914426, -4.000000000000000000 ) ) ;
#1158 = FACE_BOUND ( 'NONE', #3346, .T. ) ;
#1159 = CARTESIAN_POINT ( 'NONE',  ( 4.904735259174656470, -21.84362751253984314, -4.000000000000000000 ) ) ;
#1160 = CARTESIAN_POINT ( 'NONE',  ( -13.87905924079402453, 16.59744610498878004, 0.000000000000000000 ) ) ;
#1161 = CARTESIAN_POINT ( 'NONE',  ( -21.99981435537412722, 2.808168091621709550, 0.000000000000000000 ) ) ;
#1162 = CARTESIAN_POINT ( 'NONE',  ( -21.00000000000000355, 1.260895795103718254E-14, -4.000000000000000000 ) ) ;
#1163 = CARTESIAN_POINT ( 'NONE',  ( 20.58289753983941139, 7.598525017484610622, 0.000000000000000000 ) ) ;
#1164 = CARTESIAN_POINT ( 'NONE',  ( 13.57424375338773359, 18.51034463267700758, -4.000000000000000000 ) ) ;
#1165 = CARTESIAN_POINT ( 'NONE',  ( -5.904873404661001857, -21.64624392335658243, -4.000000000000000000 ) ) ;
#1166 = CARTESIAN_POINT ( 'NONE',  ( 11.55588974441207206, 19.54986423344080038, -4.000000000000000000 ) ) ;
#1167 = EDGE_LOOP ( 'NONE', ( #3394, #1868, #1731, #362 ) ) ;
#1168 = CARTESIAN_POINT ( 'NONE',  ( 22.39034930273993496, 2.070313421045512747, 0.000000000000000000 ) ) ;
#1169 = CARTESIAN_POINT ( 'NONE',  ( -8.636500735330375988, 21.28538005795921606, 0.000000000000000000 ) ) ;
#1170 = CARTESIAN_POINT ( 'NONE',  ( 14.38243175225549386, -17.34651484635461571, 0.000000000000000000 ) ) ;
#1171 = CARTESIAN_POINT ( 'NONE',  ( 14.65031900565576528, 16.49920220610297150, 0.000000000000000000 ) ) ;
#1172 = CARTESIAN_POINT ( 'NONE',  ( -13.05913550403716172, -16.75080851641389046, -4.000000000000000000 ) ) ;
#1173 = CARTESIAN_POINT ( 'NONE',  ( 20.78779232674427391, 8.572142657481823136, -4.000000000000000000 ) ) ;
#1174 = CARTESIAN_POINT ( 'NONE',  ( -14.40354036892242640, -16.55086941576450243, -4.000000000000000000 ) ) ;
#1175 = CARTESIAN_POINT ( 'NONE',  ( 19.93120287531943902, -11.34539950381585705, -4.000000000000000000 ) ) ;
#1176 = CARTESIAN_POINT ( 'NONE',  ( 14.33820731893271905, 17.44313782921216216, 0.000000000000000000 ) ) ;
#1177 = CARTESIAN_POINT ( 'NONE',  ( -9.355409910612213054, -20.77789073049703106, 0.000000000000000000 ) ) ;
#1178 = CARTESIAN_POINT ( 'NONE',  ( 20.30242169740234104, 10.80553650704881186, 0.000000000000000000 ) ) ;
#1179 = CARTESIAN_POINT ( 'NONE',  ( -4.956690974354534873, 21.30379244199514233, -4.000000000000000000 ) ) ;
#1180 = CARTESIAN_POINT ( 'NONE',  ( -21.31935372223080805, -7.296648360000073552, -4.000000000000000000 ) ) ;
#1181 = CARTESIAN_POINT ( 'NONE',  ( 11.22521880699119556, -19.59187865378815374, -4.000000000000000000 ) ) ;
#1182 = DIRECTION ( 'NONE',  ( 0.000000000000000000, 0.000000000000000000, -1.000000000000000000 ) ) ;
#1183 = CARTESIAN_POINT ( 'NONE',  ( -22.38706326563480786, -5.244728221083875042, -4.000000000000000000 ) ) ;
#1184 = CARTESIAN_POINT ( 'NONE',  ( -22.40761293520195707, 5.114210463940516149, -4.000000000000000000 ) ) ;
#1185 = CARTESIAN_POINT ( 'NONE',  ( -22.08489584616732770, 2.981123517001408096, 0.000000000000000000 ) ) ;
#1186 = CARTESIAN_POINT ( 'NONE',  ( 0.05588777320240490010, 22.12251759593046785, -4.000000000000000000 ) ) ;
#1187 = CARTESIAN_POINT ( 'NONE',  ( 6.021956410969873552, 20.58194801143687869, -4.000000000000000000 ) ) ;
#1188 = EDGE_LOOP ( 'NONE', ( #408, #35 ) ) ;
#1189 = CARTESIAN_POINT ( 'NONE',  ( -12.12435565298221007, -6.999999999999886313, -6.000000000000000000 ) ) ;
#1190 = CARTESIAN_POINT ( 'NONE',  ( -6.657349869653466534, 21.75358068935851463, 0.000000000000000000 ) ) ;
#1191 = CARTESIAN_POINT ( 'NONE',  ( 18.23822292812888080, -12.52102761954149202, 0.000000000000000000 ) ) ;
#1192 = CARTESIAN_POINT ( 'NONE',  ( 14.42300264874662474, 17.25082415869790964, 0.000000000000000000 ) ) ;
#1193 = CARTESIAN_POINT ( 'NONE',  ( 17.71958050504022353, -12.69857507438618605, -4.000000000000000000 ) ) ;
#1194 = CARTESIAN_POINT ( 'NONE',  ( 17.44778784351270673, 12.79367820391175492, -4.000000000000000000 ) ) ;
#1195 = DIRECTION ( 'NONE',  ( 0.000000000000000000, 0.000000000000000000, -1.000000000000000000 ) ) ;
#1196 = CARTESIAN_POINT ( 'NONE',  ( -13.87905924079402098, -16.59744610498876582, 0.000000000000000000 ) ) ;
#1197 = CARTESIAN_POINT ( 'NONE',  ( 20.65929445717397073, -9.958136898542228721, 0.000000000000000000 ) ) ;
#1198 = CARTESIAN_POINT ( 'NONE',  ( 15.17090792698332713, 14.72886818338918324, 0.000000000000000000 ) ) ;
#1199 = CARTESIAN_POINT ( 'NONE',  ( -10.14005884793971113, -19.78533198252967651, 0.000000000000000000 ) ) ;
#1200 = CARTESIAN_POINT ( 'NONE',  ( 19.93120287531944257, 11.34539950381584994, -4.000000000000000000 ) ) ;
#1201 = CARTESIAN_POINT ( 'NONE',  ( -17.84767620596553783, 14.27532248167365836, -4.000000000000000000 ) ) ;
#1202 = EDGE_CURVE ( 'NONE', #4144, #639, #2783, .T. ) ;
#1203 = CARTESIAN_POINT ( 'NONE',  ( 11.01533356301950661, -19.60296829705857391, -4.000000000000000000 ) ) ;
#1204 = CARTESIAN_POINT ( 'NONE',  ( -9.169259294848504993, 20.93439900958706090, 0.000000000000000000 ) ) ;
#1205 = CARTESIAN_POINT ( 'NONE',  ( -22.17120079974524316, -6.007861870957579953, -4.000000000000000000 ) ) ;
#1206 = CARTESIAN_POINT ( 'NONE',  ( 11.11919254841975402, -19.59896623534658033, 0.000000000000000000 ) ) ;
#1207 = LINE ( 'NONE', #3935, #3618 ) ;
#1208 = CARTESIAN_POINT ( 'NONE',  ( -13.51774999865092219, 16.64785205169377846, -4.000000000000000000 ) ) ;
#1209 = CARTESIAN_POINT ( 'NONE',  ( -5.808312477100094462, 21.62091573078120987, -4.000000000000000000 ) ) ;
#1210 = CARTESIAN_POINT ( 'NONE',  ( 0.4653096620767630531, -22.38267137290714714, -4.000000000000000000 ) ) ;
#1211 = CARTESIAN_POINT ( 'NONE',  ( -22.23518487644739849, 3.348207441344186908, 0.000000000000000000 ) ) ;
#1212 = CARTESIAN_POINT ( 'NONE',  ( 12.25706784425205598, 19.35617007985194249, 0.000000000000000000 ) ) ;
#1213 = CARTESIAN_POINT ( 'NONE',  ( 0.4653096620767748215, 22.38267137290715070, 0.000000000000000000 ) ) ;
#1214 = CARTESIAN_POINT ( 'NONE',  ( -4.716875799352186149, -21.20280255783144341, -4.000000000000000000 ) ) ;
#1215 = CARTESIAN_POINT ( 'NONE',  ( 20.38460457323550656, -5.024353773963022185, -4.000000000000000000 ) ) ;
#1216 = EDGE_LOOP ( 'NONE', ( #1094, #1117 ) ) ;
#1217 = CARTESIAN_POINT ( 'NONE',  ( 22.27556337986285584, 2.236015871788898490, 0.000000000000000000 ) ) ;
#1218 = CARTESIAN_POINT ( 'NONE',  ( -10.04227015966239556, 19.95213727705885987, 0.000000000000000000 ) ) ;
#1219 = CARTESIAN_POINT ( 'NONE',  ( 13.17393849248636428, -18.85193068575482300, 0.000000000000000000 ) ) ;
#1220 = ADVANCED_FACE ( 'NONE', ( #155 ), #4640, .F. ) ;
#1221 = CARTESIAN_POINT ( 'NONE',  ( 14.33820731893271905, 17.44313782921216216, 0.000000000000000000 ) ) ;
#1222 = CARTESIAN_POINT ( 'NONE',  ( -9.747148956018722998, -20.36762955473148651, -4.000000000000000000 ) ) ;
#1223 = CARTESIAN_POINT ( 'NONE',  ( 19.67653159492527948, 11.62576803065812214, -4.000000000000000000 ) ) ;
#1224 = CARTESIAN_POINT ( 'NONE',  ( -14.16571377015885602, -16.57015074090624296, -4.000000000000000000 ) ) ;
#1225 = CARTESIAN_POINT ( 'NONE',  ( 20.78779232674428101, -8.572142657481824912, 0.000000000000000000 ) ) ;
#1226 = CARTESIAN_POINT ( 'NONE',  ( 15.05457142190026865, 14.98300655306773876, 0.000000000000000000 ) ) ;
#1227 = CARTESIAN_POINT ( 'NONE',  ( -6.210390894792615413, -21.70894496246803840, 0.000000000000000000 ) ) ;
#1228 = AXIS2_PLACEMENT_3D ( 'NONE', #1134, #2612, #3314 ) ;
#1229 = CARTESIAN_POINT ( 'NONE',  ( 13.38099028520532308, -18.68703735509054198, -4.000000000000000000 ) ) ;
#1230 = CARTESIAN_POINT ( 'NONE',  ( -2.530628014445745144, 20.84159677917247677, -4.000000000000000000 ) ) ;
#1231 = CARTESIAN_POINT ( 'NONE',  ( -22.12096606211570204, -6.128279723999710882, 0.000000000000000000 ) ) ;
#1232 = CARTESIAN_POINT ( 'NONE',  ( 11.66987199498925776, -19.52825306359922308, -4.000000000000000000 ) ) ;
#1233 = CARTESIAN_POINT ( 'NONE',  ( 12.12435565298215856, 6.999999999999974243, 0.000000000000000000 ) ) ;
#1234 = CARTESIAN_POINT ( 'NONE',  ( 5.775226086956907423, 20.85066584697020176, -4.000000000000000000 ) ) ;
#1235 = CARTESIAN_POINT ( 'NONE',  ( -3.503562908580214241, -20.85236322909899442, -4.000000000000000000 ) ) ;
#1236 = CARTESIAN_POINT ( 'NONE',  ( -21.39401558043638474, -7.221034814597831364, 0.000000000000000000 ) ) ;
#1237 = CIRCLE ( 'NONE', #4004, 5.000000000000000888 ) ;
#1238 = CARTESIAN_POINT ( 'NONE',  ( -0.7583441349052389979, 21.53002708384711283, -4.000000000000000000 ) ) ;
#1239 = CARTESIAN_POINT ( 'NONE',  ( -2.869831308946243276, -20.81631655038354367, -4.000000000000000000 ) ) ;
#1240 = CARTESIAN_POINT ( 'NONE',  ( 20.68850112096512817, -7.991468017176341476, -4.000000000000000000 ) ) ;
#1241 = CARTESIAN_POINT ( 'NONE',  ( -17.89594962096632713, 14.16255796312504245, -4.000000000000000000 ) ) ;
#1242 = CARTESIAN_POINT ( 'NONE',  ( -16.93788766549283764, 15.53590124693298691, 0.000000000000000000 ) ) ;
#1243 = CARTESIAN_POINT ( 'NONE',  ( 14.80349630983424802, -15.77846632668083338, 0.000000000000000000 ) ) ;
#1244 = CARTESIAN_POINT ( 'NONE',  ( -21.54139206009464047, 7.057957261120552772, 0.000000000000000000 ) ) ;
#1245 = CARTESIAN_POINT ( 'NONE',  ( -8.860237739539302382, -21.15341875813860995, 0.000000000000000000 ) ) ;
#1246 = CARTESIAN_POINT ( 'NONE',  ( 20.58289753983940074, -7.598525017484590194, -4.000000000000000000 ) ) ;
#1247 = CARTESIAN_POINT ( 'NONE',  ( 12.61143276425612569, 19.19917479465659582, 0.000000000000000000 ) ) ;
#1248 = CARTESIAN_POINT ( 'NONE',  ( -10.88890590373234168, -18.35541626355844969, 0.000000000000000000 ) ) ;
#1249 = CARTESIAN_POINT ( 'NONE',  ( -18.76174266397839574, 9.463190723970017260, -4.000000000000000000 ) ) ;
#1250 = CARTESIAN_POINT ( 'NONE',  ( -22.01006197919741325, -6.360361937078864436, 0.000000000000000000 ) ) ;
#1251 = CARTESIAN_POINT ( 'NONE',  ( 13.75191726245931889, -18.32435002681478409, 0.000000000000000000 ) ) ;
#1252 = CYLINDRICAL_SURFACE ( 'NONE', #4310, 5.000000000000000888 ) ;
#1253 = CARTESIAN_POINT ( 'NONE',  ( -15.58767780413766069, 16.33620357133145262, -4.000000000000000000 ) ) ;
#1254 = CARTESIAN_POINT ( 'NONE',  ( 4.904735259174656470, 21.84362751253985024, -4.000000000000000000 ) ) ;
#1255 = CARTESIAN_POINT ( 'NONE',  ( -22.26827178752866132, 3.446736430283527497, 0.000000000000000000 ) ) ;
#1256 = CARTESIAN_POINT ( 'NONE',  ( -2.530628014445852170, -20.84159677917245901, -4.000000000000000000 ) ) ;
#1257 = CARTESIAN_POINT ( 'NONE',  ( -21.88699574652788016, -6.579042111146233829, 0.000000000000000000 ) ) ;
#1258 = CARTESIAN_POINT ( 'NONE',  ( 20.76524781650241636, 9.468238696520225872, -4.000000000000000000 ) ) ;
#1259 = CARTESIAN_POINT ( 'NONE',  ( -22.33239803592119443, 5.504441744273378845, -4.000000000000000000 ) ) ;
#1260 = APPROVAL_DATE_TIME ( #4690, #4617 ) ;
#1261 = CARTESIAN_POINT ( 'NONE',  ( -18.01441512476086260, 13.82811003151778984, 0.000000000000000000 ) ) ;
#1262 = CARTESIAN_POINT ( 'NONE',  ( -17.53905095534864955, 14.83368601355759608, 0.000000000000000000 ) ) ;
#1263 = CARTESIAN_POINT ( 'NONE',  ( 20.66509520378538767, -7.897008828913190115, 0.000000000000000000 ) ) ;
#1264 = CARTESIAN_POINT ( 'NONE',  ( 14.52531902632189897, 16.96909187510687289, 0.000000000000000000 ) ) ;
#1265 = CARTESIAN_POINT ( 'NONE',  ( 1.146957286384171937, -22.68083482401356221, -4.000000000000000000 ) ) ;
#1266 = CARTESIAN_POINT ( 'NONE',  ( -9.747148956018722998, -20.36762955473148651, 0.000000000000000000 ) ) ;
#1267 = CARTESIAN_POINT ( 'NONE',  ( 18.59620182488611206, 12.37401509496209862, -4.000000000000000000 ) ) ;
#1268 = CARTESIAN_POINT ( 'NONE',  ( 20.27801818137658785, -5.991492629422116245, 0.000000000000000000 ) ) ;
#1269 = CARTESIAN_POINT ( 'NONE',  ( -15.89868533617199553, 16.21627527863183360, -4.000000000000000000 ) ) ;
#1270 = CARTESIAN_POINT ( 'NONE',  ( 5.589924110080312758, 21.07107236563831165, 0.000000000000000000 ) ) ;
#1271 = CARTESIAN_POINT ( 'NONE',  ( 1.609724419164899389, -22.79765701126126132, 0.000000000000000000 ) ) ;
#1272 = CARTESIAN_POINT ( 'NONE',  ( -18.20278110322238874, 10.94483285274552031, -4.000000000000000000 ) ) ;
#1273 = CARTESIAN_POINT ( 'NONE',  ( -18.15625140016321026, -13.09774888915078961, -4.000000000000000000 ) ) ;
#1274 = CARTESIAN_POINT ( 'NONE',  ( -18.17312489739111214, -12.51371455121038423, -4.000000000000000000 ) ) ;
#1275 = CARTESIAN_POINT ( 'NONE',  ( 14.42300264874661941, -17.25082415869792385, 0.000000000000000000 ) ) ;
#1276 = DIRECTION ( 'NONE',  ( -1.000000000000000000, 0.000000000000000000, 0.000000000000000000 ) ) ;
#1277 = CARTESIAN_POINT ( 'NONE',  ( -14.28929789074916812, 16.56008223458715278, -4.000000000000000000 ) ) ;
#1278 = CARTESIAN_POINT ( 'NONE',  ( 5.511434109662944891, 21.16706053947267208, 0.000000000000000000 ) ) ;
#1279 = CARTESIAN_POINT ( 'NONE',  ( -7.018785184948981737, 21.74996626287743240, 0.000000000000000000 ) ) ;
#1280 = CARTESIAN_POINT ( 'NONE',  ( 22.98039910196879632, -0.3968919721285905644, -4.000000000000000000 ) ) ;
#1281 = CARTESIAN_POINT ( 'NONE',  ( 4.501746821145964361, -22.17238321979582949, 0.000000000000000000 ) ) ;
#1282 = CARTESIAN_POINT ( 'NONE',  ( -21.01712563943171119, -7.564086312211784957, 0.000000000000000000 ) ) ;
#1283 = CARTESIAN_POINT ( 'NONE',  ( 20.79633826188293355, 8.675726789176390952, -4.000000000000000000 ) ) ;
#1284 = CARTESIAN_POINT ( 'NONE',  ( 20.35947228549825283, -6.735906117007664839, -4.000000000000000000 ) ) ;
#1285 = CARTESIAN_POINT ( 'NONE',  ( -17.93977136646275738, 14.05023277825312178, 0.000000000000000000 ) ) ;
#1286 = CARTESIAN_POINT ( 'NONE',  ( 20.74536345487271660, -9.589279067479342444, 0.000000000000000000 ) ) ;
#1287 = EDGE_CURVE ( 'NONE', #1949, #4807, #4391, .T. ) ;
#1288 = CARTESIAN_POINT ( 'NONE',  ( 14.23798757753600874, 17.63876532891241666, -4.000000000000000000 ) ) ;
#1289 = CARTESIAN_POINT ( 'NONE',  ( -10.27608982505456403, -19.52581620093670267, 0.000000000000000000 ) ) ;
#1290 = CARTESIAN_POINT ( 'NONE',  ( 19.13519702654807730, 12.07164184534841489, -4.000000000000000000 ) ) ;
#1291 = CARTESIAN_POINT ( 'NONE',  ( 21.15774907159875085, -3.497169882115214623, -4.000000000000000000 ) ) ;
#1292 = CARTESIAN_POINT ( 'NONE',  ( 9.503730163328052427, 19.43663076770573639, 0.000000000000000000 ) ) ;
#1293 = CARTESIAN_POINT ( 'NONE',  ( 2.772435045105535512, -22.83305684466245467, 0.000000000000000000 ) ) ;
#1294 = CARTESIAN_POINT ( 'NONE',  ( -20.12905527314531540, 8.162651984714145215, -4.000000000000000000 ) ) ;
#1295 = CARTESIAN_POINT ( 'NONE',  ( 21.96795606151920310, 2.611094541491828291, -4.000000000000000000 ) ) ;
#1296 = CARTESIAN_POINT ( 'NONE',  ( -19.34777908991709339, -8.763221459836243454, -4.000000000000000000 ) ) ;
#1297 = CARTESIAN_POINT ( 'NONE',  ( 13.75191726245931889, -18.32435002681478409, -4.000000000000000000 ) ) ;
#1298 = CARTESIAN_POINT ( 'NONE',  ( 22.70068007964910706, 1.489195761755057301, 0.000000000000000000 ) ) ;
#1299 = CARTESIAN_POINT ( 'NONE',  ( -14.90389234821013176, 16.49709513737359501, -4.000000000000000000 ) ) ;
#1300 = CARTESIAN_POINT ( 'NONE',  ( 5.304651655887925976, 21.41766073162606432, -4.000000000000000000 ) ) ;
#1301 = CARTESIAN_POINT ( 'NONE',  ( 5.304651655887928641, -21.41766073162606077, -4.000000000000000000 ) ) ;
#1302 = CARTESIAN_POINT ( 'NONE',  ( -22.29924221309444476, 3.548385995256939207, -4.000000000000000000 ) ) ;
#1303 = CARTESIAN_POINT ( 'NONE',  ( 3.540430871598339024, -22.65913253418499806, -4.000000000000000000 ) ) ;
#1304 = ORIENTED_EDGE ( 'NONE', *, *, #2292, .T. ) ;
#1305 = CARTESIAN_POINT ( 'NONE',  ( -22.21764800328125133, -5.884928489421191955, 0.000000000000000000 ) ) ;
#1306 = CIRCLE ( 'NONE', #4083, 4.999999999999998224 ) ;
#1307 = CARTESIAN_POINT ( 'NONE',  ( 10.61881090672411787, 19.59261536617596278, 0.000000000000000000 ) ) ;
#1308 = CIRCLE ( 'NONE', #2664, 5.000000000000000000 ) ;
#1309 = CARTESIAN_POINT ( 'NONE',  ( -16.00418357823503257, 16.16801435209528393, 0.000000000000000000 ) ) ;
#1310 = CARTESIAN_POINT ( 'NONE',  ( 20.58289753983940074, -7.598525017484590194, 0.000000000000000000 ) ) ;
#1311 = CARTESIAN_POINT ( 'NONE',  ( 21.75646130103281095, 2.837189671757640586, 0.000000000000000000 ) ) ;
#1312 = CARTESIAN_POINT ( 'NONE',  ( 1.857833821405696417, 22.83518087930976392, 0.000000000000000000 ) ) ;
#1313 = CARTESIAN_POINT ( 'NONE',  ( -10.32123374931712334, -19.43362091328372898, -4.000000000000000000 ) ) ;
#1314 = CARTESIAN_POINT ( 'NONE',  ( -22.12096606211569494, 6.128279723999729534, 0.000000000000000000 ) ) ;
#1315 = CARTESIAN_POINT ( 'NONE',  ( -8.400974717098005584, -21.40353708094176710, -4.000000000000000000 ) ) ;
#1316 = CARTESIAN_POINT ( 'NONE',  ( 21.49759199204718740, -3.108261918880991459, -4.000000000000000000 ) ) ;
#1317 = CARTESIAN_POINT ( 'NONE',  ( -16.53313442973522740, 15.86040662237437182, 0.000000000000000000 ) ) ;
#1318 = CARTESIAN_POINT ( 'NONE',  ( 4.111083978712352760, 22.41301912558926901, 0.000000000000000000 ) ) ;
#1319 = CARTESIAN_POINT ( 'NONE',  ( -4.021429321039853733, -20.95990658864502265, 0.000000000000000000 ) ) ;
#1320 = CARTESIAN_POINT ( 'NONE',  ( 22.60451808717367328, 1.697673299887523468, -4.000000000000000000 ) ) ;
#1321 = CARTESIAN_POINT ( 'NONE',  ( -20.44527414537789767, -7.961408085081986385, 0.000000000000000000 ) ) ;
#1322 = CARTESIAN_POINT ( 'NONE',  ( 14.58034703317466096, -16.78373127438552714, 0.000000000000000000 ) ) ;
#1323 = CARTESIAN_POINT ( 'NONE',  ( 22.99168151220385070, 0.2652489659780886133, 0.000000000000000000 ) ) ;
#1324 = CARTESIAN_POINT ( 'NONE',  ( 1.257926768375607018, -22.71466927650084600, 0.000000000000000000 ) ) ;
#1325 = VERTEX_POINT ( 'NONE', #2314 ) ;
#1326 = CARTESIAN_POINT ( 'NONE',  ( -21.09316236851858051, -7.501932561979676173, 0.000000000000000000 ) ) ;
#1327 = EDGE_CURVE ( 'NONE', #3011, #1481, #1373, .T. ) ;
#1328 = CARTESIAN_POINT ( 'NONE',  ( 5.175558906586990915, 21.56597388726453346, -4.000000000000000000 ) ) ;
#1329 = CARTESIAN_POINT ( 'NONE',  ( -14.40354036892241396, 16.55086941576450599, 0.000000000000000000 ) ) ;
#1330 = CARTESIAN_POINT ( 'NONE',  ( 20.29311131124243062, -6.270585249870422651, 0.000000000000000000 ) ) ;
#1331 = CARTESIAN_POINT ( 'NONE',  ( -22.21764800328125489, 5.884928489421181297, 0.000000000000000000 ) ) ;
#1332 = CARTESIAN_POINT ( 'NONE',  ( -4.576078833423042447, -21.14622909948186802, 0.000000000000000000 ) ) ;
#1333 = CARTESIAN_POINT ( 'NONE',  ( 20.39983756515139746, -6.925588738408704259, -4.000000000000000000 ) ) ;
#1334 = CARTESIAN_POINT ( 'NONE',  ( 4.314250260353269972, 22.29625582966830777, 0.000000000000000000 ) ) ;
#1335 = CARTESIAN_POINT ( 'NONE',  ( -4.576078833423042447, -21.14622909948186802, 0.000000000000000000 ) ) ;
#1336 = CARTESIAN_POINT ( 'NONE',  ( -18.14569269480858082, -13.19701642569618372, -4.000000000000000000 ) ) ;
#1337 = CARTESIAN_POINT ( 'NONE',  ( 14.96523272433925733, -15.21615547683478198, -4.000000000000000000 ) ) ;
#1338 = CARTESIAN_POINT ( 'NONE',  ( -18.58985845081708987, -9.756710369366027535, 0.000000000000000000 ) ) ;
#1339 = CARTESIAN_POINT ( 'NONE',  ( 14.80349630983424802, -15.77846632668083338, -4.000000000000000000 ) ) ;
#1340 = CARTESIAN_POINT ( 'NONE',  ( 21.02387159568900898, 3.672383574304939113, 0.000000000000000000 ) ) ;
#1341 = CARTESIAN_POINT ( 'NONE',  ( -14.80839600204009621, 16.51027097138295474, -4.000000000000000000 ) ) ;
#1342 = CARTESIAN_POINT ( 'NONE',  ( 5.110467300076769526, 21.63708111260477196, 0.000000000000000000 ) ) ;
#1343 = CARTESIAN_POINT ( 'NONE',  ( 8.670929892843622255, -19.38931615245256523, -4.000000000000000000 ) ) ;
#1344 = CARTESIAN_POINT ( 'NONE',  ( -7.522665644989237066, 21.68645783641392555, 0.000000000000000000 ) ) ;
#1345 = CARTESIAN_POINT ( 'NONE',  ( 4.003797556025030069, -22.46803654139385031, 0.000000000000000000 ) ) ;
#1346 = EDGE_LOOP ( 'NONE', ( #3772, #1304, #616, #942 ) ) ;
#1347 = CARTESIAN_POINT ( 'NONE',  ( -18.14936776173880517, 11.77726421825682834, -4.000000000000000000 ) ) ;
#1348 = CARTESIAN_POINT ( 'NONE',  ( -17.38541332982640242, -15.04776325982248331, 0.000000000000000000 ) ) ;
#1349 = CARTESIAN_POINT ( 'NONE',  ( 20.80425486829263448, 9.001628295016114834, 0.000000000000000000 ) ) ;
#1350 = CARTESIAN_POINT ( 'NONE',  ( 10.71562741426036780, 19.59873212738516557, -4.000000000000000000 ) ) ;
#1351 = CARTESIAN_POINT ( 'NONE',  ( -4.232730576400632216, 21.02295257162312225, 0.000000000000000000 ) ) ;
#1352 = CARTESIAN_POINT ( 'NONE',  ( -18.17183461541526768, 11.19258704227218715, 0.000000000000000000 ) ) ;
#1353 = CARTESIAN_POINT ( 'NONE',  ( 20.71004497320205573, -8.085430867093005958, 0.000000000000000000 ) ) ;
#1354 = CARTESIAN_POINT ( 'NONE',  ( 20.73967884702714670, 4.118461680631925859, 0.000000000000000000 ) ) ;
#1355 = CARTESIAN_POINT ( 'NONE',  ( 14.18166562306855383, 17.73742200790328027, -4.000000000000000000 ) ) ;
#1356 = CARTESIAN_POINT ( 'NONE',  ( -6.317921412924660807, -21.72473638752123293, -4.000000000000000000 ) ) ;
#1357 = CARTESIAN_POINT ( 'NONE',  ( 14.96523272433928753, 15.21615547683473224, -4.000000000000000000 ) ) ;
#1358 = CARTESIAN_POINT ( 'NONE',  ( 22.33348662812913332, -2.154711336977888969, 0.000000000000000000 ) ) ;
#1359 = CARTESIAN_POINT ( 'NONE',  ( 8.670929892843627584, 19.38931615245257589, 0.000000000000000000 ) ) ;
#1360 = CARTESIAN_POINT ( 'NONE',  ( -2.869831308946243276, -20.81631655038354367, 0.000000000000000000 ) ) ;
#1361 = CARTESIAN_POINT ( 'NONE',  ( 16.68839162776217222, 13.13880477611281350, 0.000000000000000000 ) ) ;
#1362 = CARTESIAN_POINT ( 'NONE',  ( -18.76174266397842416, -9.463190723969987062, -4.000000000000000000 ) ) ;
#1363 = CARTESIAN_POINT ( 'NONE',  ( 15.31911420367088894, -14.46005418918946184, 0.000000000000000000 ) ) ;
#1364 = CARTESIAN_POINT ( 'NONE',  ( 21.39476759738624168, 3.219848144137873902, 0.000000000000000000 ) ) ;
#1365 = CARTESIAN_POINT ( 'NONE',  ( 3.417209851801614295, 22.69836180709107509, -4.000000000000000000 ) ) ;
#1366 = CARTESIAN_POINT ( 'NONE',  ( -8.400974717098032230, 21.40353708094175644, 0.000000000000000000 ) ) ;
#1367 = CARTESIAN_POINT ( 'NONE',  ( 1.372163210848019954, -22.74558431711198736, 0.000000000000000000 ) ) ;
#1368 = ORIENTED_EDGE ( 'NONE', *, *, #1435, .F. ) ;
#1369 = CARTESIAN_POINT ( 'NONE',  ( -15.38654536925085559, -16.39719979630828561, 0.000000000000000000 ) ) ;
#1370 = CARTESIAN_POINT ( 'NONE',  ( -11.20522004111685455, 17.93150995099999889, -4.000000000000000000 ) ) ;
#1371 = CARTESIAN_POINT ( 'NONE',  ( 10.33033271631730265, 19.56254416469471735, -4.000000000000000000 ) ) ;
#1372 = CARTESIAN_POINT ( 'NONE',  ( -22.41434739993848169, 4.103835820171919835, 0.000000000000000000 ) ) ;
#1373 = CIRCLE ( 'NONE', #3697, 5.000000000000000888 ) ;
#1374 = CARTESIAN_POINT ( 'NONE',  ( 21.02387159568900188, -3.672383574304969756, 0.000000000000000000 ) ) ;
#1375 = CARTESIAN_POINT ( 'NONE',  ( -8.860237739539302382, -21.15341875813860995, -4.000000000000000000 ) ) ;
#1376 = CIRCLE ( 'NONE', #4003, 7.500000000000000000 ) ;
#1377 = CARTESIAN_POINT ( 'NONE',  ( -22.01006197919742036, 6.360361937078860883, -4.000000000000000000 ) ) ;
#1378 = CARTESIAN_POINT ( 'NONE',  ( 20.80479732610527321, -8.890484256038245547, -4.000000000000000000 ) ) ;
#1379 = CARTESIAN_POINT ( 'NONE',  ( -7.143036618217895928, -21.74064755994005083, 0.000000000000000000 ) ) ;
#1380 = CARTESIAN_POINT ( 'NONE',  ( 22.55334719936499610, -1.796338551631291303, 0.000000000000000000 ) ) ;
#1381 = CARTESIAN_POINT ( 'NONE',  ( 0.5530032713437073033, 22.43037211676184839, 0.000000000000000000 ) ) ;
#1382 = CARTESIAN_POINT ( 'NONE',  ( 9.653974740081325834, -19.45786538474273186, 0.000000000000000000 ) ) ;
#1383 = CARTESIAN_POINT ( 'NONE',  ( 16.45012902904866436, -13.28492605249687841, -4.000000000000000000 ) ) ;
#1384 = CARTESIAN_POINT ( 'NONE',  ( 20.39983756515138325, 6.925588738408707812, -4.000000000000000000 ) ) ;
#1385 = ADVANCED_FACE ( 'NONE', ( #2728 ), #867, .F. ) ;
#1386 =( GEOMETRIC_REPRESENTATION_CONTEXT ( 3 ) GLOBAL_UNCERTAINTY_ASSIGNED_CONTEXT ( ( #2879 ) ) GLOBAL_UNIT_ASSIGNED_CONTEXT ( ( #2841, #97, #2751 ) ) REPRESENTATION_CONTEXT ( 'NONE', 'WORKASPACE' ) );
#1387 = CARTESIAN_POINT ( 'NONE',  ( -17.73761553920986600, -14.50082850329366657, 0.000000000000000000 ) ) ;
#1388 = CARTESIAN_POINT ( 'NONE',  ( 17.83716394441303521, -12.65922352464749778, -4.000000000000000000 ) ) ;
#1389 = CARTESIAN_POINT ( 'NONE',  ( -15.38654536925086980, 16.39719979630828206, -4.000000000000000000 ) ) ;
#1390 = CARTESIAN_POINT ( 'NONE',  ( 20.35947228549824217, 6.735906117007635530, 0.000000000000000000 ) ) ;
#1391 = CARTESIAN_POINT ( 'NONE',  ( -16.42822751140351301, 15.93085274830864684, -4.000000000000000000 ) ) ;
#1392 = CARTESIAN_POINT ( 'NONE',  ( -21.37987086968730210, -1.667832292710507591, -4.000000000000000000 ) ) ;
#1393 = CARTESIAN_POINT ( 'NONE',  ( 6.021956410969864670, -20.58194801143690000, 0.000000000000000000 ) ) ;
#1394 = VERTEX_POINT ( 'NONE', #3822 ) ;
#1395 = CARTESIAN_POINT ( 'NONE',  ( -18.15233757200131492, 11.92897289312902132, 0.000000000000000000 ) ) ;
#1396 = CARTESIAN_POINT ( 'NONE',  ( -18.14569269480858082, -13.19701642569618372, 0.000000000000000000 ) ) ;
#1397 = CARTESIAN_POINT ( 'NONE',  ( -10.41689100507892896, 19.23301171463175052, -4.000000000000000000 ) ) ;
#1398 = CARTESIAN_POINT ( 'NONE',  ( 10.23194733791961397, 19.54898396539807592, 0.000000000000000000 ) ) ;
#1399 = CARTESIAN_POINT ( 'NONE',  ( -18.07261558141744828, 13.61105683382038301, -4.000000000000000000 ) ) ;
#1400 = CARTESIAN_POINT ( 'NONE',  ( -21.09316236851856630, 7.501932561979696601, 0.000000000000000000 ) ) ;
#1401 = CARTESIAN_POINT ( 'NONE',  ( 21.39476759738625944, -3.219848144137871682, 0.000000000000000000 ) ) ;
#1402 = CARTESIAN_POINT ( 'NONE',  ( 1.732595443184604234, 22.81834440718661128, -4.000000000000000000 ) ) ;
#1403 = CARTESIAN_POINT ( 'NONE',  ( -7.018785184948981737, -21.74996626287742529, -4.000000000000000000 ) ) ;
#1404 = CARTESIAN_POINT ( 'NONE',  ( -6.657349869653445218, -21.75358068935852529, -4.000000000000000000 ) ) ;
#1405 = CARTESIAN_POINT ( 'NONE',  ( 14.55393136195742620, 16.87639783458277876, -4.000000000000000000 ) ) ;
#1406 = CARTESIAN_POINT ( 'NONE',  ( 22.33348662812913332, -2.154711336977888969, -4.000000000000000000 ) ) ;
#1407 = CARTESIAN_POINT ( 'NONE',  ( 1.372163210848023951, 22.74558431711198381, 0.000000000000000000 ) ) ;
#1408 = CARTESIAN_POINT ( 'NONE',  ( 11.90217861259450771, -19.47257571994365222, 0.000000000000000000 ) ) ;
#1409 = CARTESIAN_POINT ( 'NONE',  ( 18.59620182488611206, 12.37401509496209862, -4.000000000000000000 ) ) ;
#1410 = CARTESIAN_POINT ( 'NONE',  ( -10.32123374931713222, 19.43362091328372543, -4.000000000000000000 ) ) ;
#1411 = CARTESIAN_POINT ( 'NONE',  ( 20.31862222672676666, 5.358036699682465098, -4.000000000000000000 ) ) ;
#1412 = CARTESIAN_POINT ( 'NONE',  ( -17.93977136646276094, -14.05023277825313954, 0.000000000000000000 ) ) ;
#1413 = CARTESIAN_POINT ( 'NONE',  ( 17.28807635332961468, -12.85455437032263681, -4.000000000000000000 ) ) ;
#1414 = CARTESIAN_POINT ( 'NONE',  ( 19.58821292735725805, 11.71089130713609450, 0.000000000000000000 ) ) ;
#1415 = CARTESIAN_POINT ( 'NONE',  ( -20.62209677019496823, -7.847588496223877108, -4.000000000000000000 ) ) ;
#1416 = CARTESIAN_POINT ( 'NONE',  ( -21.68400932030299444, 2.245235397778353015, 0.000000000000000000 ) ) ;
#1417 = CARTESIAN_POINT ( 'NONE',  ( -21.12263386550847954, -0.9645433511946365224, -4.000000000000000000 ) ) ;
#1418 = CARTESIAN_POINT ( 'NONE',  ( 5.511434109662957326, -21.16706053947264365, -4.000000000000000000 ) ) ;
#1419 = ORIENTED_EDGE ( 'NONE', *, *, #2745, .F. ) ;
#1420 = CARTESIAN_POINT ( 'NONE',  ( -14.61300362791339325, -16.53226074606681451, 0.000000000000000000 ) ) ;
#1421 = CARTESIAN_POINT ( 'NONE',  ( -11.03144477067790952, 18.15042237353861054, -4.000000000000000000 ) ) ;
#1422 = CARTESIAN_POINT ( 'NONE',  ( -22.20017227113294211, -3.252653846714200103, -4.000000000000000000 ) ) ;
#1423 = CARTESIAN_POINT ( 'NONE',  ( -5.348528770268318411, 21.46630262106306475, 0.000000000000000000 ) ) ;
#1424 = CARTESIAN_POINT ( 'NONE',  ( -10.88890590373231326, 18.35541626355848521, 0.000000000000000000 ) ) ;
#1425 = CARTESIAN_POINT ( 'NONE',  ( -22.44211105392952632, 4.724678761717170161, 0.000000000000000000 ) ) ;
#1426 = CARTESIAN_POINT ( 'NONE',  ( 22.15657846533722974, -2.390764034578149566, 0.000000000000000000 ) ) ;
#1427 = CARTESIAN_POINT ( 'NONE',  ( -8.860237739539297053, 21.15341875813862060, -4.000000000000000000 ) ) ;
#1428 = CARTESIAN_POINT ( 'NONE',  ( 2.904014192323562504, -22.81479010543602826, -4.000000000000000000 ) ) ;
#1429 = CARTESIAN_POINT ( 'NONE',  ( 1.257926768375587701, 22.71466927650083889, -4.000000000000000000 ) ) ;
#1430 = CARTESIAN_POINT ( 'NONE',  ( -5.439477973142065714, -21.50092367972664675, -4.000000000000000000 ) ) ;
#1431 = CARTESIAN_POINT ( 'NONE',  ( 14.18166562306855383, 17.73742200790328027, -4.000000000000000000 ) ) ;
#1432 = ORIENTED_EDGE ( 'NONE', *, *, #2592, .F. ) ;
#1433 = CARTESIAN_POINT ( 'NONE',  ( 22.89262382182330313, -0.9081887751129023023, 0.000000000000000000 ) ) ;
#1434 = CARTESIAN_POINT ( 'NONE',  ( -0.4943508176894119144, 21.71550991531048425, 0.000000000000000000 ) ) ;
#1435 = EDGE_CURVE ( 'NONE', #668, #639, #685, .T. ) ;
#1436 = CARTESIAN_POINT ( 'NONE',  ( 8.392052896060667067, -19.40797396644944683, 0.000000000000000000 ) ) ;
#1437 = CARTESIAN_POINT ( 'NONE',  ( 15.95187074585637710, 13.67818650900298216, 0.000000000000000000 ) ) ;
#1438 = CARTESIAN_POINT ( 'NONE',  ( -21.94990946333025406, 6.471491559627746248, -4.000000000000000000 ) ) ;
#1439 = CARTESIAN_POINT ( 'NONE',  ( -18.15625140016321026, -13.09774888915078961, 0.000000000000000000 ) ) ;
#1440 = CARTESIAN_POINT ( 'NONE',  ( 18.41882560490896381, -12.45098463714985293, 0.000000000000000000 ) ) ;
#1441 = CARTESIAN_POINT ( 'NONE',  ( 20.71004497320205573, 8.085430867093013063, 0.000000000000000000 ) ) ;
#1442 = CARTESIAN_POINT ( 'NONE',  ( -17.21631478046346331, 15.25232396492125986, -4.000000000000000000 ) ) ;
#1443 = CARTESIAN_POINT ( 'NONE',  ( -19.70601580275764775, -8.458929255087692667, -4.000000000000000000 ) ) ;
#1444 = B_SPLINE_SURFACE_WITH_KNOTS ( 'NONE', 3, 1, ( 
 ( #1162, #2687 ),
 ( #7, #2269 ),
 ( #2656, #4188 ),
 ( #353, #2969 ),
 ( #1417, #2630 ),
 ( #3336, #3749 ),
 ( #4777, #4820 ),
 ( #1392, #1082 ),
 ( #3288, #4134 ),
 ( #2944, #3770 ),
 ( #2922, #739 ),
 ( #4446, #1060 ),
 ( #4423, #2262 ),
 ( #376, #4055 ),
 ( #4471, #4495 ),
 ( #2558, #692 ),
 ( #4797, #1034 ),
 ( #2579, #4155 ),
 ( #2610, #4836 ),
 ( #4516, #4112 ),
 ( #1883, #4084 ),
 ( #666, #717 ),
 ( #1852, #2162 ),
 ( #2190, #1132 ),
 ( #2237, #2211 ),
 ( #3726, #329 ),
 ( #3382, #2650 ),
 ( #1828, #1106 ),
 ( #3698, #2 ),
 ( #1492, #3671 ),
 ( #3357, #3024 ),
 ( #271, #302 ),
 ( #1799, #1771 ),
 ( #1446, #3312 ),
 ( #1471, #2999 ),
 ( #2312, #1569 ),
 ( #1156, #2759 ),
 ( #1542, #812 ),
 ( #762, #3072 ),
 ( #4229, #3843 ),
 ( #3820, #4181 ),
 ( #3459, #838 ),
 ( #2382, #3795 ),
 ( #3518, #1595 ),
 ( #48, #1965 ),
 ( #1205, #78 ),
 ( #3888, #1231 ),
 ( #3101, #1907 ),
 ( #2781, #1250 ),
 ( #3152, #2019 ),
 ( #421, #443 ),
 ( #2334, #2288 ),
 ( #2726, #4583 ),
 ( #2357, #3126 ),
 ( #3866, #4638 ),
 ( #3408, #4560 ),
 ( #1934, #472 ),
 ( #2679, #4253 ),
 ( #1180, #1989 ),
 ( #400, #2701 ),
 ( #3489, #104 ),
 ( #4609, #786 ),
 ( #865, #495 ),
 ( #4541, #126 ),
 ( #3432, #1620 ),
 ( #27, #1515 ),
 ( #3051, #4206 ),
 ( #980, #1683 ),
 ( #935, #2848 ),
 ( #2130, #1321 ),
 ( #1740, #609 ),
 ( #2500, #3218 ),
 ( #4323, #886 ),
 ( #4705, #3591 ),
 ( #3955, #215 ),
 ( #153, #4371 ),
 ( #2435, #4349 ),
 ( #1296, #4000 ),
 ( #2823, #2458 ),
 ( #1643, #3642 ),
 ( #1362, #242 ),
 ( #518, #1338 ),
 ( #170, #3264 ),
 ( #3933, #2479 ),
 ( #3568, #1664 ),
 ( #3173, #3194 ),
 ( #566, #4748 ),
 ( #2406, #2040 ),
 ( #2079, #959 ),
 ( #4274, #541 ),
 ( #3974, #3909 ),
 ( #2059, #3544 ),
 ( #589, #4678 ),
 ( #4657, #189 ),
 ( #2802, #2102 ),
 ( #1274, #3621 ),
 ( #914, #4297 ),
 ( #1712, #3242 ),
 ( #4723, #2867 ),
 ( #266, #3330 ),
 ( #1765, #1100 ),
 ( #4440, #1439 ),
 ( #733, #4813 ),
 ( #2938, #2256 ),
 ( #2574, #4489 ),
 ( #2524, #1053 ),
 ( #3282, #2963 ),
 ( #635, #4076 ),
 ( #714, #3665 ),
 ( #4789, #1027 ),
 ( #4417, #1412 ),
 ( #687, #2205 ),
 ( #4772, #4128 ),
 ( #4851, #3766 ),
 ( #2229, #1387 ),
 ( #321, #3718 ),
 ( #1792, #2551 ),
 ( #1004, #2183 ),
 ( #3689, #2914 ),
 ( #2624, #1822 ),
 ( #4108, #4022 ),
 ( #659, #4048 ),
 ( #3375, #295 ),
 ( #1845, #2156 ),
 ( #4464, #3307 ),
 ( #2888, #1077 ),
 ( #3353, #4831 ),
 ( #369, #2605 ),
 ( #4394, #3743 ),
 ( #1877, #348 ),
 ( #1465, #2990 ),
 ( #2328, #4149 ),
 ( #3479, #2009 ),
 ( #1533, #3809 ),
 ( #2305, #2752 ),
 ( #4554, #2670 ),
 ( #21, #4225 ),
 ( #4246, #69 ),
 ( #415, #803 ),
 ( #3426, #4201 ),
 ( #3043, #395 ),
 ( #3835, #859 ),
 ( #830, #779 ),
 ( #3791, #1956 ),
 ( #1898, #4600 ),
 ( #1589, #437 ),
 ( #2645, #3510 ),
 ( #3066, #3880 ),
 ( #4577, #1150 ),
 ( #1174, #3859 ),
 ( #2350, #2374 ),
 ( #1224, #3401 ),
 ( #98, #465 ),
 ( #1508, #1196 ),
 ( #1983, #1926 ),
 ( #41, #2695 ),
 ( #3450, #755 ),
 ( #2281, #4536 ),
 ( #1560, #4174 ),
 ( #3093, #2721 ),
 ( #489, #3120 ),
 ( #4512, #1487 ),
 ( #3017, #1126 ),
 ( #4574, #2668 ),
 ( #2694, #4125 ),
 ( #753, #3788 ),
 ( #1981, #1896 ),
 ( #434, #730 ),
 ( #1464, #2304 ),
 ( #2255, #1532 ),
 ( #414, #3763 ),
 ( #367, #802 ),
 ( #1874, #2326 ),
 ( #1485, #1955 ),
 ( #879, #952 ),
 ( #2052, #1289 ),
 ( #3142, #2472 ),
 ( #858, #906 ),
 ( #3879, #4314 ),
 ( #3923, #2793 ),
 ( #3167, #929 ),
 ( #2815, #184 ),
 ( #1655, #4291 ),
 ( #2774, #3948 ),
 ( #4651, #166 ),
 ( #1222, #1266 ),
 ( #2749, #2424 ),
 ( #4598, #559 ),
 ( #4266, #1677 ),
 ( #4244, #2072 ),
 ( #534, #3582 ),
 ( #2372, #2400 ),
 ( #2452, #3560 ),
 ( #3119, #3903 ),
 ( #1611, #3212 ),
 ( #510, #1245 ),
 ( #488, #2007 ),
 ( #4629, #4697 ),
 ( #3189, #2033 ),
 ( #1315, #144 ),
 ( #3509, #4672 ),
 ( #2839, #4343 ),
 ( #117, #3537 ),
 ( #3968, #1636 ),
 ( #579, #3478 ),
 ( #96, #1587 ),
 ( #4384, #2094 ),
 ( #3323, #651 ),
 ( #3258, #3635 ),
 ( #4784, #1379 ),
 ( #284, #2956 ),
 ( #4068, #4740 ),
 ( #679, #2905 ),
 ( #1404, #4434 ),
 ( #2544, #3710 ),
 ( #3683, #259 ),
 ( #1356, #4806 ),
 ( #3991, #2148 ),
 ( #2881, #1758 ),
 ( #4409, #1700 ),
 ( #313, #2930 ),
 ( #1019, #971 ),
 ( #2570, #2199 ),
 ( #3233, #4716 ),
 ( #2595, #3277 ),
 ( #1430, #1785 ),
 ( #4762, #4039 ),
 ( #1044, #1813 ),
 ( #4456, #4013 ),
 ( #4363, #1070 ),
 ( #4101, #3612 ),
 ( #2175, #232 ),
 ( #204, #2493 ),
 ( #3300, #1332 ),
 ( #2860, #601 ),
 ( #2121, #1729 ),
 ( #998, #2516 ),
 ( #624, #4645 ),
 ( #1235, #4119 ),
 ( #2764, #478 ),
 ( #3497, #2980 ),
 ( #1256, #1993 ),
 ( #1837, #134 ),
 ( #4587, #2638 ),
 ( #361, #4482 ),
 ( #501, #2788 ),
 ( #3735, #3130 ),
 ( #3009, #3847 ),
 ( #2340, #4615 ),
 ( #2362, #2249 ),
 ( #1093, #82 ),
 ( #3345, #4506 ),
 ( #818, #4233 ),
 ( #1971, #1865 ),
 ( #4844, #2618 ),
 ( #706, #726 ),
 ( #1577, #4213 ),
 ( #1480, #3106 ),
 ( #450, #3465 ),
 ( #3758, #3366 ),
 ( #4256, #1115 ),
 ( #1210, #3870 ),
 ( #871, #2731 ),
 ( #845, #107 ),
 ( #1603, #4826 ),
 ( #1455, #2390 ),
 ( #3893, #2024 ),
 ( #3525, #1628 ),
 ( #342, #3159 ),
 ( #2806, #1324 ),
 ( #3979, #1367 ),
 ( #986, #940 ),
 ( #593, #2413 ),
 ( #3645, #2463 ),
 ( #4755, #176 ),
 ( #3246, #524 ),
 ( #2506, #2440 ),
 ( #4280, #4355 ),
 ( #3960, #2135 ),
 ( #1717, #4301 ),
 ( #920, #4005 ),
 ( #3269, #1646 ),
 ( #1667, #1744 ),
 ( #2853, #2108 ),
 ( #3938, #895 ),
 ( #3177, #1688 ),
 ( #4662, #962 ),
 ( #1303, #546 ),
 ( #2064, #3625 ),
 ( #3222, #2484 ),
 ( #615, #3915 ),
 ( #2082, #1345 ),
 ( #248, #221 ),
 ( #2871, #4709 ),
 ( #4729, #4374 ),
 ( #2045, #3573 ),
 ( #3549, #1281 ),
 ( #159, #3200 ),
 ( #4684, #2830 ),
 ( #4330, #571 ),
 ( #3597, #193 ),
 ( #3750, #718 ),
 ( #3000, #4798 ),
 ( #740, #4821 ),
 ( #2945, #2263 ),
 ( #2580, #4496 ),
 ( #2531, #4447 ),
 ( #272, #3337 ),
 ( #638, #4085 ),
 ( #2238, #3672 ),
 ( #1418, #1035 ),
 ( #354, #2191 ),
 ( #303, #693 ),
 ( #1061, #2163 ),
 ( #1772, #3289 ),
 ( #1853, #1393 ),
 ( #330, #2212 ),
 ( #1800, #2559 ),
 ( #1010, #3699 ),
 ( #3313, #4778 ),
 ( #1107, #3727 ),
 ( #1829, #4029 ),
 ( #667, #4056 ),
 ( #3383, #1447 ),
 ( #3358, #2923 ),
 ( #2631, #2970 ),
 ( #3, #4472 ),
 ( #1083, #3771 ),
 ( #4837, #4424 ),
 ( #2893, #2611 ),
 ( #1884, #4113 ),
 ( #1472, #4135 ),
 ( #377, #4400 ),
 ( #3490, #2020 ),
 ( #1543, #3821 ),
 ( #2313, #2760 ),
 ( #4561, #2680 ),
 ( #28, #4230 ),
 ( #3844, #4584 ),
 ( #3127, #4517 ),
 ( #4254, #2358 ),
 ( #4610, #839 ),
 ( #813, #401 ),
 ( #1990, #1596 ),
 ( #866, #1206 ),
 ( #1181, #3073 ),
 ( #3867, #473 ),
 ( #2383, #3433 ),
 ( #3796, #105 ),
 ( #1232, #3889 ),
 ( #2727, #2335 ),
 ( #496, #1908 ),
 ( #2702, #4182 ),
 ( #3519, #787 ),
 ( #1493, #444 ),
 ( #1516, #3025 ),
 ( #1133, #2651 ),
 ( #4156, #3052 ),
 ( #763, #2289 ),
 ( #3409, #4542 ),
 ( #1157, #1570 ),
 ( #422, #1936 ),
 ( #1966, #49 ),
 ( #4207, #3460 ),
 ( #79, #3102 ),
 ( #3153, #2480 ),
 ( #4639, #936 ),
 ( #590, #2824 ),
 ( #1297, #1251 ),
 ( #3956, #2459 ),
 ( #2782, #3622 ),
 ( #171, #3592 ),
 ( #4324, #4658 ),
 ( #4298, #2407 ),
 ( #610, #519 ),
 ( #567, #2060 ),
 ( #915, #2080 ),
 ( #3569, #190 ),
 ( #1644, #3910 ),
 ( #2103, #1275 ),
 ( #216, #1684 ),
 ( #2041, #3219 ),
 ( #3545, #3243 ),
 ( #1665, #4706 ),
 ( #2868, #1322 ),
 ( #3195, #4372 ),
 ( #2849, #1713 ),
 ( #2131, #4350 ),
 ( #2501, #960 ),
 ( #2436, #4275 ),
 ( #2803, #3174 ),
 ( #4001, #3934 ),
 ( #3975, #4724 ),
 ( #1339, #887 ),
 ( #127, #154 ),
 ( #981, #1621 ),
 ( #542, #4679 ),
 ( #3354, #1005 ),
 ( #1741, #4749 ),
 ( #322, #1363 ),
 ( #4441, #2889 ),
 ( #2625, #2915 ),
 ( #1054, #4129 ),
 ( #688, #2939 ),
 ( #3666, #4418 ),
 ( #636, #660 ),
 ( #2206, #267 ),
 ( #3744, #715 ),
 ( #1413, #2230 ),
 ( #1846, #2964 ),
 ( #349, #4077 ),
 ( #1823, #296 ),
 ( #1388, #1466 ),
 ( #2157, #3690 ),
 ( #1028, #3308 ),
 ( #2575, #3265 ),
 ( #243, #2525 ),
 ( #3719, #4395 ),
 ( #4465, #1440 ),
 ( #4832, #2184 ),
 ( #3331, #1766 ),
 ( #4109, #2552 ),
 ( #4814, #1793 ),
 ( #4790, #4023 ),
 ( #1078, #2606 ),
 ( #1101, #2991 ),
 ( #4490, #4049 ),
 ( #3283, #734 ),
 ( #4773, #3643 ),
 ( #3044, #22 ),
 ( #3376, #4513 ),
 ( #370, #4578 ),
 ( #1878, #3067 ),
 ( #2722, #43 ),
 ( #3427, #4852 ),
 ( #1175, #4555 ),
 ( #1127, #1488 ),
 ( #4601, #2306 ),
 ( #3018, #2646 ),
 ( #2753, #4537 ),
 ( #1151, #2257 ),
 ( #1534, #4175 ),
 ( #2671, #2696 ),
 ( #780, #4202 ),
 ( #3792, #4150 ),
 ( #4226, #3402 ),
 ( #831, #804 ),
 ( #1561, #1197 ),
 ( #2329, #3860 ),
 ( #3836, #3811 ),
 ( #1509, #99 ),
 ( #416, #1590 ),
 ( #1927, #466 ),
 ( #756, #438 ),
 ( #2282, #1957 ),
 ( #396, #3451 ),
 ( #70, #1899 ),
 ( #3094, #2351 ),
 ( #1984, #3480 ),
 ( #3121, #1225 ),
 ( #4247, #3767 ),
 ( #1612, #119 ),
 ( #2054, #2010 ),
 ( #880, #1637 ),
 ( #4718, #3511 ),
 ( #535, #2861 ),
 ( #561, #3584 ),
 ( #3236, #1678 ),
 ( #3168, #2795 ),
 ( #1246, #4293 ),
 ( #3539, #3144 ),
 ( #4631, #2775 ),
 ( #3563, #4268 ),
 ( #2402, #4653 ),
 ( #1333, #3905 ),
 ( #512, #167 ),
 ( #860, #2074 ),
 ( #2034, #2375 ),
 ( #931, #1268 ),
 ( #206, #2426 ),
 ( #908, #3881 ),
 ( #4698, #145 ),
 ( #3969, #3925 ),
 ( #490, #2453 ),
 ( #1657, #3614 ),
 ( #3214, #3190 ),
 ( #4673, #581 ),
 ( #1291, #2817 ),
 ( #4345, #3949 ),
 ( #4315, #185 ),
 ( #1316, #2842 ),
 ( #953, #2473 ),
 ( #2096, #1703 ),
 ( #2546, #627 ),
 ( #2883, #2201 ),
 ( #1786, #2571 ),
 ( #1071, #2494 ),
 ( #2221, #315 ),
 ( #3660, #653 ),
 ( #4785, #3684 ),
 ( #2597, #4808 ),
 ( #2932, #2152 ),
 ( #1406, #1358 ),
 ( #3737, #261 ),
 ( #4104, #3301 ),
 ( #4411, #973 ),
 ( #345, #1380 ),
 ( #1732, #3327 ),
 ( #3714, #708 ),
 ( #4070, #287 ),
 ( #4435, #1761 ),
 ( #4827, #1021 ),
 ( #1839, #682 ),
 ( #4041, #2177 ),
 ( #1816, #1433 ),
 ( #3347, #2907 ),
 ( #3259, #2958 ),
 ( #4458, #1458 ),
 ( #4364, #1047 ),
 ( #3279, #3994 ),
 ( #603, #4764 ),
 ( #2124, #234 ),
 ( #3637, #4742 ) ),
 .UNSPECIFIED., .F., .F., .F.,
 ( 4, 1, 1, 1, 1, 1, 1, 1, 1, 1, 1, 1, 1, 1, 1, 1, 1, 1, 1, 1, 1, 1, 1, 1, 1, 1, 1, 1, 1, 1, 1, 1, 1, 1, 1, 1, 1, 1, 1, 1, 1, 1, 1, 1, 1, 1, 1, 1, 1, 1, 1, 1, 1, 1, 1, 1, 1, 1, 1, 1, 1, 1, 1, 1, 1, 1, 1, 1, 1, 1, 1, 1, 1, 1, 1, 1, 1, 1, 1, 1, 1, 1, 1, 1, 1, 1, 1, 1, 1, 1, 1, 1, 1, 1, 1, 1, 1, 1, 1, 1, 1, 1, 1, 1, 1, 1, 1, 1, 1, 1, 1, 1, 1, 1, 1, 1, 1, 1, 1, 1, 1, 1, 1, 1, 1, 1, 1, 1, 1, 1, 1, 1, 1, 1, 1, 1, 1, 1, 1, 1, 1, 1, 1, 1, 1, 1, 1, 1, 1, 1, 1, 1, 1, 1, 1, 1, 1, 1, 1, 1, 1, 1, 1, 1, 1, 1, 1, 1, 1, 1, 1, 1, 1, 1, 1, 1, 1, 1, 1, 1, 1, 1, 1, 1, 1, 1, 1, 1, 1, 1, 1, 1, 1, 1, 1, 1, 1, 1, 1, 1, 1, 1, 1, 1, 1, 1, 1, 1, 1, 1, 1, 1, 1, 1, 1, 1, 1, 1, 1, 1, 1, 1, 1, 1, 1, 1, 1, 1, 1, 1, 1, 1, 1, 1, 1, 1, 1, 1, 1, 1, 1, 1, 1, 1, 1, 1, 1, 1, 1, 1, 1, 1, 1, 1, 1, 1, 1, 1, 1, 1, 1, 1, 1, 1, 1, 1, 1, 1, 1, 1, 1, 1, 1, 1, 1, 1, 1, 1, 1, 1, 1, 1, 1, 1, 1, 1, 1, 1, 1, 1, 1, 1, 1, 1, 1, 1, 1, 1, 1, 1, 1, 1, 1, 1, 1, 1, 1, 1, 1, 1, 1, 1, 1, 1, 1, 1, 1, 1, 1, 1, 1, 1, 1, 1, 1, 1, 1, 1, 1, 1, 1, 1, 1, 1, 1, 1, 1, 1, 1, 1, 1, 1, 1, 1, 1, 1, 1, 1, 1, 1, 1, 1, 1, 1, 1, 1, 1, 1, 1, 1, 1, 1, 1, 1, 1, 1, 1, 1, 1, 1, 1, 1, 1, 1, 1, 1, 1, 1, 1, 1, 1, 1, 1, 1, 1, 1, 1, 1, 1, 1, 1, 1, 1, 1, 1, 1, 1, 1, 1, 1, 1, 1, 1, 1, 1, 1, 1, 1, 1, 1, 1, 1, 1, 1, 1, 1, 1, 1, 1, 1, 1, 1, 1, 1, 1, 1, 1, 1, 1, 1, 1, 1, 1, 1, 1, 1, 1, 1, 1, 1, 1, 1, 1, 1, 1, 1, 1, 1, 1, 1, 1, 1, 1, 1, 1, 1, 1, 1, 1, 1, 1, 1, 1, 1, 1, 1, 1, 1, 1, 1, 1, 1, 1, 1, 1, 1, 1, 1, 1, 1, 1, 1, 1, 1, 1, 1, 1, 1, 1, 1, 1, 1, 1, 1, 1, 1, 1, 1, 1, 1, 1, 1, 1, 1, 1, 1, 1, 1, 1, 1, 1, 1, 1, 1, 1, 1, 1, 1, 1, 1, 4 ),
 ( 2, 2 ),
 ( 0.4999999999999992784, 0.5022802248789010049, 0.5044771093550641794, 0.5065240323794533150, 0.5083806657851610566, 0.5100332638696584153, 0.5114886067133210812, 0.5127660418626411865, 0.5138906586961972112, 0.5148886490898578749, 0.5157846778270970267, 0.5166006716865607640, 0.5173554619778215624, 0.5180648769085074434, 0.5187420358741511306, 0.5193977085310612640, 0.5200406698826813834, 0.5206780212177153366, 0.5213154670317265982, 0.5219575479287498210, 0.5226078337534413309, 0.5232690825967915016, 0.5239433713467601672, 0.5246322029030289213, 0.5253365944349499550, 0.5260571503184793274, 0.5267941227191645925, 0.5275474622188168761, 0.5283168604133356983, 0.5291017860279847440, 0.5299015157907581708, 0.5307151610609937009, 0.5315416910171548714, 0.5323799530547232983, 0.5332286909242099915, 0.5340865610438476629, 0.5349521473464210475, 0.5358239749608340041, 0.5367005229833028412, 0.5375802365580784059, 0.5384615384615382139, 0.5393428403649980218, 0.5402225539397738086, 0.5410991019622426457, 0.5419709295766554913, 0.5428365158792288758, 0.5436943859988664363, 0.5445431238683530184, 0.5453813859059216673, 0.5462079158620826158, 0.5470215611323183680, 0.5478212908950917948, 0.5486062165097407295, 0.5493756147042596627, 0.5501289542039118352, 0.5508659266045972114, 0.5515864824881265838, 0.5522908740200477284, 0.5529797055763164826, 0.5536539943262848151, 0.5543152431696350968, 0.5549655289943266068, 0.5556076098913500516, 0.5562450557053612021, 0.5568824070403947113, 0.5575253683920151637, 0.5581810410489254082, 0.5588582000145687623, 0.5595676149452548653, 0.5603224052365157748, 0.5611383990959796231, 0.5620344278332181087, 0.5630324182268792166, 0.5641570350604357964, 0.5654344702097545694, 0.5668898130534174573, 0.5685424111379152601, 0.5703990445436230017, 0.5724459675680128035, 0.5746428520441747567, 0.5769230769230758726, 0.5792033018019776547, 0.5814001862781407182, 0.5834471093025299648, 0.5853037427082375954, 0.5869563407927350651, 0.5884116836363976200, 0.5896891187857177252, 0.5908137356192738610, 0.5918117260129345247, 0.5927077547501736765, 0.5935237486096374138, 0.5942785389008983232, 0.5949879538315842042, 0.5956651127972280024, 0.5963207854541381359, 0.5969637468057582552, 0.5976010981407922085, 0.5982385439548033590, 0.5988806248518265818, 0.5995309106765180918, 0.6001921595198682624, 0.6008664482698369280, 0.6015552798261056822, 0.6022596713580267158, 0.6029802272415560882, 0.6037171996422413534, 0.6044705391418936369, 0.6052399373364124591, 0.6060248629510615048, 0.6068245927138349316, 0.6076382379840704617, 0.6084647679402315212, 0.6093030299778000591, 0.6101517678472866413, 0.6110096379669243127, 0.6118752242694976973, 0.6127470518839106539, 0.6136235999063794910, 0.6145033134811550557, 0.6153846153846150857, 0.6162659172880747827, 0.6171456308628504583, 0.6180221788853194065, 0.6188940064997322521, 0.6197595928023056366, 0.6206174629219431971, 0.6214662007914297792, 0.6223044628289984281, 0.6231309927851593766, 0.6239446380553950178, 0.6247443678181684446, 0.6255292934328173793, 0.6262986916273363125, 0.6270520311269883740, 0.6277890035276737501, 0.6285095594112031225, 0.6292139509431242672, 0.6299027824993930214, 0.6305770712493614649, 0.6312383200927116356, 0.6318886059174031455, 0.6325306868144265904, 0.6331681326284377409, 0.6338054839634712501, 0.6344484453150917025, 0.6351041179720020580, 0.6357812769376454121, 0.6364906918683315151, 0.6372454821595924246, 0.6380614760190562729, 0.6389575047562947585, 0.6399554951499558664, 0.6410801119835124462, 0.6423575471328312192, 0.6438128899764941071, 0.6454654880609920209, 0.6473221214666996515, 0.6493690444910894533, 0.6515659289672515175, 0.6538461538461526334, 0.6561263787250544155, 0.6583232632012174790, 0.6603701862256067256, 0.6622268196313143562, 0.6638794177158117149, 0.6653347605594743808, 0.6666121957087944860, 0.6677368125423505107, 0.6687348029360111745, 0.6696308316732503263, 0.6704468255327140636, 0.6712016158239748620, 0.6719110307546608540, 0.6725881897203044302, 0.6732438623772145636, 0.6738868237288347940, 0.6745241750638686362, 0.6751616208778798978, 0.6758037017749031206, 0.6764539875995946305, 0.6771152364429448012, 0.6777895251929134668, 0.6784783567491821099, 0.6791827482811031436, 0.6799033041646325159, 0.6806402765653178921, 0.6813936160649700646, 0.6821630142594889978, 0.6829479398741380436, 0.6837476696369115814, 0.6845613149071470005, 0.6853878448633080600, 0.6862261069008765979, 0.6870748447703632911, 0.6879327148900008515, 0.6887983011925742360, 0.6896701288069873037, 0.6905466768294560298, 0.6914263904042317055, 0.6923076923076914024, 0.6931889942111513214, 0.6940687077859269971, 0.6949452558083958342, 0.6958170834228087909, 0.6966826697253820644, 0.6975405398450197358, 0.6983892777145063180, 0.6992275397520748559, 0.7000540697082359154, 0.7008677149784715565, 0.7016674447412449833, 0.7024523703558938070, 0.7032217685504128513, 0.7039751080500649127, 0.7047120804507501779, 0.7054326363342796613, 0.7061370278662006950, 0.7068258594224695601, 0.7075001481724380037, 0.7081613970157881743, 0.7088116828404797953, 0.7094537637375031291, 0.7100912095515142797, 0.7107285608865477888, 0.7113715222381683523, 0.7120271948950785967, 0.7127043538607219508, 0.7134137687914079429, 0.7141685590826688523, 0.7149845529421327006, 0.7158805816793712973, 0.7168785720730322941, 0.7180031889065889850, 0.7192806240559077580, 0.7207359668995706459, 0.7223885649840684486, 0.7242451983897761902, 0.7262921214141658810, 0.7284890058903280563, 0.7307692307692290612, 0.7330494556481308432, 0.7352463401242940177, 0.7372932631486831534, 0.7391498965543908950, 0.7408024946388882537, 0.7422578374825508085, 0.7435352726318710248, 0.7446598894654269385, 0.7456578798590877133, 0.7465539085963267540, 0.7473699024557904913, 0.7481246927470512897, 0.7488341076777372818, 0.7495112666433810800, 0.7501669393002912134, 0.7508099006519113328, 0.7514472519869451750, 0.7520846978009563255, 0.7527267786979795483, 0.7533770645226711693, 0.7540383133660214510, 0.7547126021159900056, 0.7554014336722587597, 0.7561058252041797934, 0.7568263810877091657, 0.7575633534883945419, 0.7583166929880467144, 0.7590860911825655366, 0.7598710167972146934, 0.7606707465599881202, 0.7614843918302236503, 0.7623109217863845988, 0.7631491838239531367, 0.7639979216934398298, 0.7648557918130773903, 0.7657213781156507748, 0.7665932057300638425, 0.7674697537525325686, 0.7683494673273082443, 0.7692307692307681632, 0.7701120711342280822, 0.7709917847090037579, 0.7718683327314725950, 0.7727401603458855517, 0.7736057466484588252, 0.7744636167680964967, 0.7753123546375829678, 0.7761506166751516167, 0.7769771466313126762, 0.7777907919015483174, 0.7785905216643217441, 0.7793754472789706789, 0.7801448454734897231, 0.7808981849731417846, 0.7816351573738270497, 0.7823557132573564221, 0.7830601047892775668, 0.7837489363455464320, 0.7844232250955148755, 0.7850844739388650462, 0.7857347597635565561, 0.7863768406605800010, 0.7870142864745911515, 0.7876516378096246607, 0.7882945991612451131, 0.7889502718181554686, 0.7896274307837988227, 0.7903368457144848147, 0.7910916360057457242, 0.7919076298652095725, 0.7928036586024480581, 0.7938016489961091660, 0.7949262658296658568, 0.7962037009789846298, 0.7976590438226475177, 0.7993116419071453205, 0.8011682753128529511, 0.8032151983372427528, 0.8054120828134048171, 0.8076923076923059330, 0.8099725325712077151, 0.8121694170473707786, 0.8142163400717600252, 0.8160729734774677668, 0.8177255715619651255, 0.8191809144056276804, 0.8204583495549478966, 0.8215829663885039214, 0.8225809567821645851, 0.8234769855194037369, 0.8242929793788675852, 0.8250477696701283836, 0.8257571846008142646, 0.8264343435664580628, 0.8270900162233681963, 0.8277329775749883156, 0.8283703289100222689, 0.8290077747240334194, 0.8296498556210566422, 0.8303001414457482632, 0.8309613902890984338, 0.8316356790390670994, 0.8323245105953357426, 0.8330289021272567762, 0.8337494580107862596, 0.8344864304114715248, 0.8352397699111238083, 0.8360091681056426305, 0.8367940937202916762, 0.8375938234830651030, 0.8384074687533005221, 0.8392339987094616927, 0.8400722607470302306, 0.8409209986165168127, 0.8417788687361544842, 0.8426444550387278687, 0.8435162826531409364, 0.8443928306756097735, 0.8452725442503853381, 0.8461538461538452571, 0.8470351480573050651, 0.8479148616320808518, 0.8487914096545497999, 0.8496632372689627566, 0.8505288235715361411, 0.8513866936911737016, 0.8522354315606602837, 0.8530736935982289326, 0.8539002235543898811, 0.8547138688246254112, 0.8555135985873989490, 0.8562985242020477727, 0.8570679223965668170, 0.8578212618962188785, 0.8585582342969041436, 0.8592787901804336270, 0.8599831817123546607, 0.8606720132686235258, 0.8613463020185919694, 0.8620075508619421401, 0.8626578366866336500, 0.8632999175836569838, 0.8639373633976681344, 0.8645747147327017545, 0.8652176760843223180, 0.8658733487412326735, 0.8665505077068760276, 0.8672599226375620196, 0.8680147129288230401, 0.8688307067882869994, 0.8697267355255253740, 0.8707247259191865929, 0.8718493427527431727, 0.8731267779020619457, 0.8745821207457247226, 0.8762347188302226364, 0.8780913522359303780, 0.8801382752603200688, 0.8823351597364821330, 0.8846153846153832490, 0.8868956094942850310, 0.8890924939704482055, 0.8911394169948373412, 0.8929960504005450828, 0.8946486484850424414, 0.8961039913287049963, 0.8973814264780252126, 0.8985060433115813483, 0.8995040337052421231, 0.9004000624424811638, 0.9012160563019449011, 0.9019708465932056995, 0.9026802615238916916, 0.9033574204895354898, 0.9040130931464456232, 0.9046560544980657426, 0.9052934058330996958, 0.9059308516471108463, 0.9065729325441340691, 0.9072232183688256901, 0.9078844672121759718, 0.9085587559621445264, 0.9092475875184131695, 0.9099519790503342032, 0.9106725349338636866, 0.9114095073345490627, 0.9121628468342012352, 0.9129322450287200574, 0.9137171706433692142, 0.9145169004061426410, 0.9153305456763780601, 0.9161570756325391196, 0.9169953376701077685, 0.9178440755395943507, 0.9187019456592319111, 0.9195675319618052956, 0.9204393595762184743, 0.9213159075986872004, 0.9221956211734628761, 0.9230769230769226841, 0.9239582249803826031, 0.9248379385551581677, 0.9257144865776271159, 0.9265863141920400725, 0.9274519004946132350, 0.9283097706142509065, 0.9291585084837374886, 0.9299967705213060265, 0.9308233004774671970, 0.9316369457477027272, 0.9324366755104762650, 0.9332216011251250887, 0.9339909993196441329, 0.9347443388192961944, 0.9354813112199814595, 0.9362018671035109429, 0.9369062586354319766, 0.9375950901917008418, 0.9382693789416692853, 0.9389306277850194560, 0.9395809136097109660, 0.9402229945067342998, 0.9408604403207454503, 0.9414977916557790705, 0.9421407530073996339, 0.9427964256643099894, 0.9434735846299533435, 0.9441829995606393355, 0.9449377898519003560, 0.9457537837113643153, 0.9466498124486026899, 0.9476478028422639088, 0.9487724196758204886, 0.9500498548251392616, 0.9515051976688020385, 0.9531577957532999523, 0.9550144291590076939, 0.9570613521833973847, 0.9592582366595594490, 0.9615384615384605649, 0.9638186864173623469, 0.9660155708935255214, 0.9680624939179146571, 0.9699191273236223987, 0.9715717254081196463, 0.9730270682517823122, 0.9743045034011025285, 0.9754291202346586642, 0.9764271106283194390, 0.9773231393655583688, 0.9781391332250221060, 0.9788939235162830155, 0.9796033384469690075, 0.9802804974126128057, 0.9809361700695229391, 0.9815791314211430585, 0.9822164827561770117, 0.9828539285701881623, 0.9834960094672113851, 0.9841462952919030061, 0.9848075441352532877, 0.9854818328852218423, 0.9861706644414904854, 0.9868750559734115191, 0.9875956118569410025, 0.9883325842576263787, 0.9890859237572785512, 0.9898553219517973734, 0.9906402475664465301, 0.9914399773292199569, 0.9922536225994553760, 0.9930801525556164355, 0.9939184145931850844, 0.9947671524626716666, 0.9956250225823092270, 0.9964906088848826116, 0.9973624364992957902, 0.9982389845217645163, 0.9991186980965401920, 1.000000000000000000 ),
 ( 0.000000000000000000, 1.000000000000000000 ),
 .UNSPECIFIED. ) ;
#1445 = CARTESIAN_POINT ( 'NONE',  ( 2.904014192323573607, 22.81479010543602470, -4.000000000000000000 ) ) ;
#1446 = CARTESIAN_POINT ( 'NONE',  ( -22.44313168229286859, -4.470410355436083449, -4.000000000000000000 ) ) ;
#1447 = CARTESIAN_POINT ( 'NONE',  ( 8.088152775219027646, -19.45122648637158136, 0.000000000000000000 ) ) ;
#1448 = FACE_OUTER_BOUND ( 'NONE', #3034, .T. ) ;
#1449 = CARTESIAN_POINT ( 'NONE',  ( -18.11579714807045249, -13.40051544206606593, 0.000000000000000000 ) ) ;
#1450 = CARTESIAN_POINT ( 'NONE',  ( -21.68400932030298733, -2.245235397778349906, -4.000000000000000000 ) ) ;
#1451 = CARTESIAN_POINT ( 'NONE',  ( -4.842583601908457602, 21.25527525704974607, 0.000000000000000000 ) ) ;
#1452 = CARTESIAN_POINT ( 'NONE',  ( -10.67698286436429989, 18.71147212199528553, -4.000000000000000000 ) ) ;
#1453 = CARTESIAN_POINT ( 'NONE',  ( -22.26010680064554137, 5.759810847278162171, 0.000000000000000000 ) ) ;
#1454 = CARTESIAN_POINT ( 'NONE',  ( 22.39034930273993851, -2.070313421045507418, 0.000000000000000000 ) ) ;
#1455 = CARTESIAN_POINT ( 'NONE',  ( 0.8346376376410460374, -22.56436629873352828, -4.000000000000000000 ) ) ;
#1456 = CARTESIAN_POINT ( 'NONE',  ( 13.83449488849161924, 18.22869934018957494, -4.000000000000000000 ) ) ;
#1457 = DATE_AND_TIME ( #62, #1705 ) ;
#1458 = CARTESIAN_POINT ( 'NONE',  ( 22.96472145361869366, -0.5273686763883274065, 0.000000000000000000 ) ) ;
#1459 = CARTESIAN_POINT ( 'NONE',  ( -17.12653607385810872, 15.35023478957749532, -4.000000000000000000 ) ) ;
#1460 = CARTESIAN_POINT ( 'NONE',  ( -1.111460075045905160, 21.31324082560938749, 0.000000000000000000 ) ) ;
#1461 = CARTESIAN_POINT ( 'NONE',  ( 7.444813141596315020, -19.63035893048888880, 0.000000000000000000 ) ) ;
#1462 = CARTESIAN_POINT ( 'NONE',  ( 15.17090792698332713, 14.72886818338918324, 0.000000000000000000 ) ) ;
#1463 = CARTESIAN_POINT ( 'NONE',  ( -16.21641532725007906, -16.05836027834629931, -4.000000000000000000 ) ) ;
#1464 = CARTESIAN_POINT ( 'NONE',  ( -10.67698286436428923, -18.71147212199528553, -4.000000000000000000 ) ) ;
#1465 = CARTESIAN_POINT ( 'NONE',  ( -16.32253894830787999, -15.99684657017555800, -4.000000000000000000 ) ) ;
#1466 = CARTESIAN_POINT ( 'NONE',  ( 17.83716394441303521, -12.65922352464749778, 0.000000000000000000 ) ) ;
#1467 = CARTESIAN_POINT ( 'NONE',  ( 18.86354708643816380, 12.23848564479274614, 0.000000000000000000 ) ) ;
#1468 = CARTESIAN_POINT ( 'NONE',  ( -21.31935372223080805, -7.296648360000073552, -4.000000000000000000 ) ) ;
#1469 = CARTESIAN_POINT ( 'NONE',  ( 1.489498614487865247, 22.77332770528892780, -4.000000000000000000 ) ) ;
#1470 = CYLINDRICAL_SURFACE ( 'NONE', #4626, 5.000000000000000888 ) ;
#1471 = CARTESIAN_POINT ( 'NONE',  ( -22.44474957922670910, -4.596765017330784353, -4.000000000000000000 ) ) ;
#1472 = CARTESIAN_POINT ( 'NONE',  ( 9.788587241230342073, -19.47872947641211994, -4.000000000000000000 ) ) ;
#1473 = CARTESIAN_POINT ( 'NONE',  ( -12.12435565298206086, 7.000000000000141220, -6.000000000000000000 ) ) ;
#1474 = CARTESIAN_POINT ( 'NONE',  ( -19.53409718184668620, 8.597012578739899880, -4.000000000000000000 ) ) ;
#1476 = CARTESIAN_POINT ( 'NONE',  ( -21.54363463193363160, -1.993817810941276081, -4.000000000000000000 ) ) ;
#1475 = PRODUCT_RELATED_PRODUCT_CATEGORY ( 'detail', '', ( #2302 ) ) ;
#1477 = CARTESIAN_POINT ( 'NONE',  ( -21.20407965231138192, -1.231914024922829087, 0.000000000000000000 ) ) ;
#1478 = CARTESIAN_POINT ( 'NONE',  ( 21.49759199204718740, -3.108261918880991459, 0.000000000000000000 ) ) ;
#1479 = APPROVAL ( #652, 'æœª' ) ;
#1480 = CARTESIAN_POINT ( 'NONE',  ( 0.1359087958816566077, -22.17789819845265598, -4.000000000000000000 ) ) ;
#1481 = VERTEX_POINT ( 'NONE', #3845 ) ;
#1482 = CARTESIAN_POINT ( 'NONE',  ( 22.99848482850784848, 0.1328215991950528752, 0.000000000000000000 ) ) ;
#1483 = CARTESIAN_POINT ( 'NONE',  ( 1.609724419164919818, 22.79765701126126132, 0.000000000000000000 ) ) ;
#1484 = CARTESIAN_POINT ( 'NONE',  ( 5.175558906586990027, -21.56597388726454056, 0.000000000000000000 ) ) ;
#1485 = CARTESIAN_POINT ( 'NONE',  ( -10.36776592877072822, -19.33656337675048320, -4.000000000000000000 ) ) ;
#1486 = CARTESIAN_POINT ( 'NONE',  ( 17.12435565298211060, -7.000000000000056843, 0.000000000000000000 ) ) ;
#1487 = CARTESIAN_POINT ( 'NONE',  ( -11.92633278975211830, -17.27827597421669026, 0.000000000000000000 ) ) ;
#1488 = CARTESIAN_POINT ( 'NONE',  ( 20.01157765848165226, -11.24409674075326215, 0.000000000000000000 ) ) ;
#1489 = CARTESIAN_POINT ( 'NONE',  ( 18.59620182488611206, 12.37401509496209862, 0.000000000000000000 ) ) ;
#1490 = CARTESIAN_POINT ( 'NONE',  ( 20.30242169740234104, 10.80553650704881186, -4.000000000000000000 ) ) ;
#1491 = CARTESIAN_POINT ( 'NONE',  ( 2.375982835903395873, 22.86068615957974259, 0.000000000000000000 ) ) ;
#1492 = CARTESIAN_POINT ( 'NONE',  ( -22.39742744632050986, -3.986705893618942120, -4.000000000000000000 ) ) ;
#1493 = CARTESIAN_POINT ( 'NONE',  ( 12.25706784425205065, -19.35617007985193894, -4.000000000000000000 ) ) ;
#1494 = DIRECTION ( 'NONE',  ( -0.000000000000000000, -0.000000000000000000, 1.000000000000000000 ) ) ;
#1495 = CARTESIAN_POINT ( 'NONE',  ( 9.503730163328052427, 19.43663076770573639, 0.000000000000000000 ) ) ;
#1496 = CARTESIAN_POINT ( 'NONE',  ( 22.27556337986286650, -2.236015871788900711, -4.000000000000000000 ) ) ;
#1497 = CARTESIAN_POINT ( 'NONE',  ( -10.59729946092185138, 18.86268132458961233, -4.000000000000000000 ) ) ;
#1498 = CARTESIAN_POINT ( 'NONE',  ( -22.44211105392952277, -4.724678761717163944, 0.000000000000000000 ) ) ;
#1499 = DIRECTION ( 'NONE',  ( 0.000000000000000000, 0.000000000000000000, -1.000000000000000000 ) ) ;
#1500 = CARTESIAN_POINT ( 'NONE',  ( 0.6436398694731745307, 22.47664715384596690, 0.000000000000000000 ) ) ;
#1501 = ORIENTED_EDGE ( 'NONE', *, *, #1202, .T. ) ;
#1502 = DIRECTION ( 'NONE',  ( 1.000000000000000000, 0.000000000000000000, 0.000000000000000000 ) ) ;
#1503 = CARTESIAN_POINT ( 'NONE',  ( -10.23136038523248814, 19.61448885117687979, 0.000000000000000000 ) ) ;
#1504 = CARTESIAN_POINT ( 'NONE',  ( 15.17090792698333068, -14.72886818338915482, 0.000000000000000000 ) ) ;
#1505 = CARTESIAN_POINT ( 'NONE',  ( 15.71473732662324529, 13.92204242230083189, -4.000000000000000000 ) ) ;
#1506 = CARTESIAN_POINT ( 'NONE',  ( -13.87905924079402098, -16.59744610498876582, -4.000000000000000000 ) ) ;
#1507 = CARTESIAN_POINT ( 'NONE',  ( 20.30242169740234104, 10.80553650704881186, -4.000000000000000000 ) ) ;
#1508 = CARTESIAN_POINT ( 'NONE',  ( -13.87905924079402098, -16.59744610498876582, -4.000000000000000000 ) ) ;
#1509 = CARTESIAN_POINT ( 'NONE',  ( 20.74536345487271660, -9.589279067479342444, -4.000000000000000000 ) ) ;
#1510 = CARTESIAN_POINT ( 'NONE',  ( 14.71695605913790494, 16.18121015808957353, 0.000000000000000000 ) ) ;
#1511 = CARTESIAN_POINT ( 'NONE',  ( 20.08917054442649430, 11.13919997127609385, 0.000000000000000000 ) ) ;
#1512 = CARTESIAN_POINT ( 'NONE',  ( 11.33340381907174610, -19.58147747135110706, -4.000000000000000000 ) ) ;
#1513 = CARTESIAN_POINT ( 'NONE',  ( -4.232730576400632216, 21.02295257162312225, -4.000000000000000000 ) ) ;
#1514 = CARTESIAN_POINT ( 'NONE',  ( 22.96472145361868655, 0.5273686763883617123, -4.000000000000000000 ) ) ;
#1515 = CARTESIAN_POINT ( 'NONE',  ( -20.78488896738855018, -7.737314153829968788, 0.000000000000000000 ) ) ;
#1516 = CARTESIAN_POINT ( 'NONE',  ( 12.37573363895109679, -19.30834417696301486, -4.000000000000000000 ) ) ;
#1517 = CARTESIAN_POINT ( 'NONE',  ( 5.000000000000000888, 14.00000000000000000, 0.000000000000000000 ) ) ;
#1518 = CARTESIAN_POINT ( 'NONE',  ( 5.511434109662944891, 21.16706053947267208, -4.000000000000000000 ) ) ;
#1519 = CARTESIAN_POINT ( 'NONE',  ( 22.74513939634670479, -1.379518627932494468, -4.000000000000000000 ) ) ;
#1520 = CARTESIAN_POINT ( 'NONE',  ( -11.03144477067790952, 18.15042237353861054, -4.000000000000000000 ) ) ;
#1521 = CARTESIAN_POINT ( 'NONE',  ( -21.74592688421183695, 2.352662698596927893, 0.000000000000000000 ) ) ;
#1522 = CARTESIAN_POINT ( 'NONE',  ( -7.124355652982209186, -6.999999999999886313, -6.000000000000000000 ) ) ;
#1523 = CARTESIAN_POINT ( 'NONE',  ( 20.68850112096512817, 7.991468017176337924, 0.000000000000000000 ) ) ;
#1524 = CARTESIAN_POINT ( 'NONE',  ( 13.47946458834674921, 18.60001568748360512, -4.000000000000000000 ) ) ;
#1525 = ORIENTED_EDGE ( 'NONE', *, *, #3930, .T. ) ;
#1526 = CARTESIAN_POINT ( 'NONE',  ( 22.39034930273993496, 2.070313421045512747, -4.000000000000000000 ) ) ;
#1527 = CARTESIAN_POINT ( 'NONE',  ( -10.36776592877073355, 19.33656337675046544, 0.000000000000000000 ) ) ;
#1528 = CARTESIAN_POINT ( 'NONE',  ( 12.84246811570853630, -19.07246152098828063, 0.000000000000000000 ) ) ;
#1529 = CARTESIAN_POINT ( 'NONE',  ( -14.71177527412551278, -16.52188174842913426, -4.000000000000000000 ) ) ;
#1530 = CIRCLE ( 'NONE', #4693, 5.000000000000000888 ) ;
#1531 = CARTESIAN_POINT ( 'NONE',  ( 19.22635862625715220, -12.00805840096806776, -4.000000000000000000 ) ) ;
#1532 = CARTESIAN_POINT ( 'NONE',  ( -10.59729946092185493, -18.86268132458963365, 0.000000000000000000 ) ) ;
#1533 = CARTESIAN_POINT ( 'NONE',  ( -16.00418357823503257, -16.16801435209529103, -4.000000000000000000 ) ) ;
#1534 = CARTESIAN_POINT ( 'NONE',  ( 20.36616000391638082, -10.68898534220124041, -4.000000000000000000 ) ) ;
#1535 = CARTESIAN_POINT ( 'NONE',  ( 16.68839162776217222, 13.13880477611281350, 0.000000000000000000 ) ) ;
#1536 = CARTESIAN_POINT ( 'NONE',  ( -8.749985478137789485, -21.22099681987719322, 0.000000000000000000 ) ) ;
#1537 = CARTESIAN_POINT ( 'NONE',  ( 20.01157765848164871, 11.24409674075326038, 0.000000000000000000 ) ) ;
#1538 = CARTESIAN_POINT ( 'NONE',  ( -17.93977136646275738, 14.05023277825312178, -4.000000000000000000 ) ) ;
#1539 = CARTESIAN_POINT ( 'NONE',  ( 2.508025960596960591, 22.85601849740108449, 0.000000000000000000 ) ) ;
#1540 = CARTESIAN_POINT ( 'NONE',  ( -1.111460075045905160, 21.31324082560938749, -4.000000000000000000 ) ) ;
#1541 = AXIS2_PLACEMENT_3D ( 'NONE', #3080, #1499, #386 ) ;
#1542 = CARTESIAN_POINT ( 'NONE',  ( -22.42361596997390549, -4.983773268745406604, -4.000000000000000000 ) ) ;
#1543 = CARTESIAN_POINT ( 'NONE',  ( 10.13042743176719540, -19.53376379397890261, -4.000000000000000000 ) ) ;
#1544 = DIRECTION ( 'NONE',  ( -1.000000000000000000, 0.000000000000000000, 0.000000000000000000 ) ) ;
#1545 = CARTESIAN_POINT ( 'NONE',  ( -22.40761293520194286, -5.114210463940550788, -4.000000000000000000 ) ) ;
#1546 = CARTESIAN_POINT ( 'NONE',  ( 2.640307831937914962, -22.84680985470237502, -4.000000000000000000 ) ) ;
#1547 = CARTESIAN_POINT ( 'NONE',  ( -5.000000000000098588, -14.00000000000000000, -6.000000000000000000 ) ) ;
#1548 = CARTESIAN_POINT ( 'NONE',  ( -21.29181501105372121, -1.465671014897368396, 0.000000000000000000 ) ) ;
#1549 = CARTESIAN_POINT ( 'NONE',  ( -7.124355652982059972, 7.000000000000141220, -6.000000000000000000 ) ) ;
#1550 = CARTESIAN_POINT ( 'NONE',  ( 12.01993966802988112, 19.43824653320579898, 0.000000000000000000 ) ) ;
#1551 = CARTESIAN_POINT ( 'NONE',  ( 20.31862222672677021, -5.358036699682507731, -4.000000000000000000 ) ) ;
#1552 = CARTESIAN_POINT ( 'NONE',  ( 10.81375728331120101, 19.60263105521330473, -4.000000000000000000 ) ) ;
#1553 = ORIENTED_EDGE ( 'NONE', *, *, #3183, .T. ) ;
#1554 = CARTESIAN_POINT ( 'NONE',  ( -21.00000000000000355, -2.087706656454520165E-14, -4.000000000000000000 ) ) ;
#1555 = CARTESIAN_POINT ( 'NONE',  ( -9.875503961468170999, 20.20119702064939560, 0.000000000000000000 ) ) ;
#1556 = CARTESIAN_POINT ( 'NONE',  ( 14.89708575702913151, -15.42586720119270183, 0.000000000000000000 ) ) ;
#1557 = CARTESIAN_POINT ( 'NONE',  ( 14.71695605913790494, 16.18121015808957353, -4.000000000000000000 ) ) ;
#1558 = CARTESIAN_POINT ( 'NONE',  ( 0.4653096620767630531, -22.38267137290714714, -4.000000000000000000 ) ) ;
#1559 = CARTESIAN_POINT ( 'NONE',  ( 20.80023229913680183, 9.115158563235331357, -4.000000000000000000 ) ) ;
#1560 = CARTESIAN_POINT ( 'NONE',  ( -12.79282727309312406, -16.83566380198485035, -4.000000000000000000 ) ) ;
#1561 = CARTESIAN_POINT ( 'NONE',  ( 20.65929445717397073, -9.958136898542228721, -4.000000000000000000 ) ) ;
#1562 = CARTESIAN_POINT ( 'NONE',  ( 14.49416725604001144, 17.06222747542408769, 0.000000000000000000 ) ) ;
#1563 = CARTESIAN_POINT ( 'NONE',  ( -9.747148956018722998, -20.36762955473148651, 0.000000000000000000 ) ) ;
#1564 = CARTESIAN_POINT ( 'NONE',  ( 19.40839018475414335, 11.86814941478855978, -4.000000000000000000 ) ) ;
#1565 = CARTESIAN_POINT ( 'NONE',  ( -18.15233757200131492, 11.92897289312902132, -4.000000000000000000 ) ) ;
#1566 = CARTESIAN_POINT ( 'NONE',  ( 10.52279904167776436, -19.58445443271416053, -4.000000000000000000 ) ) ;
#1567 = CARTESIAN_POINT ( 'NONE',  ( -8.860237739539297053, 21.15341875813862060, 0.000000000000000000 ) ) ;
#1568 = CARTESIAN_POINT ( 'NONE',  ( -1.877732061666989472, 20.98195771237742946, -4.000000000000000000 ) ) ;
#1569 = CARTESIAN_POINT ( 'NONE',  ( -22.44211105392952277, -4.724678761717163944, 0.000000000000000000 ) ) ;
#1570 = CARTESIAN_POINT ( 'NONE',  ( 12.95531842612693296, -19.00283322196914426, 0.000000000000000000 ) ) ;
#1571 = FACE_OUTER_BOUND ( 'NONE', #1167, .T. ) ;
#1572 = CARTESIAN_POINT ( 'NONE',  ( -20.34839886508054718, 8.022656757860589849, 0.000000000000000000 ) ) ;
#1573 = CARTESIAN_POINT ( 'NONE',  ( 7.444813141596420714, 19.63035893048885683, 0.000000000000000000 ) ) ;
#1574 = CARTESIAN_POINT ( 'NONE',  ( 3.540430871598339024, -22.65913253418499806, -4.000000000000000000 ) ) ;
#1575 = CARTESIAN_POINT ( 'NONE',  ( -5.621427799191296870, 21.56453735785114034, 0.000000000000000000 ) ) ;
#1576 = CARTESIAN_POINT ( 'NONE',  ( 22.78682372401866729, -1.266382827403219169, -4.000000000000000000 ) ) ;
#1577 = CARTESIAN_POINT ( 'NONE',  ( 0.05588777320239618485, -22.12251759593047140, -4.000000000000000000 ) ) ;
#1578 = CARTESIAN_POINT ( 'NONE',  ( -22.04321896426555938, -2.894244770580946646, 0.000000000000000000 ) ) ;
#1579 = CARTESIAN_POINT ( 'NONE',  ( -9.264407565793709054, 20.85698476170287918, -4.000000000000000000 ) ) ;
#1580 = CARTESIAN_POINT ( 'NONE',  ( 12.72771890607624279, 19.13795803034424736, -4.000000000000000000 ) ) ;
#1581 = CARTESIAN_POINT ( 'NONE',  ( -22.44211105392952632, 4.724678761717170161, -4.000000000000000000 ) ) ;
#1582 = CARTESIAN_POINT ( 'NONE',  ( 6.588325495778275531, 20.09203753864544595, -4.000000000000000000 ) ) ;
#1583 = ORIENTED_EDGE ( 'NONE', *, *, #2469, .F. ) ;
#1584 = CARTESIAN_POINT ( 'NONE',  ( 21.90090697121823737, 2.684361049373889418, -4.000000000000000000 ) ) ;
#1585 = CARTESIAN_POINT ( 'NONE',  ( -7.777861387214379363, 21.62778625667888832, 0.000000000000000000 ) ) ;
#1586 = CARTESIAN_POINT ( 'NONE',  ( 13.06591992072801922, -18.92925295874190539, 0.000000000000000000 ) ) ;
#1587 = CARTESIAN_POINT ( 'NONE',  ( -7.650304178717140857, -21.65939507780015205, 0.000000000000000000 ) ) ;
#1588 = CARTESIAN_POINT ( 'NONE',  ( 19.40839018475414335, 11.86814941478855978, -4.000000000000000000 ) ) ;
#1589 = CARTESIAN_POINT ( 'NONE',  ( -14.80839600204009621, -16.51027097138295829, -4.000000000000000000 ) ) ;
#1590 = CARTESIAN_POINT ( 'NONE',  ( 20.76524781650243057, -9.468238696520170805, 0.000000000000000000 ) ) ;
#1591 = CARTESIAN_POINT ( 'NONE',  ( -16.21641532725008972, 16.05836027834629220, -4.000000000000000000 ) ) ;
#1592 = CARTESIAN_POINT ( 'NONE',  ( 12.95531842612690987, 19.00283322196916203, 0.000000000000000000 ) ) ;
#1593 = CARTESIAN_POINT ( 'NONE',  ( -8.156181287886385078, -21.50608257563539283, 0.000000000000000000 ) ) ;
#1594 = CARTESIAN_POINT ( 'NONE',  ( 19.13519702654807730, 12.07164184534841489, 0.000000000000000000 ) ) ;
#1595 = CARTESIAN_POINT ( 'NONE',  ( -22.26010680064554137, -5.759810847278154178, 0.000000000000000000 ) ) ;
#1596 = CARTESIAN_POINT ( 'NONE',  ( 11.01533356301950661, -19.60296829705857391, 0.000000000000000000 ) ) ;
#1597 = DIRECTION ( 'NONE',  ( -1.000000000000000000, 0.000000000000000000, -0.000000000000000000 ) ) ;
#1598 = CARTESIAN_POINT ( 'NONE',  ( 6.021956410969873552, 20.58194801143687869, 0.000000000000000000 ) ) ;
#1599 = CARTESIAN_POINT ( 'NONE',  ( -22.33239803592120509, -5.504441744273377957, -4.000000000000000000 ) ) ;
#1600 = CARTESIAN_POINT ( 'NONE',  ( 3.034655965340522510, -22.79207403780078067, -4.000000000000000000 ) ) ;
#1601 = CARTESIAN_POINT ( 'NONE',  ( -6.541507844657088455, 21.74728613986733450, 0.000000000000000000 ) ) ;
#1602 = CARTESIAN_POINT ( 'NONE',  ( -22.36197694667999158, 5.374935629425795725, -4.000000000000000000 ) ) ;
#1603 = CARTESIAN_POINT ( 'NONE',  ( 0.7374622847275346116, -22.52136918132849530, -4.000000000000000000 ) ) ;
#1604 = CARTESIAN_POINT ( 'NONE',  ( -18.15585517574670860, -11.41251356180677412, 0.000000000000000000 ) ) ;
#1605 = ORIENTED_EDGE ( 'NONE', *, *, #3340, .T. ) ;
#1606 = CARTESIAN_POINT ( 'NONE',  ( -17.73761553920985534, 14.50082850329367723, -4.000000000000000000 ) ) ;
#1607 = CARTESIAN_POINT ( 'NONE',  ( -9.747148956018724775, 20.36762955473148651, 0.000000000000000000 ) ) ;
#1608 = CARTESIAN_POINT ( 'NONE',  ( 14.96523272433925733, -15.21615547683478198, 0.000000000000000000 ) ) ;
#1609 = CARTESIAN_POINT ( 'NONE',  ( 1.857833821405697083, -22.83518087930976748, -4.000000000000000000 ) ) ;
#1610 = CARTESIAN_POINT ( 'NONE',  ( 20.01157765848165226, -11.24409674075326215, -4.000000000000000000 ) ) ;
#1611 = CARTESIAN_POINT ( 'NONE',  ( -8.967007540600034687, -21.08292693307965138, -4.000000000000000000 ) ) ;
#1612 = CARTESIAN_POINT ( 'NONE',  ( 20.76316020819750463, -8.372076745820166366, -4.000000000000000000 ) ) ;
#1613 = CARTESIAN_POINT ( 'NONE',  ( -16.32253894830790486, 15.99684657017555089, -4.000000000000000000 ) ) ;
#1614 = CARTESIAN_POINT ( 'NONE',  ( 11.66987199498923822, 19.52825306359924085, 0.000000000000000000 ) ) ;
#1615 = CARTESIAN_POINT ( 'NONE',  ( -11.03144477067790241, -18.15042237353859633, 0.000000000000000000 ) ) ;
#1616 = CARTESIAN_POINT ( 'NONE',  ( -17.79490290189911050, -14.38819513235454650, -4.000000000000000000 ) ) ;
#1617 = CARTESIAN_POINT ( 'NONE',  ( 13.47946458834675809, -18.60001568748360512, -4.000000000000000000 ) ) ;
#1618 = CARTESIAN_POINT ( 'NONE',  ( -9.677132859199151227, 20.45075552913850814, 0.000000000000000000 ) ) ;
#1619 = CARTESIAN_POINT ( 'NONE',  ( 22.65371642544583608, 1.595277858700926643, -4.000000000000000000 ) ) ;
#1620 = CARTESIAN_POINT ( 'NONE',  ( -20.86332366715752684, -7.681268167302650163, 0.000000000000000000 ) ) ;
#1621 = CARTESIAN_POINT ( 'NONE',  ( 14.89708575702913151, -15.42586720119270183, 0.000000000000000000 ) ) ;
#1622 = DIRECTION ( 'NONE',  ( -0.000000000000000000, -0.000000000000000000, 1.000000000000000000 ) ) ;
#1623 = CARTESIAN_POINT ( 'NONE',  ( -20.53601518875618126, 7.903516184359797414, 0.000000000000000000 ) ) ;
#1624 = CARTESIAN_POINT ( 'NONE',  ( -21.94990946333028248, -6.471491559627722268, -4.000000000000000000 ) ) ;
#1625 = CIRCLE ( 'NONE', #996, 5.000000000000000888 ) ;
#1626 = CARTESIAN_POINT ( 'NONE',  ( -22.39742744632050631, 3.986705893618919472, 0.000000000000000000 ) ) ;
#1627 = CARTESIAN_POINT ( 'NONE',  ( 22.99848482850785558, -0.1328215991950580377, -4.000000000000000000 ) ) ;
#1628 = CARTESIAN_POINT ( 'NONE',  ( 1.039378218881640281, -22.64433760357381686, 0.000000000000000000 ) ) ;
#1629 = CARTESIAN_POINT ( 'NONE',  ( -14.03001975968732751, 16.58210780195570777, -4.000000000000000000 ) ) ;
#1630 = CARTESIAN_POINT ( 'NONE',  ( -18.20278110322238874, -10.94483285274551143, 0.000000000000000000 ) ) ;
#1631 = CARTESIAN_POINT ( 'NONE',  ( 12.49397971639987936, 19.25599705917740323, -4.000000000000000000 ) ) ;
#1632 = CARTESIAN_POINT ( 'NONE',  ( -0.7583441349052389979, 21.53002708384711283, 0.000000000000000000 ) ) ;
#1633 = CARTESIAN_POINT ( 'NONE',  ( -16.63690652438660322, 15.78557186981674754, 0.000000000000000000 ) ) ;
#1634 = CARTESIAN_POINT ( 'NONE',  ( 20.79251774114803197, -9.230914693542064953, 0.000000000000000000 ) ) ;
#1635 = CARTESIAN_POINT ( 'NONE',  ( -9.524729263620614006, -20.61589949009514555, -4.000000000000000000 ) ) ;
#1636 = CARTESIAN_POINT ( 'NONE',  ( -7.904950534007981311, -21.59165424017937340, 0.000000000000000000 ) ) ;
#1637 = CARTESIAN_POINT ( 'NONE',  ( 20.72971935574831548, -8.179759005715945719, 0.000000000000000000 ) ) ;
#1638 = CARTESIAN_POINT ( 'NONE',  ( -16.42822751140351301, 15.93085274830864684, -4.000000000000000000 ) ) ;
#1639 = CARTESIAN_POINT ( 'NONE',  ( 10.02411735440074025, 19.51692406200496777, 0.000000000000000000 ) ) ;
#1640 = CARTESIAN_POINT ( 'NONE',  ( -10.47012875514902497, -19.12102889608781098, 0.000000000000000000 ) ) ;
#1641 = CARTESIAN_POINT ( 'NONE',  ( 18.95364980006550581, 12.18667631799438844, 0.000000000000000000 ) ) ;
#1642 = CARTESIAN_POINT ( 'NONE',  ( -10.04227015966239556, 19.95213727705885987, -4.000000000000000000 ) ) ;
#1643 = CARTESIAN_POINT ( 'NONE',  ( -18.95261829878785420, -9.196014721598634978, -4.000000000000000000 ) ) ;
#1644 = CARTESIAN_POINT ( 'NONE',  ( 14.38243175225549386, -17.34651484635461571, -4.000000000000000000 ) ) ;
#1645 = CARTESIAN_POINT ( 'NONE',  ( 20.88274395768156921, 3.878351565327959882, 0.000000000000000000 ) ) ;
#1646 = CARTESIAN_POINT ( 'NONE',  ( 2.772435045105535512, -22.83305684466245467, 0.000000000000000000 ) ) ;
#1647 = CARTESIAN_POINT ( 'NONE',  ( -13.70942005604791625, 16.61833185927415357, 0.000000000000000000 ) ) ;
#1648 = CARTESIAN_POINT ( 'NONE',  ( -20.53601518875617060, -7.903516184359806296, 0.000000000000000000 ) ) ;
#1649 = CARTESIAN_POINT ( 'NONE',  ( 20.80479732610528032, 8.890484256038259758, -4.000000000000000000 ) ) ;
#1650 = CARTESIAN_POINT ( 'NONE',  ( 10.42692446230140213, 19.57439362941260441, -4.000000000000000000 ) ) ;
#1651 = CARTESIAN_POINT ( 'NONE',  ( -17.89594962096632713, 14.16255796312504245, 0.000000000000000000 ) ) ;
#1652 = CARTESIAN_POINT ( 'NONE',  ( 19.04423762621111393, -12.13112771699290349, 0.000000000000000000 ) ) ;
#1653 = CARTESIAN_POINT ( 'NONE',  ( 14.74184757433800641, 16.05974072920882278, -4.000000000000000000 ) ) ;
#1654 = CARTESIAN_POINT ( 'NONE',  ( 1.609724419164899389, -22.79765701126126132, -4.000000000000000000 ) ) ;
#1655 = CARTESIAN_POINT ( 'NONE',  ( -9.934253601406432210, -20.11810158283995520, -4.000000000000000000 ) ) ;
#1656 = CARTESIAN_POINT ( 'NONE',  ( 18.41882560490898868, 12.45098463714984760, -4.000000000000000000 ) ) ;
#1657 = CARTESIAN_POINT ( 'NONE',  ( 20.73967884702717157, -4.118461680631887667, -4.000000000000000000 ) ) ;
#1658 = CARTESIAN_POINT ( 'NONE',  ( -16.42822751140351301, 15.93085274830864684, 0.000000000000000000 ) ) ;
#1659 = CARTESIAN_POINT ( 'NONE',  ( 4.754076879945538181, 21.97754974012424611, 0.000000000000000000 ) ) ;
#1660 = CARTESIAN_POINT ( 'NONE',  ( -0.4943508176894245709, -21.71550991531045227, 0.000000000000000000 ) ) ;
#1661 = CARTESIAN_POINT ( 'NONE',  ( 19.93120287531944257, 11.34539950381584994, 0.000000000000000000 ) ) ;
#1662 = CARTESIAN_POINT ( 'NONE',  ( -20.00251443689480979, 8.246388228751534655, -4.000000000000000000 ) ) ;
#1663 = CARTESIAN_POINT ( 'NONE',  ( 22.70068007964910706, 1.489195761755057301, -4.000000000000000000 ) ) ;
#1664 = CARTESIAN_POINT ( 'NONE',  ( -18.25491778814015476, -10.67023813421722878, 0.000000000000000000 ) ) ;
#1665 = CARTESIAN_POINT ( 'NONE',  ( 14.55393136195742443, -16.87639783458276099, -4.000000000000000000 ) ) ;
#1666 = CARTESIAN_POINT ( 'NONE',  ( 22.55334719936498544, 1.796338551631280644, 0.000000000000000000 ) ) ;
#1667 = CARTESIAN_POINT ( 'NONE',  ( 2.904014192323562504, -22.81479010543602826, -4.000000000000000000 ) ) ;
#1668 = CARTESIAN_POINT ( 'NONE',  ( -14.71177527412552699, 16.52188174842913782, -4.000000000000000000 ) ) ;
#1669 = CARTESIAN_POINT ( 'NONE',  ( -19.70601580275764775, -8.458929255087692667, 0.000000000000000000 ) ) ;
#1670 = CARTESIAN_POINT ( 'NONE',  ( 11.22521880699118846, 19.59187865378816085, -4.000000000000000000 ) ) ;
#1671 = CARTESIAN_POINT ( 'NONE',  ( -21.74592688421183695, 2.352662698596927893, -4.000000000000000000 ) ) ;
#1672 = CARTESIAN_POINT ( 'NONE',  ( 5.304651655887925976, 21.41766073162606432, -4.000000000000000000 ) ) ;
#1673 = CARTESIAN_POINT ( 'NONE',  ( -18.09598118973340419, 13.50491433628528348, 0.000000000000000000 ) ) ;
#1674 = CARTESIAN_POINT ( 'NONE',  ( 19.84835533766064586, -11.44289398223680720, 0.000000000000000000 ) ) ;
#1675 = CARTESIAN_POINT ( 'NONE',  ( -9.813211701011756105, -20.28439785978904908, -4.000000000000000000 ) ) ;
#1676 = CARTESIAN_POINT ( 'NONE',  ( -21.94990946333025406, 6.471491559627746248, 0.000000000000000000 ) ) ;
#1677 = CARTESIAN_POINT ( 'NONE',  ( -9.524729263620614006, -20.61589949009514555, 0.000000000000000000 ) ) ;
#1678 = CARTESIAN_POINT ( 'NONE',  ( 20.63977482671136343, -7.800975292103147218, 0.000000000000000000 ) ) ;
#1679 = CARTESIAN_POINT ( 'NONE',  ( 11.22521880699118846, 19.59187865378816085, 0.000000000000000000 ) ) ;
#1680 = CARTESIAN_POINT ( 'NONE',  ( 0.2973477410281228916, -22.28320682219198190, 0.000000000000000000 ) ) ;
#1681 = CARTESIAN_POINT ( 'NONE',  ( 13.17393849248636428, -18.85193068575482300, -4.000000000000000000 ) ) ;
#1682 = CARTESIAN_POINT ( 'NONE',  ( -9.934253601406442868, 20.11810158283995165, -4.000000000000000000 ) ) ;
#1683 = CARTESIAN_POINT ( 'NONE',  ( -20.62209677019496823, -7.847588496223877108, 0.000000000000000000 ) ) ;
#1684 = CARTESIAN_POINT ( 'NONE',  ( 14.46015909102277597, -17.15608361418292560, 0.000000000000000000 ) ) ;
#1685 = CARTESIAN_POINT ( 'NONE',  ( 12.12435565298211060, -7.000000000000056843, 0.000000000000000000 ) ) ;
#1686 = CC_DESIGN_PERSON_AND_ORGANIZATION_ASSIGNMENT ( #233, #205, ( #2302 ) ) ;
#1687 = CARTESIAN_POINT ( 'NONE',  ( -22.08489584616732770, 2.981123517001408096, -4.000000000000000000 ) ) ;
#1688 = CARTESIAN_POINT ( 'NONE',  ( 3.291614851979459466, -22.73371550867474866, 0.000000000000000000 ) ) ;
#1689 = CARTESIAN_POINT ( 'NONE',  ( -14.61300362791339680, 16.53226074606681451, 0.000000000000000000 ) ) ;
#1690 = ORIENTED_EDGE ( 'NONE', *, *, #2444, .T. ) ;
#1691 = CARTESIAN_POINT ( 'NONE',  ( -18.15585517574670149, 11.41251356180682386, -4.000000000000000000 ) ) ;
#1692 = CARTESIAN_POINT ( 'NONE',  ( -21.16885992121934379, -7.436852529821842417, 0.000000000000000000 ) ) ;
#1693 = CARTESIAN_POINT ( 'NONE',  ( 20.80479732610528032, 8.890484256038259758, 0.000000000000000000 ) ) ;
#1694 = CARTESIAN_POINT ( 'NONE',  ( 21.75646130103281806, -2.837189671757639253, -4.000000000000000000 ) ) ;
#1695 = CIRCLE ( 'NONE', #4475, 4.999999999999998224 ) ;
#1696 = CARTESIAN_POINT ( 'NONE',  ( -14.71177527412552699, 16.52188174842913782, 0.000000000000000000 ) ) ;
#1697 = CARTESIAN_POINT ( 'NONE',  ( 20.32235553057461885, -6.518546132211284316, 0.000000000000000000 ) ) ;
#1698 = CARTESIAN_POINT ( 'NONE',  ( 21.49759199204720872, 3.108261918880981689, -4.000000000000000000 ) ) ;
#1699 = CARTESIAN_POINT ( 'NONE',  ( 13.75191726245931712, 18.32435002681478053, -4.000000000000000000 ) ) ;
#1700 = CARTESIAN_POINT ( 'NONE',  ( -6.003950609213857703, -21.66948353427438434, 0.000000000000000000 ) ) ;
#1701 = CARTESIAN_POINT ( 'NONE',  ( 14.84467752762610004, 15.61258150207477691, -4.000000000000000000 ) ) ;
#1702 = CALENDAR_DATE ( 2026, 28, 8 ) ;
#1703 = CARTESIAN_POINT ( 'NONE',  ( 21.67705880712999544, -2.919842341477613346, 0.000000000000000000 ) ) ;
#1704 = CARTESIAN_POINT ( 'NONE',  ( 3.540430871598356788, 22.65913253418498030, 0.000000000000000000 ) ) ;
#1705 = LOCAL_TIME ( 11, 19, 11.00000000000000000, #3084 ) ;
#1706 = CARTESIAN_POINT ( 'NONE',  ( 1.489498614487889450, -22.77332770528893846, 0.000000000000000000 ) ) ;
#1707 = CARTESIAN_POINT ( 'NONE',  ( 17.59069102790716954, 12.74265838722847199, -4.000000000000000000 ) ) ;
#1708 = CARTESIAN_POINT ( 'NONE',  ( -22.21764800328125489, 5.884928489421181297, -4.000000000000000000 ) ) ;
#1709 = CARTESIAN_POINT ( 'NONE',  ( -17.53905095534864600, -14.83368601355758543, -4.000000000000000000 ) ) ;
#1710 = CARTESIAN_POINT ( 'NONE',  ( 14.89708575702913151, -15.42586720119270183, -4.000000000000000000 ) ) ;
#1711 = CARTESIAN_POINT ( 'NONE',  ( 20.61242875501079297, 7.702030169303789364, -4.000000000000000000 ) ) ;
#1712 = CARTESIAN_POINT ( 'NONE',  ( -18.17484740104747232, -12.71033286937701234, -4.000000000000000000 ) ) ;
#1713 = CARTESIAN_POINT ( 'NONE',  ( 14.62811007625882631, -16.59600264588740615, 0.000000000000000000 ) ) ;
#1714 = CARTESIAN_POINT ( 'NONE',  ( 22.39034930273993496, 2.070313421045512747, 0.000000000000000000 ) ) ;
#1715 = CARTESIAN_POINT ( 'NONE',  ( -8.279565467389323530, 21.45685768362954349, -4.000000000000000000 ) ) ;
#1716 = CARTESIAN_POINT ( 'NONE',  ( -21.46445723021905394, 1.842343038153471113, -4.000000000000000000 ) ) ;
#1717 = CARTESIAN_POINT ( 'NONE',  ( 2.508025960596968584, -22.85601849740108094, -4.000000000000000000 ) ) ;
#1718 = ORIENTED_EDGE ( 'NONE', *, *, #1202, .F. ) ;
#1719 = CARTESIAN_POINT ( 'NONE',  ( -18.20278110322238874, 10.94483285274552031, 0.000000000000000000 ) ) ;
#1720 = CARTESIAN_POINT ( 'NONE',  ( -16.32253894830787999, -15.99684657017555800, 0.000000000000000000 ) ) ;
#1721 = CARTESIAN_POINT ( 'NONE',  ( -9.524729263620633546, 20.61589949009512779, -4.000000000000000000 ) ) ;
#1722 = CARTESIAN_POINT ( 'NONE',  ( -21.00000000000000711, 0.1146559665542986883, -4.000000000000000000 ) ) ;
#1723 = CARTESIAN_POINT ( 'NONE',  ( -1.877732061666989472, 20.98195771237742946, -4.000000000000000000 ) ) ;
#1724 = EDGE_CURVE ( 'NONE', #4730, #2924, #4468, .T. ) ;
#1725 = CARTESIAN_POINT ( 'NONE',  ( -22.39742744632050631, 3.986705893618919472, 0.000000000000000000 ) ) ;
#1726 = CARTESIAN_POINT ( 'NONE',  ( 20.38460457323550656, -5.024353773963022185, 0.000000000000000000 ) ) ;
#1727 = CARTESIAN_POINT ( 'NONE',  ( 20.73967884702714670, 4.118461680631925859, -4.000000000000000000 ) ) ;
#1728 = DESIGN_CONTEXT ( 'detailed design', #3082, 'design' ) ;
#1729 = CARTESIAN_POINT ( 'NONE',  ( -4.232730576400654421, -21.02295257162312581, 0.000000000000000000 ) ) ;
#1730 = APPROVAL_STATUS ( 'not_yet_approved' ) ;
#1731 = ORIENTED_EDGE ( 'NONE', *, *, #528, .T. ) ;
#1732 = CARTESIAN_POINT ( 'NONE',  ( 22.60451808717366617, -1.697673299887520137, -4.000000000000000000 ) ) ;
#1733 = CARTESIAN_POINT ( 'NONE',  ( 10.61881090672411787, 19.59261536617596278, 0.000000000000000000 ) ) ;
#1734 = CARTESIAN_POINT ( 'NONE',  ( 3.417209851801629839, -22.69836180709104667, 0.000000000000000000 ) ) ;
#1735 = CARTESIAN_POINT ( 'NONE',  ( 16.90907204334978431, 13.02201446096766801, 0.000000000000000000 ) ) ;
#1736 = CARTESIAN_POINT ( 'NONE',  ( -20.94060127998758603, 7.623709070541741184, -4.000000000000000000 ) ) ;
#1737 = CARTESIAN_POINT ( 'NONE',  ( -15.09453435472146410, -16.46481109810801868, -4.000000000000000000 ) ) ;
#1738 = CARTESIAN_POINT ( 'NONE',  ( 15.50124267262307320, -14.18684045416840434, -4.000000000000000000 ) ) ;
#1739 = CARTESIAN_POINT ( 'NONE',  ( -5.439477973142062162, 21.50092367972664675, -4.000000000000000000 ) ) ;
#1740 = CARTESIAN_POINT ( 'NONE',  ( -20.34839886508052231, -8.022656757860596954, -4.000000000000000000 ) ) ;
#1741 = CARTESIAN_POINT ( 'NONE',  ( 15.17090792698333068, -14.72886818338915482, -4.000000000000000000 ) ) ;
#1742 = CARTESIAN_POINT ( 'NONE',  ( 22.78682372401866729, 1.266382827403232270, 0.000000000000000000 ) ) ;
#1743 = CARTESIAN_POINT ( 'NONE',  ( 7.444813141596315020, -19.63035893048888880, -4.000000000000000000 ) ) ;
#1744 = CARTESIAN_POINT ( 'NONE',  ( 2.904014192323562504, -22.81479010543602826, 0.000000000000000000 ) ) ;
#1745 = ORIENTED_EDGE ( 'NONE', *, *, #3702, .T. ) ;
#1746 = CARTESIAN_POINT ( 'NONE',  ( -14.16571377015885602, -16.57015074090624296, 0.000000000000000000 ) ) ;
#1747 = CARTESIAN_POINT ( 'NONE',  ( -10.77255186281654176, 18.54272550959110433, -4.000000000000000000 ) ) ;
#1748 = CARTESIAN_POINT ( 'NONE',  ( 10.42692446230140213, 19.57439362941260441, 0.000000000000000000 ) ) ;
#1749 = CARTESIAN_POINT ( 'NONE',  ( 17.12435565298211060, -7.000000000000056843, -4.000000000000000000 ) ) ;
#1750 = CARTESIAN_POINT ( 'NONE',  ( 4.831005402018962336, 21.91092861382620427, -4.000000000000000000 ) ) ;
#1751 = CARTESIAN_POINT ( 'NONE',  ( -22.40761293520195707, 5.114210463940516149, 0.000000000000000000 ) ) ;
#1752 = CARTESIAN_POINT ( 'NONE',  ( 21.28164066119390441, -3.347972942834763099, 0.000000000000000000 ) ) ;
#1753 = CARTESIAN_POINT ( 'NONE',  ( 21.75646130103281095, 2.837189671757640586, -4.000000000000000000 ) ) ;
#1754 = CARTESIAN_POINT ( 'NONE',  ( 14.05603342403871991, 17.93522685070813338, 0.000000000000000000 ) ) ;
#1755 = CARTESIAN_POINT ( 'NONE',  ( -6.428320472785005180, -21.73759481832537688, -4.000000000000000000 ) ) ;
#1756 = CARTESIAN_POINT ( 'NONE',  ( -22.12096606211569494, 6.128279723999729534, -4.000000000000000000 ) ) ;
#1757 = CARTESIAN_POINT ( 'NONE',  ( 20.76524781650243057, -9.468238696520170805, -4.000000000000000000 ) ) ;
#1758 = CARTESIAN_POINT ( 'NONE',  ( -6.105749397311479143, -21.69045284728556311, 0.000000000000000000 ) ) ;
#1759 = CARTESIAN_POINT ( 'NONE',  ( 14.33820731893271905, 17.44313782921216216, -4.000000000000000000 ) ) ;
#1760 = EDGE_LOOP ( 'NONE', ( #3759, #4030 ) ) ;
#1761 = CARTESIAN_POINT ( 'NONE',  ( 22.74513939634670479, -1.379518627932494468, 0.000000000000000000 ) ) ;
#1762 = CARTESIAN_POINT ( 'NONE',  ( -2.195231396460687989, 20.89822780963909565, 0.000000000000000000 ) ) ;
#1763 = CARTESIAN_POINT ( 'NONE',  ( -2.195231396460739504, -20.89822780963908144, 0.000000000000000000 ) ) ;
#1764 = CARTESIAN_POINT ( 'NONE',  ( 21.28164066119390085, 3.347972942834771981, -4.000000000000000000 ) ) ;
#1765 = CARTESIAN_POINT ( 'NONE',  ( -18.16420914855800106, -12.99986453351298543, -4.000000000000000000 ) ) ;
#1766 = CARTESIAN_POINT ( 'NONE',  ( 18.59620182488611562, -12.37401509496209684, 0.000000000000000000 ) ) ;
#1767 = CARTESIAN_POINT ( 'NONE',  ( 20.76524781650241636, 9.468238696520225872, 0.000000000000000000 ) ) ;
#1768 = CARTESIAN_POINT ( 'NONE',  ( 3.291614851979450584, 22.73371550867473445, -4.000000000000000000 ) ) ;
#1769 = CARTESIAN_POINT ( 'NONE',  ( -8.520062268277705186, 21.34630659078940340, 0.000000000000000000 ) ) ;
#1770 = CARTESIAN_POINT ( 'NONE',  ( 1.039378218881651383, 22.64433760357381686, -4.000000000000000000 ) ) ;
#1771 = CARTESIAN_POINT ( 'NONE',  ( -22.43740558611071378, -4.345941609494287761, 0.000000000000000000 ) ) ;
#1772 = CARTESIAN_POINT ( 'NONE',  ( 5.888780766279266388, -20.72291999561922893, -4.000000000000000000 ) ) ;
#1773 = ORIENTED_EDGE ( 'NONE', *, *, #2100, .T. ) ;
#1774 = CARTESIAN_POINT ( 'NONE',  ( -16.83963071822946844, -15.62316825860851388, 0.000000000000000000 ) ) ;
#1775 = EDGE_CURVE ( 'NONE', #3290, #3326, #2974, .T. ) ;
#1776 = CARTESIAN_POINT ( 'NONE',  ( 20.65929445717396362, 9.958136898542223392, 0.000000000000000000 ) ) ;
#1777 = CARTESIAN_POINT ( 'NONE',  ( -22.37721557805504347, -3.872467211510906449, -4.000000000000000000 ) ) ;
#1778 = CARTESIAN_POINT ( 'NONE',  ( -1.111460075045905160, 21.31324082560938749, -4.000000000000000000 ) ) ;
#1779 = CARTESIAN_POINT ( 'NONE',  ( -18.76174266397839574, 9.463190723970017260, 0.000000000000000000 ) ) ;
#1780 = DIRECTION ( 'NONE',  ( -0.000000000000000000, -0.000000000000000000, 1.000000000000000000 ) ) ;
#1781 = CARTESIAN_POINT ( 'NONE',  ( 20.44046392959870673, 7.091610322081399964, 0.000000000000000000 ) ) ;
#1782 = CARTESIAN_POINT ( 'NONE',  ( -7.904950534007986640, 21.59165424017936985, -4.000000000000000000 ) ) ;
#1783 = CARTESIAN_POINT ( 'NONE',  ( 1.732595443184604234, 22.81834440718661128, 0.000000000000000000 ) ) ;
#1784 = CARTESIAN_POINT ( 'NONE',  ( -22.33239803592119443, 5.504441744273378845, 0.000000000000000000 ) ) ;
#1785 = CARTESIAN_POINT ( 'NONE',  ( -5.439477973142065714, -21.50092367972664675, 0.000000000000000000 ) ) ;
#1786 = CARTESIAN_POINT ( 'NONE',  ( 21.90090697121824093, -2.684361049373882313, -4.000000000000000000 ) ) ;
#1787 = CARTESIAN_POINT ( 'NONE',  ( 2.772435045105526186, 22.83305684466245467, 0.000000000000000000 ) ) ;
#1788 = CARTESIAN_POINT ( 'NONE',  ( 9.140856978489066975, -19.39910504791186696, 0.000000000000000000 ) ) ;
#1789 = CARTESIAN_POINT ( 'NONE',  ( -15.58767780413765180, -16.33620357133146683, -4.000000000000000000 ) ) ;
#1790 = CARTESIAN_POINT ( 'NONE',  ( 14.84467752762610537, -15.61258150207478756, -4.000000000000000000 ) ) ;
#1791 = CARTESIAN_POINT ( 'NONE',  ( 20.73967884702714670, 4.118461680631925859, -4.000000000000000000 ) ) ;
#1792 = CARTESIAN_POINT ( 'NONE',  ( -17.60961632205925653, -14.72393849779074948, -4.000000000000000000 ) ) ;
#1793 = CARTESIAN_POINT ( 'NONE',  ( 18.77397602136328914, -12.28679088549162657, 0.000000000000000000 ) ) ;
#1794 = CARTESIAN_POINT ( 'NONE',  ( 19.49872646015112565, 11.79169641045161043, 0.000000000000000000 ) ) ;
#1795 = EDGE_CURVE ( 'NONE', #4807, #1949, #1867, .T. ) ;
#1796 = CARTESIAN_POINT ( 'NONE',  ( -16.11019124716817075, 16.11540181887257717, -4.000000000000000000 ) ) ;
#1797 = CARTESIAN_POINT ( 'NONE',  ( 0.4653096620767748215, 22.38267137290715070, -4.000000000000000000 ) ) ;
#1798 = CARTESIAN_POINT ( 'NONE',  ( -21.80324200739084617, 2.451915892524423768, -4.000000000000000000 ) ) ;
#1799 = CARTESIAN_POINT ( 'NONE',  ( -22.43740558611071378, -4.345941609494287761, -4.000000000000000000 ) ) ;
#1800 = CARTESIAN_POINT ( 'NONE',  ( 6.367210647053982875, -20.26300161976033465, -4.000000000000000000 ) ) ;
#1801 = CYLINDRICAL_SURFACE ( 'NONE', #1228, 4.999999999999999112 ) ;
#1802 = CARTESIAN_POINT ( 'NONE',  ( -13.30135309966941115, -16.69022419582070071, 0.000000000000000000 ) ) ;
#1803 = CARTESIAN_POINT ( 'NONE',  ( -10.32123374931713222, 19.43362091328372543, -4.000000000000000000 ) ) ;
#1804 = CARTESIAN_POINT ( 'NONE',  ( 9.653974740081311623, 19.45786538474273897, -4.000000000000000000 ) ) ;
#1805 = CARTESIAN_POINT ( 'NONE',  ( -5.530158903661344105, 21.53363642302077707, 0.000000000000000000 ) ) ;
#1806 = EDGE_CURVE ( 'NONE', #111, #668, #1207, .T. ) ;
#1807 = CARTESIAN_POINT ( 'NONE',  ( -10.41689100507892896, 19.23301171463175052, -4.000000000000000000 ) ) ;
#1808 = CARTESIAN_POINT ( 'NONE',  ( -22.29840436819379690, 5.632859719257557352, 0.000000000000000000 ) ) ;
#1809 = CARTESIAN_POINT ( 'NONE',  ( 22.44605429875779734, -1.982565721560210381, 0.000000000000000000 ) ) ;
#1810 = CARTESIAN_POINT ( 'NONE',  ( 20.31862222672676666, 5.358036699682465098, 0.000000000000000000 ) ) ;
#1811 = CARTESIAN_POINT ( 'NONE',  ( -8.279565467389323530, 21.45685768362954349, -4.000000000000000000 ) ) ;
#1812 = CARTESIAN_POINT ( 'NONE',  ( -22.40761293520195707, 5.114210463940516149, 0.000000000000000000 ) ) ;
#1813 = CARTESIAN_POINT ( 'NONE',  ( -5.256247460261277205, -21.42959129432589194, 0.000000000000000000 ) ) ;
#1814 = CARTESIAN_POINT ( 'NONE',  ( 13.06591992072804231, 18.92925295874188762, -4.000000000000000000 ) ) ;
#1815 = PERSON_AND_ORGANIZATION_ROLE ( 'creator' ) ;
#1816 = CARTESIAN_POINT ( 'NONE',  ( 22.89262382182330313, -0.9081887751129023023, -4.000000000000000000 ) ) ;
#1817 = CARTESIAN_POINT ( 'NONE',  ( -1.588541420213892774, 21.08488893612968340, 0.000000000000000000 ) ) ;
#1818 = CARTESIAN_POINT ( 'NONE',  ( 10.23194733791962285, -19.54898396539807592, 0.000000000000000000 ) ) ;
#1819 = CARTESIAN_POINT ( 'NONE',  ( 16.20113928410977167, 13.46445368502866735, -4.000000000000000000 ) ) ;
#1820 = CARTESIAN_POINT ( 'NONE',  ( -21.01712563943171119, 7.564086312211781404, -4.000000000000000000 ) ) ;
#1821 = CARTESIAN_POINT ( 'NONE',  ( -21.31935372223081515, 7.296648360000085987, 0.000000000000000000 ) ) ;
#1822 = CARTESIAN_POINT ( 'NONE',  ( -17.38541332982640242, -15.04776325982248331, 0.000000000000000000 ) ) ;
#1823 = CARTESIAN_POINT ( 'NONE',  ( 17.71958050504022353, -12.69857507438618605, -4.000000000000000000 ) ) ;
#1824 = CARTESIAN_POINT ( 'NONE',  ( -15.48642864523426432, 16.36845894515291988, 0.000000000000000000 ) ) ;
#1825 = CARTESIAN_POINT ( 'NONE',  ( 20.78779232674427391, 8.572142657481823136, 0.000000000000000000 ) ) ;
#1826 = CARTESIAN_POINT ( 'NONE',  ( 2.772435045105526186, 22.83305684466245467, -4.000000000000000000 ) ) ;
#1827 = CARTESIAN_POINT ( 'NONE',  ( -20.94060127998758603, -7.623709070541726085, -4.000000000000000000 ) ) ;
#1828 = CARTESIAN_POINT ( 'NONE',  ( -22.35395168710629932, -3.761273262743626056, -4.000000000000000000 ) ) ;
#1829 = CARTESIAN_POINT ( 'NONE',  ( 7.444813141596315020, -19.63035893048888880, -4.000000000000000000 ) ) ;
#1830 = CARTESIAN_POINT ( 'NONE',  ( 7.124355652982157672, 6.999999999999975131, 0.000000000000000000 ) ) ;
#1831 = CARTESIAN_POINT ( 'NONE',  ( -11.65567158548804372, -17.48428684158509228, 0.000000000000000000 ) ) ;
#1832 = CARTESIAN_POINT ( 'NONE',  ( 7.444813141596420714, 19.63035893048885683, -4.000000000000000000 ) ) ;
#1833 = CARTESIAN_POINT ( 'NONE',  ( -22.41434739993849234, -4.103835820171950033, -4.000000000000000000 ) ) ;
#1834 = CARTESIAN_POINT ( 'NONE',  ( -10.59729946092185138, 18.86268132458961233, 0.000000000000000000 ) ) ;
#1835 = CARTESIAN_POINT ( 'NONE',  ( -21.46809596502322037, 7.141509484957326848, 0.000000000000000000 ) ) ;
#1836 = CARTESIAN_POINT ( 'NONE',  ( 22.60451808717366617, -1.697673299887520137, 0.000000000000000000 ) ) ;
#1837 = CARTESIAN_POINT ( 'NONE',  ( -2.195231396460739504, -20.89822780963908144, -4.000000000000000000 ) ) ;
#1838 = CARTESIAN_POINT ( 'NONE',  ( 11.01533356301950839, 19.60296829705857746, -4.000000000000000000 ) ) ;
#1839 = CARTESIAN_POINT ( 'NONE',  ( 22.82546726133484327, -1.149966177979558024, -4.000000000000000000 ) ) ;
#1840 = CARTESIAN_POINT ( 'NONE',  ( 0.7374622847275456028, 22.52136918132849530, 0.000000000000000000 ) ) ;
#1841 = CARTESIAN_POINT ( 'NONE',  ( 5.888780766279266388, -20.72291999561922893, 0.000000000000000000 ) ) ;
#1842 = CARTESIAN_POINT ( 'NONE',  ( 14.80349630983426223, 15.77846632668081917, -4.000000000000000000 ) ) ;
#1843 = CARTESIAN_POINT ( 'NONE',  ( -17.03362813099636242, -15.44484666377424631, -4.000000000000000000 ) ) ;
#1844 = CARTESIAN_POINT ( 'NONE',  ( 20.80208241000206471, 8.781834310499766261, -4.000000000000000000 ) ) ;
#1845 = CARTESIAN_POINT ( 'NONE',  ( -17.03362813099636242, -15.44484666377424631, -4.000000000000000000 ) ) ;
#1846 = CARTESIAN_POINT ( 'NONE',  ( 17.44778784351271739, -12.79367820391177091, -4.000000000000000000 ) ) ;
#1847 = CARTESIAN_POINT ( 'NONE',  ( 19.22635862625716285, 12.00805840096806598, 0.000000000000000000 ) ) ;
#1848 = CARTESIAN_POINT ( 'NONE',  ( 3.892887678750797775, 22.52043080026215094, 0.000000000000000000 ) ) ;
#1849 = CARTESIAN_POINT ( 'NONE',  ( -19.34777908991709339, -8.763221459836243454, -4.000000000000000000 ) ) ;
#1850 = CARTESIAN_POINT ( 'NONE',  ( -8.636500735330375988, 21.28538005795921606, 0.000000000000000000 ) ) ;
#1851 = CARTESIAN_POINT ( 'NONE',  ( 3.660967934227314036, 22.61624075931525724, -4.000000000000000000 ) ) ;
#1852 = CARTESIAN_POINT ( 'NONE',  ( -22.20017227113294211, -3.252653846714200103, -4.000000000000000000 ) ) ;
#1853 = CARTESIAN_POINT ( 'NONE',  ( 6.021956410969864670, -20.58194801143690000, -4.000000000000000000 ) ) ;
#1854 = ORIENTED_EDGE ( 'NONE', *, *, #3380, .T. ) ;
#1855 = CARTESIAN_POINT ( 'NONE',  ( -18.95261829878784710, 9.196014721598645636, 0.000000000000000000 ) ) ;
#1856 = CARTESIAN_POINT ( 'NONE',  ( -10.18624193779600340, 19.70071356287416009, -4.000000000000000000 ) ) ;
#1857 = CARTESIAN_POINT ( 'NONE',  ( 10.23194733791961397, 19.54898396539807592, -4.000000000000000000 ) ) ;
#1858 = CARTESIAN_POINT ( 'NONE',  ( -21.85668550328495385, -2.545346090368746150, -4.000000000000000000 ) ) ;
#1859 = CARTESIAN_POINT ( 'NONE',  ( 22.39034930273993851, -2.070313421045507418, -4.000000000000000000 ) ) ;
#1860 = CARTESIAN_POINT ( 'NONE',  ( -18.14569269480858438, 13.19701642569617484, 0.000000000000000000 ) ) ;
#1861 = CARTESIAN_POINT ( 'NONE',  ( -21.46445723021905039, -1.842343038153482659, 0.000000000000000000 ) ) ;
#1862 = FACE_OUTER_BOUND ( 'NONE', #2532, .T. ) ;
#1863 = CARTESIAN_POINT ( 'NONE',  ( -6.428320472784999851, 21.73759481832536622, -4.000000000000000000 ) ) ;
#1864 = CARTESIAN_POINT ( 'NONE',  ( 13.75191726245931712, 18.32435002681478053, 0.000000000000000000 ) ) ;
#1865 = CARTESIAN_POINT ( 'NONE',  ( -0.1940517453232547540, -21.93981762679452530, 0.000000000000000000 ) ) ;
#1866 = CARTESIAN_POINT ( 'NONE',  ( 13.27905935459841658, 18.77110434763020308, -4.000000000000000000 ) ) ;
#1867 = CIRCLE ( 'NONE', #526, 5.000000000000000888 ) ;
#1868 = ORIENTED_EDGE ( 'NONE', *, *, #4185, .T. ) ;
#1869 = CARTESIAN_POINT ( 'NONE',  ( 22.89262382182331024, 0.9081887751128878694, 0.000000000000000000 ) ) ;
#1870 = CARTESIAN_POINT ( 'NONE',  ( -17.30269009771815192, 15.15139800040394746, 0.000000000000000000 ) ) ;
#1871 = CARTESIAN_POINT ( 'NONE',  ( 0.05588777320240490010, 22.12251759593046785, 0.000000000000000000 ) ) ;
#1872 = CARTESIAN_POINT ( 'NONE',  ( 5.370547556266014766, -21.33894811969763694, 0.000000000000000000 ) ) ;
#1873 = CARTESIAN_POINT ( 'NONE',  ( -1.111460075045973550, -21.31324082560936262, -4.000000000000000000 ) ) ;
#1874 = CARTESIAN_POINT ( 'NONE',  ( -10.41689100507891652, -19.23301171463176829, -4.000000000000000000 ) ) ;
#1875 = CARTESIAN_POINT ( 'NONE',  ( 20.74746145929375274, 8.275132317816296990, -4.000000000000000000 ) ) ;
#1876 = DIRECTION ( 'NONE',  ( -1.000000000000000000, 0.000000000000000000, 0.000000000000000000 ) ) ;
#1877 = CARTESIAN_POINT ( 'NONE',  ( -16.42822751140352722, -15.93085274830863973, -4.000000000000000000 ) ) ;
#1878 = CARTESIAN_POINT ( 'NONE',  ( 19.67653159492529369, -11.62576803065812570, -4.000000000000000000 ) ) ;
#1879 = CARTESIAN_POINT ( 'NONE',  ( 19.93120287531944257, 11.34539950381584994, 0.000000000000000000 ) ) ;
#1880 = CARTESIAN_POINT ( 'NONE',  ( 4.214602464302491747, 22.35566384975634691, 0.000000000000000000 ) ) ;
#1881 = CARTESIAN_POINT ( 'NONE',  ( -18.58985845081708987, -9.756710369366027535, -4.000000000000000000 ) ) ;
#1882 = CARTESIAN_POINT ( 'NONE',  ( 10.42692446230140746, -19.57439362941259731, -4.000000000000000000 ) ) ;
#1883 = CARTESIAN_POINT ( 'NONE',  ( -22.12494672396928408, -3.069479490690222523, -4.000000000000000000 ) ) ;
#1884 = CARTESIAN_POINT ( 'NONE',  ( 9.653974740081325834, -19.45786538474273186, -4.000000000000000000 ) ) ;
#1885 = ORIENTED_EDGE ( 'NONE', *, *, #2444, .F. ) ;
#1886 = CARTESIAN_POINT ( 'NONE',  ( 9.788587241230349179, 19.47872947641211994, -4.000000000000000000 ) ) ;
#1887 = CARTESIAN_POINT ( 'NONE',  ( -22.43740558611071378, -4.345941609494287761, 0.000000000000000000 ) ) ;
#1888 = FACE_OUTER_BOUND ( 'NONE', #4192, .T. ) ;
#1889 = CARTESIAN_POINT ( 'NONE',  ( 20.32235553057461175, 6.518546132211240796, 0.000000000000000000 ) ) ;
#1890 = CARTESIAN_POINT ( 'NONE',  ( 0.7374622847275456028, 22.52136918132849530, 0.000000000000000000 ) ) ;
#1891 = ORIENTED_EDGE ( 'NONE', *, *, #778, .T. ) ;
#1892 = CARTESIAN_POINT ( 'NONE',  ( 22.60451808717367328, 1.697673299887523468, -4.000000000000000000 ) ) ;
#1893 = CARTESIAN_POINT ( 'NONE',  ( -7.268665028289788665, 21.72702328910405711, 0.000000000000000000 ) ) ;
#1894 = CARTESIAN_POINT ( 'NONE',  ( 13.47946458834675809, -18.60001568748360512, 0.000000000000000000 ) ) ;
#1895 = CARTESIAN_POINT ( 'NONE',  ( -14.51079128029503096, -16.54177814894683962, -4.000000000000000000 ) ) ;
#1896 = CARTESIAN_POINT ( 'NONE',  ( -10.88890590373234168, -18.35541626355844969, 0.000000000000000000 ) ) ;
#1897 = CARTESIAN_POINT ( 'NONE',  ( 20.65929445717396362, 9.958136898542223392, -4.000000000000000000 ) ) ;
#1898 = CARTESIAN_POINT ( 'NONE',  ( -14.90389234821013531, -16.49709513737360567, -4.000000000000000000 ) ) ;
#1899 = CARTESIAN_POINT ( 'NONE',  ( 20.80479732610527321, -8.890484256038245547, 0.000000000000000000 ) ) ;
#1900 = CARTESIAN_POINT ( 'NONE',  ( 17.44778784351270673, 12.79367820391175492, 0.000000000000000000 ) ) ;
#1901 = CARTESIAN_POINT ( 'NONE',  ( -17.67583476004738685, 14.61286431517887330, -4.000000000000000000 ) ) ;
#1902 = CARTESIAN_POINT ( 'NONE',  ( -18.76174266397842416, -9.463190723969987062, -4.000000000000000000 ) ) ;
#1903 = CARTESIAN_POINT ( 'NONE',  ( 11.55588974441207029, -19.54986423344080748, -4.000000000000000000 ) ) ;
#1904 = CARTESIAN_POINT ( 'NONE',  ( -8.860237739539297053, 21.15341875813862060, -4.000000000000000000 ) ) ;
#1905 = CARTESIAN_POINT ( 'NONE',  ( -4.416164701120695035, 21.08588725642605155, -4.000000000000000000 ) ) ;
#1906 = CARTESIAN_POINT ( 'NONE',  ( -7.500000000000000000, 9.184850993605147944E-16, -6.000000000000000000 ) ) ;
#1907 = CARTESIAN_POINT ( 'NONE',  ( -22.06717016211343818, -6.245873757502432788, 0.000000000000000000 ) ) ;
#1908 = CARTESIAN_POINT ( 'NONE',  ( 11.90217861259450771, -19.47257571994365222, 0.000000000000000000 ) ) ;
#1909 = CYLINDRICAL_SURFACE ( 'NONE', #2743, 5.000000000000000888 ) ;
#1910 = CARTESIAN_POINT ( 'NONE',  ( 5.589924110080312758, 21.07107236563831165, -4.000000000000000000 ) ) ;
#1911 = CARTESIAN_POINT ( 'NONE',  ( 22.03257834552027461, -2.538332356142269930, -4.000000000000000000 ) ) ;
#1912 = CARTESIAN_POINT ( 'NONE',  ( -18.17025257062545762, 12.41110025053946408, -4.000000000000000000 ) ) ;
#1913 = CARTESIAN_POINT ( 'NONE',  ( -21.01046210447309193, -0.3397773154281671371, 0.000000000000000000 ) ) ;
#1914 = DIRECTION ( 'NONE',  ( -0.000000000000000000, -0.000000000000000000, 1.000000000000000000 ) ) ;
#1915 = CARTESIAN_POINT ( 'NONE',  ( 20.61242875501079297, 7.702030169303789364, -4.000000000000000000 ) ) ;
#1916 = CARTESIAN_POINT ( 'NONE',  ( 13.27905935459841658, 18.77110434763020308, 0.000000000000000000 ) ) ;
#1917 = CARTESIAN_POINT ( 'NONE',  ( -22.16338961594793133, 3.159849933283246592, -4.000000000000000000 ) ) ;
#1918 = CARTESIAN_POINT ( 'NONE',  ( 14.05603342403871991, 17.93522685070813338, -4.000000000000000000 ) ) ;
#1919 = ORIENTED_EDGE ( 'NONE', *, *, #3380, .F. ) ;
#1920 = CARTESIAN_POINT ( 'NONE',  ( 22.99168151220385070, 0.2652489659780886133, 0.000000000000000000 ) ) ;
#1921 = CARTESIAN_POINT ( 'NONE',  ( -17.46426378467750951, 14.94174543293085833, -4.000000000000000000 ) ) ;
#1922 = CARTESIAN_POINT ( 'NONE',  ( -6.428320472784999851, 21.73759481832536622, 0.000000000000000000 ) ) ;
#1923 = CARTESIAN_POINT ( 'NONE',  ( 17.94588197194135404, -12.62293839904232406, 0.000000000000000000 ) ) ;
#1924 = CARTESIAN_POINT ( 'NONE',  ( 14.84467752762610004, 15.61258150207477691, 0.000000000000000000 ) ) ;
#1925 = CARTESIAN_POINT ( 'NONE',  ( 20.57933143268193277, 10.20527642677843971, -4.000000000000000000 ) ) ;
#1926 = CARTESIAN_POINT ( 'NONE',  ( -13.70942005604791625, -16.61833185927416068, 0.000000000000000000 ) ) ;
#1927 = CARTESIAN_POINT ( 'NONE',  ( 20.78091500548366355, -9.348690247244260121, -4.000000000000000000 ) ) ;
#1928 = CARTESIAN_POINT ( 'NONE',  ( 13.06591992072804231, 18.92925295874188762, 0.000000000000000000 ) ) ;
#1929 = CARTESIAN_POINT ( 'NONE',  ( -6.003950609213857703, -21.66948353427438434, 0.000000000000000000 ) ) ;
#1930 = CARTESIAN_POINT ( 'NONE',  ( 20.65929445717396362, 9.958136898542223392, -4.000000000000000000 ) ) ;
#1931 = CARTESIAN_POINT ( 'NONE',  ( 10.23194733791962285, -19.54898396539807592, -4.000000000000000000 ) ) ;
#1932 = CARTESIAN_POINT ( 'NONE',  ( -9.442194321211964336, 20.69742849959578024, 0.000000000000000000 ) ) ;
#1933 = CARTESIAN_POINT ( 'NONE',  ( 22.92067372998529606, 0.7833605312303513202, -4.000000000000000000 ) ) ;
#1935 = ADVANCED_FACE ( 'NONE', ( #591 ), #3220, .F. ) ;
#1934 = CARTESIAN_POINT ( 'NONE',  ( -21.46809596502322393, -7.141509484957307308, -4.000000000000000000 ) ) ;
#1936 = CARTESIAN_POINT ( 'NONE',  ( 13.06591992072801922, -18.92925295874190539, 0.000000000000000000 ) ) ;
#1937 = FACE_BOUND ( 'NONE', #3418, .T. ) ;
#1938 = CARTESIAN_POINT ( 'NONE',  ( -6.105749397311496018, 21.69045284728557377, -4.000000000000000000 ) ) ;
#1939 = CARTESIAN_POINT ( 'NONE',  ( 22.89262382182330313, -0.9081887751129023023, -4.000000000000000000 ) ) ;
#1940 = CARTESIAN_POINT ( 'NONE',  ( -14.28929789074916812, 16.56008223458715278, -4.000000000000000000 ) ) ;
#1941 = CARTESIAN_POINT ( 'NONE',  ( -21.68400932030299444, 2.245235397778353015, 0.000000000000000000 ) ) ;
#1942 = CARTESIAN_POINT ( 'NONE',  ( 7.124355652982112375, -7.000000000000055955, -4.000000000000000000 ) ) ;
#1943 = CARTESIAN_POINT ( 'NONE',  ( -9.070076318507847901, 21.00981780099894536, -4.000000000000000000 ) ) ;
#1944 = CARTESIAN_POINT ( 'NONE',  ( 12.61143276425612569, 19.19917479465659582, 0.000000000000000000 ) ) ;
#1945 = CARTESIAN_POINT ( 'NONE',  ( -22.32787987256118711, 3.653229048890612063, -4.000000000000000000 ) ) ;
#1946 = CARTESIAN_POINT ( 'NONE',  ( -0.3848533942811458997, 21.79654169952963372, -4.000000000000000000 ) ) ;
#1947 = CARTESIAN_POINT ( 'NONE',  ( 9.334022096823062498, 19.41631230574319389, -4.000000000000000000 ) ) ;
#1948 = PERSON_AND_ORGANIZATION ( #475, #4840 ) ;
#1949 = VERTEX_POINT ( 'NONE', #543 ) ;
#1950 = CARTESIAN_POINT ( 'NONE',  ( 22.65371642544583608, 1.595277858700926643, 0.000000000000000000 ) ) ;
#1951 = CARTESIAN_POINT ( 'NONE',  ( -8.967007540600043569, 21.08292693307965138, 0.000000000000000000 ) ) ;
#1952 = CARTESIAN_POINT ( 'NONE',  ( 12.49397971639987936, -19.25599705917739257, 0.000000000000000000 ) ) ;
#1953 = CARTESIAN_POINT ( 'NONE',  ( 14.62811007625883697, 16.59600264588740259, 0.000000000000000000 ) ) ;
#1954 = AXIS2_PLACEMENT_3D ( 'NONE', #402, #3410, #29 ) ;
#1955 = CARTESIAN_POINT ( 'NONE',  ( -10.36776592877072822, -19.33656337675048320, 0.000000000000000000 ) ) ;
#1956 = CARTESIAN_POINT ( 'NONE',  ( -14.99906732216531680, -16.48204178567783984, 0.000000000000000000 ) ) ;
#1957 = CARTESIAN_POINT ( 'NONE',  ( 20.80023229913680183, -9.115158563235326028, 0.000000000000000000 ) ) ;
#1958 = CARTESIAN_POINT ( 'NONE',  ( 14.96523272433928753, 15.21615547683473224, 0.000000000000000000 ) ) ;
#1959 = CARTESIAN_POINT ( 'NONE',  ( -7.143036618217895928, -21.74064755994005083, 0.000000000000000000 ) ) ;
#1960 = CARTESIAN_POINT ( 'NONE',  ( 19.31750712556342719, 11.94025534839109959, 0.000000000000000000 ) ) ;
#1961 = CARTESIAN_POINT ( 'NONE',  ( -18.17025257062545762, -12.41110025053948718, -4.000000000000000000 ) ) ;
#1962 = CARTESIAN_POINT ( 'NONE',  ( 10.61881090672413741, -19.59261536617595922, -4.000000000000000000 ) ) ;
#1963 = CARTESIAN_POINT ( 'NONE',  ( -1.332937384492310695, 21.19796886485566745, -4.000000000000000000 ) ) ;
#1964 = DIRECTION ( 'NONE',  ( -0.000000000000000000, -0.000000000000000000, 1.000000000000000000 ) ) ;
#1965 = CARTESIAN_POINT ( 'NONE',  ( -22.21764800328125133, -5.884928489421191955, 0.000000000000000000 ) ) ;
#1966 = CARTESIAN_POINT ( 'NONE',  ( 13.17393849248636428, -18.85193068575482300, -4.000000000000000000 ) ) ;
#1967 = CARTESIAN_POINT ( 'NONE',  ( -17.12435565298206086, 7.000000000000142109, -6.000000000000000000 ) ) ;
#1968 = CARTESIAN_POINT ( 'NONE',  ( -19.86201249255650225, 8.343716905771959347, -4.000000000000000000 ) ) ;
#1969 = CARTESIAN_POINT ( 'NONE',  ( -22.36197694667999158, -5.374935629425801054, -4.000000000000000000 ) ) ;
#1970 = CARTESIAN_POINT ( 'NONE',  ( 4.409968919116991515, -22.23507379612073009, -4.000000000000000000 ) ) ;
#1971 = CARTESIAN_POINT ( 'NONE',  ( -0.1940517453232547540, -21.93981762679452530, -4.000000000000000000 ) ) ;
#1972 = CARTESIAN_POINT ( 'NONE',  ( -21.01046210447309903, 0.3397773154281528707, 0.000000000000000000 ) ) ;
#1973 = CARTESIAN_POINT ( 'NONE',  ( 13.06591992072804231, 18.92925295874188762, -4.000000000000000000 ) ) ;
#1974 = CARTESIAN_POINT ( 'NONE',  ( -22.36197694667999158, 5.374935629425795725, -4.000000000000000000 ) ) ;
#1975 = CARTESIAN_POINT ( 'NONE',  ( 0.5530032713437073033, 22.43037211676184839, -4.000000000000000000 ) ) ;
#1976 = CARTESIAN_POINT ( 'NONE',  ( 20.28432423003497931, -5.684594767459055120, -4.000000000000000000 ) ) ;
#1977 = ORIENTED_EDGE ( 'NONE', *, *, #2649, .T. ) ;
#1978 = FACE_OUTER_BOUND ( 'NONE', #481, .T. ) ;
#1979 = CARTESIAN_POINT ( 'NONE',  ( -6.105749397311496018, 21.69045284728557377, 0.000000000000000000 ) ) ;
#1980 = CARTESIAN_POINT ( 'NONE',  ( 18.32925739246958940, -12.48663137688971858, 0.000000000000000000 ) ) ;
#1981 = CARTESIAN_POINT ( 'NONE',  ( -10.88890590373234168, -18.35541626355844969, -4.000000000000000000 ) ) ;
#1982 = CYLINDRICAL_SURFACE ( 'NONE', #2979, 4.999999999999999112 ) ;
#1983 = CARTESIAN_POINT ( 'NONE',  ( -13.70942005604791625, -16.61833185927416068, -4.000000000000000000 ) ) ;
#1984 = CARTESIAN_POINT ( 'NONE',  ( 20.79633826188292645, -8.675726789176360754, -4.000000000000000000 ) ) ;
#1985 = CARTESIAN_POINT ( 'NONE',  ( 12.13835046888205405, 19.39946330054828749, 0.000000000000000000 ) ) ;
#1986 = CARTESIAN_POINT ( 'NONE',  ( -9.934253601406432210, -20.11810158283995520, 0.000000000000000000 ) ) ;
#1987 = CARTESIAN_POINT ( 'NONE',  ( -18.17327844624658795, -12.80672111095501897, -4.000000000000000000 ) ) ;
#1988 = CARTESIAN_POINT ( 'NONE',  ( 13.57424375338772116, -18.51034463267700403, -4.000000000000000000 ) ) ;
#1989 = CARTESIAN_POINT ( 'NONE',  ( -21.31935372223080805, -7.296648360000073552, 0.000000000000000000 ) ) ;
#1990 = CARTESIAN_POINT ( 'NONE',  ( 11.01533356301950661, -19.60296829705857391, -4.000000000000000000 ) ) ;
#1991 = CARTESIAN_POINT ( 'NONE',  ( 7.124355652982157672, 6.999999999999975131, -6.000000000000000000 ) ) ;
#1992 = CARTESIAN_POINT ( 'NONE',  ( -6.210390894792589656, 21.70894496246802774, 0.000000000000000000 ) ) ;
#1993 = CARTESIAN_POINT ( 'NONE',  ( -2.530628014445852170, -20.84159677917245901, 0.000000000000000000 ) ) ;
#1994 = CARTESIAN_POINT ( 'NONE',  ( -21.68465170036326839, -6.878550772462168617, 0.000000000000000000 ) ) ;
#1995 = CARTESIAN_POINT ( 'NONE',  ( 20.55100073401141358, 7.488439534210017179, 0.000000000000000000 ) ) ;
#1996 = CARTESIAN_POINT ( 'NONE',  ( 13.17393849248635718, 18.85193068575483011, 0.000000000000000000 ) ) ;
#1997 = CARTESIAN_POINT ( 'NONE',  ( -0.02492641410532377491, 22.06478867062249805, 0.000000000000000000 ) ) ;
#1998 = CARTESIAN_POINT ( 'NONE',  ( 20.47965370487760950, -7.238199896465288496, -4.000000000000000000 ) ) ;
#1999 = CARTESIAN_POINT ( 'NONE',  ( 8.920607862287580403, 19.38845876690917081, -4.000000000000000000 ) ) ;
#2000 = ORIENTED_EDGE ( 'NONE', *, *, #30, .F. ) ;
#2001 = CARTESIAN_POINT ( 'NONE',  ( 21.96795606151920310, 2.611094541491828291, 0.000000000000000000 ) ) ;
#2002 = CARTESIAN_POINT ( 'NONE',  ( -13.30135309966936497, 16.69022419582071493, 0.000000000000000000 ) ) ;
#2003 = CARTESIAN_POINT ( 'NONE',  ( 14.12104016515249150, -17.83633383713023335, 0.000000000000000000 ) ) ;
#2004 = CARTESIAN_POINT ( 'NONE',  ( 14.38243175225549564, 17.34651484635464413, 0.000000000000000000 ) ) ;
#2005 = CARTESIAN_POINT ( 'NONE',  ( 1.732595443184614004, -22.81834440718661128, -4.000000000000000000 ) ) ;
#2006 = CARTESIAN_POINT ( 'NONE',  ( -10.41689100507891652, -19.23301171463176829, -4.000000000000000000 ) ) ;
#2007 = CARTESIAN_POINT ( 'NONE',  ( -8.749985478137789485, -21.22099681987719322, 0.000000000000000000 ) ) ;
#2008 = CARTESIAN_POINT ( 'NONE',  ( 18.23822292812888435, 12.52102761954147780, -4.000000000000000000 ) ) ;
#2009 = CARTESIAN_POINT ( 'NONE',  ( -16.11019124716814588, -16.11540181887259493, 0.000000000000000000 ) ) ;
#2010 = CARTESIAN_POINT ( 'NONE',  ( 20.74746145929375629, -8.275132317816305871, 0.000000000000000000 ) ) ;
#2011 = CARTESIAN_POINT ( 'NONE',  ( -16.32253894830790486, 15.99684657017555089, 0.000000000000000000 ) ) ;
#2012 = CARTESIAN_POINT ( 'NONE',  ( 12.49397971639987936, 19.25599705917740323, 0.000000000000000000 ) ) ;
#2013 = CARTESIAN_POINT ( 'NONE',  ( -5.256247460261277205, -21.42959129432589194, 0.000000000000000000 ) ) ;
#2014 = CARTESIAN_POINT ( 'NONE',  ( 19.67653159492527948, 11.62576803065812214, -4.000000000000000000 ) ) ;
#2015 = CARTESIAN_POINT ( 'NONE',  ( -18.14936776173880517, 11.77726421825682834, -4.000000000000000000 ) ) ;
#2016 = CARTESIAN_POINT ( 'NONE',  ( 1.609724419164919818, 22.79765701126126132, -4.000000000000000000 ) ) ;
#2017 = CARTESIAN_POINT ( 'NONE',  ( -18.16980692583724633, -12.90301663323252512, -4.000000000000000000 ) ) ;
#2018 = CARTESIAN_POINT ( 'NONE',  ( -0.3848533942811458997, 21.79654169952963372, -4.000000000000000000 ) ) ;
#2019 = CARTESIAN_POINT ( 'NONE',  ( -21.94990946333028248, -6.471491559627722268, 0.000000000000000000 ) ) ;
#2020 = CARTESIAN_POINT ( 'NONE',  ( 10.02411735440073492, -19.51692406200496421, 0.000000000000000000 ) ) ;
#2021 = DIRECTION ( 'NONE',  ( -1.000000000000000000, 0.000000000000000000, 0.000000000000000000 ) ) ;
#2022 = CARTESIAN_POINT ( 'NONE',  ( -6.317921412924655478, 21.72473638752124003, -4.000000000000000000 ) ) ;
#2023 = CARTESIAN_POINT ( 'NONE',  ( -22.42774528754812025, 4.223659812520978107, -4.000000000000000000 ) ) ;
#2024 = CARTESIAN_POINT ( 'NONE',  ( 0.9352643789683138253, -22.60543259105241631, 0.000000000000000000 ) ) ;
#2025 = CARTESIAN_POINT ( 'NONE',  ( -11.92633278975202415, 17.27827597421674000, -4.000000000000000000 ) ) ;
#2026 = CARTESIAN_POINT ( 'NONE',  ( -20.00251443689480979, -8.246388228751520444, 0.000000000000000000 ) ) ;
#2027 = CARTESIAN_POINT ( 'NONE',  ( 12.84246811570854341, 19.07246152098828063, 0.000000000000000000 ) ) ;
#2028 = CARTESIAN_POINT ( 'NONE',  ( -0.6175175649107306208, 21.62688545941146145, 0.000000000000000000 ) ) ;
#2029 = CARTESIAN_POINT ( 'NONE',  ( -17.67583476004738685, 14.61286431517887330, 0.000000000000000000 ) ) ;
#2030 = CARTESIAN_POINT ( 'NONE',  ( -18.17472718066970927, 12.61301709083408085, 0.000000000000000000 ) ) ;
#2031 = CARTESIAN_POINT ( 'NONE',  ( 20.79633826188292645, -8.675726789176360754, 0.000000000000000000 ) ) ;
#2032 = CARTESIAN_POINT ( 'NONE',  ( -10.36776592877072822, -19.33656337675048320, -4.000000000000000000 ) ) ;
#2033 = CARTESIAN_POINT ( 'NONE',  ( -8.520062268277698081, -21.34630659078940340, 0.000000000000000000 ) ) ;
#2034 = CARTESIAN_POINT ( 'NONE',  ( 20.29311131124243062, -6.270585249870422651, -4.000000000000000000 ) ) ;
#2035 = CARTESIAN_POINT ( 'NONE',  ( -16.00418357823503257, 16.16801435209528393, -4.000000000000000000 ) ) ;
#2036 = CARTESIAN_POINT ( 'NONE',  ( 10.13042743176716343, 19.53376379397890261, 0.000000000000000000 ) ) ;
#2037 = CARTESIAN_POINT ( 'NONE',  ( -9.677132859199151227, -20.45075552913851524, 0.000000000000000000 ) ) ;
#2038 = EDGE_CURVE ( 'NONE', #3011, #747, #2061, .T. ) ;
#2039 = CARTESIAN_POINT ( 'NONE',  ( 22.03257834552027461, 2.538332356142270374, -4.000000000000000000 ) ) ;
#2040 = CARTESIAN_POINT ( 'NONE',  ( -18.15585517574670860, -11.41251356180677412, 0.000000000000000000 ) ) ;
#2041 = CARTESIAN_POINT ( 'NONE',  ( 14.49416725604000433, -17.06222747542408413, -4.000000000000000000 ) ) ;
#2042 = DIRECTION ( 'NONE',  ( 0.000000000000000000, 0.000000000000000000, -1.000000000000000000 ) ) ;
#2043 = AXIS2_PLACEMENT_3D ( 'NONE', #674, #3363, #4430 ) ;
#2044 = CARTESIAN_POINT ( 'NONE',  ( -22.04321896426556648, 2.894244770580947534, 0.000000000000000000 ) ) ;
#2045 = CARTESIAN_POINT ( 'NONE',  ( 4.409968919116991515, -22.23507379612073009, -4.000000000000000000 ) ) ;
#2046 = CARTESIAN_POINT ( 'NONE',  ( -19.53409718184675370, -8.597012578739839483, 0.000000000000000000 ) ) ;
#2047 = CARTESIAN_POINT ( 'NONE',  ( -2.530628014445852170, -20.84159677917245901, -4.000000000000000000 ) ) ;
#2048 = CARTESIAN_POINT ( 'NONE',  ( 20.58289753983940074, -7.598525017484590194, -4.000000000000000000 ) ) ;
#2049 = CARTESIAN_POINT ( 'NONE',  ( -18.17025257062545762, 12.41110025053946408, 0.000000000000000000 ) ) ;
#2050 = CARTESIAN_POINT ( 'NONE',  ( 20.42587224719004624, -10.57032113636052273, 0.000000000000000000 ) ) ;
#2051 = CARTESIAN_POINT ( 'NONE',  ( 14.49416725604001144, 17.06222747542408769, 0.000000000000000000 ) ) ;
#2052 = CARTESIAN_POINT ( 'NONE',  ( -10.27608982505456403, -19.52581620093670267, -4.000000000000000000 ) ) ;
#2053 = CARTESIAN_POINT ( 'NONE',  ( 16.90907204334978431, 13.02201446096766801, -4.000000000000000000 ) ) ;
#2054 = CARTESIAN_POINT ( 'NONE',  ( 20.74746145929375629, -8.275132317816305871, -4.000000000000000000 ) ) ;
#2055 = CARTESIAN_POINT ( 'NONE',  ( 6.844479728585141309, 19.92288945872043726, 0.000000000000000000 ) ) ;
#2056 = CARTESIAN_POINT ( 'NONE',  ( 1.732595443184614004, -22.81834440718661128, 0.000000000000000000 ) ) ;
#2057 = CARTESIAN_POINT ( 'NONE',  ( -17.73761553920986600, -14.50082850329366657, -4.000000000000000000 ) ) ;
#2058 = CARTESIAN_POINT ( 'NONE',  ( -10.14005884793972179, 19.78533198252967651, -4.000000000000000000 ) ) ;
#2059 = CARTESIAN_POINT ( 'NONE',  ( -18.15682379694213466, -12.06511880593055608, -4.000000000000000000 ) ) ;
#2060 = CARTESIAN_POINT ( 'NONE',  ( 14.23798757753601407, -17.63876532891242377, 0.000000000000000000 ) ) ;
#2061 = LINE ( 'NONE', #3623, #292 ) ;
#2062 = CARTESIAN_POINT ( 'NONE',  ( 5.438954983983050440, 21.25584677821781909, 0.000000000000000000 ) ) ;
#2063 = CARTESIAN_POINT ( 'NONE',  ( -21.61366561709853684, -6.970311178364153371, -4.000000000000000000 ) ) ;
#2064 = CARTESIAN_POINT ( 'NONE',  ( 3.660967934227335796, -22.61624075931525013, -4.000000000000000000 ) ) ;
#2065 = CARTESIAN_POINT ( 'NONE',  ( -18.25491778814014765, 10.67023813421721101, -4.000000000000000000 ) ) ;
#2066 = CARTESIAN_POINT ( 'NONE',  ( -22.17120079974524316, -6.007861870957579953, 0.000000000000000000 ) ) ;
#2067 = CARTESIAN_POINT ( 'NONE',  ( 21.59123141923971190, -3.009330157237668946, -4.000000000000000000 ) ) ;
#2068 = CARTESIAN_POINT ( 'NONE',  ( 5.676847562098984668, 20.96619076917856006, -4.000000000000000000 ) ) ;
#2069 = CARTESIAN_POINT ( 'NONE',  ( -17.60961632205925298, 14.72393849779074415, 0.000000000000000000 ) ) ;
#2070 = CARTESIAN_POINT ( 'NONE',  ( 20.69246807443067837, -9.834571535528160879, 0.000000000000000000 ) ) ;
#2071 = CARTESIAN_POINT ( 'NONE',  ( -10.59729946092185493, -18.86268132458963365, -4.000000000000000000 ) ) ;
#2072 = CARTESIAN_POINT ( 'NONE',  ( -9.442194321211962560, -20.69742849959578024, 0.000000000000000000 ) ) ;
#2073 = CARTESIAN_POINT ( 'NONE',  ( 16.45012902904862884, 13.28492605249689085, -4.000000000000000000 ) ) ;
#2074 = CARTESIAN_POINT ( 'NONE',  ( 20.32235553057461885, -6.518546132211284316, 0.000000000000000000 ) ) ;
#2075 = CARTESIAN_POINT ( 'NONE',  ( 10.42692446230140213, 19.57439362941260441, 0.000000000000000000 ) ) ;
#2076 = CARTESIAN_POINT ( 'NONE',  ( 1.985132969657262603, -22.84797988994008833, 0.000000000000000000 ) ) ;
#2077 = CARTESIAN_POINT ( 'NONE',  ( 18.04784068419240128, 12.58844448481508849, -4.000000000000000000 ) ) ;
#2078 = CARTESIAN_POINT ( 'NONE',  ( -18.07261558141746249, -13.61105683382036524, -4.000000000000000000 ) ) ;
#2079 = CARTESIAN_POINT ( 'NONE',  ( -18.14965349118961413, -11.60634439467844459, -4.000000000000000000 ) ) ;
#2080 = CARTESIAN_POINT ( 'NONE',  ( 14.29011911042242033, -17.54060426259943384, 0.000000000000000000 ) ) ;
#2081 = CARTESIAN_POINT ( 'NONE',  ( 23.00000000000000000, 6.776263578034402713E-18, 0.000000000000000000 ) ) ;
#2082 = CARTESIAN_POINT ( 'NONE',  ( 4.003797556025030069, -22.46803654139385031, -4.000000000000000000 ) ) ;
#2083 = ORIENTED_EDGE ( 'NONE', *, *, #2337, .F. ) ;
#2084 = CARTESIAN_POINT ( 'NONE',  ( -18.76174266397842416, -9.463190723969987062, 0.000000000000000000 ) ) ;
#2085 = CARTESIAN_POINT ( 'NONE',  ( 20.78779232674427391, 8.572142657481823136, 0.000000000000000000 ) ) ;
#2086 = CARTESIAN_POINT ( 'NONE',  ( -21.12263386550847954, -0.9645433511946365224, -4.000000000000000000 ) ) ;
#2087 = CARTESIAN_POINT ( 'NONE',  ( -1.332937384492310695, 21.19796886485566745, 0.000000000000000000 ) ) ;
#2088 = CARTESIAN_POINT ( 'NONE',  ( 5.438954983983050440, 21.25584677821781909, -4.000000000000000000 ) ) ;
#2089 = CARTESIAN_POINT ( 'NONE',  ( -16.42822751140351301, 15.93085274830864684, 0.000000000000000000 ) ) ;
#2090 = CARTESIAN_POINT ( 'NONE',  ( 20.39983756515139746, -6.925588738408704259, 0.000000000000000000 ) ) ;
#2091 = CARTESIAN_POINT ( 'NONE',  ( 21.02387159568900898, 3.672383574304939113, 0.000000000000000000 ) ) ;
#2092 = CARTESIAN_POINT ( 'NONE',  ( -22.21764800328125489, 5.884928489421181297, -4.000000000000000000 ) ) ;
#2093 = CARTESIAN_POINT ( 'NONE',  ( 20.79633826188292645, -8.675726789176360754, -4.000000000000000000 ) ) ;
#2094 = CARTESIAN_POINT ( 'NONE',  ( -7.522665644989227296, -21.68645783641392200, 0.000000000000000000 ) ) ;
#2095 = CARTESIAN_POINT ( 'NONE',  ( 14.80349630983426223, 15.77846632668081917, -4.000000000000000000 ) ) ;
#2096 = CARTESIAN_POINT ( 'NONE',  ( 21.67705880712999544, -2.919842341477613346, -4.000000000000000000 ) ) ;
#2097 = CARTESIAN_POINT ( 'NONE',  ( 3.892887678750797775, 22.52043080026215094, 0.000000000000000000 ) ) ;
#2098 = CARTESIAN_POINT ( 'NONE',  ( 1.039378218881640281, -22.64433760357381686, 0.000000000000000000 ) ) ;
#2099 = CARTESIAN_POINT ( 'NONE',  ( -18.17183461541526768, 11.19258704227218715, -4.000000000000000000 ) ) ;
#2100 = EDGE_CURVE ( 'NONE', #4218, #4846, #4313, .T. ) ;
#2101 = CARTESIAN_POINT ( 'NONE',  ( 21.75646130103281095, 2.837189671757640586, -4.000000000000000000 ) ) ;
#2102 = CARTESIAN_POINT ( 'NONE',  ( -18.17025257062545762, -12.41110025053948718, 0.000000000000000000 ) ) ;
#2103 = CARTESIAN_POINT ( 'NONE',  ( 14.42300264874661941, -17.25082415869792385, -4.000000000000000000 ) ) ;
#2104 = DIRECTION ( 'NONE',  ( 1.000000000000000000, 0.000000000000000000, 0.000000000000000000 ) ) ;
#2105 = VECTOR ( 'NONE', #2213, 1000.000000000000000 ) ;
#2106 = CARTESIAN_POINT ( 'NONE',  ( 5.888780766279266388, -20.72291999561922893, -4.000000000000000000 ) ) ;
#2107 = AXIS2_PLACEMENT_3D ( 'NONE', #788, #4611, #2021 ) ;
#2108 = CARTESIAN_POINT ( 'NONE',  ( 3.034655965340522510, -22.79207403780078067, 0.000000000000000000 ) ) ;
#2109 = ORIENTED_EDGE ( 'NONE', *, *, #3057, .F. ) ;
#2110 = CARTESIAN_POINT ( 'NONE',  ( -16.73918910046183584, -15.70644772556289936, 0.000000000000000000 ) ) ;
#2111 = CARTESIAN_POINT ( 'NONE',  ( 20.72113584048848978, 9.711501322388421897, -4.000000000000000000 ) ) ;
#2112 = CARTESIAN_POINT ( 'NONE',  ( -21.54363463193362804, 1.993817810941284741, -4.000000000000000000 ) ) ;
#2113 = CARTESIAN_POINT ( 'NONE',  ( -3.198142567396964786, 20.82163085010417802, 0.000000000000000000 ) ) ;
#2114 = VECTOR ( 'NONE', #4047, 1000.000000000000000 ) ;
#2115 = CARTESIAN_POINT ( 'NONE',  ( -18.09598118973340419, 13.50491433628528348, -4.000000000000000000 ) ) ;
#2116 = CARTESIAN_POINT ( 'NONE',  ( -18.07261558141744828, 13.61105683382038301, 0.000000000000000000 ) ) ;
#2117 = CARTESIAN_POINT ( 'NONE',  ( 20.48139027573108351, -10.44990086774784110, 0.000000000000000000 ) ) ;
#2118 = CC_DESIGN_SECURITY_CLASSIFICATION ( #3629, ( #2285 ) ) ;
#2119 = CARTESIAN_POINT ( 'NONE',  ( 1.372163210848023951, 22.74558431711198381, 0.000000000000000000 ) ) ;
#2120 = CARTESIAN_POINT ( 'NONE',  ( -7.650304178717140857, -21.65939507780015205, -4.000000000000000000 ) ) ;
#2121 = CARTESIAN_POINT ( 'NONE',  ( -4.232730576400654421, -21.02295257162312581, -4.000000000000000000 ) ) ;
#2122 = CARTESIAN_POINT ( 'NONE',  ( 14.60493761306325311, 16.69051937538967678, -4.000000000000000000 ) ) ;
#2123 = DATE_AND_TIME ( #2150, #696 ) ;
#2124 = CARTESIAN_POINT ( 'NONE',  ( 23.00000000000000355, -0.04430047995070253430, -4.000000000000000000 ) ) ;
#2125 = CARTESIAN_POINT ( 'NONE',  ( 8.920607862287580403, 19.38845876690917081, 0.000000000000000000 ) ) ;
#2126 = CARTESIAN_POINT ( 'NONE',  ( -0.7583441349052699731, -21.53002708384709507, 0.000000000000000000 ) ) ;
#2127 = CARTESIAN_POINT ( 'NONE',  ( 18.77397602136330690, 12.28679088549161769, -4.000000000000000000 ) ) ;
#2128 = CARTESIAN_POINT ( 'NONE',  ( -16.11019124716814588, -16.11540181887259493, -4.000000000000000000 ) ) ;
#2129 = CARTESIAN_POINT ( 'NONE',  ( 15.95187074585634512, -13.67818650900301591, -4.000000000000000000 ) ) ;
#2130 = CARTESIAN_POINT ( 'NONE',  ( -20.44527414537789767, -7.961408085081986385, -4.000000000000000000 ) ) ;
#2131 = CARTESIAN_POINT ( 'NONE',  ( 14.65031900565576706, -16.49920220610296795, -4.000000000000000000 ) ) ;
#2132 = CARTESIAN_POINT ( 'NONE',  ( 12.12435565298211060, -7.000000000000056843, -4.000000000000000000 ) ) ;
#2133 = CARTESIAN_POINT ( 'NONE',  ( 9.140856978489066975, -19.39910504791186696, -4.000000000000000000 ) ) ;
#2134 = CARTESIAN_POINT ( 'NONE',  ( -21.05531120614950424, 0.6650542471123009891, 0.000000000000000000 ) ) ;
#2135 = CARTESIAN_POINT ( 'NONE',  ( 2.375982835903401647, -22.86068615957975325, 0.000000000000000000 ) ) ;
#2136 = ORIENTED_EDGE ( 'NONE', *, *, #1724, .T. ) ;
#2137 = CARTESIAN_POINT ( 'NONE',  ( -18.25491778814014765, 10.67023813421721101, 0.000000000000000000 ) ) ;
#2138 = CARTESIAN_POINT ( 'NONE',  ( -15.79395911403171127, -16.26029483406766474, 0.000000000000000000 ) ) ;
#2139 = CARTESIAN_POINT ( 'NONE',  ( 20.80023229913680183, 9.115158563235331357, -4.000000000000000000 ) ) ;
#2140 = CARTESIAN_POINT ( 'NONE',  ( 11.90217861259450238, 19.47257571994366643, 0.000000000000000000 ) ) ;
#2141 = CARTESIAN_POINT ( 'NONE',  ( -21.12263386550846533, 0.9645433511945863403, -4.000000000000000000 ) ) ;
#2142 = CARTESIAN_POINT ( 'NONE',  ( -4.416164701120695035, 21.08588725642605155, -4.000000000000000000 ) ) ;
#2143 = CARTESIAN_POINT ( 'NONE',  ( 21.90090697121824093, -2.684361049373882313, -4.000000000000000000 ) ) ;
#2144 = CARTESIAN_POINT ( 'NONE',  ( 5.888780766279269052, 20.72291999561921116, -4.000000000000000000 ) ) ;
#2145 = CARTESIAN_POINT ( 'NONE',  ( -21.54139206009464047, 7.057957261120552772, 0.000000000000000000 ) ) ;
#2146 = CARTESIAN_POINT ( 'NONE',  ( 22.92067372998528896, -0.7833605312303488777, 0.000000000000000000 ) ) ;
#2147 = CARTESIAN_POINT ( 'NONE',  ( 21.67705880712997057, 2.919842341477635994, -4.000000000000000000 ) ) ;
#2148 = CARTESIAN_POINT ( 'NONE',  ( -6.210390894792615413, -21.70894496246803840, 0.000000000000000000 ) ) ;
#2149 = CARTESIAN_POINT ( 'NONE',  ( 15.05457142190026865, 14.98300655306773876, -4.000000000000000000 ) ) ;
#2150 = CALENDAR_DATE ( 2026, 28, 8 ) ;
#2151 = ORIENTED_EDGE ( 'NONE', *, *, #3320, .T. ) ;
#2152 = CARTESIAN_POINT ( 'NONE',  ( 22.27556337986286650, -2.236015871788900711, 0.000000000000000000 ) ) ;
#2153 = CARTESIAN_POINT ( 'NONE',  ( 1.039378218881651383, 22.64433760357381686, 0.000000000000000000 ) ) ;
#2154 = CARTESIAN_POINT ( 'NONE',  ( 2.114161590068862839, -22.85658051126497625, 0.000000000000000000 ) ) ;
#2155 = CARTESIAN_POINT ( 'NONE',  ( -14.99906732216531680, -16.48204178567783984, -4.000000000000000000 ) ) ;
#2156 = CARTESIAN_POINT ( 'NONE',  ( -17.03362813099636242, -15.44484666377424631, 0.000000000000000000 ) ) ;
#2157 = CARTESIAN_POINT ( 'NONE',  ( 17.94588197194135404, -12.62293839904232406, -4.000000000000000000 ) ) ;
#2158 = CARTESIAN_POINT ( 'NONE',  ( 22.89262382182331024, 0.9081887751128878694, 0.000000000000000000 ) ) ;
#2159 = CARTESIAN_POINT ( 'NONE',  ( 4.314250260353269972, 22.29625582966830777, -4.000000000000000000 ) ) ;
#2160 = CARTESIAN_POINT ( 'NONE',  ( 2.772435045105526186, 22.83305684466245467, -4.000000000000000000 ) ) ;
#2161 = CARTESIAN_POINT ( 'NONE',  ( -21.01046210447309903, 0.3397773154281418240, -4.000000000000000000 ) ) ;
#2162 = CARTESIAN_POINT ( 'NONE',  ( -22.20017227113294211, -3.252653846714200103, 0.000000000000000000 ) ) ;
#2163 = CARTESIAN_POINT ( 'NONE',  ( 5.775226086956912752, -20.85066584697018754, 0.000000000000000000 ) ) ;
#2164 = ORIENTED_EDGE ( 'NONE', *, *, #2897, .T. ) ;
#2165 = CARTESIAN_POINT ( 'NONE',  ( -18.14965349118963900, 11.60634439467843748, -4.000000000000000000 ) ) ;
#2166 = CARTESIAN_POINT ( 'NONE',  ( -15.48642864523426077, -16.36845894515291278, 0.000000000000000000 ) ) ;
#2167 = CARTESIAN_POINT ( 'NONE',  ( -10.59729946092185138, 18.86268132458961233, -4.000000000000000000 ) ) ;
#2168 = APPROVAL ( #1730, 'æœª' ) ;
#2169 = CARTESIAN_POINT ( 'NONE',  ( 5.511434109662944891, 21.16706053947267208, -4.000000000000000000 ) ) ;
#2170 = CARTESIAN_POINT ( 'NONE',  ( -18.15682379694213466, 12.06511880593058095, 0.000000000000000000 ) ) ;
#2171 = DIRECTION ( 'NONE',  ( -0.000000000000000000, -0.000000000000000000, 1.000000000000000000 ) ) ;
#2172 = CARTESIAN_POINT ( 'NONE',  ( 20.29311131124241996, 6.270585249870401334, -4.000000000000000000 ) ) ;
#2173 = CARTESIAN_POINT ( 'NONE',  ( -8.520062268277705186, 21.34630659078940340, -4.000000000000000000 ) ) ;
#2174 = CARTESIAN_POINT ( 'NONE',  ( -22.29840436819379690, 5.632859719257557352, 0.000000000000000000 ) ) ;
#2175 = CARTESIAN_POINT ( 'NONE',  ( -4.842583601908457602, -21.25527525704973897, -4.000000000000000000 ) ) ;
#2176 = PERSON_AND_ORGANIZATION ( #475, #4840 ) ;
#2177 = CARTESIAN_POINT ( 'NONE',  ( 22.86081428818683037, -1.030484612093665486, 0.000000000000000000 ) ) ;
#2178 = CARTESIAN_POINT ( 'NONE',  ( -5.530158903661344105, 21.53363642302077707, 0.000000000000000000 ) ) ;
#2179 = CARTESIAN_POINT ( 'NONE',  ( 11.66987199498925776, -19.52825306359922308, 0.000000000000000000 ) ) ;
#2180 = CARTESIAN_POINT ( 'NONE',  ( 18.50763246423367292, 12.41359184638038471, 0.000000000000000000 ) ) ;
#2181 = CARTESIAN_POINT ( 'NONE',  ( -21.46809596502322037, 7.141509484957326848, -4.000000000000000000 ) ) ;
#2182 = CARTESIAN_POINT ( 'NONE',  ( -16.42822751140352722, -15.93085274830863973, -4.000000000000000000 ) ) ;
#2183 = CARTESIAN_POINT ( 'NONE',  ( -17.53905095534864600, -14.83368601355758543, 0.000000000000000000 ) ) ;
#2184 = CARTESIAN_POINT ( 'NONE',  ( 18.50763246423368713, -12.41359184638039181, 0.000000000000000000 ) ) ;
#2185 = CARTESIAN_POINT ( 'NONE',  ( 20.80425486829263448, 9.001628295016114834, 0.000000000000000000 ) ) ;
#2186 = EDGE_CURVE ( 'NONE', #3223, #4057, #1306, .T. ) ;
#2187 = CARTESIAN_POINT ( 'NONE',  ( 3.660967934227314036, 22.61624075931525724, -4.000000000000000000 ) ) ;
#2188 = CARTESIAN_POINT ( 'NONE',  ( 0.9352643789683224851, 22.60543259105239855, -4.000000000000000000 ) ) ;
#2189 = CARTESIAN_POINT ( 'NONE',  ( -21.90691606563208893, 2.634871704410302939, -4.000000000000000000 ) ) ;
#2190 = CARTESIAN_POINT ( 'NONE',  ( -22.23518487644739139, -3.348207441344188240, -4.000000000000000000 ) ) ;
#2191 = CARTESIAN_POINT ( 'NONE',  ( 5.589924110080315423, -21.07107236563832586, 0.000000000000000000 ) ) ;
#2192 = DIRECTION ( 'NONE',  ( -1.000000000000000000, 0.000000000000000000, 0.000000000000000000 ) ) ;
#2193 = CARTESIAN_POINT ( 'NONE',  ( -16.42822751140352722, -15.93085274830863973, 0.000000000000000000 ) ) ;
#2194 = CARTESIAN_POINT ( 'NONE',  ( -11.65567158548801352, 17.48428684158513491, 0.000000000000000000 ) ) ;
#2195 = CARTESIAN_POINT ( 'NONE',  ( -21.88699574652791213, 6.579042111146212513, 0.000000000000000000 ) ) ;
#2196 = DIRECTION ( 'NONE',  ( -1.000000000000000000, 0.000000000000000000, 0.000000000000000000 ) ) ;
#2197 = CARTESIAN_POINT ( 'NONE',  ( -6.541507844657088455, 21.74728613986733450, -4.000000000000000000 ) ) ;
#2198 = CARTESIAN_POINT ( 'NONE',  ( -22.43509628547915469, 4.853803308554995866, -4.000000000000000000 ) ) ;
#2199 = CARTESIAN_POINT ( 'NONE',  ( -5.713967158203336005, -21.59364608391138418, 0.000000000000000000 ) ) ;
#2200 = APPROVAL_DATE_TIME ( #681, #2168 ) ;
#2201 = CARTESIAN_POINT ( 'NONE',  ( 21.83071113592746926, -2.759264251381942312, 0.000000000000000000 ) ) ;
#2202 = CARTESIAN_POINT ( 'NONE',  ( 2.508025960596960591, 22.85601849740108449, 0.000000000000000000 ) ) ;
#2203 = CARTESIAN_POINT ( 'NONE',  ( 12.37573363895109679, -19.30834417696301486, 0.000000000000000000 ) ) ;
#2204 = CARTESIAN_POINT ( 'NONE',  ( -21.68465170036326484, 6.878550772462173057, -4.000000000000000000 ) ) ;
#2205 = CARTESIAN_POINT ( 'NONE',  ( -17.89594962096631647, -14.16255796312505311, 0.000000000000000000 ) ) ;
#2206 = CARTESIAN_POINT ( 'NONE',  ( 16.90907204334971325, -13.02201446096770177, -4.000000000000000000 ) ) ;
#2207 = CARTESIAN_POINT ( 'NONE',  ( -14.90389234821013176, 16.49709513737359501, 0.000000000000000000 ) ) ;
#2208 = CARTESIAN_POINT ( 'NONE',  ( 20.74746145929375274, 8.275132317816296990, 0.000000000000000000 ) ) ;
#2209 = CARTESIAN_POINT ( 'NONE',  ( 2.904014192323573607, 22.81479010543602470, 0.000000000000000000 ) ) ;
#2210 = CARTESIAN_POINT ( 'NONE',  ( 2.244567722035322177, 22.86085004771973317, -4.000000000000000000 ) ) ;
#2211 = CARTESIAN_POINT ( 'NONE',  ( -22.26827178752866132, -3.446736430283537267, 0.000000000000000000 ) ) ;
#2212 = CARTESIAN_POINT ( 'NONE',  ( 6.179755451562972901, -20.42792697626761367, 0.000000000000000000 ) ) ;
#2213 = DIRECTION ( 'NONE',  ( -0.000000000000000000, -0.000000000000000000, 1.000000000000000000 ) ) ;
#2214 = CARTESIAN_POINT ( 'NONE',  ( -17.03362813099636242, -15.44484666377424631, 0.000000000000000000 ) ) ;
#2215 = CARTESIAN_POINT ( 'NONE',  ( -10.14005884793972179, 19.78533198252967651, -4.000000000000000000 ) ) ;
#2216 = CARTESIAN_POINT ( 'NONE',  ( 9.503730163328052427, 19.43663076770573639, -4.000000000000000000 ) ) ;
#2217 = CARTESIAN_POINT ( 'NONE',  ( -10.77255186281654176, 18.54272550959110433, 0.000000000000000000 ) ) ;
#2218 = CARTESIAN_POINT ( 'NONE',  ( -21.75406656625705182, 6.782700467727670990, 0.000000000000000000 ) ) ;
#2219 = CARTESIAN_POINT ( 'NONE',  ( -21.00000000000000355, -4.127278043175977515E-15, 0.000000000000000000 ) ) ;
#2220 = CARTESIAN_POINT ( 'NONE',  ( 13.57424375338773359, 18.51034463267700758, -4.000000000000000000 ) ) ;
#2221 = CARTESIAN_POINT ( 'NONE',  ( 22.03257834552027461, -2.538332356142269930, -4.000000000000000000 ) ) ;
#2222 = CARTESIAN_POINT ( 'NONE',  ( 1.146957286384169494, 22.68083482401356221, 0.000000000000000000 ) ) ;
#2223 = CARTESIAN_POINT ( 'NONE',  ( 10.61881090672413741, -19.59261536617595922, 0.000000000000000000 ) ) ;
#2224 = CARTESIAN_POINT ( 'NONE',  ( -1.332937384492320243, -21.19796886485566745, -4.000000000000000000 ) ) ;
#2225 = CARTESIAN_POINT ( 'NONE',  ( -16.32253894830787999, -15.99684657017555800, -4.000000000000000000 ) ) ;
#2226 = CARTESIAN_POINT ( 'NONE',  ( 18.95364980006550581, -12.18667631799439377, -4.000000000000000000 ) ) ;
#2227 = CARTESIAN_POINT ( 'NONE',  ( 20.68850112096512817, 7.991468017176337924, -4.000000000000000000 ) ) ;
#2228 = EDGE_CURVE ( 'NONE', #1325, #2714, #4504, .T. ) ;
#2229 = CARTESIAN_POINT ( 'NONE',  ( -17.73761553920986600, -14.50082850329366657, -4.000000000000000000 ) ) ;
#2230 = CARTESIAN_POINT ( 'NONE',  ( 17.28807635332961468, -12.85455437032263681, 0.000000000000000000 ) ) ;
#2231 = CARTESIAN_POINT ( 'NONE',  ( -15.58767780413766069, 16.33620357133145262, 0.000000000000000000 ) ) ;
#2232 = CARTESIAN_POINT ( 'NONE',  ( 19.84835533766066717, 11.44289398223679122, 0.000000000000000000 ) ) ;
#2233 = CARTESIAN_POINT ( 'NONE',  ( -16.32253894830790486, 15.99684657017555089, -4.000000000000000000 ) ) ;
#2234 = CARTESIAN_POINT ( 'NONE',  ( 7.132715232446780185, -19.76561003056574606, -4.000000000000000000 ) ) ;
#2235 = CARTESIAN_POINT ( 'NONE',  ( 3.778537881278389854, 22.56992201879467430, -4.000000000000000000 ) ) ;
#2236 = CARTESIAN_POINT ( 'NONE',  ( -21.68400932030299444, 2.245235397778353015, -4.000000000000000000 ) ) ;
#2237 = CARTESIAN_POINT ( 'NONE',  ( -22.26827178752866132, -3.446736430283537267, -4.000000000000000000 ) ) ;
#2238 = CARTESIAN_POINT ( 'NONE',  ( 5.438954983983058433, -21.25584677821780843, -4.000000000000000000 ) ) ;
#2239 = ORIENTED_EDGE ( 'NONE', *, *, #4185, .F. ) ;
#2240 = CARTESIAN_POINT ( 'NONE',  ( -19.15140907962192429, 8.962116689579209705, -4.000000000000000000 ) ) ;
#2241 = CARTESIAN_POINT ( 'NONE',  ( -10.04227015966239556, 19.95213727705885987, -4.000000000000000000 ) ) ;
#2242 = CARTESIAN_POINT ( 'NONE',  ( 8.392052896060642198, 19.40797396644943618, 0.000000000000000000 ) ) ;
#2243 = CARTESIAN_POINT ( 'NONE',  ( -18.17327844624658084, 12.80672111095504739, 0.000000000000000000 ) ) ;
#2244 = CARTESIAN_POINT ( 'NONE',  ( -20.34839886508054718, 8.022656757860589849, 0.000000000000000000 ) ) ;
#2245 = CARTESIAN_POINT ( 'NONE',  ( 22.50045111320923397, -1.891281616171908819, 0.000000000000000000 ) ) ;
#2246 = CARTESIAN_POINT ( 'NONE',  ( 20.29311131124241996, 6.270585249870401334, 0.000000000000000000 ) ) ;
#2247 = CARTESIAN_POINT ( 'NONE',  ( -5.808312477100088245, -21.62091573078120987, -4.000000000000000000 ) ) ;
#2248 = CARTESIAN_POINT ( 'NONE',  ( -22.38706326563480431, 5.244728221083877706, -4.000000000000000000 ) ) ;
#2249 = CARTESIAN_POINT ( 'NONE',  ( -0.6175175649107126352, -21.62688545941149343, 0.000000000000000000 ) ) ;
#2250 = ORIENTED_EDGE ( 'NONE', *, *, #2265, .T. ) ;
#2251 = CARTESIAN_POINT ( 'NONE',  ( 22.70068007964910706, 1.489195761755057301, -4.000000000000000000 ) ) ;
#2252 = CARTESIAN_POINT ( 'NONE',  ( -4.956690974354534873, 21.30379244199514233, 0.000000000000000000 ) ) ;
#2253 = CARTESIAN_POINT ( 'NONE',  ( 8.670929892843622255, -19.38931615245256523, 0.000000000000000000 ) ) ;
#2254 = CARTESIAN_POINT ( 'NONE',  ( -0.2856726970412228894, -21.87095674489395236, -4.000000000000000000 ) ) ;
#2255 = CARTESIAN_POINT ( 'NONE',  ( -10.59729946092185493, -18.86268132458963365, -4.000000000000000000 ) ) ;
#2256 = CARTESIAN_POINT ( 'NONE',  ( -18.13228884756145831, -13.29789610083738793, 0.000000000000000000 ) ) ;
#2257 = CARTESIAN_POINT ( 'NONE',  ( 20.30242169740233393, -10.80553650704882607, 0.000000000000000000 ) ) ;
#2258 = CARTESIAN_POINT ( 'NONE',  ( 20.65929445717396362, 9.958136898542223392, 0.000000000000000000 ) ) ;
#2259 = CARTESIAN_POINT ( 'NONE',  ( -18.01441512476086260, 13.82811003151778984, -4.000000000000000000 ) ) ;
#2260 = CARTESIAN_POINT ( 'NONE',  ( -20.34839886508052231, -8.022656757860596954, -4.000000000000000000 ) ) ;
#2261 = CARTESIAN_POINT ( 'NONE',  ( 10.13042743176719540, -19.53376379397890261, -4.000000000000000000 ) ) ;
#2262 = CARTESIAN_POINT ( 'NONE',  ( -21.74592688421185471, -2.352662698596946989, 0.000000000000000000 ) ) ;
#2263 = CARTESIAN_POINT ( 'NONE',  ( 5.110467300076766861, -21.63708111260477551, 0.000000000000000000 ) ) ;
#2264 = CYLINDRICAL_SURFACE ( 'NONE', #523, 5.000000000000000888 ) ;
#2265 = EDGE_CURVE ( 'NONE', #2714, #1325, #3810, .T. ) ;
#2266 = CARTESIAN_POINT ( 'NONE',  ( -10.36776592877073355, 19.33656337675046544, 0.000000000000000000 ) ) ;
#2267 = CARTESIAN_POINT ( 'NONE',  ( -18.13228884756145476, 13.29789610083739326, 0.000000000000000000 ) ) ;
#2268 = CARTESIAN_POINT ( 'NONE',  ( -22.29924221309443411, -3.548385995256941428, 0.000000000000000000 ) ) ;
#2269 = CARTESIAN_POINT ( 'NONE',  ( -21.00000000000000355, -0.1146559665542567497, 0.000000000000000000 ) ) ;
#2270 = CIRCLE ( 'NONE', #596, 5.000000000000000888 ) ;
#2271 = CARTESIAN_POINT ( 'NONE',  ( -6.210390894792589656, 21.70894496246802774, -4.000000000000000000 ) ) ;
#2272 = CARTESIAN_POINT ( 'NONE',  ( 12.72771890607624279, 19.13795803034424736, -4.000000000000000000 ) ) ;
#2273 = AXIS2_PLACEMENT_3D ( 'NONE', #3434, #520, #2703 ) ;
#2274 = ORIENTED_EDGE ( 'NONE', *, *, #4552, .T. ) ;
#2275 = FACE_BOUND ( 'NONE', #260, .T. ) ;
#2276 = CARTESIAN_POINT ( 'NONE',  ( -17.12653607385810872, 15.35023478957749532, 0.000000000000000000 ) ) ;
#2277 = CARTESIAN_POINT ( 'NONE',  ( -9.677132859199151227, 20.45075552913850814, 0.000000000000000000 ) ) ;
#2278 = CARTESIAN_POINT ( 'NONE',  ( 10.33033271631730088, -19.56254416469472091, 0.000000000000000000 ) ) ;
#2279 = CARTESIAN_POINT ( 'NONE',  ( -20.78488896738854663, 7.737314153829982999, 0.000000000000000000 ) ) ;
#2280 = CARTESIAN_POINT ( 'NONE',  ( 20.66509520378539122, 7.897008828913195444, -4.000000000000000000 ) ) ;
#2281 = CARTESIAN_POINT ( 'NONE',  ( -13.05913550403716172, -16.75080851641389046, -4.000000000000000000 ) ) ;
#2282 = CARTESIAN_POINT ( 'NONE',  ( 20.80023229913680183, -9.115158563235326028, -4.000000000000000000 ) ) ;
#2283 = CARTESIAN_POINT ( 'NONE',  ( 20.39983756515138325, 6.925588738408707812, 0.000000000000000000 ) ) ;
#2284 = CIRCLE ( 'NONE', #3862, 5.000000000000000888 ) ;
#2285 = PRODUCT_DEFINITION_FORMATION_WITH_SPECIFIED_SOURCE ( 'ä»', '', #2302, .NOT_KNOWN. ) ;
#2286 = CARTESIAN_POINT ( 'NONE',  ( -9.747148956018724775, 20.36762955473148651, 0.000000000000000000 ) ) ;
#2287 = CARTESIAN_POINT ( 'NONE',  ( -2.195231396460687989, 20.89822780963909565, -4.000000000000000000 ) ) ;
#2288 = CARTESIAN_POINT ( 'NONE',  ( -21.82161479238341073, -6.682827900513029995, 0.000000000000000000 ) ) ;
#2289 = CARTESIAN_POINT ( 'NONE',  ( 12.72771890607626766, -19.13795803034422960, 0.000000000000000000 ) ) ;
#2290 = CYLINDRICAL_SURFACE ( 'NONE', #3213, 5.000000000000000888 ) ;
#2291 = CARTESIAN_POINT ( 'NONE',  ( -10.67698286436429989, 18.71147212199528553, 0.000000000000000000 ) ) ;
#2292 = EDGE_CURVE ( 'NONE', #4730, #195, #3678, .T. ) ;
#2293 = CARTESIAN_POINT ( 'NONE',  ( -22.16338961594793133, 3.159849933283246592, 0.000000000000000000 ) ) ;
#2294 = DIRECTION ( 'NONE',  ( 0.000000000000000000, 0.000000000000000000, -1.000000000000000000 ) ) ;
#2295 = CARTESIAN_POINT ( 'NONE',  ( 20.66509520378539122, 7.897008828913195444, -4.000000000000000000 ) ) ;
#2296 = CARTESIAN_POINT ( 'NONE',  ( -22.06717016211343108, 6.245873757502434565, -4.000000000000000000 ) ) ;
#2297 = ORIENTED_EDGE ( 'NONE', *, *, #2847, .F. ) ;
#2298 = CARTESIAN_POINT ( 'NONE',  ( 22.55334719936498544, 1.796338551631280644, 0.000000000000000000 ) ) ;
#2299 = CARTESIAN_POINT ( 'NONE',  ( -17.38541332982639176, 15.04776325982250107, 0.000000000000000000 ) ) ;
#2300 = CARTESIAN_POINT ( 'NONE',  ( -10.18624193779600340, 19.70071356287416009, 0.000000000000000000 ) ) ;
#2301 = CARTESIAN_POINT ( 'NONE',  ( 16.45012902904866436, -13.28492605249687841, 0.000000000000000000 ) ) ;
#2302 = PRODUCT ( '\X2\64467ebf8f6e\X0\2', '\X2\64467ebf8f6e\X0\2', '', ( #3924 ) ) ;
#2303 = CARTESIAN_POINT ( 'NONE',  ( -21.24426801316549884, 7.368515192687133286, -4.000000000000000000 ) ) ;
#2304 = CARTESIAN_POINT ( 'NONE',  ( -10.67698286436428923, -18.71147212199528553, 0.000000000000000000 ) ) ;
#2305 = CARTESIAN_POINT ( 'NONE',  ( -15.89868533617197066, -16.21627527863183360, -4.000000000000000000 ) ) ;
#2306 = CARTESIAN_POINT ( 'NONE',  ( 20.08917054442650496, -11.13919997127607964, 0.000000000000000000 ) ) ;
#2307 = CARTESIAN_POINT ( 'NONE',  ( 13.27905935459841658, 18.77110434763020308, 0.000000000000000000 ) ) ;
#2308 = CARTESIAN_POINT ( 'NONE',  ( -10.67698286436428923, -18.71147212199528553, 0.000000000000000000 ) ) ;
#2309 = CARTESIAN_POINT ( 'NONE',  ( 20.16368796050758405, 11.03095435375335676, -4.000000000000000000 ) ) ;
#2310 = CARTESIAN_POINT ( 'NONE',  ( 11.90217861259450771, -19.47257571994365222, -4.000000000000000000 ) ) ;
#2311 = CARTESIAN_POINT ( 'NONE',  ( -21.00000000000000711, 0.1146559665542763728, 0.000000000000000000 ) ) ;
#2312 = CARTESIAN_POINT ( 'NONE',  ( -22.44211105392952277, -4.724678761717163944, -4.000000000000000000 ) ) ;
#2313 = CARTESIAN_POINT ( 'NONE',  ( 10.23194733791962285, -19.54898396539807592, -4.000000000000000000 ) ) ;
#2314 = CARTESIAN_POINT ( 'NONE',  ( 23.00000000000000000, 6.776263578034402713E-18, 0.000000000000000000 ) ) ;
#2315 = CARTESIAN_POINT ( 'NONE',  ( -20.62209677019498955, 7.847588496223871779, 0.000000000000000000 ) ) ;
#2316 = CARTESIAN_POINT ( 'NONE',  ( 22.99168151220385070, -0.2652489659780626896, -4.000000000000000000 ) ) ;
#2317 = CARTESIAN_POINT ( 'NONE',  ( -14.16571377015884536, 16.57015074090624296, -4.000000000000000000 ) ) ;
#2318 = CARTESIAN_POINT ( 'NONE',  ( -21.90691606563209604, -2.634871704410320259, 0.000000000000000000 ) ) ;
#2319 = DIRECTION ( 'NONE',  ( -0.000000000000000000, -0.000000000000000000, 1.000000000000000000 ) ) ;
#2320 = CARTESIAN_POINT ( 'NONE',  ( 13.47946458834674921, 18.60001568748360512, 0.000000000000000000 ) ) ;
#2321 = ORIENTED_EDGE ( 'NONE', *, *, #4337, .T. ) ;
#2322 = CARTESIAN_POINT ( 'NONE',  ( 22.27556337986285584, 2.236015871788898490, -4.000000000000000000 ) ) ;
#2323 = CARTESIAN_POINT ( 'NONE',  ( -9.355409910612245028, 20.77789073049700264, 0.000000000000000000 ) ) ;
#2324 = CARTESIAN_POINT ( 'NONE',  ( 18.04784068419241905, -12.58844448481508316, 0.000000000000000000 ) ) ;
#2325 = CARTESIAN_POINT ( 'NONE',  ( -21.61366561709855105, 6.970311178364145377, -4.000000000000000000 ) ) ;
#2326 = CARTESIAN_POINT ( 'NONE',  ( -10.41689100507891652, -19.23301171463176829, 0.000000000000000000 ) ) ;
#2327 = CARTESIAN_POINT ( 'NONE',  ( 12.12435565298211060, -7.000000000000056843, -6.000000000000000000 ) ) ;
#2328 = CARTESIAN_POINT ( 'NONE',  ( -16.21641532725007906, -16.05836027834629931, -4.000000000000000000 ) ) ;
#2329 = CARTESIAN_POINT ( 'NONE',  ( 20.69246807443067837, -9.834571535528160879, -4.000000000000000000 ) ) ;
#2330 = CARTESIAN_POINT ( 'NONE',  ( 14.89708575702913507, 15.42586720119266808, 0.000000000000000000 ) ) ;
#2331 = CARTESIAN_POINT ( 'NONE',  ( -8.031184762135691102, -21.55105605998828722, 0.000000000000000000 ) ) ;
#2332 = CARTESIAN_POINT ( 'NONE',  ( -18.16172512099849357, 12.18901548346499020, -4.000000000000000000 ) ) ;
#2333 = CARTESIAN_POINT ( 'NONE',  ( 10.81375728331118502, -19.60263105521331184, -4.000000000000000000 ) ) ;
#2334 = CARTESIAN_POINT ( 'NONE',  ( -21.82161479238341073, -6.682827900513029995, -4.000000000000000000 ) ) ;
#2335 = CARTESIAN_POINT ( 'NONE',  ( 11.78539027706233355, -19.50253865068290793, 0.000000000000000000 ) ) ;
#2336 = DIRECTION ( 'NONE',  ( -0.000000000000000000, -0.000000000000000000, 1.000000000000000000 ) ) ;
#2337 = EDGE_CURVE ( 'NONE', #2344, #4166, #3317, .T. ) ;
#2338 = CARTESIAN_POINT ( 'NONE',  ( -22.17120079974524316, -6.007861870957579953, -4.000000000000000000 ) ) ;
#2339 = CARTESIAN_POINT ( 'NONE',  ( 22.94476432465959093, -0.6563093650777753751, -4.000000000000000000 ) ) ;
#2340 = CARTESIAN_POINT ( 'NONE',  ( -0.7583441349052699731, -21.53002708384709507, -4.000000000000000000 ) ) ;
#2341 = CARTESIAN_POINT ( 'NONE',  ( -22.29924221309444476, 3.548385995256939207, 0.000000000000000000 ) ) ;
#2342 = CARTESIAN_POINT ( 'NONE',  ( 20.55100073401141358, 7.488439534210017179, -4.000000000000000000 ) ) ;
#2343 = CARTESIAN_POINT ( 'NONE',  ( 10.91357375904089011, 19.60411471402109029, -4.000000000000000000 ) ) ;
#2344 = VERTEX_POINT ( 'NONE', #278 ) ;
#2345 = CARTESIAN_POINT ( 'NONE',  ( 22.99168151220385070, 0.2652489659780886133, -4.000000000000000000 ) ) ;
#2346 = CARTESIAN_POINT ( 'NONE',  ( -10.27608982505457824, 19.52581620093668135, 0.000000000000000000 ) ) ;
#2347 = CARTESIAN_POINT ( 'NONE',  ( 14.52531902632189187, -16.96909187510690487, 0.000000000000000000 ) ) ;
#2348 = CARTESIAN_POINT ( 'NONE',  ( 17.94588197194134693, 12.62293839904231874, -4.000000000000000000 ) ) ;
#2349 = CARTESIAN_POINT ( 'NONE',  ( 12.12435565298215856, 6.999999999999974243, -6.000000000000000000 ) ) ;
#2350 = CARTESIAN_POINT ( 'NONE',  ( -14.28929789074912371, -16.56008223458715634, -4.000000000000000000 ) ) ;
#2351 = CARTESIAN_POINT ( 'NONE',  ( 20.80208241000208247, -8.781834310499787577, 0.000000000000000000 ) ) ;
#2352 = CARTESIAN_POINT ( 'NONE',  ( 13.91274688963103934, 18.13173604191908339, 0.000000000000000000 ) ) ;
#2353 = CARTESIAN_POINT ( 'NONE',  ( -8.520062268277698081, -21.34630659078940340, 0.000000000000000000 ) ) ;
#2354 = CARTESIAN_POINT ( 'NONE',  ( -18.17484740104747232, -12.71033286937701234, -4.000000000000000000 ) ) ;
#2355 = CARTESIAN_POINT ( 'NONE',  ( -21.00000000000000711, 0.1146559665542763728, -4.000000000000000000 ) ) ;
#2356 = CIRCLE ( 'NONE', #1080, 5.000000000000000888 ) ;
#2357 = CARTESIAN_POINT ( 'NONE',  ( -21.68465170036326839, -6.878550772462168617, -4.000000000000000000 ) ) ;
#2358 = CARTESIAN_POINT ( 'NONE',  ( 10.71562741426037135, -19.59873212738515491, 0.000000000000000000 ) ) ;
#2359 = DIRECTION ( 'NONE',  ( -0.000000000000000000, -0.000000000000000000, 1.000000000000000000 ) ) ;
#2360 = CIRCLE ( 'NONE', #300, 5.000000000000000888 ) ;
#2361 = CARTESIAN_POINT ( 'NONE',  ( -22.44211105392952277, -4.724678761717163944, -4.000000000000000000 ) ) ;
#2362 = CARTESIAN_POINT ( 'NONE',  ( -0.6175175649107126352, -21.62688545941149343, -4.000000000000000000 ) ) ;
#2363 = CARTESIAN_POINT ( 'NONE',  ( -12.79282727309319512, 16.83566380198483614, 0.000000000000000000 ) ) ;
#2364 = CARTESIAN_POINT ( 'NONE',  ( -22.20017227113293501, 3.252653846714196995, 0.000000000000000000 ) ) ;
#2365 = CARTESIAN_POINT ( 'NONE',  ( 0.2161260314738396859, 22.23136173600509835, 0.000000000000000000 ) ) ;
#2366 = ORIENTED_EDGE ( 'NONE', *, *, #890, .F. ) ;
#2367 = CARTESIAN_POINT ( 'NONE',  ( 22.03257834552027461, 2.538332356142270374, -4.000000000000000000 ) ) ;
#2368 = CARTESIAN_POINT ( 'NONE',  ( -7.650304178717131975, 21.65939507780015205, 0.000000000000000000 ) ) ;
#2369 = CARTESIAN_POINT ( 'NONE',  ( 15.71473732662316891, -13.92204242230091715, 0.000000000000000000 ) ) ;
#2370 = CARTESIAN_POINT ( 'NONE',  ( 14.77007356050271625, 15.92647734529627890, 0.000000000000000000 ) ) ;
#2371 = CARTESIAN_POINT ( 'NONE',  ( -12.21493408267609126, -17.09825581231773839, -4.000000000000000000 ) ) ;
#2372 = CARTESIAN_POINT ( 'NONE',  ( -9.264407565793709054, -20.85698476170287208, -4.000000000000000000 ) ) ;
#2373 = CARTESIAN_POINT ( 'NONE',  ( 18.32925739246958940, 12.48663137688971680, -4.000000000000000000 ) ) ;
#2374 = CARTESIAN_POINT ( 'NONE',  ( -14.28929789074912371, -16.56008223458715634, 0.000000000000000000 ) ) ;
#2375 = CARTESIAN_POINT ( 'NONE',  ( 20.29311131124243062, -6.270585249870422651, 0.000000000000000000 ) ) ;
#2376 = CARTESIAN_POINT ( 'NONE',  ( -15.69022999050113576, 16.30021426032064369, 0.000000000000000000 ) ) ;
#2377 = CARTESIAN_POINT ( 'NONE',  ( 13.47946458834674921, 18.60001568748360512, 0.000000000000000000 ) ) ;
#2378 = CARTESIAN_POINT ( 'NONE',  ( -5.621427799191283547, -21.56453735785112613, 0.000000000000000000 ) ) ;
#2379 = CARTESIAN_POINT ( 'NONE',  ( -18.25491778814014765, 10.67023813421721101, -4.000000000000000000 ) ) ;
#2380 = CARTESIAN_POINT ( 'NONE',  ( 2.375982835903395873, 22.86068615957974259, -4.000000000000000000 ) ) ;
#2381 = CARTESIAN_POINT ( 'NONE',  ( 0.1359087958816711239, 22.17789819845266308, -4.000000000000000000 ) ) ;
#2382 = CARTESIAN_POINT ( 'NONE',  ( -22.29840436819378979, -5.632859719257554687, -4.000000000000000000 ) ) ;
#2383 = CARTESIAN_POINT ( 'NONE',  ( 11.44367210680428748, -19.56754203517810708, -4.000000000000000000 ) ) ;
#2384 = CARTESIAN_POINT ( 'NONE',  ( 0.000000000000000000, 14.00000000000000000, -6.000000000000000000 ) ) ;
#2385 = CARTESIAN_POINT ( 'NONE',  ( -19.70601580275762643, 8.458929255087708654, 0.000000000000000000 ) ) ;
#2386 = CARTESIAN_POINT ( 'NONE',  ( 6.179755451563025304, 20.42792697626756748, -4.000000000000000000 ) ) ;
#2387 = CARTESIAN_POINT ( 'NONE',  ( -22.12096606211570204, -6.128279723999710882, -4.000000000000000000 ) ) ;
#2388 = CARTESIAN_POINT ( 'NONE',  ( 5.511434109662957326, -21.16706053947264365, -4.000000000000000000 ) ) ;
#2389 = CARTESIAN_POINT ( 'NONE',  ( 23.00000000000000355, -0.04430047995070253430, -4.000000000000000000 ) ) ;
#2390 = CARTESIAN_POINT ( 'NONE',  ( 0.8346376376410460374, -22.56436629873352828, 0.000000000000000000 ) ) ;
#2391 = CARTESIAN_POINT ( 'NONE',  ( -18.15682379694213466, 12.06511880593058095, -4.000000000000000000 ) ) ;
#2392 = CARTESIAN_POINT ( 'NONE',  ( -21.46809596502322393, -7.141509484957307308, 0.000000000000000000 ) ) ;
#2393 = CARTESIAN_POINT ( 'NONE',  ( -8.967007540600043569, 21.08292693307965138, -4.000000000000000000 ) ) ;
#2394 = CARTESIAN_POINT ( 'NONE',  ( 20.66509520378538767, -7.897008828913190115, -4.000000000000000000 ) ) ;
#2395 = CARTESIAN_POINT ( 'NONE',  ( -17.53905095534864955, 14.83368601355759608, 0.000000000000000000 ) ) ;
#2396 = CARTESIAN_POINT ( 'NONE',  ( -15.38654536925086980, 16.39719979630828206, 0.000000000000000000 ) ) ;
#2397 = CARTESIAN_POINT ( 'NONE',  ( 13.91274688963103401, -18.13173604191908694, 0.000000000000000000 ) ) ;
#2398 = CARTESIAN_POINT ( 'NONE',  ( -9.677132859199151227, -20.45075552913851524, -4.000000000000000000 ) ) ;
#2399 = CARTESIAN_POINT ( 'NONE',  ( -21.75406656625705182, 6.782700467727670990, -4.000000000000000000 ) ) ;
#2400 = CARTESIAN_POINT ( 'NONE',  ( -9.264407565793709054, -20.85698476170287208, 0.000000000000000000 ) ) ;
#2401 = CARTESIAN_POINT ( 'NONE',  ( 0.000000000000000000, 0.000000000000000000, 0.000000000000000000 ) ) ;
#2402 = CARTESIAN_POINT ( 'NONE',  ( 20.44046392959869962, -7.091610322081407070, -4.000000000000000000 ) ) ;
#2403 = CARTESIAN_POINT ( 'NONE',  ( 9.910989783159404709, 19.49852915850236101, 0.000000000000000000 ) ) ;
#2404 = CARTESIAN_POINT ( 'NONE',  ( -10.32123374931712334, -19.43362091328372898, 0.000000000000000000 ) ) ;
#2405 = CARTESIAN_POINT ( 'NONE',  ( 22.21661050595688991, 2.314560327330775991, -4.000000000000000000 ) ) ;
#2406 = CARTESIAN_POINT ( 'NONE',  ( -18.15585517574670860, -11.41251356180677412, -4.000000000000000000 ) ) ;
#2407 = CARTESIAN_POINT ( 'NONE',  ( 14.12104016515249150, -17.83633383713023335, 0.000000000000000000 ) ) ;
#2408 = PLANE ( 'NONE',  #2585 ) ;
#2409 = CARTESIAN_POINT ( 'NONE',  ( 4.754076879945538181, 21.97754974012424611, -4.000000000000000000 ) ) ;
#2410 = CARTESIAN_POINT ( 'NONE',  ( -5.808312477100094462, 21.62091573078120987, 0.000000000000000000 ) ) ;
#2411 = CARTESIAN_POINT ( 'NONE',  ( -22.16338961594793133, 3.159849933283246592, 0.000000000000000000 ) ) ;
#2412 = CARTESIAN_POINT ( 'NONE',  ( 23.00000000000000000, 6.776263578034402713E-18, -4.000000000000000000 ) ) ;
#2413 = CARTESIAN_POINT ( 'NONE',  ( 1.609724419164899389, -22.79765701126126132, 0.000000000000000000 ) ) ;
#2414 = CARTESIAN_POINT ( 'NONE',  ( -21.31935372223080805, -7.296648360000073552, 0.000000000000000000 ) ) ;
#2415 = CARTESIAN_POINT ( 'NONE',  ( -21.05531120614950424, 0.6650542471123009891, -4.000000000000000000 ) ) ;
#2416 = CARTESIAN_POINT ( 'NONE',  ( -0.9213867414385392696, 21.42502250719503465, 0.000000000000000000 ) ) ;
#2417 = CARTESIAN_POINT ( 'NONE',  ( 20.61242875501080007, -7.702030169303774265, -4.000000000000000000 ) ) ;
#2418 = CARTESIAN_POINT ( 'NONE',  ( 9.910989783159404709, 19.49852915850236101, -4.000000000000000000 ) ) ;
#2419 = CARTESIAN_POINT ( 'NONE',  ( -17.53905095534864955, 14.83368601355759608, -4.000000000000000000 ) ) ;
#2420 = CARTESIAN_POINT ( 'NONE',  ( -18.14569269480858438, 13.19701642569617484, 0.000000000000000000 ) ) ;
#2421 = CARTESIAN_POINT ( 'NONE',  ( 20.63977482671136343, -7.800975292103147218, 0.000000000000000000 ) ) ;
#2422 = CARTESIAN_POINT ( 'NONE',  ( 14.60493761306325311, 16.69051937538967678, 0.000000000000000000 ) ) ;
#2423 = CARTESIAN_POINT ( 'NONE',  ( 1.489498614487889450, -22.77332770528893846, -4.000000000000000000 ) ) ;
#2424 = CARTESIAN_POINT ( 'NONE',  ( -9.677132859199151227, -20.45075552913851524, 0.000000000000000000 ) ) ;
#2425 = CARTESIAN_POINT ( 'NONE',  ( 17.10904052391324370, 12.92908640671130627, -4.000000000000000000 ) ) ;
#2426 = CARTESIAN_POINT ( 'NONE',  ( 20.28432423003497931, -5.684594767459055120, 0.000000000000000000 ) ) ;
#2427 = CARTESIAN_POINT ( 'NONE',  ( -16.21641532725008972, 16.05836027834629220, 0.000000000000000000 ) ) ;
#2428 = CARTESIAN_POINT ( 'NONE',  ( 7.444813141596420714, 19.63035893048885683, 0.000000000000000000 ) ) ;
#2429 = CARTESIAN_POINT ( 'NONE',  ( 0.1359087958816566077, -22.17789819845265598, 0.000000000000000000 ) ) ;
#2430 = CARTESIAN_POINT ( 'NONE',  ( -18.44593788034982396, 10.06490646662228272, -4.000000000000000000 ) ) ;
#2431 = CARTESIAN_POINT ( 'NONE',  ( -17.93977136646276094, -14.05023277825313954, -4.000000000000000000 ) ) ;
#2432 = CARTESIAN_POINT ( 'NONE',  ( 12.49397971639987936, -19.25599705917739257, -4.000000000000000000 ) ) ;
#2433 = CARTESIAN_POINT ( 'NONE',  ( -9.875503961468170999, 20.20119702064939560, -4.000000000000000000 ) ) ;
#2434 = CARTESIAN_POINT ( 'NONE',  ( 22.74513939634669768, 1.379518627932509789, -4.000000000000000000 ) ) ;
#2435 = CARTESIAN_POINT ( 'NONE',  ( -19.53409718184675370, -8.597012578739839483, -4.000000000000000000 ) ) ;
#2436 = CARTESIAN_POINT ( 'NONE',  ( 14.69404000307404878, -16.29350919737444769, -4.000000000000000000 ) ) ;
#2437 = CARTESIAN_POINT ( 'NONE',  ( 21.28164066119390085, 3.347972942834771981, 0.000000000000000000 ) ) ;
#2438 = CIRCLE ( 'NONE', #4088, 7.500000000000000000 ) ;
#2439 = CC_DESIGN_DATE_AND_TIME_ASSIGNMENT ( #1457, #2982, ( #3629 ) ) ;
#2440 = CARTESIAN_POINT ( 'NONE',  ( 2.114161590068862839, -22.85658051126497625, 0.000000000000000000 ) ) ;
#2441 = CARTESIAN_POINT ( 'NONE',  ( -20.12905527314532961, -8.162651984714145215, 0.000000000000000000 ) ) ;
#2442 = CARTESIAN_POINT ( 'NONE',  ( 20.79251774114803197, 9.230914693542096927, -4.000000000000000000 ) ) ;
#2443 = CARTESIAN_POINT ( 'NONE',  ( -1.588541420213872346, -21.08488893612969761, -4.000000000000000000 ) ) ;
#2444 = EDGE_CURVE ( 'NONE', #852, #4763, #1376, .T. ) ;
#2445 = CARTESIAN_POINT ( 'NONE',  ( 20.32235553057461885, -6.518546132211284316, -4.000000000000000000 ) ) ;
#2446 = CARTESIAN_POINT ( 'NONE',  ( 7.132715232446807718, 19.76561003056572474, -4.000000000000000000 ) ) ;
#2447 = SHAPE_DEFINITION_REPRESENTATION ( #3048, #819 ) ;
#2448 = CARTESIAN_POINT ( 'NONE',  ( -17.89594962096632713, 14.16255796312504245, 0.000000000000000000 ) ) ;
#2449 = CARTESIAN_POINT ( 'NONE',  ( -15.19074582262465078, 16.44511271538114627, 0.000000000000000000 ) ) ;
#2450 = CARTESIAN_POINT ( 'NONE',  ( 20.53257775300019006, -10.32809357724406318, 0.000000000000000000 ) ) ;
#2451 = CARTESIAN_POINT ( 'NONE',  ( -11.65567158548804372, -17.48428684158509228, -4.000000000000000000 ) ) ;
#2452 = CARTESIAN_POINT ( 'NONE',  ( -9.169259294848490782, -20.93439900958707867, -4.000000000000000000 ) ) ;
#2453 = CARTESIAN_POINT ( 'NONE',  ( 20.60264002790486160, -4.393136808702785778, 0.000000000000000000 ) ) ;
#2454 = CARTESIAN_POINT ( 'NONE',  ( -16.53313442973522740, 15.86040662237437182, -4.000000000000000000 ) ) ;
#2455 = CARTESIAN_POINT ( 'NONE',  ( 10.71562741426036780, 19.59873212738516557, 0.000000000000000000 ) ) ;
#2456 = CARTESIAN_POINT ( 'NONE',  ( -3.503562908580214241, -20.85236322909899442, 0.000000000000000000 ) ) ;
#2457 = CARTESIAN_POINT ( 'NONE',  ( 21.83071113592745505, 2.759264251381964073, -4.000000000000000000 ) ) ;
#2458 = CARTESIAN_POINT ( 'NONE',  ( -19.15140907962189942, -8.962116689579227469, 0.000000000000000000 ) ) ;
#2459 = CARTESIAN_POINT ( 'NONE',  ( 13.83449488849161213, -18.22869934018958915, 0.000000000000000000 ) ) ;
#2460 = CARTESIAN_POINT ( 'NONE',  ( 21.59123141923970834, 3.009330157237677827, 0.000000000000000000 ) ) ;
#2461 = CARTESIAN_POINT ( 'NONE',  ( 5.589924110080315423, -21.07107236563832586, -4.000000000000000000 ) ) ;
#2462 = CARTESIAN_POINT ( 'NONE',  ( -7.904950534007986640, 21.59165424017936985, -4.000000000000000000 ) ) ;
#2463 = CARTESIAN_POINT ( 'NONE',  ( 1.732595443184614004, -22.81834440718661128, 0.000000000000000000 ) ) ;
#2464 = ORIENTED_EDGE ( 'NONE', *, *, #3057, .T. ) ;
#2465 = CARTESIAN_POINT ( 'NONE',  ( -22.26010680064554137, -5.759810847278154178, 0.000000000000000000 ) ) ;
#2466 = CARTESIAN_POINT ( 'NONE',  ( -21.01046210447309193, -0.3397773154281671371, -4.000000000000000000 ) ) ;
#2467 = CARTESIAN_POINT ( 'NONE',  ( -14.51079128029506293, 16.54177814894682541, 0.000000000000000000 ) ) ;
#2468 = CARTESIAN_POINT ( 'NONE',  ( 20.47965370487760950, -7.238199896465288496, 0.000000000000000000 ) ) ;
#2469 = EDGE_CURVE ( 'NONE', #747, #3780, #4622, .T. ) ;
#2470 = CARTESIAN_POINT ( 'NONE',  ( 21.15774907159878637, 3.497169882115190642, 0.000000000000000000 ) ) ;
#2471 = CARTESIAN_POINT ( 'NONE',  ( 20.78091500548366355, -9.348690247244260121, -4.000000000000000000 ) ) ;
#2472 = CARTESIAN_POINT ( 'NONE',  ( -10.23136038523248459, -19.61448885117688690, 0.000000000000000000 ) ) ;
#2473 = CARTESIAN_POINT ( 'NONE',  ( 21.59123141923971190, -3.009330157237668946, 0.000000000000000000 ) ) ;
#2474 = CARTESIAN_POINT ( 'NONE',  ( -15.79395911403171482, 16.26029483406763987, -4.000000000000000000 ) ) ;
#2475 = CARTESIAN_POINT ( 'NONE',  ( 5.438954983983050440, 21.25584677821781909, 0.000000000000000000 ) ) ;
#2476 = CARTESIAN_POINT ( 'NONE',  ( 0.5530032713436895397, -22.43037211676184484, 0.000000000000000000 ) ) ;
#2477 = CARTESIAN_POINT ( 'NONE',  ( 18.23822292812888435, 12.52102761954147780, -4.000000000000000000 ) ) ;
#2478 = CARTESIAN_POINT ( 'NONE',  ( 13.66511979571200719, -18.41834517341791866, -4.000000000000000000 ) ) ;
#2479 = CARTESIAN_POINT ( 'NONE',  ( -18.33448606018941618, -10.37376730258236357, 0.000000000000000000 ) ) ;
#2480 = CARTESIAN_POINT ( 'NONE',  ( 13.47946458834675809, -18.60001568748360512, 0.000000000000000000 ) ) ;
#2481 = CARTESIAN_POINT ( 'NONE',  ( 22.27556337986285584, 2.236015871788898490, 0.000000000000000000 ) ) ;
#2482 = CARTESIAN_POINT ( 'NONE',  ( 5.438954983983058433, -21.25584677821780843, -4.000000000000000000 ) ) ;
#2483 = CARTESIAN_POINT ( 'NONE',  ( -7.904950534007986640, 21.59165424017936985, 0.000000000000000000 ) ) ;
#2484 = CARTESIAN_POINT ( 'NONE',  ( 3.778537881278385413, -22.56992201879467785, 0.000000000000000000 ) ) ;
#2485 = ORIENTED_EDGE ( 'NONE', *, *, #4141, .T. ) ;
#2486 = CARTESIAN_POINT ( 'NONE',  ( -15.28801687577188417, -16.42266561556431981, 0.000000000000000000 ) ) ;
#2487 = CARTESIAN_POINT ( 'NONE',  ( 20.74536345487273081, 9.589279067479322904, 0.000000000000000000 ) ) ;
#2488 = CARTESIAN_POINT ( 'NONE',  ( 4.673683455278428767, 22.04342540039876042, -4.000000000000000000 ) ) ;
#2489 = CARTESIAN_POINT ( 'NONE',  ( -16.53313442973522740, 15.86040662237437182, 0.000000000000000000 ) ) ;
#2490 = CARTESIAN_POINT ( 'NONE',  ( 18.68490343084159733, -12.33186420008358475, 0.000000000000000000 ) ) ;
#2491 = CARTESIAN_POINT ( 'NONE',  ( 21.67705880712997057, 2.919842341477635994, 0.000000000000000000 ) ) ;
#2492 = CARTESIAN_POINT ( 'NONE',  ( -7.522665644989227296, -21.68645783641392200, -4.000000000000000000 ) ) ;
#2493 = CARTESIAN_POINT ( 'NONE',  ( -4.716875799352186149, -21.20280255783144341, 0.000000000000000000 ) ) ;
#2494 = CARTESIAN_POINT ( 'NONE',  ( 21.96795606151921021, -2.611094541491823851, 0.000000000000000000 ) ) ;
#2495 = CARTESIAN_POINT ( 'NONE',  ( 11.33340381907177097, 19.58147747135109640, 0.000000000000000000 ) ) ;
#2496 = CARTESIAN_POINT ( 'NONE',  ( -1.877732061666983254, -20.98195771237742946, 0.000000000000000000 ) ) ;
#2497 = CARTESIAN_POINT ( 'NONE',  ( 16.90907204334978431, 13.02201446096766801, -4.000000000000000000 ) ) ;
#2498 = CARTESIAN_POINT ( 'NONE',  ( -15.19074582262465256, -16.44511271538113917, -4.000000000000000000 ) ) ;
#2499 = CARTESIAN_POINT ( 'NONE',  ( 15.31911420367088894, -14.46005418918946184, -4.000000000000000000 ) ) ;
#2500 = CARTESIAN_POINT ( 'NONE',  ( -20.24364962902317444, -8.089004381985104075, -4.000000000000000000 ) ) ;
#2501 = CARTESIAN_POINT ( 'NONE',  ( 14.67208735301614730, -16.39888229772765982, -4.000000000000000000 ) ) ;
#2502 = CARTESIAN_POINT ( 'NONE',  ( 20.31862222672676666, 5.358036699682465098, 0.000000000000000000 ) ) ;
#2503 = CARTESIAN_POINT ( 'NONE',  ( 5.370547556266000555, 21.33894811969763694, -4.000000000000000000 ) ) ;
#2504 = CARTESIAN_POINT ( 'NONE',  ( -8.031184762135666233, 21.55105605998829432, -4.000000000000000000 ) ) ;
#2505 = CARTESIAN_POINT ( 'NONE',  ( -21.05531120614950424, 0.6650542471123009891, -4.000000000000000000 ) ) ;
#2506 = CARTESIAN_POINT ( 'NONE',  ( 2.114161590068862839, -22.85658051126497625, -4.000000000000000000 ) ) ;
#2507 = ORIENTED_EDGE ( 'NONE', *, *, #2100, .F. ) ;
#2508 = CARTESIAN_POINT ( 'NONE',  ( -15.89868533617197066, -16.21627527863183360, 0.000000000000000000 ) ) ;
#2509 = AXIS2_PLACEMENT_3D ( 'NONE', #3275, #4453, #4759 ) ;
#2510 = CARTESIAN_POINT ( 'NONE',  ( -21.37987086968731276, 1.667832292710538455, -4.000000000000000000 ) ) ;
#2511 = CARTESIAN_POINT ( 'NONE',  ( -4.576078833423055769, 21.14622909948188578, 0.000000000000000000 ) ) ;
#2512 = CARTESIAN_POINT ( 'NONE',  ( 21.83071113592746926, -2.759264251381942312, -4.000000000000000000 ) ) ;
#2513 = CARTESIAN_POINT ( 'NONE',  ( -21.31935372223081515, 7.296648360000085987, 0.000000000000000000 ) ) ;
#2514 = CARTESIAN_POINT ( 'NONE',  ( 20.30242169740233393, -10.80553650704882607, 0.000000000000000000 ) ) ;
#2515 = CARTESIAN_POINT ( 'NONE',  ( 14.05603342403871991, 17.93522685070813338, -4.000000000000000000 ) ) ;
#2516 = CARTESIAN_POINT ( 'NONE',  ( -4.021429321039853733, -20.95990658864502265, 0.000000000000000000 ) ) ;
#2517 = CARTESIAN_POINT ( 'NONE',  ( 14.46015909102278130, 17.15608361418290784, -4.000000000000000000 ) ) ;
#2518 = DIRECTION ( 'NONE',  ( 0.000000000000000000, 0.000000000000000000, 1.000000000000000000 ) ) ;
#2519 = CARTESIAN_POINT ( 'NONE',  ( 0.8346376376410524767, 22.56436629873353539, 0.000000000000000000 ) ) ;
#2520 = CARTESIAN_POINT ( 'NONE',  ( 3.892887678750805325, -22.52043080026214383, 0.000000000000000000 ) ) ;
#2521 = CARTESIAN_POINT ( 'NONE',  ( 18.68490343084159733, 12.33186420008356876, -4.000000000000000000 ) ) ;
#2522 = CARTESIAN_POINT ( 'NONE',  ( 14.71695605913790494, -16.18121015808955576, -4.000000000000000000 ) ) ;
#2523 = CARTESIAN_POINT ( 'NONE',  ( 21.67705880712997057, 2.919842341477635994, -4.000000000000000000 ) ) ;
#2524 = CARTESIAN_POINT ( 'NONE',  ( -18.09598118973341130, -13.50491433628526572, -4.000000000000000000 ) ) ;
#2525 = CARTESIAN_POINT ( 'NONE',  ( 18.23822292812888080, -12.52102761954149202, 0.000000000000000000 ) ) ;
#2526 = CARTESIAN_POINT ( 'NONE',  ( 20.29311131124241996, 6.270585249870401334, 0.000000000000000000 ) ) ;
#2527 = CC_DESIGN_PERSON_AND_ORGANIZATION_ASSIGNMENT ( #3325, #3235, ( #2285 ) ) ;
#2528 = CARTESIAN_POINT ( 'NONE',  ( 3.291614851979450584, 22.73371550867473445, 0.000000000000000000 ) ) ;
#2529 = CARTESIAN_POINT ( 'NONE',  ( -20.00251443689480979, -8.246388228751520444, -4.000000000000000000 ) ) ;
#2530 = CARTESIAN_POINT ( 'NONE',  ( -7.268665028289788665, 21.72702328910405711, -4.000000000000000000 ) ) ;
#2531 = CARTESIAN_POINT ( 'NONE',  ( 5.240001218098264246, -21.49305226020202042, -4.000000000000000000 ) ) ;
#2532 = EDGE_LOOP ( 'NONE', ( #4567, #2274, #3646, #1605 ) ) ;
#2533 = CARTESIAN_POINT ( 'NONE',  ( -17.97922248258690203, -13.93865628448627980, 0.000000000000000000 ) ) ;
#2534 = CARTESIAN_POINT ( 'NONE',  ( 20.36616000391637371, 10.68898534220125818, -4.000000000000000000 ) ) ;
#2535 = CARTESIAN_POINT ( 'NONE',  ( -22.08489584616733481, -2.981123517001415646, -4.000000000000000000 ) ) ;
#2536 = CARTESIAN_POINT ( 'NONE',  ( 4.314250260353269972, 22.29625582966830777, -4.000000000000000000 ) ) ;
#2537 = CARTESIAN_POINT ( 'NONE',  ( -19.15140907962192429, 8.962116689579209705, 0.000000000000000000 ) ) ;
#2538 = CARTESIAN_POINT ( 'NONE',  ( 22.27556337986286650, -2.236015871788900711, 0.000000000000000000 ) ) ;
#2539 = CARTESIAN_POINT ( 'NONE',  ( 20.28432423003497220, 5.684594767459072884, -4.000000000000000000 ) ) ;
#2540 = CARTESIAN_POINT ( 'NONE',  ( -8.156181287886402842, 21.50608257563538928, -4.000000000000000000 ) ) ;
#2541 = CARTESIAN_POINT ( 'NONE',  ( 14.12104016515248084, 17.83633383713025466, -4.000000000000000000 ) ) ;
#2542 = CARTESIAN_POINT ( 'NONE',  ( -21.94990946333025406, 6.471491559627746248, -4.000000000000000000 ) ) ;
#2543 = CARTESIAN_POINT ( 'NONE',  ( 20.23485559402975653, -10.91963345819501363, -4.000000000000000000 ) ) ;
#2544 = CARTESIAN_POINT ( 'NONE',  ( -6.541507844657093784, -21.74728613986732384, -4.000000000000000000 ) ) ;
#2545 = DATE_TIME_ROLE ( 'creation_date' ) ;
#2546 = CARTESIAN_POINT ( 'NONE',  ( 21.75646130103281806, -2.837189671757639253, -4.000000000000000000 ) ) ;
#2547 = CARTESIAN_POINT ( 'NONE',  ( 0.6436398694731745307, 22.47664715384596690, 0.000000000000000000 ) ) ;
#2548 = ADVANCED_FACE ( 'NONE', ( #1862 ), #645, .F. ) ;
#2549 = CARTESIAN_POINT ( 'NONE',  ( 10.81375728331118502, -19.60263105521331184, 0.000000000000000000 ) ) ;
#2550 = CARTESIAN_POINT ( 'NONE',  ( -21.39401558043637408, 7.221034814597834028, -4.000000000000000000 ) ) ;
#2551 = CARTESIAN_POINT ( 'NONE',  ( -17.60961632205925653, -14.72393849779074948, 0.000000000000000000 ) ) ;
#2552 = CARTESIAN_POINT ( 'NONE',  ( 18.68490343084159733, -12.33186420008358475, 0.000000000000000000 ) ) ;
#2553 = CARTESIAN_POINT ( 'NONE',  ( 20.55100073401141358, 7.488439534210017179, 0.000000000000000000 ) ) ;
#2554 = CARTESIAN_POINT ( 'NONE',  ( -21.39401558043638474, -7.221034814597831364, -4.000000000000000000 ) ) ;
#2555 = CARTESIAN_POINT ( 'NONE',  ( 9.503730163328059533, -19.43663076770574705, -4.000000000000000000 ) ) ;
#2556 = CARTESIAN_POINT ( 'NONE',  ( -8.520062268277705186, 21.34630659078940340, -4.000000000000000000 ) ) ;
#2557 = CARTESIAN_POINT ( 'NONE',  ( 2.114161590068851737, 22.85658051126497270, -4.000000000000000000 ) ) ;
#2558 = CARTESIAN_POINT ( 'NONE',  ( -21.90691606563209604, -2.634871704410320259, -4.000000000000000000 ) ) ;
#2559 = CARTESIAN_POINT ( 'NONE',  ( 6.367210647053982875, -20.26300161976033465, 0.000000000000000000 ) ) ;
#2560 = DIRECTION ( 'NONE',  ( 0.000000000000000000, 0.000000000000000000, -1.000000000000000000 ) ) ;
#2561 = CARTESIAN_POINT ( 'NONE',  ( -15.09453435472146410, -16.46481109810801868, 0.000000000000000000 ) ) ;
#2562 = CARTESIAN_POINT ( 'NONE',  ( -11.65567158548801352, 17.48428684158513491, -4.000000000000000000 ) ) ;
#2563 = CARTESIAN_POINT ( 'NONE',  ( 9.910989783159404709, 19.49852915850236101, 0.000000000000000000 ) ) ;
#2564 = CARTESIAN_POINT ( 'NONE',  ( -5.439477973142062162, 21.50092367972664675, -4.000000000000000000 ) ) ;
#2565 = CARTESIAN_POINT ( 'NONE',  ( -18.15585517574670149, 11.41251356180682386, 0.000000000000000000 ) ) ;
#2566 = CARTESIAN_POINT ( 'NONE',  ( -9.776147748760773395E-14, -14.00000000000000000, 0.000000000000000000 ) ) ;
#2567 = CARTESIAN_POINT ( 'NONE',  ( -5.808312477100094462, 21.62091573078120987, -4.000000000000000000 ) ) ;
#2568 = CARTESIAN_POINT ( 'NONE',  ( 3.660967934227335796, -22.61624075931525013, -4.000000000000000000 ) ) ;
#2569 = CARTESIAN_POINT ( 'NONE',  ( 20.48139027573108351, -10.44990086774784110, -4.000000000000000000 ) ) ;
#2570 = CARTESIAN_POINT ( 'NONE',  ( -5.713967158203336005, -21.59364608391138418, -4.000000000000000000 ) ) ;
#2571 = CARTESIAN_POINT ( 'NONE',  ( 21.90090697121824093, -2.684361049373882313, 0.000000000000000000 ) ) ;
#2572 = CARTESIAN_POINT ( 'NONE',  ( 0.9352643789683224851, 22.60543259105239855, 0.000000000000000000 ) ) ;
#2573 = CARTESIAN_POINT ( 'NONE',  ( 12.13835046888203983, -19.39946330054828039, 0.000000000000000000 ) ) ;
#2574 = CARTESIAN_POINT ( 'NONE',  ( -18.11579714807045249, -13.40051544206606593, -4.000000000000000000 ) ) ;
#2575 = CARTESIAN_POINT ( 'NONE',  ( 18.14480526315980313, -12.55474262449691381, -4.000000000000000000 ) ) ;
#2576 = CARTESIAN_POINT ( 'NONE',  ( 20.77666459608137473, 8.470986611750912942, 0.000000000000000000 ) ) ;
#2577 = CARTESIAN_POINT ( 'NONE',  ( -16.63690652438660322, 15.78557186981674754, -4.000000000000000000 ) ) ;
#2578 = CARTESIAN_POINT ( 'NONE',  ( -21.54363463193362804, 1.993817810941284741, -4.000000000000000000 ) ) ;
#2579 = CARTESIAN_POINT ( 'NONE',  ( -21.99981435537412722, -2.808168091621713991, -4.000000000000000000 ) ) ;
#2580 = CARTESIAN_POINT ( 'NONE',  ( 5.175558906586990027, -21.56597388726454056, -4.000000000000000000 ) ) ;
#2581 = ORIENTED_EDGE ( 'NONE', *, *, #778, .F. ) ;
#2582 = CARTESIAN_POINT ( 'NONE',  ( -14.28929789074912371, -16.56008223458715634, 0.000000000000000000 ) ) ;
#2583 = CARTESIAN_POINT ( 'NONE',  ( 8.088152775218997448, 19.45122648637160978, -4.000000000000000000 ) ) ;
#2584 = CARTESIAN_POINT ( 'NONE',  ( -21.90691606563209604, -2.634871704410320259, -4.000000000000000000 ) ) ;
#2585 = AXIS2_PLACEMENT_3D ( 'NONE', #3546, #1182, #1597 ) ;
#2586 = CARTESIAN_POINT ( 'NONE',  ( 22.50045111320923397, -1.891281616171908819, -4.000000000000000000 ) ) ;
#2587 = CARTESIAN_POINT ( 'NONE',  ( -10.52942656070066896, 18.99839282454463785, -4.000000000000000000 ) ) ;
#2588 = CARTESIAN_POINT ( 'NONE',  ( -18.16420914855800461, 12.99986453351300852, -4.000000000000000000 ) ) ;
#2589 = CARTESIAN_POINT ( 'NONE',  ( -21.01712563943171119, 7.564086312211781404, 0.000000000000000000 ) ) ;
#2590 = CARTESIAN_POINT ( 'NONE',  ( 21.67705880712999544, -2.919842341477613346, 0.000000000000000000 ) ) ;
#2591 = CARTESIAN_POINT ( 'NONE',  ( 20.35947228549824217, 6.735906117007635530, 0.000000000000000000 ) ) ;
#2592 = EDGE_CURVE ( 'NONE', #63, #4166, #1625, .T. ) ;
#2593 = CARTESIAN_POINT ( 'NONE',  ( 4.501746821145964361, -22.17238321979582949, -4.000000000000000000 ) ) ;
#2594 = CARTESIAN_POINT ( 'NONE',  ( -9.264407565793709054, -20.85698476170287208, -4.000000000000000000 ) ) ;
#2595 = CARTESIAN_POINT ( 'NONE',  ( -5.530158903661357428, -21.53363642302078773, -4.000000000000000000 ) ) ;
#2596 = CARTESIAN_POINT ( 'NONE',  ( 13.66511979571201252, 18.41834517341790445, -4.000000000000000000 ) ) ;
#2597 = CARTESIAN_POINT ( 'NONE',  ( 22.21661050595689346, -2.314560327330771994, -4.000000000000000000 ) ) ;
#2598 = CARTESIAN_POINT ( 'NONE',  ( -5.062129075425347402, 21.34872602289420485, 0.000000000000000000 ) ) ;
#2599 = CARTESIAN_POINT ( 'NONE',  ( 11.11919254841975402, -19.59896623534658033, 0.000000000000000000 ) ) ;
#2600 = CARTESIAN_POINT ( 'NONE',  ( 14.96523272433928753, 15.21615547683473224, -4.000000000000000000 ) ) ;
#2601 = CARTESIAN_POINT ( 'NONE',  ( -21.09316236851856630, 7.501932561979696601, -4.000000000000000000 ) ) ;
#2602 = CARTESIAN_POINT ( 'NONE',  ( -0.4943508176894245709, -21.71550991531045227, -4.000000000000000000 ) ) ;
#2603 = CARTESIAN_POINT ( 'NONE',  ( -21.39401558043637408, 7.221034814597834028, -4.000000000000000000 ) ) ;
#2604 = CARTESIAN_POINT ( 'NONE',  ( 14.77007356050272691, -15.92647734529627535, -4.000000000000000000 ) ) ;
#2605 = CARTESIAN_POINT ( 'NONE',  ( -16.63690652438658191, -15.78557186981675109, 0.000000000000000000 ) ) ;
#2606 = CARTESIAN_POINT ( 'NONE',  ( 18.95364980006550581, -12.18667631799439377, 0.000000000000000000 ) ) ;
#2607 = CARTESIAN_POINT ( 'NONE',  ( 20.53257775300018295, 10.32809357724408272, 0.000000000000000000 ) ) ;
#2608 = CARTESIAN_POINT ( 'NONE',  ( 4.501746821145971467, 22.17238321979582949, 0.000000000000000000 ) ) ;
#2609 = CARTESIAN_POINT ( 'NONE',  ( 6.179755451562972901, -20.42792697626761367, -4.000000000000000000 ) ) ;
#2610 = CARTESIAN_POINT ( 'NONE',  ( -22.04321896426555938, -2.894244770580946646, -4.000000000000000000 ) ) ;
#2611 = CARTESIAN_POINT ( 'NONE',  ( 9.503730163328059533, -19.43663076770574705, 0.000000000000000000 ) ) ;
#2612 = DIRECTION ( 'NONE',  ( -0.000000000000000000, -0.000000000000000000, 1.000000000000000000 ) ) ;
#2613 = CARTESIAN_POINT ( 'NONE',  ( -18.76174266397839574, 9.463190723970017260, 0.000000000000000000 ) ) ;
#2614 = CARTESIAN_POINT ( 'NONE',  ( -18.17484740104747587, 12.71033286937701412, 0.000000000000000000 ) ) ;
#2615 = CARTESIAN_POINT ( 'NONE',  ( -21.61366561709855105, 6.970311178364145377, 0.000000000000000000 ) ) ;
#2616 = CARTESIAN_POINT ( 'NONE',  ( 23.00000000000000355, -0.04430047995070253430, 0.000000000000000000 ) ) ;
#2617 = CARTESIAN_POINT ( 'NONE',  ( 0.9352643789683224851, 22.60543259105239855, -4.000000000000000000 ) ) ;
#2618 = CARTESIAN_POINT ( 'NONE',  ( -0.1077446603907783046, -22.00413322531517935, 0.000000000000000000 ) ) ;
#2619 = ORIENTED_EDGE ( 'NONE', *, *, #4576, .F. ) ;
#2620 = CARTESIAN_POINT ( 'NONE',  ( 22.82546726133483261, 1.149966177979573567, -4.000000000000000000 ) ) ;
#2621 = CARTESIAN_POINT ( 'NONE',  ( -1.332937384492310695, 21.19796886485566745, 0.000000000000000000 ) ) ;
#2622 = CARTESIAN_POINT ( 'NONE',  ( 4.314250260353276190, -22.29625582966830422, 0.000000000000000000 ) ) ;
#2623 = CARTESIAN_POINT ( 'NONE',  ( 18.14480526315980313, -12.55474262449691381, -4.000000000000000000 ) ) ;
#2624 = CARTESIAN_POINT ( 'NONE',  ( -17.38541332982640242, -15.04776325982248331, -4.000000000000000000 ) ) ;
#2625 = CARTESIAN_POINT ( 'NONE',  ( 15.71473732662316891, -13.92204242230091715, -4.000000000000000000 ) ) ;
#2626 = CARTESIAN_POINT ( 'NONE',  ( 20.72113584048848978, 9.711501322388421897, 0.000000000000000000 ) ) ;
#2627 = CARTESIAN_POINT ( 'NONE',  ( 12.25706784425205065, -19.35617007985193894, -4.000000000000000000 ) ) ;
#2628 = CARTESIAN_POINT ( 'NONE',  ( 1.985132969657291246, 22.84797988994008833, -4.000000000000000000 ) ) ;
#2629 = DIRECTION ( 'NONE',  ( -1.000000000000000000, 0.000000000000000000, 0.000000000000000000 ) ) ;
#2630 = CARTESIAN_POINT ( 'NONE',  ( -21.12263386550847954, -0.9645433511946365224, 0.000000000000000000 ) ) ;
#2631 = CARTESIAN_POINT ( 'NONE',  ( 8.670929892843622255, -19.38931615245256523, -4.000000000000000000 ) ) ;
#2632 = DIRECTION ( 'NONE',  ( -0.000000000000000000, -0.000000000000000000, 1.000000000000000000 ) ) ;
#2633 = CARTESIAN_POINT ( 'NONE',  ( 9.140856978489084739, 19.39910504791187407, -4.000000000000000000 ) ) ;
#2634 = CARTESIAN_POINT ( 'NONE',  ( -18.15625140016319605, 13.09774888915080027, 0.000000000000000000 ) ) ;
#2635 = CARTESIAN_POINT ( 'NONE',  ( -21.29181501105374608, 1.465671014897415247, 0.000000000000000000 ) ) ;
#2636 = CARTESIAN_POINT ( 'NONE',  ( 7.124355652982112375, -7.000000000000055955, -6.000000000000000000 ) ) ;
#2637 = CARTESIAN_POINT ( 'NONE',  ( -7.395328098381193982, 21.70898570351964807, -4.000000000000000000 ) ) ;
#2638 = CARTESIAN_POINT ( 'NONE',  ( -1.877732061666983254, -20.98195771237742946, 0.000000000000000000 ) ) ;
#2639 = ORIENTED_EDGE ( 'NONE', *, *, #3702, .F. ) ;
#2640 = CARTESIAN_POINT ( 'NONE',  ( 22.65371642544583608, 1.595277858700926643, -4.000000000000000000 ) ) ;
#2641 = CARTESIAN_POINT ( 'NONE',  ( -6.775665262204265460, 21.75625882495917907, 0.000000000000000000 ) ) ;
#2642 = CARTESIAN_POINT ( 'NONE',  ( 7.132715232446780185, -19.76561003056574606, 0.000000000000000000 ) ) ;
#2643 = CARTESIAN_POINT ( 'NONE',  ( 20.79251774114803197, 9.230914693542096927, -4.000000000000000000 ) ) ;
#2644 = CARTESIAN_POINT ( 'NONE',  ( -17.12435565298206086, 7.000000000000142109, 0.000000000000000000 ) ) ;
#2645 = CARTESIAN_POINT ( 'NONE',  ( -14.71177527412551278, -16.52188174842913426, -4.000000000000000000 ) ) ;
#2646 = CARTESIAN_POINT ( 'NONE',  ( 20.16368796050757339, -11.03095435375335853, 0.000000000000000000 ) ) ;
#2647 = CARTESIAN_POINT ( 'NONE',  ( 19.40839018475414335, 11.86814941478855978, 0.000000000000000000 ) ) ;
#2648 = CARTESIAN_POINT ( 'NONE',  ( -18.11579714807045605, 13.40051544206606593, -4.000000000000000000 ) ) ;
#2649 = EDGE_CURVE ( 'NONE', #963, #2872, #925, .T. ) ;
#2650 = CARTESIAN_POINT ( 'NONE',  ( -22.32787987256119067, -3.653229048890591191, 0.000000000000000000 ) ) ;
#2651 = CARTESIAN_POINT ( 'NONE',  ( 12.49397971639987936, -19.25599705917739257, 0.000000000000000000 ) ) ;
#2652 = DIRECTION ( 'NONE',  ( -1.000000000000000000, 0.000000000000000000, 0.000000000000000000 ) ) ;
#2653 = CARTESIAN_POINT ( 'NONE',  ( -5.348528770268318411, 21.46630262106306475, -4.000000000000000000 ) ) ;
#2654 = CARTESIAN_POINT ( 'NONE',  ( -18.11579714807045605, 13.40051544206606593, 0.000000000000000000 ) ) ;
#2655 = CARTESIAN_POINT ( 'NONE',  ( -21.80324200739084617, 2.451915892524423768, 0.000000000000000000 ) ) ;
#2656 = CARTESIAN_POINT ( 'NONE',  ( -21.01046210447309193, -0.3397773154281671371, -4.000000000000000000 ) ) ;
#2657 = CARTESIAN_POINT ( 'NONE',  ( 12.01993966802988112, 19.43824653320579898, -4.000000000000000000 ) ) ;
#2658 = VECTOR ( 'NONE', #3128, 1000.000000000000000 ) ;
#2659 = EDGE_LOOP ( 'NONE', ( #3059, #4387, #1891, #1773 ) ) ;
#2660 = CARTESIAN_POINT ( 'NONE',  ( 22.50045111320923752, 1.891281616171918367, 0.000000000000000000 ) ) ;
#2661 = CARTESIAN_POINT ( 'NONE',  ( -10.88890590373231326, 18.35541626355848521, 0.000000000000000000 ) ) ;
#2662 = CARTESIAN_POINT ( 'NONE',  ( 17.44778784351271739, -12.79367820391177091, 0.000000000000000000 ) ) ;
#2663 = CARTESIAN_POINT ( 'NONE',  ( 15.05457142190026865, 14.98300655306773876, 0.000000000000000000 ) ) ;
#2664 = AXIS2_PLACEMENT_3D ( 'NONE', #1138, #405, #3055 ) ;
#2665 = CARTESIAN_POINT ( 'NONE',  ( 0.2161260314738332744, -22.23136173600510190, -4.000000000000000000 ) ) ;
#2666 = CARTESIAN_POINT ( 'NONE',  ( -21.09316236851856630, 7.501932561979696601, 0.000000000000000000 ) ) ;
#2667 = CARTESIAN_POINT ( 'NONE',  ( 18.59620182488611562, -12.37401509496209684, -4.000000000000000000 ) ) ;
#2668 = CARTESIAN_POINT ( 'NONE',  ( -11.41345111234948284, -17.70597528647928698, 0.000000000000000000 ) ) ;
#2669 = CARTESIAN_POINT ( 'NONE',  ( 20.01157765848164871, 11.24409674075326038, -4.000000000000000000 ) ) ;
#2670 = CARTESIAN_POINT ( 'NONE',  ( -15.79395911403171127, -16.26029483406766474, 0.000000000000000000 ) ) ;
#2671 = CARTESIAN_POINT ( 'NONE',  ( 20.42587224719004624, -10.57032113636052273, -4.000000000000000000 ) ) ;
#2672 = CARTESIAN_POINT ( 'NONE',  ( -15.69022999050113576, 16.30021426032064369, -4.000000000000000000 ) ) ;
#2673 = CARTESIAN_POINT ( 'NONE',  ( 14.80349630983426223, 15.77846632668081917, 0.000000000000000000 ) ) ;
#2674 = CARTESIAN_POINT ( 'NONE',  ( -6.896230539633902978, -21.75511584063072590, 0.000000000000000000 ) ) ;
#2675 = CARTESIAN_POINT ( 'NONE',  ( -18.17025257062545762, 12.41110025053946408, -4.000000000000000000 ) ) ;
#2676 = CARTESIAN_POINT ( 'NONE',  ( 2.640307831937919403, 22.84680985470237502, 0.000000000000000000 ) ) ;
#2677 = CARTESIAN_POINT ( 'NONE',  ( -4.842583601908457602, 21.25527525704974607, -4.000000000000000000 ) ) ;
#2678 = CARTESIAN_POINT ( 'NONE',  ( 23.00000000000000000, 6.776263578034402713E-18, -4.000000000000000000 ) ) ;
#2679 = CARTESIAN_POINT ( 'NONE',  ( -21.39401558043638474, -7.221034814597831364, -4.000000000000000000 ) ) ;
#2680 = CARTESIAN_POINT ( 'NONE',  ( 10.33033271631730088, -19.56254416469472091, 0.000000000000000000 ) ) ;
#2681 = CARTESIAN_POINT ( 'NONE',  ( 12.12435565298215856, 6.999999999999974243, -6.000000000000000000 ) ) ;
#2682 = CARTESIAN_POINT ( 'NONE',  ( 6.179755451563025304, 20.42792697626756748, 0.000000000000000000 ) ) ;
#2683 = CARTESIAN_POINT ( 'NONE',  ( -6.210390894792589656, 21.70894496246802774, -4.000000000000000000 ) ) ;
#2684 = CARTESIAN_POINT ( 'NONE',  ( -14.03001975968732751, 16.58210780195570777, 0.000000000000000000 ) ) ;
#2685 = CARTESIAN_POINT ( 'NONE',  ( -18.17025257062545762, 12.41110025053946408, 0.000000000000000000 ) ) ;
#2686 = CARTESIAN_POINT ( 'NONE',  ( -21.00000000000000711, 0.1146559665542986883, 0.000000000000000000 ) ) ;
#2687 = CARTESIAN_POINT ( 'NONE',  ( -21.00000000000000355, 1.260895795103718254E-14, 0.000000000000000000 ) ) ;
#2688 = CARTESIAN_POINT ( 'NONE',  ( 13.47946458834674921, 18.60001568748360512, -4.000000000000000000 ) ) ;
#2689 = CARTESIAN_POINT ( 'NONE',  ( -22.44313168229287925, 4.470410355436096772, -4.000000000000000000 ) ) ;
#2690 = ORIENTED_EDGE ( 'NONE', *, *, #3475, .F. ) ;
#2691 = CARTESIAN_POINT ( 'NONE',  ( 22.33348662812914043, 2.154711336977886749, -4.000000000000000000 ) ) ;
#2692 = CARTESIAN_POINT ( 'NONE',  ( -9.169259294848504993, 20.93439900958706090, 0.000000000000000000 ) ) ;
#2693 = CARTESIAN_POINT ( 'NONE',  ( 14.84467752762610537, -15.61258150207478756, 0.000000000000000000 ) ) ;
#2694 = CARTESIAN_POINT ( 'NONE',  ( -11.20522004111683856, -17.93150995100002376, -4.000000000000000000 ) ) ;
#2695 = CARTESIAN_POINT ( 'NONE',  ( -13.51774999865093818, -16.64785205169378557, 0.000000000000000000 ) ) ;
#2696 = CARTESIAN_POINT ( 'NONE',  ( 20.42587224719004624, -10.57032113636052273, 0.000000000000000000 ) ) ;
#2697 = CARTESIAN_POINT ( 'NONE',  ( 15.50124267262309985, 14.18684045416836526, 0.000000000000000000 ) ) ;
#2698 = CARTESIAN_POINT ( 'NONE',  ( -9.070076318507840796, -21.00981780099893470, 0.000000000000000000 ) ) ;
#2699 = CARTESIAN_POINT ( 'NONE',  ( 20.08917054442649430, 11.13919997127609385, -4.000000000000000000 ) ) ;
#2700 = CARTESIAN_POINT ( 'NONE',  ( -0.7583441349052389979, 21.53002708384711283, -4.000000000000000000 ) ) ;
#2701 = CARTESIAN_POINT ( 'NONE',  ( -21.24426801316550240, -7.368515192687130622, 0.000000000000000000 ) ) ;
#2702 = CARTESIAN_POINT ( 'NONE',  ( 12.01993966802991309, -19.43824653320580254, -4.000000000000000000 ) ) ;
#2703 = DIRECTION ( 'NONE',  ( -1.000000000000000000, 0.000000000000000000, 0.000000000000000000 ) ) ;
#2704 = CARTESIAN_POINT ( 'NONE',  ( -20.12905527314531540, 8.162651984714145215, -4.000000000000000000 ) ) ;
#2705 = CARTESIAN_POINT ( 'NONE',  ( 6.844479728585141309, 19.92288945872043726, -4.000000000000000000 ) ) ;
#2706 = CARTESIAN_POINT ( 'NONE',  ( -22.29840436819378979, -5.632859719257554687, -4.000000000000000000 ) ) ;
#2707 = CARTESIAN_POINT ( 'NONE',  ( 3.291614851979459466, -22.73371550867474866, -4.000000000000000000 ) ) ;
#2708 = CARTESIAN_POINT ( 'NONE',  ( -5.713967158203303143, 21.59364608391137708, -4.000000000000000000 ) ) ;
#2709 = CARTESIAN_POINT ( 'NONE',  ( -22.42361596997390549, 4.983773268745399498, 0.000000000000000000 ) ) ;
#2710 = CARTESIAN_POINT ( 'NONE',  ( -21.95448300822184606, 2.722055118315033884, 0.000000000000000000 ) ) ;
#2711 = CARTESIAN_POINT ( 'NONE',  ( 13.38099028520531597, 18.68703735509054908, 0.000000000000000000 ) ) ;
#2712 = CARTESIAN_POINT ( 'NONE',  ( 21.02387159568900188, -3.672383574304969756, -4.000000000000000000 ) ) ;
#2713 = CARTESIAN_POINT ( 'NONE',  ( 10.71562741426036780, 19.59873212738516557, -4.000000000000000000 ) ) ;
#2714 = VERTEX_POINT ( 'NONE', #2219 ) ;
#2715 = CARTESIAN_POINT ( 'NONE',  ( 23.00000000000000000, 6.776263578034402713E-18, -4.000000000000000000 ) ) ;
#2716 = CARTESIAN_POINT ( 'NONE',  ( -8.279565467389323530, 21.45685768362954349, 0.000000000000000000 ) ) ;
#2717 = CARTESIAN_POINT ( 'NONE',  ( 17.83716394441303521, -12.65922352464749778, 0.000000000000000000 ) ) ;
#2718 = CARTESIAN_POINT ( 'NONE',  ( 14.49416725604001144, 17.06222747542408769, -4.000000000000000000 ) ) ;
#2719 = CARTESIAN_POINT ( 'NONE',  ( 18.95364980006550581, 12.18667631799438844, -4.000000000000000000 ) ) ;
#2720 = CARTESIAN_POINT ( 'NONE',  ( -9.776147748760773395E-14, -14.00000000000000000, -4.000000000000000000 ) ) ;
#2721 = CARTESIAN_POINT ( 'NONE',  ( -12.50810894298447806, -16.95038754158261796, 0.000000000000000000 ) ) ;
#2722 = CARTESIAN_POINT ( 'NONE',  ( 19.76335568513955820, -11.53639894063094040, -4.000000000000000000 ) ) ;
#2723 = CARTESIAN_POINT ( 'NONE',  ( 14.67208735301614375, 16.39888229772765982, 0.000000000000000000 ) ) ;
#2724 = CARTESIAN_POINT ( 'NONE',  ( -10.41689100507891652, -19.23301171463176829, 0.000000000000000000 ) ) ;
#2725 = CARTESIAN_POINT ( 'NONE',  ( -18.09598118973340419, 13.50491433628528348, -4.000000000000000000 ) ) ;
#2726 = CARTESIAN_POINT ( 'NONE',  ( -21.75406656625703050, -6.782700467727688753, -4.000000000000000000 ) ) ;
#2727 = CARTESIAN_POINT ( 'NONE',  ( 11.78539027706233355, -19.50253865068290793, -4.000000000000000000 ) ) ;
#2728 = FACE_OUTER_BOUND ( 'NONE', #3136, .T. ) ;
#2729 = CARTESIAN_POINT ( 'NONE',  ( -13.70942005604791625, 16.61833185927415357, -4.000000000000000000 ) ) ;
#2730 = CARTESIAN_POINT ( 'NONE',  ( 7.132715232446807718, 19.76561003056572474, 0.000000000000000000 ) ) ;
#2731 = CARTESIAN_POINT ( 'NONE',  ( 0.5530032713436895397, -22.43037211676184484, 0.000000000000000000 ) ) ;
#2732 = CARTESIAN_POINT ( 'NONE',  ( -21.54363463193363160, -1.993817810941276081, 0.000000000000000000 ) ) ;
#2733 = CARTESIAN_POINT ( 'NONE',  ( 20.58289753983941139, 7.598525017484610622, -4.000000000000000000 ) ) ;
#2734 = CARTESIAN_POINT ( 'NONE',  ( -9.355409910612245028, 20.77789073049700264, -4.000000000000000000 ) ) ;
#2735 = CARTESIAN_POINT ( 'NONE',  ( 12.01993966802988112, 19.43824653320579898, -4.000000000000000000 ) ) ;
#2736 = CARTESIAN_POINT ( 'NONE',  ( 0.2973477410281224476, 22.28320682219198190, -4.000000000000000000 ) ) ;
#2737 = CARTESIAN_POINT ( 'NONE',  ( -4.232730576400654421, -21.02295257162312581, -4.000000000000000000 ) ) ;
#2738 = CARTESIAN_POINT ( 'NONE',  ( 9.503730163328052427, 19.43663076770573639, -4.000000000000000000 ) ) ;
#2739 = EDGE_LOOP ( 'NONE', ( #1583, #3368 ) ) ;
#2740 = CARTESIAN_POINT ( 'NONE',  ( 22.21661050595688991, 2.314560327330775991, -4.000000000000000000 ) ) ;
#2741 = CARTESIAN_POINT ( 'NONE',  ( -17.84767620596553783, 14.27532248167365836, 0.000000000000000000 ) ) ;
#2742 = CARTESIAN_POINT ( 'NONE',  ( -10.14005884793972179, 19.78533198252967651, 0.000000000000000000 ) ) ;
#2743 = AXIS2_PLACEMENT_3D ( 'NONE', #3001, #1084, #4518 ) ;
#2744 = CARTESIAN_POINT ( 'NONE',  ( 13.66511979571200719, -18.41834517341791866, 0.000000000000000000 ) ) ;
#2745 = EDGE_CURVE ( 'NONE', #4057, #3223, #4776, .T. ) ;
#2746 = CARTESIAN_POINT ( 'NONE',  ( 14.52531902632189897, 16.96909187510687289, -4.000000000000000000 ) ) ;
#2747 = CARTESIAN_POINT ( 'NONE',  ( 1.257926768375607018, -22.71466927650084600, -4.000000000000000000 ) ) ;
#2748 = CARTESIAN_POINT ( 'NONE',  ( -10.47012875514902497, -19.12102889608781098, -4.000000000000000000 ) ) ;
#2749 = CARTESIAN_POINT ( 'NONE',  ( -9.677132859199151227, -20.45075552913851524, -4.000000000000000000 ) ) ;
#2750 = CARTESIAN_POINT ( 'NONE',  ( 19.84835533766066717, 11.44289398223679122, -4.000000000000000000 ) ) ;
#2751 =( NAMED_UNIT ( * ) SI_UNIT ( $, .STERADIAN. ) SOLID_ANGLE_UNIT ( ) );
#2752 = CARTESIAN_POINT ( 'NONE',  ( -15.89868533617197066, -16.21627527863183360, 0.000000000000000000 ) ) ;
#2753 = CARTESIAN_POINT ( 'NONE',  ( 20.23485559402975653, -10.91963345819501363, -4.000000000000000000 ) ) ;
#2754 = CARTESIAN_POINT ( 'NONE',  ( 17.71958050504023419, 12.69857507438617361, 0.000000000000000000 ) ) ;
#2755 = CARTESIAN_POINT ( 'NONE',  ( -5.713967158203336005, -21.59364608391138418, 0.000000000000000000 ) ) ;
#2756 = CARTESIAN_POINT ( 'NONE',  ( 13.98660388258982579, -18.03380083971664050, -4.000000000000000000 ) ) ;
#2757 = CARTESIAN_POINT ( 'NONE',  ( -8.749985478137801920, 21.22099681987718256, 0.000000000000000000 ) ) ;
#2758 = CARTESIAN_POINT ( 'NONE',  ( -2.869831308946170445, 20.81631655038353657, -4.000000000000000000 ) ) ;
#2759 = CARTESIAN_POINT ( 'NONE',  ( -22.43509628547915469, -4.853803308555003859, 0.000000000000000000 ) ) ;
#2760 = CARTESIAN_POINT ( 'NONE',  ( 10.23194733791962285, -19.54898396539807592, 0.000000000000000000 ) ) ;
#2761 = DIRECTION ( 'NONE',  ( 0.000000000000000000, 0.000000000000000000, -1.000000000000000000 ) ) ;
#2762 = CARTESIAN_POINT ( 'NONE',  ( -5.904873404660989422, 21.64624392335657888, -4.000000000000000000 ) ) ;
#2763 = CARTESIAN_POINT ( 'NONE',  ( -22.44313168229287925, 4.470410355436096772, -4.000000000000000000 ) ) ;
#2764 = CARTESIAN_POINT ( 'NONE',  ( -3.198142567396938141, -20.82163085010418868, -4.000000000000000000 ) ) ;
#2765 = CARTESIAN_POINT ( 'NONE',  ( -13.51774999865092219, 16.64785205169377846, 0.000000000000000000 ) ) ;
#2766 = CARTESIAN_POINT ( 'NONE',  ( -18.15682379694213466, -12.06511880593055608, 0.000000000000000000 ) ) ;
#2767 = CARTESIAN_POINT ( 'NONE',  ( 20.63977482671135277, 7.800975292103149883, 0.000000000000000000 ) ) ;
#2768 = CARTESIAN_POINT ( 'NONE',  ( 0.1359087958816711239, 22.17789819845266308, -4.000000000000000000 ) ) ;
#2769 = CARTESIAN_POINT ( 'NONE',  ( -2.195231396460739504, -20.89822780963908144, -4.000000000000000000 ) ) ;
#2770 = CARTESIAN_POINT ( 'NONE',  ( -18.15625140016319605, 13.09774888915080027, 0.000000000000000000 ) ) ;
#2771 = CARTESIAN_POINT ( 'NONE',  ( 14.23798757753601407, -17.63876532891242377, 0.000000000000000000 ) ) ;
#2772 = CARTESIAN_POINT ( 'NONE',  ( 2.114161590068862839, -22.85658051126497625, -4.000000000000000000 ) ) ;
#2773 = CARTESIAN_POINT ( 'NONE',  ( -9.989734795150122082, -20.03511141949916663, -4.000000000000000000 ) ) ;
#2774 = CARTESIAN_POINT ( 'NONE',  ( -9.875503961468174552, -20.20119702064939915, -4.000000000000000000 ) ) ;
#2775 = CARTESIAN_POINT ( 'NONE',  ( 20.51659141783717999, -7.369316032574150022, 0.000000000000000000 ) ) ;
#2776 = CARTESIAN_POINT ( 'NONE',  ( -16.00418357823503257, 16.16801435209528393, 0.000000000000000000 ) ) ;
#2777 = CARTESIAN_POINT ( 'NONE',  ( 14.62811007625883697, 16.59600264588740259, 0.000000000000000000 ) ) ;
#2778 = CARTESIAN_POINT ( 'NONE',  ( -9.989734795150122082, -20.03511141949916663, 0.000000000000000000 ) ) ;
#2779 = CARTESIAN_POINT ( 'NONE',  ( 19.84835533766066717, 11.44289398223679122, 0.000000000000000000 ) ) ;
#2780 = CARTESIAN_POINT ( 'NONE',  ( -9.603024693121355426, 20.53358832084188990, -4.000000000000000000 ) ) ;
#2781 = CARTESIAN_POINT ( 'NONE',  ( -22.01006197919741325, -6.360361937078864436, -4.000000000000000000 ) ) ;
#2782 = CARTESIAN_POINT ( 'NONE',  ( 13.91274688963103401, -18.13173604191908694, -4.000000000000000000 ) ) ;
#2783 = LINE ( 'NONE', #1991, #2658 ) ;
#2784 = CARTESIAN_POINT ( 'NONE',  ( -20.62209677019498955, 7.847588496223871779, -4.000000000000000000 ) ) ;
#2785 = CARTESIAN_POINT ( 'NONE',  ( 5.304651655887925976, 21.41766073162606432, 0.000000000000000000 ) ) ;
#2786 = CARTESIAN_POINT ( 'NONE',  ( -5.713967158203303143, 21.59364608391137708, 0.000000000000000000 ) ) ;
#2787 = CARTESIAN_POINT ( 'NONE',  ( -22.26827178752866132, 3.446736430283527497, -4.000000000000000000 ) ) ;
#2788 = CARTESIAN_POINT ( 'NONE',  ( -1.332937384492320243, -21.19796886485566745, 0.000000000000000000 ) ) ;
#2789 = CARTESIAN_POINT ( 'NONE',  ( -22.42361596997390549, -4.983773268745406604, 0.000000000000000000 ) ) ;
#2790 = CARTESIAN_POINT ( 'NONE',  ( -16.11019124716817075, 16.11540181887257717, 0.000000000000000000 ) ) ;
#2791 = CARTESIAN_POINT ( 'NONE',  ( 20.80208241000208247, -8.781834310499787577, 0.000000000000000000 ) ) ;
#2792 = CARTESIAN_POINT ( 'NONE',  ( -11.41345111234948284, -17.70597528647928698, -4.000000000000000000 ) ) ;
#2793 = CARTESIAN_POINT ( 'NONE',  ( -10.09223420870867827, -19.86898413699724486, 0.000000000000000000 ) ) ;
#2794 = CARTESIAN_POINT ( 'NONE',  ( 17.71958050504023419, 12.69857507438617361, -4.000000000000000000 ) ) ;
#2795 = CARTESIAN_POINT ( 'NONE',  ( 20.61242875501080007, -7.702030169303774265, 0.000000000000000000 ) ) ;
#2796 = CARTESIAN_POINT ( 'NONE',  ( -16.11019124716817075, 16.11540181887257717, 0.000000000000000000 ) ) ;
#2797 = CARTESIAN_POINT ( 'NONE',  ( 5.370547556266000555, 21.33894811969763694, 0.000000000000000000 ) ) ;
#2798 = CARTESIAN_POINT ( 'NONE',  ( 0.3802319003370135397, -22.33361581975058030, 0.000000000000000000 ) ) ;
#2799 = CARTESIAN_POINT ( 'NONE',  ( 19.04423762621111393, 12.13112771699291059, 0.000000000000000000 ) ) ;
#2800 = CARTESIAN_POINT ( 'NONE',  ( -18.58985845081703658, 9.756710369366139446, -4.000000000000000000 ) ) ;
#2801 = CARTESIAN_POINT ( 'NONE',  ( 12.61143276425614523, -19.19917479465659582, -4.000000000000000000 ) ) ;
#2802 = CARTESIAN_POINT ( 'NONE',  ( -18.17025257062545762, -12.41110025053948718, -4.000000000000000000 ) ) ;
#2803 = CARTESIAN_POINT ( 'NONE',  ( 14.71695605913790494, -16.18121015808955576, -4.000000000000000000 ) ) ;
#2804 = CARTESIAN_POINT ( 'NONE',  ( 22.21661050595688991, 2.314560327330775991, 0.000000000000000000 ) ) ;
#2805 = CARTESIAN_POINT ( 'NONE',  ( 5.110467300076769526, 21.63708111260477196, -4.000000000000000000 ) ) ;
#2806 = CARTESIAN_POINT ( 'NONE',  ( 1.257926768375607018, -22.71466927650084600, -4.000000000000000000 ) ) ;
#2807 = CARTESIAN_POINT ( 'NONE',  ( -18.16172512099849357, 12.18901548346499020, 0.000000000000000000 ) ) ;
#2808 = CARTESIAN_POINT ( 'NONE',  ( -19.34777908991709339, -8.763221459836243454, 0.000000000000000000 ) ) ;
#2809 = CARTESIAN_POINT ( 'NONE',  ( 11.66987199498923822, 19.52825306359924085, -4.000000000000000000 ) ) ;
#2810 = CARTESIAN_POINT ( 'NONE',  ( -5.062129075425346514, -21.34872602289419063, -4.000000000000000000 ) ) ;
#2811 = CARTESIAN_POINT ( 'NONE',  ( 8.392052896060642198, 19.40797396644943618, -4.000000000000000000 ) ) ;
#2812 = CARTESIAN_POINT ( 'NONE',  ( -16.21641532725008972, 16.05836027834629220, 0.000000000000000000 ) ) ;
#2813 = CARTESIAN_POINT ( 'NONE',  ( 20.80425486829264514, -9.001628295016114834, 0.000000000000000000 ) ) ;
#2814 = CARTESIAN_POINT ( 'NONE',  ( 19.58821292735725805, -11.71089130713608917, -4.000000000000000000 ) ) ;
#2815 = CARTESIAN_POINT ( 'NONE',  ( -9.989734795150122082, -20.03511141949916663, -4.000000000000000000 ) ) ;
#2816 = CARTESIAN_POINT ( 'NONE',  ( 19.49872646015112565, 11.79169641045161043, -4.000000000000000000 ) ) ;
#2817 = CARTESIAN_POINT ( 'NONE',  ( 21.15774907159875085, -3.497169882115214623, 0.000000000000000000 ) ) ;
#2818 = CARTESIAN_POINT ( 'NONE',  ( 9.140856978489084739, 19.39910504791187407, 0.000000000000000000 ) ) ;
#2819 = CARTESIAN_POINT ( 'NONE',  ( -2.530628014445852170, -20.84159677917245901, 0.000000000000000000 ) ) ;
#2820 = CARTESIAN_POINT ( 'NONE',  ( 19.40839018475414335, 11.86814941478855978, 0.000000000000000000 ) ) ;
#2821 = CARTESIAN_POINT ( 'NONE',  ( -20.24364962902316378, 8.089004381985118286, -4.000000000000000000 ) ) ;
#2822 = CARTESIAN_POINT ( 'NONE',  ( 21.90090697121823737, 2.684361049373889418, -4.000000000000000000 ) ) ;
#2823 = CARTESIAN_POINT ( 'NONE',  ( -19.15140907962189942, -8.962116689579227469, -4.000000000000000000 ) ) ;
#2824 = CARTESIAN_POINT ( 'NONE',  ( 13.66511979571200719, -18.41834517341791866, 0.000000000000000000 ) ) ;
#2825 = CARTESIAN_POINT ( 'NONE',  ( 22.94476432465958382, 0.6563093650777872545, 0.000000000000000000 ) ) ;
#2826 = AXIS2_PLACEMENT_3D ( 'NONE', #2681, #4183, #3520 ) ;
#2827 = CARTESIAN_POINT ( 'NONE',  ( 4.589621725225804028, 22.10842868385096338, -4.000000000000000000 ) ) ;
#2828 = CARTESIAN_POINT ( 'NONE',  ( 5.044013087028537790, -21.70685730218823650, -4.000000000000000000 ) ) ;
#2829 = CARTESIAN_POINT ( 'NONE',  ( -7.395328098381193982, 21.70898570351964807, -4.000000000000000000 ) ) ;
#2830 = CARTESIAN_POINT ( 'NONE',  ( 4.673683455278435872, -22.04342540039875331, 0.000000000000000000 ) ) ;
#2831 = CARTESIAN_POINT ( 'NONE',  ( -14.80839600204009621, 16.51027097138295474, 0.000000000000000000 ) ) ;
#2832 = EDGE_LOOP ( 'NONE', ( #4331, #1885 ) ) ;
#2833 = CARTESIAN_POINT ( 'NONE',  ( -18.14936776173880517, 11.77726421825682834, 0.000000000000000000 ) ) ;
#2834 = CARTESIAN_POINT ( 'NONE',  ( -22.06717016211343818, -6.245873757502432788, 0.000000000000000000 ) ) ;
#2835 = CARTESIAN_POINT ( 'NONE',  ( -2.869831308946170445, 20.81631655038353657, -4.000000000000000000 ) ) ;
#2836 = CARTESIAN_POINT ( 'NONE',  ( -16.83963071822948976, 15.62316825860849256, 0.000000000000000000 ) ) ;
#2837 = CARTESIAN_POINT ( 'NONE',  ( 19.31750712556343075, -11.94025534839110492, 0.000000000000000000 ) ) ;
#2838 = CARTESIAN_POINT ( 'NONE',  ( 21.83071113592745505, 2.759264251381964073, -4.000000000000000000 ) ) ;
#2839 = CARTESIAN_POINT ( 'NONE',  ( -8.156181287886385078, -21.50608257563539283, -4.000000000000000000 ) ) ;
#2840 = CARTESIAN_POINT ( 'NONE',  ( 15.71473732662324529, 13.92204242230083189, -4.000000000000000000 ) ) ;
#2841 =( LENGTH_UNIT ( ) NAMED_UNIT ( * ) SI_UNIT ( .MILLI., .METRE. ) );
#2842 = CARTESIAN_POINT ( 'NONE',  ( 21.49759199204718740, -3.108261918880991459, 0.000000000000000000 ) ) ;
#2843 = CARTESIAN_POINT ( 'NONE',  ( 5.676847562098984668, 20.96619076917856006, 0.000000000000000000 ) ) ;
#2844 = CARTESIAN_POINT ( 'NONE',  ( -0.3848533942811617758, -21.79654169952963372, 0.000000000000000000 ) ) ;
#2845 = CARTESIAN_POINT ( 'NONE',  ( 18.59620182488611206, 12.37401509496209862, 0.000000000000000000 ) ) ;
#2846 = CARTESIAN_POINT ( 'NONE',  ( -20.53601518875618126, 7.903516184359797414, -4.000000000000000000 ) ) ;
#2847 = EDGE_CURVE ( 'NONE', #3326, #1949, #744, .T. ) ;
#2848 = CARTESIAN_POINT ( 'NONE',  ( -20.53601518875617060, -7.903516184359806296, 0.000000000000000000 ) ) ;
#2849 = CARTESIAN_POINT ( 'NONE',  ( 14.62811007625882631, -16.59600264588740615, -4.000000000000000000 ) ) ;
#2850 = CARTESIAN_POINT ( 'NONE',  ( 22.60451808717367328, 1.697673299887523468, 0.000000000000000000 ) ) ;
#2851 = CARTESIAN_POINT ( 'NONE',  ( -7.018785184948981737, 21.74996626287743240, -4.000000000000000000 ) ) ;
#2852 = CARTESIAN_POINT ( 'NONE',  ( -22.37721557805502925, 3.872467211510910445, 0.000000000000000000 ) ) ;
#2853 = CARTESIAN_POINT ( 'NONE',  ( 3.034655965340522510, -22.79207403780078067, -4.000000000000000000 ) ) ;
#2854 = ORIENTED_EDGE ( 'NONE', *, *, #1435, .T. ) ;
#2855 = CARTESIAN_POINT ( 'NONE',  ( -18.17484740104747232, -12.71033286937701234, 0.000000000000000000 ) ) ;
#2856 = CARTESIAN_POINT ( 'NONE',  ( 20.74536345487273081, 9.589279067479322904, -4.000000000000000000 ) ) ;
#2857 = CARTESIAN_POINT ( 'NONE',  ( -1.111460075045905160, 21.31324082560938749, 0.000000000000000000 ) ) ;
#2858 = CARTESIAN_POINT ( 'NONE',  ( -17.12653607385810872, 15.35023478957749532, 0.000000000000000000 ) ) ;
#2859 = CARTESIAN_POINT ( 'NONE',  ( 20.28432423003497931, -5.684594767459055120, 0.000000000000000000 ) ) ;
#2860 = CARTESIAN_POINT ( 'NONE',  ( -4.416164701120715463, -21.08588725642606576, -4.000000000000000000 ) ) ;
#2861 = CARTESIAN_POINT ( 'NONE',  ( 20.68850112096512817, -7.991468017176341476, 0.000000000000000000 ) ) ;
#2862 = CARTESIAN_POINT ( 'NONE',  ( 11.44367210680426794, 19.56754203517812840, 0.000000000000000000 ) ) ;
#2863 = CARTESIAN_POINT ( 'NONE',  ( -0.02492641410532247040, -22.06478867062250870, 0.000000000000000000 ) ) ;
#2864 = CARTESIAN_POINT ( 'NONE',  ( 18.41882560490898868, 12.45098463714984760, 0.000000000000000000 ) ) ;
#2865 = CARTESIAN_POINT ( 'NONE',  ( -21.54139206009464047, 7.057957261120552772, -4.000000000000000000 ) ) ;
#2866 = CARTESIAN_POINT ( 'NONE',  ( 21.49759199204720872, 3.108261918880981689, -4.000000000000000000 ) ) ;
#2867 = CARTESIAN_POINT ( 'NONE',  ( -18.17327844624658795, -12.80672111095501897, 0.000000000000000000 ) ) ;
#2868 = CARTESIAN_POINT ( 'NONE',  ( 14.58034703317466096, -16.78373127438552714, -4.000000000000000000 ) ) ;
#2869 = CARTESIAN_POINT ( 'NONE',  ( 20.48125029462984159, 4.698228691358558251, 0.000000000000000000 ) ) ;
#2870 = CARTESIAN_POINT ( 'NONE',  ( -15.19074582262465078, 16.44511271538114627, -4.000000000000000000 ) ) ;
#2871 = CARTESIAN_POINT ( 'NONE',  ( 4.214602464302507734, -22.35566384975632559, -4.000000000000000000 ) ) ;
#2872 = VERTEX_POINT ( 'NONE', #427 ) ;
#2873 = CARTESIAN_POINT ( 'NONE',  ( -18.15585517574670149, 11.41251356180682386, 0.000000000000000000 ) ) ;
#2874 = CARTESIAN_POINT ( 'NONE',  ( -16.93788766549283054, -15.53590124693299757, 0.000000000000000000 ) ) ;
#2875 = CARTESIAN_POINT ( 'NONE',  ( 10.71562741426036780, 19.59873212738516557, 0.000000000000000000 ) ) ;
#2876 = CARTESIAN_POINT ( 'NONE',  ( -4.416164701120695035, 21.08588725642605155, 0.000000000000000000 ) ) ;
#2877 = CARTESIAN_POINT ( 'NONE',  ( -20.78488896738854663, 7.737314153829982999, 0.000000000000000000 ) ) ;
#2878 = CARTESIAN_POINT ( 'NONE',  ( 19.22635862625715220, -12.00805840096806776, 0.000000000000000000 ) ) ;
#2879 = UNCERTAINTY_MEASURE_WITH_UNIT (LENGTH_MEASURE( 1.000000000000000082E-05 ), #2841, 'distance_accuracy_value', 'NONE');
#2880 = CARTESIAN_POINT ( 'NONE',  ( -6.657349869653445218, -21.75358068935852529, -4.000000000000000000 ) ) ;
#2881 = CARTESIAN_POINT ( 'NONE',  ( -6.105749397311479143, -21.69045284728556311, -4.000000000000000000 ) ) ;
#2882 = SECURITY_CLASSIFICATION_LEVEL ( 'unclassified' ) ;
#2883 = CARTESIAN_POINT ( 'NONE',  ( 21.83071113592746926, -2.759264251381942312, -4.000000000000000000 ) ) ;
#2884 = CARTESIAN_POINT ( 'NONE',  ( 5.240001218098253588, 21.49305226020203108, 0.000000000000000000 ) ) ;
#2885 = CARTESIAN_POINT ( 'NONE',  ( 3.540430871598339024, -22.65913253418499806, 0.000000000000000000 ) ) ;
#2886 = CARTESIAN_POINT ( 'NONE',  ( 14.65031900565576706, -16.49920220610296795, -4.000000000000000000 ) ) ;
#2887 = CARTESIAN_POINT ( 'NONE',  ( 20.35947228549824217, 6.735906117007635530, -4.000000000000000000 ) ) ;
#2888 = CARTESIAN_POINT ( 'NONE',  ( -16.83963071822946844, -15.62316825860851388, -4.000000000000000000 ) ) ;
#2889 = CARTESIAN_POINT ( 'NONE',  ( 15.50124267262307320, -14.18684045416840434, 0.000000000000000000 ) ) ;
#2890 = CARTESIAN_POINT ( 'NONE',  ( 20.28432423003497220, 5.684594767459072884, 0.000000000000000000 ) ) ;
#2891 = CARTESIAN_POINT ( 'NONE',  ( -15.89868533617199553, 16.21627527863183360, -4.000000000000000000 ) ) ;
#2892 = CARTESIAN_POINT ( 'NONE',  ( 4.111083978712352760, 22.41301912558926901, -4.000000000000000000 ) ) ;
#2893 = CARTESIAN_POINT ( 'NONE',  ( 9.503730163328059533, -19.43663076770574705, -4.000000000000000000 ) ) ;
#2894 = ORIENTED_EDGE ( 'NONE', *, *, #1795, .T. ) ;
#2895 = CARTESIAN_POINT ( 'NONE',  ( -15.19074582262465256, -16.44511271538113917, 0.000000000000000000 ) ) ;
#2896 = CARTESIAN_POINT ( 'NONE',  ( -4.716875799352163945, 21.20280255783143630, 0.000000000000000000 ) ) ;
#2897 = EDGE_CURVE ( 'NONE', #111, #4144, #1308, .T. ) ;
#2898 = CARTESIAN_POINT ( 'NONE',  ( 4.589621725225804028, 22.10842868385096338, -4.000000000000000000 ) ) ;
#2899 = CARTESIAN_POINT ( 'NONE',  ( -22.37721557805502925, 3.872467211510910445, 0.000000000000000000 ) ) ;
#2900 = CARTESIAN_POINT ( 'NONE',  ( 20.88274395768154434, -3.878351565327978090, 0.000000000000000000 ) ) ;
#2901 = CARTESIAN_POINT ( 'NONE',  ( -6.657349869653466534, 21.75358068935851463, -4.000000000000000000 ) ) ;
#2902 = CARTESIAN_POINT ( 'NONE',  ( -6.105749397311479143, -21.69045284728556311, -4.000000000000000000 ) ) ;
#2903 = CARTESIAN_POINT ( 'NONE',  ( -21.88699574652791213, 6.579042111146212513, -4.000000000000000000 ) ) ;
#2904 = CARTESIAN_POINT ( 'NONE',  ( 20.80023229913680183, -9.115158563235326028, -4.000000000000000000 ) ) ;
#2905 = CARTESIAN_POINT ( 'NONE',  ( -6.775665262204276118, -21.75625882495917907, 0.000000000000000000 ) ) ;
#2906 = APPROVAL_ROLE ( '' ) ;
#2907 = CARTESIAN_POINT ( 'NONE',  ( 22.92067372998528896, -0.7833605312303488777, 0.000000000000000000 ) ) ;
#2908 = CARTESIAN_POINT ( 'NONE',  ( -0.3848533942811458997, 21.79654169952963372, 0.000000000000000000 ) ) ;
#2909 = CARTESIAN_POINT ( 'NONE',  ( 10.71562741426037135, -19.59873212738515491, 0.000000000000000000 ) ) ;
#2910 = CARTESIAN_POINT ( 'NONE',  ( 17.94588197194134693, 12.62293839904231874, -4.000000000000000000 ) ) ;
#2911 = CARTESIAN_POINT ( 'NONE',  ( -17.12653607385810517, -15.35023478957749887, -4.000000000000000000 ) ) ;
#2912 = CARTESIAN_POINT ( 'NONE',  ( 17.10904052391322239, -12.92908640671131693, -4.000000000000000000 ) ) ;
#2913 = CARTESIAN_POINT ( 'NONE',  ( 21.39476759738624168, 3.219848144137873902, -4.000000000000000000 ) ) ;
#2914 = CARTESIAN_POINT ( 'NONE',  ( -17.46426378467749174, -14.94174543293087432, 0.000000000000000000 ) ) ;
#2915 = CARTESIAN_POINT ( 'NONE',  ( 15.71473732662316891, -13.92204242230091715, 0.000000000000000000 ) ) ;
#2916 = CARTESIAN_POINT ( 'NONE',  ( -15.48642864523426432, 16.36845894515291988, -4.000000000000000000 ) ) ;
#2917 = CARTESIAN_POINT ( 'NONE',  ( 20.58289753983941139, 7.598525017484610622, 0.000000000000000000 ) ) ;
#2918 = CARTESIAN_POINT ( 'NONE',  ( -16.53313442973522740, 15.86040662237437182, -4.000000000000000000 ) ) ;
#2919 = CARTESIAN_POINT ( 'NONE',  ( 4.003797556025004312, 22.46803654139386452, -4.000000000000000000 ) ) ;
#2920 = CARTESIAN_POINT ( 'NONE',  ( 3.034655965340508743, 22.79207403780077357, -4.000000000000000000 ) ) ;
#2921 = CARTESIAN_POINT ( 'NONE',  ( -21.61676680493876646, 2.126769031605166838, -4.000000000000000000 ) ) ;
#2922 = CARTESIAN_POINT ( 'NONE',  ( -21.61676680493876646, -2.126769031605182825, -4.000000000000000000 ) ) ;
#2923 = CARTESIAN_POINT ( 'NONE',  ( 8.392052896060667067, -19.40797396644944683, 0.000000000000000000 ) ) ;
#2924 = VERTEX_POINT ( 'NONE', #3031 ) ;
#2925 = CARTESIAN_POINT ( 'NONE',  ( -18.33448606018943039, 10.37376730258235114, 0.000000000000000000 ) ) ;
#2926 = CARTESIAN_POINT ( 'NONE',  ( -17.73761553920986600, -14.50082850329366657, 0.000000000000000000 ) ) ;
#2927 = CARTESIAN_POINT ( 'NONE',  ( -19.34777908991708983, 8.763221459836241678, 0.000000000000000000 ) ) ;
#2928 = CARTESIAN_POINT ( 'NONE',  ( 22.70068007964911416, -1.489195761755031322, 0.000000000000000000 ) ) ;
#2929 = CARTESIAN_POINT ( 'NONE',  ( 1.489498614487865247, 22.77332770528892780, 0.000000000000000000 ) ) ;
#2930 = CARTESIAN_POINT ( 'NONE',  ( -5.904873404661001857, -21.64624392335658243, 0.000000000000000000 ) ) ;
#2931 = COORDINATED_UNIVERSAL_TIME_OFFSET ( 8, 0, .AHEAD. ) ;
#2932 = CARTESIAN_POINT ( 'NONE',  ( 22.27556337986286650, -2.236015871788900711, -4.000000000000000000 ) ) ;
#2933 = CARTESIAN_POINT ( 'NONE',  ( 2.244567722035322177, 22.86085004771973317, 0.000000000000000000 ) ) ;
#2934 = CARTESIAN_POINT ( 'NONE',  ( 7.768109850089496504, -19.52463663745171729, 0.000000000000000000 ) ) ;
#2935 = CARTESIAN_POINT ( 'NONE',  ( 17.71958050504023419, 12.69857507438617361, -4.000000000000000000 ) ) ;
#2936 = CARTESIAN_POINT ( 'NONE',  ( -10.23136038523248814, 19.61448885117687979, -4.000000000000000000 ) ) ;
#2937 = CARTESIAN_POINT ( 'NONE',  ( 20.27801818137659140, 5.991492629422152660, -4.000000000000000000 ) ) ;
#2938 = CARTESIAN_POINT ( 'NONE',  ( -18.13228884756145831, -13.29789610083738793, -4.000000000000000000 ) ) ;
#2939 = CARTESIAN_POINT ( 'NONE',  ( 16.20113928410976456, -13.46445368502866557, 0.000000000000000000 ) ) ;
#2940 = CARTESIAN_POINT ( 'NONE',  ( 18.68490343084159733, 12.33186420008356876, 0.000000000000000000 ) ) ;
#2941 = CARTESIAN_POINT ( 'NONE',  ( 8.392052896060667067, -19.40797396644944683, -4.000000000000000000 ) ) ;
#2942 = CARTESIAN_POINT ( 'NONE',  ( 2.640307831937919403, 22.84680985470237502, -4.000000000000000000 ) ) ;
#2943 = CARTESIAN_POINT ( 'NONE',  ( -21.20407965231138903, 1.231914024922849293, -4.000000000000000000 ) ) ;
#2944 = CARTESIAN_POINT ( 'NONE',  ( -21.54363463193363160, -1.993817810941276081, -4.000000000000000000 ) ) ;
#2945 = CARTESIAN_POINT ( 'NONE',  ( 5.110467300076766861, -21.63708111260477551, -4.000000000000000000 ) ) ;
#2946 = LINE ( 'NONE', #719, #2105 ) ;
#2947 = CARTESIAN_POINT ( 'NONE',  ( -12.79282727309312406, -16.83566380198485035, 0.000000000000000000 ) ) ;
#2948 = CARTESIAN_POINT ( 'NONE',  ( -11.92633278975202415, 17.27827597421674000, -4.000000000000000000 ) ) ;
#2949 = CARTESIAN_POINT ( 'NONE',  ( 8.920607862287580403, 19.38845876690917081, -4.000000000000000000 ) ) ;
#2950 = CARTESIAN_POINT ( 'NONE',  ( -18.13228884756145476, 13.29789610083739326, -4.000000000000000000 ) ) ;
#2951 = CARTESIAN_POINT ( 'NONE',  ( -20.70473135879237603, 7.792496877489671903, 0.000000000000000000 ) ) ;
#2952 = DIRECTION ( 'NONE',  ( -1.000000000000000000, 0.000000000000000000, 0.000000000000000000 ) ) ;
#2953 = CARTESIAN_POINT ( 'NONE',  ( -6.896230539633925183, 21.75511584063072590, -4.000000000000000000 ) ) ;
#2954 = CARTESIAN_POINT ( 'NONE',  ( 1.257926768375587701, 22.71466927650083889, 0.000000000000000000 ) ) ;
#2955 = CARTESIAN_POINT ( 'NONE',  ( -22.44211105392952632, 4.724678761717170161, -4.000000000000000000 ) ) ;
#2956 = CARTESIAN_POINT ( 'NONE',  ( -7.018785184948981737, -21.74996626287742529, 0.000000000000000000 ) ) ;
#2957 = CARTESIAN_POINT ( 'NONE',  ( 14.12104016515248084, 17.83633383713025466, -4.000000000000000000 ) ) ;
#2958 = CARTESIAN_POINT ( 'NONE',  ( 22.94476432465959093, -0.6563093650777753751, 0.000000000000000000 ) ) ;
#2959 = CARTESIAN_POINT ( 'NONE',  ( -2.530628014445745144, 20.84159677917247677, 0.000000000000000000 ) ) ;
#2960 = CARTESIAN_POINT ( 'NONE',  ( 8.088152775219027646, -19.45122648637158136, 0.000000000000000000 ) ) ;
#2961 = CARTESIAN_POINT ( 'NONE',  ( -10.18624193779600340, 19.70071356287416009, 0.000000000000000000 ) ) ;
#2962 = CARTESIAN_POINT ( 'NONE',  ( 7.124355652982157672, 6.999999999999975131, -4.000000000000000000 ) ) ;
#2963 = CARTESIAN_POINT ( 'NONE',  ( -18.07261558141746249, -13.61105683382036524, 0.000000000000000000 ) ) ;
#2964 = CARTESIAN_POINT ( 'NONE',  ( 17.44778784351271739, -12.79367820391177091, 0.000000000000000000 ) ) ;
#2965 = CARTESIAN_POINT ( 'NONE',  ( -14.28929789074916812, 16.56008223458715278, 0.000000000000000000 ) ) ;
#2966 = CARTESIAN_POINT ( 'NONE',  ( 20.79251774114803197, 9.230914693542096927, 0.000000000000000000 ) ) ;
#2967 = CARTESIAN_POINT ( 'NONE',  ( -20.24364962902317444, -8.089004381985104075, -4.000000000000000000 ) ) ;
#2968 = CARTESIAN_POINT ( 'NONE',  ( -21.85668550328495030, 2.545346090368722614, -4.000000000000000000 ) ) ;
#2969 = CARTESIAN_POINT ( 'NONE',  ( -21.05531120614950069, -0.6650542471123045418, 0.000000000000000000 ) ) ;
#2970 = CARTESIAN_POINT ( 'NONE',  ( 8.670929892843622255, -19.38931615245256523, 0.000000000000000000 ) ) ;
#2971 = ORIENTED_EDGE ( 'NONE', *, *, #3971, .F. ) ;
#2972 = CARTESIAN_POINT ( 'NONE',  ( -11.41345111234948284, -17.70597528647928698, 0.000000000000000000 ) ) ;
#2973 = CARTESIAN_POINT ( 'NONE',  ( 8.670929892843627584, 19.38931615245257589, -4.000000000000000000 ) ) ;
#2974 = CIRCLE ( 'NONE', #372, 5.000000000000000888 ) ;
#2975 = CARTESIAN_POINT ( 'NONE',  ( -11.20522004111685455, 17.93150995099999889, -4.000000000000000000 ) ) ;
#2976 = CARTESIAN_POINT ( 'NONE',  ( -18.15625140016319605, 13.09774888915080027, -4.000000000000000000 ) ) ;
#2977 = CARTESIAN_POINT ( 'NONE',  ( -22.44474957922670910, 4.596765017330765701, 0.000000000000000000 ) ) ;
#2978 = CARTESIAN_POINT ( 'NONE',  ( 22.65371642544585029, -1.595277858700916873, 0.000000000000000000 ) ) ;
#2979 = AXIS2_PLACEMENT_3D ( 'NONE', #2327, #3834, #732 ) ;
#2980 = CARTESIAN_POINT ( 'NONE',  ( -2.869831308946243276, -20.81631655038354367, 0.000000000000000000 ) ) ;
#2981 = CARTESIAN_POINT ( 'NONE',  ( 11.66987199498923822, 19.52825306359924085, -4.000000000000000000 ) ) ;
#2982 = DATE_TIME_ROLE ( 'classification_date' ) ;
#2983 = CARTESIAN_POINT ( 'NONE',  ( 22.92067372998529606, 0.7833605312303513202, -4.000000000000000000 ) ) ;
#2984 = CARTESIAN_POINT ( 'NONE',  ( -5.256247460261286086, 21.42959129432590615, 0.000000000000000000 ) ) ;
#2985 = CARTESIAN_POINT ( 'NONE',  ( 9.503730163328059533, -19.43663076770574705, 0.000000000000000000 ) ) ;
#2986 = CARTESIAN_POINT ( 'NONE',  ( 14.80349630983426223, 15.77846632668081917, 0.000000000000000000 ) ) ;
#2987 = CARTESIAN_POINT ( 'NONE',  ( -15.69022999050113931, -16.30021426032061882, -4.000000000000000000 ) ) ;
#2988 = CARTESIAN_POINT ( 'NONE',  ( -20.94060127998758603, 7.623709070541741184, 0.000000000000000000 ) ) ;
#2989 = APPROVAL_PERSON_ORGANIZATION ( #2176, #2168, #1046 ) ;
#2990 = CARTESIAN_POINT ( 'NONE',  ( -16.32253894830787999, -15.99684657017555800, 0.000000000000000000 ) ) ;
#2991 = CARTESIAN_POINT ( 'NONE',  ( 19.04423762621111393, -12.13112771699290349, 0.000000000000000000 ) ) ;
#2992 = CARTESIAN_POINT ( 'NONE',  ( 18.77397602136330690, 12.28679088549161769, 0.000000000000000000 ) ) ;
#2993 = CARTESIAN_POINT ( 'NONE',  ( -18.13228884756145476, 13.29789610083739326, -4.000000000000000000 ) ) ;
#2994 = CARTESIAN_POINT ( 'NONE',  ( 4.589621725225804028, 22.10842868385096338, 0.000000000000000000 ) ) ;
#2995 = CARTESIAN_POINT ( 'NONE',  ( -20.53601518875617060, -7.903516184359806296, -4.000000000000000000 ) ) ;
#2996 = CARTESIAN_POINT ( 'NONE',  ( 12.01993966802991309, -19.43824653320580254, -4.000000000000000000 ) ) ;
#2997 = CARTESIAN_POINT ( 'NONE',  ( -8.749985478137801920, 21.22099681987718256, -4.000000000000000000 ) ) ;
#2998 = DIRECTION ( 'NONE',  ( -0.000000000000000000, -0.000000000000000000, 1.000000000000000000 ) ) ;
#2999 = CARTESIAN_POINT ( 'NONE',  ( -22.44474957922670910, -4.596765017330784353, 0.000000000000000000 ) ) ;
#3000 = CARTESIAN_POINT ( 'NONE',  ( 4.975601053490137815, -21.77563698353633370, -4.000000000000000000 ) ) ;
#3001 = CARTESIAN_POINT ( 'NONE',  ( -12.12435565298221007, -6.999999999999886313, -6.000000000000000000 ) ) ;
#3002 = CARTESIAN_POINT ( 'NONE',  ( -10.47012875514902497, 19.12102889608782519, -4.000000000000000000 ) ) ;
#3003 = CARTESIAN_POINT ( 'NONE',  ( -21.61676680493876646, -2.126769031605182825, -4.000000000000000000 ) ) ;
#3004 = CARTESIAN_POINT ( 'NONE',  ( -18.17484740104747587, 12.71033286937701412, -4.000000000000000000 ) ) ;
#3005 = CARTESIAN_POINT ( 'NONE',  ( -22.37721557805504347, -3.872467211510906449, 0.000000000000000000 ) ) ;
#3006 = CARTESIAN_POINT ( 'NONE',  ( 22.94476432465959093, -0.6563093650777753751, 0.000000000000000000 ) ) ;
#3007 = CARTESIAN_POINT ( 'NONE',  ( 20.31862222672676666, 5.358036699682465098, -4.000000000000000000 ) ) ;
#3008 = CARTESIAN_POINT ( 'NONE',  ( 0.8346376376410524767, 22.56436629873353539, 0.000000000000000000 ) ) ;
#3009 = CARTESIAN_POINT ( 'NONE',  ( -0.9213867414385564780, -21.42502250719502044, -4.000000000000000000 ) ) ;
#3010 = CARTESIAN_POINT ( 'NONE',  ( 12.49397971639987936, 19.25599705917740323, -4.000000000000000000 ) ) ;
#3011 = VERTEX_POINT ( 'NONE', #4162 ) ;
#3012 = CARTESIAN_POINT ( 'NONE',  ( 22.98039910196879987, 0.3968919721285881774, 0.000000000000000000 ) ) ;
#3013 = CARTESIAN_POINT ( 'NONE',  ( 0.4653096620767748215, 22.38267137290715070, 0.000000000000000000 ) ) ;
#3014 = CARTESIAN_POINT ( 'NONE',  ( 9.910989783159420696, -19.49852915850235746, 0.000000000000000000 ) ) ;
#3015 = CARTESIAN_POINT ( 'NONE',  ( -21.16885992121934379, 7.436852529821839752, 0.000000000000000000 ) ) ;
#3016 = DIRECTION ( 'NONE',  ( -0.000000000000000000, -0.000000000000000000, 1.000000000000000000 ) ) ;
#3017 = CARTESIAN_POINT ( 'NONE',  ( -11.65567158548804372, -17.48428684158509228, -4.000000000000000000 ) ) ;
#3018 = CARTESIAN_POINT ( 'NONE',  ( 20.16368796050757339, -11.03095435375335853, -4.000000000000000000 ) ) ;
#3019 = CARTESIAN_POINT ( 'NONE',  ( 18.50763246423367292, 12.41359184638038471, 0.000000000000000000 ) ) ;
#3020 = CARTESIAN_POINT ( 'NONE',  ( -18.14569269480858438, 13.19701642569617484, -4.000000000000000000 ) ) ;
#3021 = CARTESIAN_POINT ( 'NONE',  ( 9.788587241230342073, -19.47872947641211994, -4.000000000000000000 ) ) ;
#3022 = CARTESIAN_POINT ( 'NONE',  ( 4.003797556025004312, 22.46803654139386452, -4.000000000000000000 ) ) ;
#3023 = CARTESIAN_POINT ( 'NONE',  ( -21.00000000000000355, -2.086947940761960370E-14, 0.000000000000000000 ) ) ;
#3024 = CARTESIAN_POINT ( 'NONE',  ( -22.41434739993849234, -4.103835820171950033, 0.000000000000000000 ) ) ;
#3025 = CARTESIAN_POINT ( 'NONE',  ( 12.37573363895109679, -19.30834417696301486, 0.000000000000000000 ) ) ;
#3026 = EDGE_LOOP ( 'NONE', ( #11, #2109 ) ) ;
#3027 = CARTESIAN_POINT ( 'NONE',  ( 8.920607862287580403, 19.38845876690917081, 0.000000000000000000 ) ) ;
#3028 = CARTESIAN_POINT ( 'NONE',  ( -22.04321896426555938, -2.894244770580946646, -4.000000000000000000 ) ) ;
#3029 = CARTESIAN_POINT ( 'NONE',  ( 22.65371642544585029, -1.595277858700916873, -4.000000000000000000 ) ) ;
#3030 = CARTESIAN_POINT ( 'NONE',  ( -22.20017227113294211, -3.252653846714200103, 0.000000000000000000 ) ) ;
#3031 = CARTESIAN_POINT ( 'NONE',  ( -7.124355652982209186, -6.999999999999886313, -4.000000000000000000 ) ) ;
#3032 = CARTESIAN_POINT ( 'NONE',  ( 13.66511979571201252, 18.41834517341790445, -4.000000000000000000 ) ) ;
#3033 = CARTESIAN_POINT ( 'NONE',  ( 12.84246811570854341, 19.07246152098828063, -4.000000000000000000 ) ) ;
#3034 = EDGE_LOOP ( 'NONE', ( #1011, #1553, #1854, #2581 ) ) ;
#3035 = CARTESIAN_POINT ( 'NONE',  ( 22.78682372401866729, 1.266382827403232270, 0.000000000000000000 ) ) ;
#3036 = CARTESIAN_POINT ( 'NONE',  ( -7.143036618217897704, 21.74064755994004017, 0.000000000000000000 ) ) ;
#3037 = CARTESIAN_POINT ( 'NONE',  ( 13.98660388258982579, -18.03380083971664050, 0.000000000000000000 ) ) ;
#3038 = CARTESIAN_POINT ( 'NONE',  ( 15.17090792698332713, 14.72886818338918324, -4.000000000000000000 ) ) ;
#3039 = CARTESIAN_POINT ( 'NONE',  ( -0.1077446603907783046, -22.00413322531517935, -4.000000000000000000 ) ) ;
#3040 = CARTESIAN_POINT ( 'NONE',  ( -13.70942005604791625, -16.61833185927416068, -4.000000000000000000 ) ) ;
#3041 = CARTESIAN_POINT ( 'NONE',  ( 20.23485559402974232, 10.91963345819502429, -4.000000000000000000 ) ) ;
#3042 = CARTESIAN_POINT ( 'NONE',  ( 7.500000000000000000, 0.000000000000000000, 0.000000000000000000 ) ) ;
#3043 = CARTESIAN_POINT ( 'NONE',  ( -15.28801687577188417, -16.42266561556431981, -4.000000000000000000 ) ) ;
#3044 = CARTESIAN_POINT ( 'NONE',  ( 19.40839018475416111, -11.86814941478854912, -4.000000000000000000 ) ) ;
#3045 = CARTESIAN_POINT ( 'NONE',  ( 14.58034703317465741, 16.78373127438552004, 0.000000000000000000 ) ) ;
#3046 = CARTESIAN_POINT ( 'NONE',  ( -17.73761553920985534, 14.50082850329367723, -4.000000000000000000 ) ) ;
#3047 = CARTESIAN_POINT ( 'NONE',  ( -18.16634988306094201, -12.30353548794321661, -4.000000000000000000 ) ) ;
#3048 = PRODUCT_DEFINITION_SHAPE ( 'NONE', 'NONE',  #1122 ) ;
#3049 = CARTESIAN_POINT ( 'NONE',  ( -4.716875799352163945, 21.20280255783143630, -4.000000000000000000 ) ) ;
#3050 = CARTESIAN_POINT ( 'NONE',  ( 22.94476432465958382, 0.6563093650777872545, -4.000000000000000000 ) ) ;
#3051 = CARTESIAN_POINT ( 'NONE',  ( -20.70473135879238313, -7.792496877489661244, -4.000000000000000000 ) ) ;
#3052 = CARTESIAN_POINT ( 'NONE',  ( 12.61143276425614523, -19.19917479465659582, 0.000000000000000000 ) ) ;
#3053 = LINE ( 'NONE', #1967, #751 ) ;
#3054 = CARTESIAN_POINT ( 'NONE',  ( -21.80324200739084262, -2.451915892524422436, 0.000000000000000000 ) ) ;
#3055 = DIRECTION ( 'NONE',  ( -1.000000000000000000, 0.000000000000000000, 0.000000000000000000 ) ) ;
#3056 = CARTESIAN_POINT ( 'NONE',  ( 20.72971935574831548, 8.179759005715959930, 0.000000000000000000 ) ) ;
#3057 = EDGE_CURVE ( 'NONE', #2872, #963, #2438, .T. ) ;
#3058 = AXIS2_PLACEMENT_3D ( 'NONE', #568, #4659, #2104 ) ;
#3059 = ORIENTED_EDGE ( 'NONE', *, *, #3183, .F. ) ;
#3060 = DIRECTION ( 'NONE',  ( -1.000000000000000000, 0.000000000000000000, 0.000000000000000000 ) ) ;
#3061 = CARTESIAN_POINT ( 'NONE',  ( -9.264407565793709054, 20.85698476170287918, 0.000000000000000000 ) ) ;
#3062 = CARTESIAN_POINT ( 'NONE',  ( 18.50763246423368713, -12.41359184638039181, 0.000000000000000000 ) ) ;
#3063 = CARTESIAN_POINT ( 'NONE',  ( 0.3802319003370135397, -22.33361581975058030, -4.000000000000000000 ) ) ;
#3064 = CARTESIAN_POINT ( 'NONE',  ( -13.30135309966941115, -16.69022419582070071, -4.000000000000000000 ) ) ;
#3065 = CARTESIAN_POINT ( 'NONE',  ( 20.71004497320205573, 8.085430867093013063, -4.000000000000000000 ) ) ;
#3066 = CARTESIAN_POINT ( 'NONE',  ( -14.61300362791339325, -16.53226074606681451, -4.000000000000000000 ) ) ;
#3067 = CARTESIAN_POINT ( 'NONE',  ( 19.67653159492529369, -11.62576803065812570, 0.000000000000000000 ) ) ;
#3068 = CARTESIAN_POINT ( 'NONE',  ( 14.29011911042242744, 17.54060426259943029, 0.000000000000000000 ) ) ;
#3069 = CARTESIAN_POINT ( 'NONE',  ( -5.439477973142065714, -21.50092367972664675, 0.000000000000000000 ) ) ;
#3070 = CARTESIAN_POINT ( 'NONE',  ( -17.46426378467750951, 14.94174543293085833, -4.000000000000000000 ) ) ;
#3071 = CARTESIAN_POINT ( 'NONE',  ( -9.264407565793709054, 20.85698476170287918, 0.000000000000000000 ) ) ;
#3072 = CARTESIAN_POINT ( 'NONE',  ( -22.40761293520194286, -5.114210463940550788, 0.000000000000000000 ) ) ;
#3073 = CARTESIAN_POINT ( 'NONE',  ( 11.22521880699119556, -19.59187865378815374, 0.000000000000000000 ) ) ;
#3074 = DIRECTION ( 'NONE',  ( -1.000000000000000000, 0.000000000000000000, 0.000000000000000000 ) ) ;
#3075 = CARTESIAN_POINT ( 'NONE',  ( -20.00251443689480979, 8.246388228751534655, -4.000000000000000000 ) ) ;
#3076 = CARTESIAN_POINT ( 'NONE',  ( -6.317921412924655478, 21.72473638752124003, 0.000000000000000000 ) ) ;
#3077 = CARTESIAN_POINT ( 'NONE',  ( -22.38706326563480431, 5.244728221083877706, 0.000000000000000000 ) ) ;
#3078 = LINE ( 'NONE', #3846, #928 ) ;
#3079 = CARTESIAN_POINT ( 'NONE',  ( -21.00000000000000355, -4.127278043175977515E-15, 0.000000000000000000 ) ) ;
#3080 = CARTESIAN_POINT ( 'NONE',  ( 12.12435565298211060, -7.000000000000056843, -4.000000000000000000 ) ) ;
#3081 = CARTESIAN_POINT ( 'NONE',  ( 11.90217861259450238, 19.47257571994366643, -4.000000000000000000 ) ) ;
#3082 = APPLICATION_CONTEXT ( 'configuration controlled 3d designs of mechanical parts and assemblies' ) ;
#3083 = CARTESIAN_POINT ( 'NONE',  ( 6.179755451563025304, 20.42792697626756748, -4.000000000000000000 ) ) ;
#3084 = COORDINATED_UNIVERSAL_TIME_OFFSET ( 8, 0, .AHEAD. ) ;
#3085 = ORIENTED_EDGE ( 'NONE', *, *, #2592, .T. ) ;
#3086 = PLANE ( 'NONE',  #847 ) ;
#3087 = CARTESIAN_POINT ( 'NONE',  ( -10.47012875514902497, 19.12102889608782519, 0.000000000000000000 ) ) ;
#3088 = CARTESIAN_POINT ( 'NONE',  ( 14.42300264874661941, -17.25082415869792385, 0.000000000000000000 ) ) ;
#3089 = CARTESIAN_POINT ( 'NONE',  ( 14.60493761306325311, 16.69051937538967678, -4.000000000000000000 ) ) ;
#3090 = CARTESIAN_POINT ( 'NONE',  ( 0.8346376376410460374, -22.56436629873352828, -4.000000000000000000 ) ) ;
#3091 = CARTESIAN_POINT ( 'NONE',  ( 18.04784068419241905, -12.58844448481508316, -4.000000000000000000 ) ) ;
#3092 = DIRECTION ( 'NONE',  ( 0.000000000000000000, 0.000000000000000000, -1.000000000000000000 ) ) ;
#3093 = CARTESIAN_POINT ( 'NONE',  ( -12.50810894298447806, -16.95038754158261796, -4.000000000000000000 ) ) ;
#3094 = CARTESIAN_POINT ( 'NONE',  ( 20.80208241000208247, -8.781834310499787577, -4.000000000000000000 ) ) ;
#3095 = CARTESIAN_POINT ( 'NONE',  ( 14.46015909102278130, 17.15608361418290784, 0.000000000000000000 ) ) ;
#3096 = CARTESIAN_POINT ( 'NONE',  ( -9.442194321211962560, -20.69742849959578024, 0.000000000000000000 ) ) ;
#3097 = CARTESIAN_POINT ( 'NONE',  ( -18.17472718066971993, -12.61301709083407552, -4.000000000000000000 ) ) ;
#3098 = CARTESIAN_POINT ( 'NONE',  ( 11.78539027706233355, -19.50253865068290793, -4.000000000000000000 ) ) ;
#3099 = CARTESIAN_POINT ( 'NONE',  ( -9.070076318507847901, 21.00981780099894536, -4.000000000000000000 ) ) ;
#3100 = CARTESIAN_POINT ( 'NONE',  ( 0.2161260314738396859, 22.23136173600509835, -4.000000000000000000 ) ) ;
#3101 = CARTESIAN_POINT ( 'NONE',  ( -22.06717016211343818, -6.245873757502432788, -4.000000000000000000 ) ) ;
#3102 = CARTESIAN_POINT ( 'NONE',  ( 13.38099028520532308, -18.68703735509054198, 0.000000000000000000 ) ) ;
#3103 = DIRECTION ( 'NONE',  ( 1.000000000000000000, 0.000000000000000000, 0.000000000000000000 ) ) ;
#3104 = CARTESIAN_POINT ( 'NONE',  ( -20.53601518875618126, 7.903516184359797414, -4.000000000000000000 ) ) ;
#3105 = CARTESIAN_POINT ( 'NONE',  ( 4.003797556025030069, -22.46803654139385031, -4.000000000000000000 ) ) ;
#3106 = CARTESIAN_POINT ( 'NONE',  ( 0.1359087958816566077, -22.17789819845265598, 0.000000000000000000 ) ) ;
#3107 = CARTESIAN_POINT ( 'NONE',  ( -12.21493408267606107, 17.09825581231775971, 0.000000000000000000 ) ) ;
#3108 = CARTESIAN_POINT ( 'NONE',  ( -21.05531120614950424, 0.6650542471123009891, 0.000000000000000000 ) ) ;
#3109 = CARTESIAN_POINT ( 'NONE',  ( 12.61143276425612569, 19.19917479465659582, -4.000000000000000000 ) ) ;
#3110 = CARTESIAN_POINT ( 'NONE',  ( -22.42774528754812025, 4.223659812520978107, -4.000000000000000000 ) ) ;
#3111 = CARTESIAN_POINT ( 'NONE',  ( -4.956690974354527768, -21.30379244199513522, -4.000000000000000000 ) ) ;
#3112 = CARTESIAN_POINT ( 'NONE',  ( 20.71004497320205573, -8.085430867093005958, -4.000000000000000000 ) ) ;
#3113 = CARTESIAN_POINT ( 'NONE',  ( 6.844479728585141309, 19.92288945872043726, -4.000000000000000000 ) ) ;
#3114 = ORIENTED_EDGE ( 'NONE', *, *, #2469, .T. ) ;
#3115 = CARTESIAN_POINT ( 'NONE',  ( 22.21661050595688991, 2.314560327330775991, 0.000000000000000000 ) ) ;
#3116 = CARTESIAN_POINT ( 'NONE',  ( -6.896230539633925183, 21.75511584063072590, 0.000000000000000000 ) ) ;
#3117 = CARTESIAN_POINT ( 'NONE',  ( 14.05603342403870570, -17.93522685070814404, 0.000000000000000000 ) ) ;
#3118 = CARTESIAN_POINT ( 'NONE',  ( 14.55393136195742620, 16.87639783458277876, -4.000000000000000000 ) ) ;
#3119 = CARTESIAN_POINT ( 'NONE',  ( -9.070076318507840796, -21.00981780099893470, -4.000000000000000000 ) ) ;
#3120 = CARTESIAN_POINT ( 'NONE',  ( -12.21493408267609126, -17.09825581231773839, 0.000000000000000000 ) ) ;
#3121 = CARTESIAN_POINT ( 'NONE',  ( 20.78779232674428101, -8.572142657481824912, -4.000000000000000000 ) ) ;
#3122 = CARTESIAN_POINT ( 'NONE',  ( 17.10904052391324370, 12.92908640671130627, 0.000000000000000000 ) ) ;
#3123 = CARTESIAN_POINT ( 'NONE',  ( -7.650304178717140857, -21.65939507780015205, 0.000000000000000000 ) ) ;
#3124 = CARTESIAN_POINT ( 'NONE',  ( -18.95261829878784710, 9.196014721598645636, -4.000000000000000000 ) ) ;
#3125 = CARTESIAN_POINT ( 'NONE',  ( -0.4943508176894119144, 21.71550991531048425, -4.000000000000000000 ) ) ;
#3126 = CARTESIAN_POINT ( 'NONE',  ( -21.68465170036326839, -6.878550772462168617, 0.000000000000000000 ) ) ;
#3127 = CARTESIAN_POINT ( 'NONE',  ( 10.61881090672413741, -19.59261536617595922, -4.000000000000000000 ) ) ;
#3128 = DIRECTION ( 'NONE',  ( -0.000000000000000000, -0.000000000000000000, 1.000000000000000000 ) ) ;
#3129 = CARTESIAN_POINT ( 'NONE',  ( -22.26010680064554137, -5.759810847278154178, -4.000000000000000000 ) ) ;
#3130 = CARTESIAN_POINT ( 'NONE',  ( -1.111460075045973550, -21.31324082560936262, 0.000000000000000000 ) ) ;
#3131 = CARTESIAN_POINT ( 'NONE',  ( -13.30135309966936497, 16.69022419582071493, 0.000000000000000000 ) ) ;
#3132 = CARTESIAN_POINT ( 'NONE',  ( -20.34839886508052231, -8.022656757860596954, 0.000000000000000000 ) ) ;
#3133 = CARTESIAN_POINT ( 'NONE',  ( -22.35395168710630642, 3.761273262743602075, -4.000000000000000000 ) ) ;
#3134 = CARTESIAN_POINT ( 'NONE',  ( -0.2856726970412385991, 21.87095674489394170, -4.000000000000000000 ) ) ;
#3135 = CARTESIAN_POINT ( 'NONE',  ( 9.788587241230349179, 19.47872947641211994, -4.000000000000000000 ) ) ;
#3136 = EDGE_LOOP ( 'NONE', ( #3673, #331, #3085, #2083 ) ) ;
#3137 = CARTESIAN_POINT ( 'NONE',  ( -17.97922248258690914, 13.93865628448627270, 0.000000000000000000 ) ) ;
#3138 = CARTESIAN_POINT ( 'NONE',  ( -17.21631478046346331, 15.25232396492125986, 0.000000000000000000 ) ) ;
#3139 = CARTESIAN_POINT ( 'NONE',  ( 15.95187074585634512, -13.67818650900301591, 0.000000000000000000 ) ) ;
#3140 = CARTESIAN_POINT ( 'NONE',  ( -10.09223420870867827, -19.86898413699724486, -4.000000000000000000 ) ) ;
#3141 = CARTESIAN_POINT ( 'NONE',  ( 20.08917054442650496, -11.13919997127607964, -4.000000000000000000 ) ) ;
#3142 = CARTESIAN_POINT ( 'NONE',  ( -10.23136038523248459, -19.61448885117688690, -4.000000000000000000 ) ) ;
#3143 = CARTESIAN_POINT ( 'NONE',  ( 19.93120287531944257, 11.34539950381584994, -4.000000000000000000 ) ) ;
#3144 = CARTESIAN_POINT ( 'NONE',  ( 20.55100073401141714, -7.488439534209994086, 0.000000000000000000 ) ) ;
#3145 = CARTESIAN_POINT ( 'NONE',  ( 11.55588974441207206, 19.54986423344080038, 0.000000000000000000 ) ) ;
#3146 = CARTESIAN_POINT ( 'NONE',  ( -9.813211701011756105, -20.28439785978904908, 0.000000000000000000 ) ) ;
#3147 = CARTESIAN_POINT ( 'NONE',  ( 2.114161590068851737, 22.85658051126497270, -4.000000000000000000 ) ) ;
#3148 = CARTESIAN_POINT ( 'NONE',  ( -17.30269009771813771, -15.15139800040396345, -4.000000000000000000 ) ) ;
#3149 = CARTESIAN_POINT ( 'NONE',  ( 13.91274688963103401, -18.13173604191908694, -4.000000000000000000 ) ) ;
#3150 = CARTESIAN_POINT ( 'NONE',  ( -9.747148956018724775, 20.36762955473148651, -4.000000000000000000 ) ) ;
#3151 = CARTESIAN_POINT ( 'NONE',  ( 22.50045111320923752, 1.891281616171918367, -4.000000000000000000 ) ) ;
#3152 = CARTESIAN_POINT ( 'NONE',  ( -21.94990946333028248, -6.471491559627722268, -4.000000000000000000 ) ) ;
#3153 = CARTESIAN_POINT ( 'NONE',  ( 13.47946458834675809, -18.60001568748360512, -4.000000000000000000 ) ) ;
#3154 = CARTESIAN_POINT ( 'NONE',  ( 0.000000000000000000, 14.00000000000000000, -4.000000000000000000 ) ) ;
#3155 = LOCAL_TIME ( 11, 19, 11.00000000000000000, #2931 ) ;
#3156 = CARTESIAN_POINT ( 'NONE',  ( 5.676847562098984668, 20.96619076917856006, -4.000000000000000000 ) ) ;
#3157 = CARTESIAN_POINT ( 'NONE',  ( 5.110467300076766861, -21.63708111260477551, -4.000000000000000000 ) ) ;
#3158 = CARTESIAN_POINT ( 'NONE',  ( -22.32787987256118711, 3.653229048890612063, 0.000000000000000000 ) ) ;
#3159 = CARTESIAN_POINT ( 'NONE',  ( 1.146957286384171937, -22.68083482401356221, 0.000000000000000000 ) ) ;
#3160 = CARTESIAN_POINT ( 'NONE',  ( -22.01006197919741325, -6.360361937078864436, 0.000000000000000000 ) ) ;
#3161 = CARTESIAN_POINT ( 'NONE',  ( 13.17393849248635718, 18.85193068575483011, -4.000000000000000000 ) ) ;
#3162 = CARTESIAN_POINT ( 'NONE',  ( -17.97922248258690914, 13.93865628448627270, -4.000000000000000000 ) ) ;
#3163 = CARTESIAN_POINT ( 'NONE',  ( -17.30269009771815192, 15.15139800040394746, 0.000000000000000000 ) ) ;
#3164 = CARTESIAN_POINT ( 'NONE',  ( 20.77666459608137117, -8.470986611750912942, 0.000000000000000000 ) ) ;
#3165 = CARTESIAN_POINT ( 'NONE',  ( 14.69404000307405589, 16.29350919737446901, -4.000000000000000000 ) ) ;
#3166 = CARTESIAN_POINT ( 'NONE',  ( -9.355409910612213054, -20.77789073049703106, -4.000000000000000000 ) ) ;
#3167 = CARTESIAN_POINT ( 'NONE',  ( -10.04227015966239911, -19.95213727705884565, -4.000000000000000000 ) ) ;
#3168 = CARTESIAN_POINT ( 'NONE',  ( 20.61242875501080007, -7.702030169303774265, -4.000000000000000000 ) ) ;
#3169 = CARTESIAN_POINT ( 'NONE',  ( 8.392052896060642198, 19.40797396644943618, 0.000000000000000000 ) ) ;
#3170 = CARTESIAN_POINT ( 'NONE',  ( -10.52942656070065652, -18.99839282454463074, 0.000000000000000000 ) ) ;
#3171 = CARTESIAN_POINT ( 'NONE',  ( 14.12104016515249150, -17.83633383713023335, -4.000000000000000000 ) ) ;
#3172 = CARTESIAN_POINT ( 'NONE',  ( -10.04227015966239556, 19.95213727705885987, 0.000000000000000000 ) ) ;
#3173 = CARTESIAN_POINT ( 'NONE',  ( -18.20278110322238874, -10.94483285274551143, -4.000000000000000000 ) ) ;
#3174 = CARTESIAN_POINT ( 'NONE',  ( 14.71695605913790494, -16.18121015808955576, 0.000000000000000000 ) ) ;
#3175 = CARTESIAN_POINT ( 'NONE',  ( 20.60264002790486160, 4.393136808702793772, 0.000000000000000000 ) ) ;
#3176 = CARTESIAN_POINT ( 'NONE',  ( -7.777861387214379363, 21.62778625667888832, 0.000000000000000000 ) ) ;
#3177 = CARTESIAN_POINT ( 'NONE',  ( 3.291614851979459466, -22.73371550867474866, -4.000000000000000000 ) ) ;
#3178 = CARTESIAN_POINT ( 'NONE',  ( -22.43509628547915469, -4.853803308555003859, 0.000000000000000000 ) ) ;
#3179 = CARTESIAN_POINT ( 'NONE',  ( 20.80425486829263448, 9.001628295016114834, -4.000000000000000000 ) ) ;
#3180 = CARTESIAN_POINT ( 'NONE',  ( -9.677132859199151227, 20.45075552913850814, -4.000000000000000000 ) ) ;
#3181 = CARTESIAN_POINT ( 'NONE',  ( 11.55588974441207206, 19.54986423344080038, -4.000000000000000000 ) ) ;
#3182 = CARTESIAN_POINT ( 'NONE',  ( -21.68400932030299444, 2.245235397778353015, -4.000000000000000000 ) ) ;
#3183 = EDGE_CURVE ( 'NONE', #3223, #4846, #3800, .T. ) ;
#3184 = CARTESIAN_POINT ( 'NONE',  ( 20.44046392959869962, -7.091610322081407070, -4.000000000000000000 ) ) ;
#3185 = CARTESIAN_POINT ( 'NONE',  ( 9.653974740081311623, 19.45786538474273897, -4.000000000000000000 ) ) ;
#3186 = CARTESIAN_POINT ( 'NONE',  ( -16.32253894830790486, 15.99684657017555089, 0.000000000000000000 ) ) ;
#3187 = CARTESIAN_POINT ( 'NONE',  ( 20.08917054442650496, -11.13919997127607964, 0.000000000000000000 ) ) ;
#3188 = CARTESIAN_POINT ( 'NONE',  ( 14.71695605913790494, 16.18121015808957353, 0.000000000000000000 ) ) ;
#3189 = CARTESIAN_POINT ( 'NONE',  ( -8.520062268277698081, -21.34630659078940340, -4.000000000000000000 ) ) ;
#3190 = CARTESIAN_POINT ( 'NONE',  ( 20.88274395768154434, -3.878351565327978090, 0.000000000000000000 ) ) ;
#3191 = CARTESIAN_POINT ( 'NONE',  ( 10.52279904167778035, 19.58445443271416408, 0.000000000000000000 ) ) ;
#3192 = CARTESIAN_POINT ( 'NONE',  ( -0.1077446603907783046, -22.00413322531517935, 0.000000000000000000 ) ) ;
#3193 = CARTESIAN_POINT ( 'NONE',  ( 22.44605429875779379, 1.982565721560222594, -4.000000000000000000 ) ) ;
#3194 = CARTESIAN_POINT ( 'NONE',  ( -18.20278110322238874, -10.94483285274551143, 0.000000000000000000 ) ) ;
#3195 = CARTESIAN_POINT ( 'NONE',  ( 14.60493761306324423, -16.69051937538968033, -4.000000000000000000 ) ) ;
#3196 = CARTESIAN_POINT ( 'NONE',  ( 22.15657846533721909, 2.390764034578162445, 0.000000000000000000 ) ) ;
#3197 = CARTESIAN_POINT ( 'NONE',  ( 4.975601053490134262, 21.77563698353633370, -4.000000000000000000 ) ) ;
#3198 = CARTESIAN_POINT ( 'NONE',  ( 5.240001218098264246, -21.49305226020202042, -4.000000000000000000 ) ) ;
#3199 = CARTESIAN_POINT ( 'NONE',  ( -7.143036618217897704, 21.74064755994004017, -4.000000000000000000 ) ) ;
#3200 = CARTESIAN_POINT ( 'NONE',  ( 4.589621725225812021, -22.10842868385095272, 0.000000000000000000 ) ) ;
#3201 = CARTESIAN_POINT ( 'NONE',  ( -14.71177527412552699, 16.52188174842913782, 0.000000000000000000 ) ) ;
#3202 = CARTESIAN_POINT ( 'NONE',  ( -18.33448606018941618, -10.37376730258236357, 0.000000000000000000 ) ) ;
#3203 = CARTESIAN_POINT ( 'NONE',  ( 10.91357375904089011, 19.60411471402109029, -4.000000000000000000 ) ) ;
#3204 = CARTESIAN_POINT ( 'NONE',  ( -21.29181501105374608, 1.465671014897415247, -4.000000000000000000 ) ) ;
#3205 = CARTESIAN_POINT ( 'NONE',  ( -2.195231396460687989, 20.89822780963909565, 0.000000000000000000 ) ) ;
#3206 = CARTESIAN_POINT ( 'NONE',  ( -17.93977136646275738, 14.05023277825312178, 0.000000000000000000 ) ) ;
#3207 = CARTESIAN_POINT ( 'NONE',  ( -18.13228884756145476, 13.29789610083739326, 0.000000000000000000 ) ) ;
#3208 = CARTESIAN_POINT ( 'NONE',  ( 18.95364980006550581, -12.18667631799439377, 0.000000000000000000 ) ) ;
#3209 = CARTESIAN_POINT ( 'NONE',  ( 13.83449488849161924, 18.22869934018957494, -4.000000000000000000 ) ) ;
#3210 = CARTESIAN_POINT ( 'NONE',  ( -11.20522004111683856, -17.93150995100002376, -4.000000000000000000 ) ) ;
#3211 = CARTESIAN_POINT ( 'NONE',  ( -22.06717016211343108, 6.245873757502434565, -4.000000000000000000 ) ) ;
#3212 = CARTESIAN_POINT ( 'NONE',  ( -8.967007540600034687, -21.08292693307965138, 0.000000000000000000 ) ) ;
#3213 = AXIS2_PLACEMENT_3D ( 'NONE', #1473, #4448, #4473 ) ;
#3214 = CARTESIAN_POINT ( 'NONE',  ( 20.88274395768154434, -3.878351565327978090, -4.000000000000000000 ) ) ;
#3215 = CARTESIAN_POINT ( 'NONE',  ( 9.653974740081311623, 19.45786538474273897, 0.000000000000000000 ) ) ;
#3216 = CARTESIAN_POINT ( 'NONE',  ( -5.062129075425346514, -21.34872602289419063, 0.000000000000000000 ) ) ;
#3217 = CARTESIAN_POINT ( 'NONE',  ( 13.83449488849161213, -18.22869934018958915, -4.000000000000000000 ) ) ;
#3218 = CARTESIAN_POINT ( 'NONE',  ( -20.24364962902317444, -8.089004381985104075, 0.000000000000000000 ) ) ;
#3219 = CARTESIAN_POINT ( 'NONE',  ( 14.49416725604000433, -17.06222747542408413, 0.000000000000000000 ) ) ;
#3220 = CYLINDRICAL_SURFACE ( 'NONE', #3058, 7.500000000000000000 ) ;
#3221 = CARTESIAN_POINT ( 'NONE',  ( -22.08489584616732770, 2.981123517001408096, 0.000000000000000000 ) ) ;
#3222 = CARTESIAN_POINT ( 'NONE',  ( 3.778537881278385413, -22.56992201879467785, -4.000000000000000000 ) ) ;
#3223 = VERTEX_POINT ( 'NONE', #1942 ) ;
#3224 = CARTESIAN_POINT ( 'NONE',  ( -18.17472718066971993, -12.61301709083407552, 0.000000000000000000 ) ) ;
#3225 = CARTESIAN_POINT ( 'NONE',  ( 20.80023229913680183, 9.115158563235331357, 0.000000000000000000 ) ) ;
#3226 = CARTESIAN_POINT ( 'NONE',  ( 11.33340381907177097, 19.58147747135109640, -4.000000000000000000 ) ) ;
#3227 = CC_DESIGN_APPROVAL ( #2168, ( #2285 ) ) ;
#3228 = CARTESIAN_POINT ( 'NONE',  ( 4.904735259174656470, 21.84362751253985024, -4.000000000000000000 ) ) ;
#3229 = CARTESIAN_POINT ( 'NONE',  ( -13.70942005604791625, 16.61833185927415357, 0.000000000000000000 ) ) ;
#3230 = CARTESIAN_POINT ( 'NONE',  ( 20.27801818137658785, -5.991492629422116245, 0.000000000000000000 ) ) ;
#3231 = CARTESIAN_POINT ( 'NONE',  ( 2.114161590068851737, 22.85658051126497270, 0.000000000000000000 ) ) ;
#3232 = CARTESIAN_POINT ( 'NONE',  ( 20.36616000391638082, -10.68898534220124041, -4.000000000000000000 ) ) ;
#3233 = CARTESIAN_POINT ( 'NONE',  ( -5.621427799191283547, -21.56453735785112613, -4.000000000000000000 ) ) ;
#3234 = CARTESIAN_POINT ( 'NONE',  ( 14.77007356050271625, 15.92647734529627890, -4.000000000000000000 ) ) ;
#3235 = PERSON_AND_ORGANIZATION_ROLE ( 'design_supplier' ) ;
#3236 = CARTESIAN_POINT ( 'NONE',  ( 20.63977482671136343, -7.800975292103147218, -4.000000000000000000 ) ) ;
#3237 = CARTESIAN_POINT ( 'NONE',  ( 3.417209851801614295, 22.69836180709107509, 0.000000000000000000 ) ) ;
#3238 = CARTESIAN_POINT ( 'NONE',  ( 2.244567722035330171, -22.86085004771972606, 0.000000000000000000 ) ) ;
#3239 = CARTESIAN_POINT ( 'NONE',  ( 17.59069102790716954, 12.74265838722847199, 0.000000000000000000 ) ) ;
#3240 = CARTESIAN_POINT ( 'NONE',  ( 15.05457142190026332, -14.98300655306777251, -4.000000000000000000 ) ) ;
#3241 = CARTESIAN_POINT ( 'NONE',  ( -9.934253601406442868, 20.11810158283995165, 0.000000000000000000 ) ) ;
#3242 = CARTESIAN_POINT ( 'NONE',  ( -18.17484740104747232, -12.71033286937701234, 0.000000000000000000 ) ) ;
#3243 = CARTESIAN_POINT ( 'NONE',  ( 14.52531902632189187, -16.96909187510690487, 0.000000000000000000 ) ) ;
#3244 = CARTESIAN_POINT ( 'NONE',  ( 21.75646130103281095, 2.837189671757640586, 0.000000000000000000 ) ) ;
#3245 = CARTESIAN_POINT ( 'NONE',  ( -21.29181501105374608, 1.465671014897415247, 0.000000000000000000 ) ) ;
#3246 = CARTESIAN_POINT ( 'NONE',  ( 1.985132969657262603, -22.84797988994008833, -4.000000000000000000 ) ) ;
#3247 = ORIENTED_EDGE ( 'NONE', *, *, #4080, .T. ) ;
#3248 = CARTESIAN_POINT ( 'NONE',  ( -14.90389234821013531, -16.49709513737360567, 0.000000000000000000 ) ) ;
#3249 = B_SPLINE_CURVE_WITH_KNOTS ( 'NONE', 3,
 ( #3919, #944, #2466, #527, #2086, #1065, #4428, #3386, #357, #1476, #3003, #1450, #380, #3342, #1858, #2584, #5, #3704, #3028, #2535, #670, #4033, #1422, #698, #642, #3676, #276, #4091, #1777, #307, #1833, #447, #3798, #4210, #476, #2361, #3824, #4613, #1545, #1183, #1969, #1599, #2706, #3129, #816, #2338, #2387, #3892, #498, #1624, #4520, #1135, #983, #156, #2063, #3747, #3286, #2554, #1468, #737, #4398, #4818, #4444, #1827, #3695, #4752, #4026, #1415, #2995, #3335, #2260, #2967, #1008, #2529, #269, #1443, #4469, #1849, #4421, #759, #1902, #1881, #3404, #3486, #25, #103, #3379, #442, #3816, #808, #4606, #3840, #835, #3047, #1961, #74, #3097, #2354, #1987, #2017, #123, #1273, #1336, #3929, #3953, #958, #2078, #150, #977, #883, #2431, #538, #3588, #1616, #2057, #585, #212, #1709, #3886, #493, #3148, #4461, #2911, #1843, #712, #4392, #657, #3350, #1026, #2182, #2225, #1463, #2128, #3688, #607, #633, #2987, #1789, #239, #293, #4487, #2498, #1737, #2155, #3663, #3305, #1529, #3373, #1895, #3786, #3398, #413, #801, #1506, #3040, #4171, #3064, #1172, #3558, #905, #2371, #3609, #2451, #2792, #3210, #3536, #4264, #3947, #533, #2071, #3902, #2748, #2006, #2032, #1313, #4290, #487, #183, #115, #3140, #4628, #2773, #4341, #878, #1675, #4695, #2398, #143, #1635, #950, #3166, #2594, #340, #3299, #3657, #1375, #4099, #4760, #677, #3256, #4783, #970, #3682, #282, #3734, #2120, #2492, #258, #3990, #3276, #1403, #1042, #1017, #2880, #4739, #1755, #4382, #4432, #2902, #4066, #1165, #2247, #4142, #3501, #3942, #3268, #110, #4647, #4286, #2810, #3111, #3920, #1214, #4620, #247, #2737, #4305, #553, #922, #4237, #1239, #2047, #2769, #3897, #2443, #2224, #1873, #17, #3423, #4123, #2602, #3740, #2254, #4197, #3039, #4532, #3372, #1147, #2665, #776, #3063, #1558, #904, #95, #114, #3090, #4572, #142, #1265, #2747, #857, #2423, #1654, #2005, #1609, #4627, #2772, #3989, #4431, #995, #1546, #3708, #1428, #1600, #4614, #2707, #676, #1574, #2568, #3321, #4211, #3105, #4586, #448, #4065, #1970, #2593, #4098, #3463, #704, #339, #1159, #790, #2828, #3157, #544, #3198, #1301, #4327, #2482, #2388, #2461, #3959, #3596, #2106, #220, #2609, #4795, #1031, #4753, #2234, #1743, #4052, #301, #2941, #1343, #3724, #2133, #3287, #2555, #326, #3021, #3817, #1104, #2261, #1931, #4180, #1882, #1566, #1962, #3458, #2333, #760, #1203, #75, #4515, #1512, #3865, #1903, #784, #3098, #2310, #2996, #470, #2627, #3356, #2432, #2801, #4607, #3589, #4272, #151, #1681, #494, #1229, #1617, #1988, #2478, #3931, #3217, #3149, #2756, #4296, #3171, #4704, #516, #4636, #4252, #539, #3567, #864, #294, #4074, #4369, #4463, #686, #658, #2886, #213, #4746, #2522, #240, #2604, #586, #1790, #1710, #1337, #3240, #978, #2499, #1738, #3998, #2129, #4020, #1383, #3664, #4769, #2912, #433, #393, #3351, #1193, #1148, #19, #3091, #2623, #4124, #752, #4573, #3399, #2667, #4172, #777, #4199, #2226, #3808, #3424, #1531, #3742, #3833, #68, #2814, #558, #3508, #4223, #3477, #1610, #3141, #4265, #2543, #3709, #3232, #3257, #2569, #4067, #997, #3634, #312, #678, #3322, #4342, #1757, #2471, #4761, #2904, #4012, #1378, #231, #2093, #4038, #3611, #203, #4455, #705, #3112, #1240, #2394, #900, #2417, #2048, #4306, #923, #1998, #3184, #3850, #1284, #2445, #3943, #554, #1976, #1551, #1215, #3898, #3470, #3532, #138, #2712, #4566, #3295, #4061, #200, #2067, #992, #1694, #2512, #2143, #3652, #1911, #1066, #3754, #358, #1496, #1087, #1859, #4093, #2586, #382, #3387, #3029, #3411, #1519, #1576, #894, #4661, #1939, #4279, #2339, #3496, #1280, #2316, #1627, #2389, #2412 ),
 .UNSPECIFIED., .F., .F.,
 ( 4, 1, 1, 1, 1, 1, 1, 1, 1, 1, 1, 1, 1, 1, 1, 1, 1, 1, 1, 1, 1, 1, 1, 1, 1, 1, 1, 1, 1, 1, 1, 1, 1, 1, 1, 1, 1, 1, 1, 1, 1, 1, 1, 1, 1, 1, 1, 1, 1, 1, 1, 1, 1, 1, 1, 1, 1, 1, 1, 1, 1, 1, 1, 1, 1, 1, 1, 1, 1, 1, 1, 1, 1, 1, 1, 1, 1, 1, 1, 1, 1, 1, 1, 1, 1, 1, 1, 1, 1, 1, 1, 1, 1, 1, 1, 1, 1, 1, 1, 1, 1, 1, 1, 1, 1, 1, 1, 1, 1, 1, 1, 1, 1, 1, 1, 1, 1, 1, 1, 1, 1, 1, 1, 1, 1, 1, 1, 1, 1, 1, 1, 1, 1, 1, 1, 1, 1, 1, 1, 1, 1, 1, 1, 1, 1, 1, 1, 1, 1, 1, 1, 1, 1, 1, 1, 1, 1, 1, 1, 1, 1, 1, 1, 1, 1, 1, 1, 1, 1, 1, 1, 1, 1, 1, 1, 1, 1, 1, 1, 1, 1, 1, 1, 1, 1, 1, 1, 1, 1, 1, 1, 1, 1, 1, 1, 1, 1, 1, 1, 1, 1, 1, 1, 1, 1, 1, 1, 1, 1, 1, 1, 1, 1, 1, 1, 1, 1, 1, 1, 1, 1, 1, 1, 1, 1, 1, 1, 1, 1, 1, 1, 1, 1, 1, 1, 1, 1, 1, 1, 1, 1, 1, 1, 1, 1, 1, 1, 1, 1, 1, 1, 1, 1, 1, 1, 1, 1, 1, 1, 1, 1, 1, 1, 1, 1, 1, 1, 1, 1, 1, 1, 1, 1, 1, 1, 1, 1, 1, 1, 1, 1, 1, 1, 1, 1, 1, 1, 1, 1, 1, 1, 1, 1, 1, 1, 1, 1, 1, 1, 1, 1, 1, 1, 1, 1, 1, 1, 1, 1, 1, 1, 1, 1, 1, 1, 1, 1, 1, 1, 1, 1, 1, 1, 1, 1, 1, 1, 1, 1, 1, 1, 1, 1, 1, 1, 1, 1, 1, 1, 1, 1, 1, 1, 1, 1, 1, 1, 1, 1, 1, 1, 1, 1, 1, 1, 1, 1, 1, 1, 1, 1, 1, 1, 1, 1, 1, 1, 1, 1, 1, 1, 1, 1, 1, 1, 1, 1, 1, 1, 1, 1, 1, 1, 1, 1, 1, 1, 1, 1, 1, 1, 1, 1, 1, 1, 1, 1, 1, 1, 1, 1, 1, 1, 1, 1, 1, 1, 1, 1, 1, 1, 1, 1, 1, 1, 1, 1, 1, 1, 1, 1, 1, 1, 1, 1, 1, 1, 1, 1, 1, 1, 1, 1, 1, 1, 1, 1, 1, 1, 1, 1, 1, 1, 1, 1, 1, 1, 1, 1, 1, 1, 1, 1, 1, 1, 1, 1, 1, 1, 1, 1, 1, 1, 1, 1, 1, 1, 1, 1, 1, 1, 1, 1, 1, 1, 1, 1, 1, 1, 1, 1, 1, 1, 1, 1, 1, 1, 1, 1, 1, 1, 1, 1, 1, 1, 1, 1, 1, 1, 1, 1, 1, 1, 1, 1, 1, 1, 1, 1, 1, 1, 1, 1, 1, 1, 1, 1, 1, 1, 1, 4 ),
 ( 0.4999999999999997780, 0.5022802248789014490, 0.5044771093550646235, 0.5065240323794537591, 0.5083806657851615007, 0.5100332638696588594, 0.5114886067133215253, 0.5127660418626416305, 0.5138906586961976553, 0.5148886490898583190, 0.5157846778270974708, 0.5166006716865612081, 0.5173554619778220065, 0.5180648769085078875, 0.5187420358741515747, 0.5193977085310617081, 0.5200406698826818275, 0.5206780212177157807, 0.5213154670317270423, 0.5219575479287502651, 0.5226078337534417750, 0.5232690825967919457, 0.5239433713467606113, 0.5246322029030293654, 0.5253365944349503991, 0.5260571503184797715, 0.5267941227191650366, 0.5275474622188173202, 0.5283168604133361423, 0.5291017860279851881, 0.5299015157907586149, 0.5307151610609941450, 0.5315416910171553155, 0.5323799530547237424, 0.5332286909242104356, 0.5340865610438481070, 0.5349521473464214916, 0.5358239749608344482, 0.5367005229833032853, 0.5375802365580788500, 0.5384615384615386580, 0.5393428403649984659, 0.5402225539397742526, 0.5410991019622430898, 0.5419709295766559354, 0.5428365158792293199, 0.5436943859988668803, 0.5445431238683534625, 0.5453813859059221114, 0.5462079158620830599, 0.5470215611323188121, 0.5478212908950922388, 0.5486062165097411736, 0.5493756147042601068, 0.5501289542039122793, 0.5508659266045976555, 0.5515864824881270279, 0.5522908740200481725, 0.5529797055763169267, 0.5536539943262852592, 0.5543152431696355409, 0.5549655289943270509, 0.5556076098913504957, 0.5562450557053616462, 0.5568824070403951554, 0.5575253683920156078, 0.5581810410489258523, 0.5588582000145692064, 0.5595676149452553094, 0.5603224052365162189, 0.5611383990959800672, 0.5620344278332185528, 0.5630324182268796607, 0.5641570350604362405, 0.5654344702097550135, 0.5668898130534179014, 0.5685424111379157042, 0.5703990445436234458, 0.5724459675680132476, 0.5746428520441752008, 0.5769230769230763167, 0.5792033018019780988, 0.5814001862781411623, 0.5834471093025304089, 0.5853037427082380395, 0.5869563407927355092, 0.5884116836363980640, 0.5896891187857181693, 0.5908137356192743050, 0.5918117260129349688, 0.5927077547501741206, 0.5935237486096378579, 0.5942785389008987673, 0.5949879538315846483, 0.5956651127972284465, 0.5963207854541385800, 0.5969637468057586993, 0.5976010981407926526, 0.5982385439548038031, 0.5988806248518270259, 0.5995309106765185359, 0.6001921595198687065, 0.6008664482698373721, 0.6015552798261061263, 0.6022596713580271599, 0.6029802272415565323, 0.6037171996422417974, 0.6044705391418940810, 0.6052399373364129032, 0.6060248629510619489, 0.6068245927138353757, 0.6076382379840709058, 0.6084647679402319653, 0.6093030299778005032, 0.6101517678472870854, 0.6110096379669247568, 0.6118752242694981414, 0.6127470518839110980, 0.6136235999063799351, 0.6145033134811554998, 0.6153846153846155298, 0.6162659172880752267, 0.6171456308628509024, 0.6180221788853198506, 0.6188940064997326962, 0.6197595928023060807, 0.6206174629219436412, 0.6214662007914302233, 0.6223044628289988722, 0.6231309927851598207, 0.6239446380553954619, 0.6247443678181687776, 0.6255292934328178234, 0.6262986916273367566, 0.6270520311269887070, 0.6277890035276740832, 0.6285095594112035666, 0.6292139509431247113, 0.6299027824993934654, 0.6305770712493619090, 0.6312383200927120797, 0.6318886059174035896, 0.6325306868144269234, 0.6331681326284381850, 0.6338054839634716942, 0.6344484453150920356, 0.6351041179720025021, 0.6357812769376457451, 0.6364906918683318482, 0.6372454821595927577, 0.6380614760190566059, 0.6389575047562950916, 0.6399554951499561994, 0.6410801119835127793, 0.6423575471328315523, 0.6438128899764944402, 0.6454654880609923540, 0.6473221214666999845, 0.6493690444910897863, 0.6515659289672518506, 0.6538461538461529665, 0.6561263787250547486, 0.6583232632012178120, 0.6603701862256070587, 0.6622268196313146893, 0.6638794177158120480, 0.6653347605594747138, 0.6666121957087948191, 0.6677368125423508438, 0.6687348029360115076, 0.6696308316732506594, 0.6704468255327143966, 0.6712016158239751951, 0.6719110307546611871, 0.6725881897203047632, 0.6732438623772148967, 0.6738868237288351271, 0.6745241750638689693, 0.6751616208778802308, 0.6758037017749034536, 0.6764539875995949636, 0.6771152364429451342, 0.6777895251929137999, 0.6784783567491824430, 0.6791827482811034766, 0.6799033041646328490, 0.6806402765653182252, 0.6813936160649703977, 0.6821630142594893309, 0.6829479398741383767, 0.6837476696369119145, 0.6845613149071473336, 0.6853878448633083931, 0.6862261069008769310, 0.6870748447703636241, 0.6879327148900011846, 0.6887983011925745691, 0.6896701288069876368, 0.6905466768294563629, 0.6914263904042320386, 0.6923076923076917355, 0.6931889942111516545, 0.6940687077859273302, 0.6949452558083961673, 0.6958170834228091239, 0.6966826697253823975, 0.6975405398450200689, 0.6983892777145066511, 0.6992275397520751890, 0.7000540697082362485, 0.7008677149784718896, 0.7016674447412453164, 0.7024523703558941401, 0.7032217685504131843, 0.7039751080500652458, 0.7047120804507505110, 0.7054326363342799944, 0.7061370278662010280, 0.7068258594224698932, 0.7075001481724383368, 0.7081613970157885074, 0.7088116828404801284, 0.7094537637375034622, 0.7100912095515146127, 0.7107285608865481219, 0.7113715222381686853, 0.7120271948950789298, 0.7127043538607222839, 0.7134137687914082759, 0.7141685590826691854, 0.7149845529421330337, 0.7158805816793716303, 0.7168785720730326272, 0.7180031889065893180, 0.7192806240559080910, 0.7207359668995709789, 0.7223885649840687817, 0.7242451983897765233, 0.7262921214141662141, 0.7284890058903283894, 0.7307692307692293943, 0.7330494556481311763, 0.7352463401242943508, 0.7372932631486834865, 0.7391498965543912281, 0.7408024946388884757, 0.7422578374825510306, 0.7435352726318713579, 0.7446598894654272716, 0.7456578798590880464, 0.7465539085963270871, 0.7473699024557907133, 0.7481246927470515118, 0.7488341076777376148, 0.7495112666433814130, 0.7501669393002914354, 0.7508099006519115548, 0.7514472519869455081, 0.7520846978009565476, 0.7527267786979798814, 0.7533770645226713913, 0.7540383133660217840, 0.7547126021159902276, 0.7554014336722589817, 0.7561058252041801264, 0.7568263810877093878, 0.7575633534883947640, 0.7583166929880469365, 0.7590860911825658697, 0.7598710167972149154, 0.7606707465599884532, 0.7614843918302238723, 0.7623109217863848208, 0.7631491838239534697, 0.7639979216934400519, 0.7648557918130776123, 0.7657213781156511079, 0.7665932057300641755, 0.7674697537525327906, 0.7683494673273085773, 0.7692307692307684963, 0.7701120711342284153, 0.7709917847090039800, 0.7718683327314728171, 0.7727401603458857737, 0.7736057466484590472, 0.7744636167680967187, 0.7753123546375831898, 0.7761506166751518387, 0.7769771466313128983, 0.7777907919015485394, 0.7785905216643219662, 0.7793754472789709009, 0.7801448454734899451, 0.7808981849731420066, 0.7816351573738272718, 0.7823557132573566442, 0.7830601047892777888, 0.7837489363455466540, 0.7844232250955150976, 0.7850844739388652682, 0.7857347597635567782, 0.7863768406605802230, 0.7870142864745913736, 0.7876516378096248827, 0.7882945991612453351, 0.7889502718181556906, 0.7896274307837990447, 0.7903368457144850368, 0.7910916360057459462, 0.7919076298652097945, 0.7928036586024482801, 0.7938016489961093880, 0.7949262658296660788, 0.7962037009789848518, 0.7976590438226477398, 0.7993116419071455425, 0.8011682753128531731, 0.8032151983372429749, 0.8054120828134050392, 0.8076923076923061551, 0.8099725325712079371, 0.8121694170473710006, 0.8142163400717602473, 0.8160729734774679889, 0.8177255715619653476, 0.8191809144056279024, 0.8204583495549481187, 0.8215829663885041434, 0.8225809567821648072, 0.8234769855194039589, 0.8242929793788678072, 0.8250477696701286057, 0.8257571846008144867, 0.8264343435664582849, 0.8270900162233684183, 0.8277329775749885377, 0.8283703289100224909, 0.8290077747240336414, 0.8296498556210568642, 0.8303001414457484852, 0.8309613902890986559, 0.8316356790390673215, 0.8323245105953359646, 0.8330289021272569983, 0.8337494580107864817, 0.8344864304114717468, 0.8352397699111240303, 0.8360091681056428525, 0.8367940937202918983, 0.8375938234830653251, 0.8384074687533007442, 0.8392339987094619147, 0.8400722607470304526, 0.8409209986165170347, 0.8417788687361547062, 0.8426444550387280907, 0.8435162826531411584, 0.8443928306756099955, 0.8452725442503855602, 0.8461538461538454792, 0.8470351480573052871, 0.8479148616320810739, 0.8487914096545500220, 0.8496632372689629786, 0.8505288235715363632, 0.8513866936911739236, 0.8522354315606605057, 0.8530736935982291547, 0.8539002235543901032, 0.8547138688246256333, 0.8555135985873991711, 0.8562985242020479948, 0.8570679223965669280, 0.8578212618962191005, 0.8585582342969042546, 0.8592787901804337380, 0.8599831817123548827, 0.8606720132686236369, 0.8613463020185920804, 0.8620075508619422511, 0.8626578366866337610, 0.8632999175836570949, 0.8639373633976683564, 0.8645747147327018656, 0.8652176760843224290, 0.8658733487412328955, 0.8665505077068762496, 0.8672599226375621306, 0.8680147129288231511, 0.8688307067882872214, 0.8697267355255255961, 0.8707247259191868149, 0.8718493427527433948, 0.8731267779020621678, 0.8745821207457249447, 0.8762347188302228584, 0.8780913522359306000, 0.8801382752603201798, 0.8823351597364823551, 0.8846153846153834710, 0.8868956094942852530, 0.8890924939704483165, 0.8911394169948374522, 0.8929960504005451938, 0.8946486484850426635, 0.8961039913287051073, 0.8973814264780253236, 0.8985060433115814593, 0.8995040337052422341, 0.9004000624424812749, 0.9012160563019450121, 0.9019708465932058106, 0.9026802615238918026, 0.9033574204895356008, 0.9040130931464457342, 0.9046560544980658536, 0.9052934058330998068, 0.9059308516471109574, 0.9065729325441341802, 0.9072232183688258012, 0.9078844672121760828, 0.9085587559621446374, 0.9092475875184132805, 0.9099519790503343142, 0.9106725349338637976, 0.9114095073345491738, 0.9121628468342013463, 0.9129322450287201685, 0.9137171706433693252, 0.9145169004061427520, 0.9153305456763781711, 0.9161570756325392306, 0.9169953376701078795, 0.9178440755395944617, 0.9187019456592320221, 0.9195675319618054067, 0.9204393595762185853, 0.9213159075986873114, 0.9221956211734629871, 0.9230769230769227951, 0.9239582249803827141, 0.9248379385551582788, 0.9257144865776272269, 0.9265863141920401835, 0.9274519004946133460, 0.9283097706142510175, 0.9291585084837375996, 0.9299967705213061375, 0.9308233004774673081, 0.9316369457477028382, 0.9324366755104763760, 0.9332216011251251997, 0.9339909993196442439, 0.9347443388192963054, 0.9354813112199815706, 0.9362018671035110540, 0.9369062586354320876, 0.9375950901917009528, 0.9382693789416693964, 0.9389306277850195670, 0.9395809136097110770, 0.9402229945067344108, 0.9408604403207455613, 0.9414977916557791815, 0.9421407530073997449, 0.9427964256643101004, 0.9434735846299534545, 0.9441829995606394466, 0.9449377898519004670, 0.9457537837113644263, 0.9466498124486028010, 0.9476478028422640199, 0.9487724196758205997, 0.9500498548251393727, 0.9515051976688021496, 0.9531577957533000633, 0.9550144291590078049, 0.9570613521833974957, 0.9592582366595595600, 0.9615384615384606759, 0.9638186864173624580, 0.9660155708935256325, 0.9680624939179147681, 0.9699191273236225097, 0.9715717254081197574, 0.9730270682517824232, 0.9743045034011026395, 0.9754291202346587752, 0.9764271106283195500, 0.9773231393655584798, 0.9781391332250222170, 0.9788939235162831265, 0.9796033384469691185, 0.9802804974126129167, 0.9809361700695229391, 0.9815791314211430585, 0.9822164827561770117, 0.9828539285701882733, 0.9834960094672113851, 0.9841462952919031171, 0.9848075441352532877, 0.9854818328852219533, 0.9861706644414904854, 0.9868750559734116301, 0.9875956118569411135, 0.9883325842576264897, 0.9890859237572786622, 0.9898553219517973734, 0.9906402475664466412, 0.9914399773292199569, 0.9922536225994553760, 0.9930801525556165466, 0.9939184145931851955, 0.9947671524626717776, 0.9956250225823093380, 0.9964906088848826116, 0.9973624364992959013, 0.9982389845217645163, 0.9991186980965403031, 1.000000000000000000 ),
 .UNSPECIFIED. ) ;
#3250 = CARTESIAN_POINT ( 'NONE',  ( 11.44367210680426794, 19.56754203517812840, -4.000000000000000000 ) ) ;
#3251 = CARTESIAN_POINT ( 'NONE',  ( -21.90691606563208893, 2.634871704410302939, -4.000000000000000000 ) ) ;
#3252 = CARTESIAN_POINT ( 'NONE',  ( -3.778801353825799847, 20.90098721100731183, -4.000000000000000000 ) ) ;
#3253 = CARTESIAN_POINT ( 'NONE',  ( 5.110467300076769526, 21.63708111260477196, -4.000000000000000000 ) ) ;
#3254 = CARTESIAN_POINT ( 'NONE',  ( -20.94060127998758603, 7.623709070541741184, 0.000000000000000000 ) ) ;
#3255 = CARTESIAN_POINT ( 'NONE',  ( 20.48125029462982383, -4.698228691358593778, 0.000000000000000000 ) ) ;
#3256 = CARTESIAN_POINT ( 'NONE',  ( -8.400974717098005584, -21.40353708094176710, -4.000000000000000000 ) ) ;
#3257 = CARTESIAN_POINT ( 'NONE',  ( 20.42587224719004624, -10.57032113636052273, -4.000000000000000000 ) ) ;
#3258 = CARTESIAN_POINT ( 'NONE',  ( -7.268665028289802876, -21.72702328910405356, -4.000000000000000000 ) ) ;
#3259 = CARTESIAN_POINT ( 'NONE',  ( 22.94476432465959093, -0.6563093650777753751, -4.000000000000000000 ) ) ;
#3260 = CARTESIAN_POINT ( 'NONE',  ( 3.291614851979450584, 22.73371550867473445, 0.000000000000000000 ) ) ;
#3261 = CARTESIAN_POINT ( 'NONE',  ( -4.416164701120715463, -21.08588725642606576, 0.000000000000000000 ) ) ;
#3262 = CARTESIAN_POINT ( 'NONE',  ( 16.68839162776217222, 13.13880477611281350, -4.000000000000000000 ) ) ;
#3263 = CARTESIAN_POINT ( 'NONE',  ( -5.621427799191296870, 21.56453735785114034, -4.000000000000000000 ) ) ;
#3264 = CARTESIAN_POINT ( 'NONE',  ( -18.44593788034984527, -10.06490646662222233, 0.000000000000000000 ) ) ;
#3265 = CARTESIAN_POINT ( 'NONE',  ( 18.14480526315980313, -12.55474262449691381, 0.000000000000000000 ) ) ;
#3266 = CARTESIAN_POINT ( 'NONE',  ( 22.09532119296679653, 2.465144311845595571, 0.000000000000000000 ) ) ;
#3267 = CARTESIAN_POINT ( 'NONE',  ( 4.975601053490134262, 21.77563698353633370, 0.000000000000000000 ) ) ;
#3268 = CARTESIAN_POINT ( 'NONE',  ( -5.439477973142065714, -21.50092367972664675, -4.000000000000000000 ) ) ;
#3269 = CARTESIAN_POINT ( 'NONE',  ( 2.772435045105535512, -22.83305684466245467, -4.000000000000000000 ) ) ;
#3270 = EDGE_LOOP ( 'NONE', ( #3659, #2464, #4508, #2321 ) ) ;
#3271 = CARTESIAN_POINT ( 'NONE',  ( -15.58767780413765180, -16.33620357133146683, 0.000000000000000000 ) ) ;
#3272 = CARTESIAN_POINT ( 'NONE',  ( -3.198142567396964786, 20.82163085010417802, -4.000000000000000000 ) ) ;
#3273 = B_SPLINE_SURFACE_WITH_KNOTS ( 'NONE', 3, 1, ( 
 ( #2715, #4847 ),
 ( #1143, #4568 ),
 ( #1095, #1482 ),
 ( #2345, #1920 ),
 ( #4219, #3012 ),
 ( #823, #3472 ),
 ( #90, #4509 ),
 ( #2983, #4484 ),
 ( #797, #1869 ),
 ( #430, #4549 ),
 ( #2620, #3781 ),
 ( #3419, #3035 ),
 ( #1118, #4120 ),
 ( #2251, #3760 ),
 ( #2640, #1950 ),
 ( #1892, #3804 ),
 ( #3395, #2298 ),
 ( #4167, #2660 ),
 ( #409, #36 ),
 ( #1526, #1168 ),
 ( #2691, #4193 ),
 ( #2322, #1217 ),
 ( #2740, #3115 ),
 ( #3503, #4593 ),
 ( #853, #4239 ),
 ( #2367, #3876 ),
 ( #482, #2001 ),
 ( #1584, #622 ),
 ( #2838, #4312 ),
 ( #1753, #1311 ),
 ( #2147, #2491 ),
 ( #531, #3946 ),
 ( #1698, #4340 ),
 ( #4737, #230 ),
 ( #3655, #949 ),
 ( #3988, #2470 ),
 ( #257, #2091 ),
 ( #3607, #3557 ),
 ( #1727, #1354 ),
 ( #387, #4481 ),
 ( #310, #3391 ),
 ( #4140, #8 ),
 ( #3007, #1810 ),
 ( #2539, #646 ),
 ( #4502, #3318 ),
 ( #2172, #2246 ),
 ( #3679, #1889 ),
 ( #4117, #2591 ),
 ( #4804, #279 ),
 ( #3778, #1781 ),
 ( #703, #1114 ),
 ( #725, #821 ),
 ( #2342, #1995 ),
 ( #2733, #1163 ),
 ( #1915, #3467 ),
 ( #770, #2767 ),
 ( #2295, #4189 ),
 ( #3801, #1523 ),
 ( #4524, #4589 ),
 ( #1139, #3056 ),
 ( #4235, #848 ),
 ( #3895, #3528 ),
 ( #4163, #406 ),
 ( #3415, #2085 ),
 ( #1283, #161 ),
 ( #4665, #197 ),
 ( #1649, #1693 ),
 ( #3179, #1349 ),
 ( #2139, #3225 ),
 ( #2442, #252 ),
 ( #3940, #549 ),
 ( #1258, #4334 ),
 ( #2856, #2487 ),
 ( #2111, #3628 ),
 ( #225, #3649 ),
 ( #1930, #1776 ),
 ( #1154, #4178 ),
 ( #373, #4403 ),
 ( #783, #3814 ),
 ( #3430, #758 ),
 ( #3378, #24 ),
 ( #2534, #4032 ),
 ( #1490, #1178 ),
 ( #1129, #3794 ),
 ( #2309, #419 ),
 ( #2699, #1511 ),
 ( #4539, #1537 ),
 ( #1200, #1661 ),
 ( #3483, #2779 ),
 ( #3885, #4676 ),
 ( #2014, #3514 ),
 ( #102, #469 ),
 ( #4581, #4271 ),
 ( #1564, #2820 ),
 ( #122, #1960 ),
 ( #834, #3455 ),
 ( #4634, #1594 ),
 ( #148, #2799 ),
 ( #4604, #1641 ),
 ( #4721, #3587 ),
 ( #2127, #1003 ),
 ( #2521, #4768 ),
 ( #1409, #2845 ),
 ( #3617, #2180 ),
 ( #4019, #2864 ),
 ( #3304, #3640 ),
 ( #2477, #631 ),
 ( #291, #4348 ),
 ( #2077, #4702 ),
 ( #2910, #956 ),
 ( #4745, #584 ),
 ( #2935, #210 ),
 ( #1707, #3239 ),
 ( #4414, #4438 ),
 ( #4045, #237 ),
 ( #4367, #1051 ),
 ( #2497, #1735 ),
 ( #3262, #1361 ),
 ( #3952, #564 ),
 ( #1819, #4811 ),
 ( #4148, #1437 ),
 ( #1505, #1146 ),
 ( #4170, #1075 ),
 ( #3785, #16 ),
 ( #3038, #1462 ),
 ( #4531, #2663 ),
 ( #2600, #4107 ),
 ( #3807, #412 ),
 ( #39, #1924 ),
 ( #1842, #2986 ),
 ( #3901, #2370 ),
 ( #1653, #509 ),
 ( #1557, #3188 ),
 ( #3165, #3476 ),
 ( #462, #94 ),
 ( #4289, #1171 ),
 ( #4650, #1953 ),
 ( #3089, #2422 ),
 ( #532, #4196 ),
 ( #3118, #4243 ),
 ( #2746, #1264 ),
 ( #2718, #2051 ),
 ( #486, #800 ),
 ( #4571, #1192 ),
 ( #827, #2004 ),
 ( #4597, #1221 ),
 ( #3506, #4715 ),
 ( #1288, #577 ),
 ( #1355, #968 ),
 ( #2541, #4037 ),
 ( #2515, #1754 ),
 ( #648, #182 ),
 ( #3681, #280 ),
 ( #3209, #3608 ),
 ( #1699, #1864 ),
 ( #3032, #505 ),
 ( #1164, #3440 ),
 ( #2688, #2320 ),
 ( #3918, #2711 ),
 ( #4216, #1916 ),
 ( #3161, #1996 ),
 ( #1973, #3849 ),
 ( #3468, #4590 ),
 ( #56, #2027 ),
 ( #1580, #3529 ),
 ( #3109, #1944 ),
 ( #1631, #4283 ),
 ( #898, #3416 ),
 ( #33, #1212 ),
 ( #4190, #793 ),
 ( #2735, #1550 ),
 ( #3081, #2140 ),
 ( #162, #3602 ),
 ( #2809, #965 ),
 ( #3181, #198 ),
 ( #3250, #4303 ),
 ( #3226, #178 ),
 ( #1670, #3982 ),
 ( #3941, #226 ),
 ( #618, #551 ),
 ( #3203, #3552 ),
 ( #4732, #4687 ),
 ( #1350, #2875 ),
 ( #4377, #1307 ),
 ( #990, #3650 ),
 ( #1650, #1748 ),
 ( #1371, #4666 ),
 ( #1857, #1398 ),
 ( #3385, #697 ),
 ( #1064, #641 ),
 ( #1039, #2563 ),
 ( #1886, #306 ),
 ( #1804, #722 ),
 ( #2216, #1495 ),
 ( #4499, #1111 ),
 ( #2633, #4801 ),
 ( #2949, #3027 ),
 ( #2973, #4451 ),
 ( #4519, #2242 ),
 ( #2583, #3753 ),
 ( #4090, #3730 ),
 ( #1832, #1573 ),
 ( #4544, #2730 ),
 ( #2705, #4209 ),
 ( #3436, #843 ),
 ( #446, #3869 ),
 ( #2386, #2682 ),
 ( #3494, #1598 ),
 ( #52, #131 ),
 ( #1234, #3522 ),
 ( #3156, #4643 ),
 ( #1910, #815 ),
 ( #1518, #1278 ),
 ( #612, #2062 ),
 ( #2503, #3595 ),
 ( #1300, #2785 ),
 ( #4352, #569 ),
 ( #592, #219 ),
 ( #2805, #1342 ),
 ( #4300, #4727 ),
 ( #3197, #3267 ),
 ( #1254, #4277 ),
 ( #891, #3571 ),
 ( #2409, #3912 ),
 ( #173, #4682 ),
 ( #2827, #2994 ),
 ( #1030, #2608 ),
 ( #3334, #4051 ),
 ( #2159, #663 ),
 ( #1057, #1880 ),
 ( #2892, #1007 ),
 ( #2919, #4492 ),
 ( #3723, #1848 ),
 ( #4751, #3668 ),
 ( #2187, #1103 ),
 ( #4131, #3694 ),
 ( #1365, #4397 ),
 ( #1768, #2528 ),
 ( #4025, #299 ),
 ( #4794, #691 ),
 ( #3285, #2209 ),
 ( #1826, #863 ),
 ( #3485, #2676 ),
 ( #3839, #1539 ),
 ( #2380, #1491 ),
 ( #4738, #3656 ),
 ( #3147, #3231 ),
 ( #281, #3632 ),
 ( #649, #1312 ),
 ( #1402, #1783 ),
 ( #2016, #3298 ),
 ( #969, #2929 ),
 ( #599, #2119 ),
 ( #1429, #2954 ),
 ( #4525, #3417 ),
 ( #1092, #3365 ),
 ( #2617, #4505 ),
 ( #4843, #3008 ),
 ( #746, #1890 ),
 ( #10, #1500 ),
 ( #1975, #4667 ),
 ( #4236, #1213 ),
 ( #87, #3553 ),
 ( #2736, #850 ),
 ( #4260, #2365 ),
 ( #2768, #3469 ),
 ( #1186, #3874 ),
 ( #137, #1997 ),
 ( #4191, #3531 ),
 ( #4285, #4619 ),
 ( #3134, #874 ),
 ( #1946, #3442 ),
 ( #794, #3500 ),
 ( #59, #2028 ),
 ( #1238, #1632 ),
 ( #899, #2416 ),
 ( #1778, #2857 ),
 ( #3578, #2087 ),
 ( #945, #1013 ),
 ( #1723, #991 ),
 ( #3294, #3205 ),
 ( #4689, #254 ),
 ( #2835, #227 ),
 ( #3272, #2113 ),
 ( #3984, #4336 ),
 ( #3252, #4733 ),
 ( #574, #199 ),
 ( #4359, #1351 ),
 ( #2142, #2876 ),
 ( #4379, #2511 ),
 ( #3651, #2896 ),
 ( #4404, #1451 ),
 ( #4476, #699 ),
 ( #1086, #742 ),
 ( #4092, #4521 ),
 ( #381, #1136 ),
 ( #2653, #1423 ),
 ( #2564, #4060 ),
 ( #671, #1805 ),
 ( #334, #1575 ),
 ( #2708, #2786 ),
 ( #1209, #2410 ),
 ( #2762, #4212 ),
 ( #844, #499 ),
 ( #1938, #477 ),
 ( #2683, #1992 ),
 ( #2022, #3076 ),
 ( #3464, #817 ),
 ( #3495, #1601 ),
 ( #3523, #892 ),
 ( #3913, #521 ),
 ( #174, #918 ),
 ( #2851, #1279 ),
 ( #3199, #4328 ),
 ( #2530, #3936 ),
 ( #2829, #4353 ),
 ( #3547, #1344 ),
 ( #938, #157 ),
 ( #984, #3176 ),
 ( #2462, #2483 ),
 ( #2504, #3977 ),
 ( #3624, #613 ),
 ( #1715, #4399 ),
 ( #246, #1366 ),
 ( #2556, #1769 ),
 ( #3669, #1850 ),
 ( #2997, #2757 ),
 ( #1904, #1567 ),
 ( #3516, #76 ),
 ( #3099, #3405 ),
 ( #4582, #1204 ),
 ( #785, #3071 ),
 ( #809, #836 ),
 ( #471, #1932 ),
 ( #4205, #3818 ),
 ( #2780, #3841 ),
 ( #3487, #1618 ),
 ( #3150, #2286 ),
 ( #565, #188 ),
 ( #2433, #3543 ),
 ( #1682, #3241 ),
 ( #3932, #152 ),
 ( #1642, #3172 ),
 ( #4656, #540 ),
 ( #2058, #4075 ),
 ( #4393, #2961 ),
 ( #2936, #4021 ),
 ( #634, #4770 ),
 ( #1410, #4046 ),
 ( #4439, #2266 ),
 ( #1807, #3755 ),
 ( #766, #383 ),
 ( #2587, #3775 ),
 ( #1497, #1834 ),
 ( #1452, #2291 ),
 ( #403, #2217 ),
 ( #700, #1424 ),
 ( #1520, #3731 ),
 ( #2975, #4477 ),
 ( #1088, #4062 ),
 ( #672, #2194 ),
 ( #2025, #502 ),
 ( #4281, #3107 ),
 ( #3498, #4214 ),
 ( #896, #2363 ),
 ( #3871, #3916 ),
 ( #4184, #3131 ),
 ( #3550, #2765 ),
 ( #4257, #1647 ),
 ( #3526, #1160 ),
 ( #1629, #2684 ),
 ( #2317, #425 ),
 ( #1940, #2965 ),
 ( #4663, #4078 ),
 ( #547, #4110 ),
 ( #3691, #1689 ),
 ( #1668, #3201 ),
 ( #4466, #2831 ),
 ( #941, #2207 ),
 ( #3598, #297 ),
 ( #323, #3309 ),
 ( #3720, #194 ),
 ( #4774, #4791 ),
 ( #1389, #3332 ),
 ( #2916, #1824 ),
 ( #4815, #2231 ),
 ( #2672, #2376 ),
 ( #2474, #3882 ),
 ( #1269, #513 ),
 ( #2035, #2776 ),
 ( #3540, #2796 ),
 ( #1591, #2427 ),
 ( #1613, #2011 ),
 ( #1638, #1658 ),
 ( #2454, #1317 ),
 ( #4016, #316 ),
 ( #1072, #1022 ),
 ( #628, #4042 ),
 ( #654, #3685 ),
 ( #288, #1048 ),
 ( #1459, #2276 ),
 ( #364, #3420 ),
 ( #3782, #1870 ),
 ( #390, #2299 ),
 ( #1921, #4308 ),
 ( #2419, #2395 ),
 ( #483, #555 ),
 ( #4594, #2029 ),
 ( #1606, #3533 ),
 ( #139, #91 ),
 ( #4220, #2741 ),
 ( #1241, #2448 ),
 ( #3579, #3206 ),
 ( #3162, #3137 ),
 ( #4240, #1261 ),
 ( #4691, #824 ),
 ( #1399, #4712 ),
 ( #2115, #619 ),
 ( #384, #2654 ),
 ( #2950, #2267 ),
 ( #3412, #1860 ),
 ( #2976, #2634 ),
 ( #2588, #4159 ),
 ( #335, #4094 ),
 ( #767, #2243 ),
 ( #3004, #2614 ),
 ( #4545, #4478 ),
 ( #4137, #3388 ),
 ( #1912, #2685 ),
 ( #4186, #83 ),
 ( #872, #2807 ),
 ( #2391, #503 ),
 ( #3600, #1395 ),
 ( #1347, #2833 ),
 ( #2165, #3647 ),
 ( #1691, #2873 ),
 ( #3962, #274 ),
 ( #223, #1719 ),
 ( #2065, #2137 ),
 ( #250, #2925 ),
 ( #1037, #4058 ),
 ( #3575, #4332 ),
 ( #4498, #2613 ),
 ( #720, #1855 ),
 ( #2240, #3752 ),
 ( #3360, #4839 ),
 ( #1474, #889 ),
 ( #868, #2385 ),
 ( #1968, #789 ),
 ( #3075, #3492 ),
 ( #2704, #3891 ),
 ( #841, #81 ),
 ( #4641, #1572 ),
 ( #3521, #129 ),
 ( #3104, #1623 ),
 ( #2784, #2315 ),
 ( #3823, #3435 ),
 ( #51, #2279 ),
 ( #1121, #18 ),
 ( #3787, #2988 ),
 ( #4533, #3741 ),
 ( #40, #2666 ),
 ( #3374, #3015 ),
 ( #2303, #4198 ),
 ( #319, #1821 ),
 ( #2603, #4462 ),
 ( #4488, #1098 ),
 ( #3559, #1244 ),
 ( #2325, #463 ),
 ( #3507, #116 ),
 ( #2399, #951 ),
 ( #4383, #3633 ),
 ( #2903, #3967 ),
 ( #2542, #1676 ),
 ( #1377, #578 ),
 ( #3211, #4696 ),
 ( #1756, #1314 ),
 ( #1018, #4011 ),
 ( #2092, #1331 ),
 ( #3610, #650 ),
 ( #623, #2174 ),
 ( #283, #1784 ),
 ( #1602, #4433 ),
 ( #2248, #3077 ),
 ( #1184, #1812 ),
 ( #1043, #2709 ),
 ( #2198, #4805 ),
 ( #2955, #4454 ),
 ( #4100, #341 ),
 ( #2763, #500 ),
 ( #870, #3572 ),
 ( #2023, #4683 ),
 ( #919, #3978 ),
 ( #570, #1626 ),
 ( #4644, #2852 ),
 ( #3524, #132 ),
 ( #522, #3158 ),
 ( #1302, #939 ),
 ( #2787, #1255 ),
 ( #4278, #545 ),
 ( #893, #4329 ),
 ( #3937, #2411 ),
 ( #4354, #3914 ),
 ( #1687, #3221 ),
 ( #4708, #2044 ),
 ( #3548, #158 ),
 ( #4660, #985 ),
 ( #2189, #1033 ),
 ( #2968, #3725 ),
 ( #1798, #1009 ),
 ( #4796, #4754 ),
 ( #2236, #1416 ),
 ( #2921, #4054 ),
 ( #2578, #1059 ),
 ( #1716, #3670 ),
 ( #614, #328 ),
 ( #4082, #3245 ),
 ( #2943, #665 ),
 ( #4028, #4728 ),
 ( #2505, #2134 ),
 ( #2161, #3381 ),
 ( #2355, #2311 ),
 ( #3842, #3023 ) ),
 .UNSPECIFIED., .F., .F., .F.,
 ( 4, 1, 1, 1, 1, 1, 1, 1, 1, 1, 1, 1, 1, 1, 1, 1, 1, 1, 1, 1, 1, 1, 1, 1, 1, 1, 1, 1, 1, 1, 1, 1, 1, 1, 1, 1, 1, 1, 1, 1, 1, 1, 1, 1, 1, 1, 1, 1, 1, 1, 1, 1, 1, 1, 1, 1, 1, 1, 1, 1, 1, 1, 1, 1, 1, 1, 1, 1, 1, 1, 1, 1, 1, 1, 1, 1, 1, 1, 1, 1, 1, 1, 1, 1, 1, 1, 1, 1, 1, 1, 1, 1, 1, 1, 1, 1, 1, 1, 1, 1, 1, 1, 1, 1, 1, 1, 1, 1, 1, 1, 1, 1, 1, 1, 1, 1, 1, 1, 1, 1, 1, 1, 1, 1, 1, 1, 1, 1, 1, 1, 1, 1, 1, 1, 1, 1, 1, 1, 1, 1, 1, 1, 1, 1, 1, 1, 1, 1, 1, 1, 1, 1, 1, 1, 1, 1, 1, 1, 1, 1, 1, 1, 1, 1, 1, 1, 1, 1, 1, 1, 1, 1, 1, 1, 1, 1, 1, 1, 1, 1, 1, 1, 1, 1, 1, 1, 1, 1, 1, 1, 1, 1, 1, 1, 1, 1, 1, 1, 1, 1, 1, 1, 1, 1, 1, 1, 1, 1, 1, 1, 1, 1, 1, 1, 1, 1, 1, 1, 1, 1, 1, 1, 1, 1, 1, 1, 1, 1, 1, 1, 1, 1, 1, 1, 1, 1, 1, 1, 1, 1, 1, 1, 1, 1, 1, 1, 1, 1, 1, 1, 1, 1, 1, 1, 1, 1, 1, 1, 1, 1, 1, 1, 1, 1, 1, 1, 1, 1, 1, 1, 1, 1, 1, 1, 1, 1, 1, 1, 1, 1, 1, 1, 1, 1, 1, 1, 1, 1, 1, 1, 1, 1, 1, 1, 1, 1, 1, 1, 1, 1, 1, 1, 1, 1, 1, 1, 1, 1, 1, 1, 1, 1, 1, 1, 1, 1, 1, 1, 1, 1, 1, 1, 1, 1, 1, 1, 1, 1, 1, 1, 1, 1, 1, 1, 1, 1, 1, 1, 1, 1, 1, 1, 1, 1, 1, 1, 1, 1, 1, 1, 1, 1, 1, 1, 1, 1, 1, 1, 1, 1, 1, 1, 1, 1, 1, 1, 1, 1, 1, 1, 1, 1, 1, 1, 1, 1, 1, 1, 1, 1, 1, 1, 1, 1, 1, 1, 1, 1, 1, 1, 1, 1, 1, 1, 1, 1, 1, 1, 1, 1, 1, 1, 1, 1, 1, 1, 1, 1, 1, 1, 1, 1, 1, 1, 1, 1, 1, 1, 1, 1, 1, 1, 1, 1, 1, 1, 1, 1, 1, 1, 1, 1, 1, 1, 1, 1, 1, 1, 1, 1, 1, 1, 1, 1, 1, 1, 1, 1, 1, 1, 1, 1, 1, 1, 1, 1, 1, 1, 1, 1, 1, 1, 1, 1, 1, 1, 1, 1, 1, 1, 1, 1, 1, 1, 1, 1, 1, 1, 1, 1, 1, 1, 1, 1, 1, 1, 1, 1, 1, 1, 1, 1, 1, 1, 1, 1, 1, 1, 1, 1, 1, 1, 1, 1, 1, 1, 1, 1, 1, 1, 1, 1, 1, 1, 1, 1, 1, 1, 1, 1, 4 ),
 ( 2, 2 ),
 ( 0.000000000000000000, 0.0008813019034598220617, 0.001761015478235538950, 0.002637563500704429194, 0.003509391115117342901, 0.004374977417690645472, 0.005232847537328257082, 0.006081585406814860040, 0.006919847444383449113, 0.007746377400544485203, 0.008560022670780162782, 0.009359752433553551396, 0.01014467804820246878, 0.01091407624272148699, 0.01166741574237357797, 0.01240438814305890730, 0.01312494402658832132, 0.01382933555850942263, 0.01451816711477820626, 0.01519245586474661514, 0.01585370470809686558, 0.01650399053278835473, 0.01714607142981176835, 0.01778351724382292234, 0.01842086857885648354, 0.01906382993047697066, 0.01971950258738726716, 0.02039666155303068371, 0.02110607648371672432, 0.02186086677497766501, 0.02267686063444150982, 0.02357288937168003362, 0.02457087976534111026, 0.02569549659889776988, 0.02697293174821657064, 0.02842827459187940650, 0.03008087267637725437, 0.03193750608208500985, 0.03398442910647473530, 0.03618131358263682040, 0.03846153846153787387, 0.04074176334043968367, 0.04293864781660280266, 0.04498557084099198689, 0.04684220424669971461, 0.04849480233119705941, 0.04995014517485962119, 0.05122758032417978891, 0.05235219715773580668, 0.05335018755139655372, 0.05424621628863562223, 0.05506221014809940806, 0.05581700043936025507, 0.05652641537004623323, 0.05720357433568992733, 0.05785924699260006077, 0.05850220834422019400, 0.05913955967925410562, 0.05977700549326530471, 0.06041908639028849282, 0.06106937221498006524, 0.06173062105833026364, 0.06240490980829886680, 0.06309374136456755155, 0.06379813289648858521, 0.06451868878001798535, 0.06525566118070334765, 0.06600900068035557566, 0.06677839887487445336, 0.06756332448952354075, 0.06836305425229695365, 0.06917669952253244214, 0.07000322947869352941, 0.07084149151626203955, 0.07169022938574866333, 0.07254809950538629315, 0.07341368580795967769, 0.07428551342237268984, 0.07516206144484145757, 0.07604177501961707775, 0.07692307692307695510, 0.07780437882653676307, 0.07868409240131248039, 0.07956064042378137302, 0.08043246803819430191, 0.08129805434076758930, 0.08215592446040521912, 0.08300466232989180126, 0.08384292436746040855, 0.08466945432362144031, 0.08548309959385710921, 0.08628282935663050823, 0.08706775497127942909, 0.08783715316579843169, 0.08859049266545053480, 0.08932746506613585546, 0.09004802094966526949, 0.09075241248158638641, 0.09144124403785518218, 0.09211553278782357024, 0.09277678163117382415, 0.09342706745586530637, 0.09406914835288872345, 0.09470659416689988785, 0.09534394550193342477, 0.09598690685355394658, 0.09664257951046423267, 0.09731973847610762840, 0.09802915340679367595, 0.09878394369805464093, 0.09959993755751847533, 0.1004959662947570165, 0.1014939566884180827, 0.1026185735219747319, 0.1038960086712935327, 0.1053513515149563928, 0.1070039495994542372, 0.1088605830051619927, 0.1109075060295517251, 0.1131043905057138033, 0.1153846153846148775, 0.1176648402635166873, 0.1198617247396798063, 0.1219086477640689836, 0.1237652811697767113, 0.1254178792542740561, 0.1268732220979366387, 0.1281506572472567995, 0.1292752740808127965, 0.1302732644744735435, 0.1311692932117125843, 0.1319852870711764048, 0.1327400773624372032, 0.1334494922931231953, 0.1341266512587668824, 0.1347823239156770436, 0.1354252852672971630, 0.1360626366023310885, 0.1367000824163422668, 0.1373421633133654896, 0.1379924491380570273, 0.1386536979814072257, 0.1393279867313758358, 0.1400168182876445344, 0.1407212098195655403, 0.1414417657030949405, 0.1421787381037803166, 0.1429320776034325446, 0.1437014757979514223, 0.1444864014126005236, 0.1452861311753739226, 0.1460997764456093972, 0.1469263064017704568, 0.1477645684393389669, 0.1486133063088256323, 0.1494711764284632483, 0.1503367627310366328, 0.1512085903454496449, 0.1520851383679183988, 0.1529648519426940190, 0.1538461538461539102, 0.1547274557496137182, 0.1556071693243894494, 0.1564837173468583420, 0.1573555449612712431, 0.1582211312638445444, 0.1590790013834821603, 0.1599277392529687702, 0.1607660012905373637, 0.1615925312466983954, 0.1624061765169340643, 0.1632059062797074633, 0.1639908318943563703, 0.1647602300888753868, 0.1655135695885274760, 0.1662505419892127967, 0.1669710978727422246, 0.1676754894046633415, 0.1683643209609320956, 0.1690386097109005115, 0.1696998585542507654, 0.1703501443789422753, 0.1709922252759656924, 0.1716296710899768430, 0.1722670224250103799, 0.1729099837766308878, 0.1735656564335411600, 0.1742428153991845696, 0.1749522303298706172, 0.1757070206211315266, 0.1765230144805954027, 0.1774190432178339161, 0.1784170336114949962, 0.1795416504450516315, 0.1808190855943704323, 0.1822744284380332924, 0.1839270265225310952, 0.1857836599282388645, 0.1878305829526285831, 0.1900274674287906751, 0.1923076923076917355, 0.1945879171865935175, 0.1967848016627566365, 0.1988317246871458277, 0.2006883580928535415, 0.2023409561773508725, 0.2037962990210134551, 0.2050737341703336158, 0.2061983510038896406, 0.2071963413975503876, 0.2080923701347894561, 0.2089083639942532489, 0.2096631542855140473, 0.2103725692162000671, 0.2110497281818437543, 0.2117054008387538877, 0.2123483621903740071, 0.2129857135254079603, 0.2136231593394191386, 0.2142652402364423614, 0.2149155260611339269, 0.2155767749044841530, 0.2162510636544527631, 0.2169398952107214618, 0.2176442867426424954, 0.2183648426261719233, 0.2191018150268572995, 0.2198551545265095275, 0.2206245527210284052, 0.2214094783356774787, 0.2222092080984508777, 0.2230228533686863523, 0.2238493833248474396, 0.2246876453624159220, 0.2255363832319025319, 0.2263942533515401478, 0.2272598396541135046, 0.2281316672685265445, 0.2290082152909952984, 0.2298879288657709186, 0.2307692307692307543, 0.2316505326726905623, 0.2325302462474662935, 0.2334067942699351583, 0.2342786218843480595, 0.2351442081869213607, 0.2360020783065590044, 0.2368508161760455588, 0.2376890782136141522, 0.2385156081697751840, 0.2393292534400108251, 0.2401289832027842519, 0.2409139088174331589, 0.2416833070119521754, 0.2424366465116042924, 0.2431736189122896130, 0.2438941747958190409, 0.2445985663277401856, 0.2452873978840089675, 0.2459616866339773833, 0.2466229354773276095, 0.2472732213020190917, 0.2479153021990425365, 0.2485527480130536870, 0.2491900993480872240, 0.2498330606997077596, 0.2504887333566180319, 0.2511658923222614970, 0.2518753072529475445, 0.2526300975442084540, 0.2534460914036723578, 0.2543421201409108434, 0.2553401105345718958, 0.2564647273681285866, 0.2577421625174473596, 0.2591975053611101920, 0.2608501034456079948, 0.2627067368513157919, 0.2647536598757054827, 0.2669505443518676024, 0.2692307692307686628, 0.2715109941096704449, 0.2737078785858335639, 0.2757548016102228106, 0.2776114350159305522, 0.2792640331004278553, 0.2807193759440904102, 0.2819968110934105709, 0.2831214279269665957, 0.2841194183206273149, 0.2850154470578664112, 0.2858314409173302040, 0.2865862312085910024, 0.2872956461392769389, 0.2879728051049206261, 0.2886284777618307595, 0.2892714391134508789, 0.2899087904484847766, 0.2905462362624959827, 0.2911883171595192055, 0.2918386029842107710, 0.2924998518275609416, 0.2931741405775295517, 0.2938629721337982503, 0.2945673636657192840, 0.2952879195492487119, 0.2960248919499340325, 0.2967782314495862606, 0.2975476296441051383, 0.2983325552587542395, 0.2991322850215276108, 0.2999459302917630854, 0.3007724602479242004, 0.3016107222854927383, 0.3024594601549793205, 0.3033173302746169364, 0.3041829165771903210, 0.3050547441916033331, 0.3059312922140721147, 0.3068110057888477349, 0.3076923076923075429, 0.3085736095957673508, 0.3094533231705430820, 0.3103298711930120302, 0.3112016988074249313, 0.3120672851099982048, 0.3129251552296358208, 0.3137738930991224029, 0.3146121551366909963, 0.3154386850928520558, 0.3162523303630877525, 0.3170520601258611237, 0.3178369857405100585, 0.3186063839350290472, 0.3193597234346811642, 0.3200966958353664849, 0.3208172517188959127, 0.3215216432508170019, 0.3222104748070858116, 0.3228847635570541996, 0.3235460124004044258, 0.3241962982250959358, 0.3248383791221193251, 0.3254758249361304756, 0.3261131762711639848, 0.3267561376227844927, 0.3274118102796947927, 0.3280889692453382023, 0.3287983841760242498, 0.3295531744672852148, 0.3303691683267490631, 0.3312651970639876042, 0.3322631874576486566, 0.3333878042912053474, 0.3346652394405241759, 0.3361205822841870083, 0.3377731803686848666, 0.3396298137743926082, 0.3416767367987823545, 0.3438736212749444188, 0.3461538461538454792, 0.3484340710327473167, 0.3506309555089104357, 0.3526778785332995714, 0.3545345119390073130, 0.3561871100235046161, 0.3576424528671671710, 0.3589198880164873318, 0.3600445048500433565, 0.3610424952437040758, 0.3619385239809431720, 0.3627545178404069093, 0.3635093081316678187, 0.3642187230623537553, 0.3648958820279974424, 0.3655515546849075759, 0.3661945160365276952, 0.3668318673715616485, 0.3674693131855728545, 0.3681113940825960218, 0.3687616799072876428, 0.3694229287506378134, 0.3700972175006064235, 0.3707860490568751222, 0.3714904405887961558, 0.3722109964723255837, 0.3729479688730109599, 0.3737013083726631879, 0.3744707065671820656, 0.3752556321818311114, 0.3760553619446045381, 0.3768690072148400128, 0.3776955371710011278, 0.3785337992085696102, 0.3793825370780562478, 0.3802404071976939193, 0.3811059935002673038, 0.3819778211146803160, 0.3828543691371490976, 0.3837340827119247177, 0.3846153846153845257, 0.3854966865188443337, 0.3863764000936200649, 0.3872529481160889575, 0.3881247757305018586, 0.3889903620330751322, 0.3898482321527128036, 0.3906969700221993858, 0.3915352320597679792, 0.3923617620159290387, 0.3931754072861646798, 0.3939751370489380511, 0.3947600626635869858, 0.3955294608581060301, 0.3962828003577580915, 0.3970197727584434677, 0.3977403286419728956, 0.3984447201738939848, 0.3991335517301627944, 0.3998078404801311825, 0.4004690893234814086, 0.4011193751481729741, 0.4017614560451963635, 0.4023989018592075140, 0.4030362531942410231, 0.4036792145458615311, 0.4043348872027718310, 0.4050120461684152406, 0.4057214610991012882, 0.4064762513903622532, 0.4072922452498261014, 0.4081882739870645871, 0.4091862643807256950, 0.4103108812142823858, 0.4115883163636012143, 0.4130436592072640467, 0.4146962572917619050, 0.4165528906974695911, 0.4185998137218593373, 0.4207966981980214571, 0.4230769230769225175, 0.4253571479558242996, 0.4275540324319874186, 0.4296009554563766097, 0.4314575888620842958, 0.4331101869465817100, 0.4345655297902442649, 0.4358429649395644256, 0.4369675817731204504, 0.4379655721667811696, 0.4388616009040202104, 0.4396775947634839476, 0.4404323850547448016, 0.4411417999854307381, 0.4418189589510743698, 0.4424746316079845587, 0.4431175929596046781, 0.4437549442946385758, 0.4443923901086498374, 0.4450344710056730047, 0.4456847568303646256, 0.4463460056737148518, 0.4470202944236834619, 0.4477091259799522160, 0.4484135175118732497, 0.4491340733954026221, 0.4498710457960879983, 0.4506243852957402263, 0.4513937834902590485, 0.4521787091049080942, 0.4529784388676815765, 0.4537920841379169956, 0.4546186140940781106, 0.4554568761316465930, 0.4563056140011332307, 0.4571634841207709021, 0.4580290704233442867, 0.4589008980377572988, 0.4597774460602260804, 0.4606571596350017006, 0.4615384615384615086, 0.4624197634419213720, 0.4632994770166971032, 0.4641760250391659959, 0.4650478526535788970, 0.4659134389561521705, 0.4667713090757897865, 0.4676200469452763686, 0.4684583089828449620, 0.4692848389390060215, 0.4700984842092417182, 0.4708982139720150339, 0.4716831395866639132, 0.4724525377811829574, 0.4732058772808350744, 0.4739428496815204506, 0.4746634055650498230, 0.4753677970969709121, 0.4760566286532397773, 0.4767309174032082209, 0.4773921662465583915, 0.4780424520712499570, 0.4786845329682733463, 0.4793219787822844968, 0.4799593301173180060, 0.4806022914689385139, 0.4812579641258487584, 0.4819351230914921680, 0.4826445380221782155, 0.4833993283134391250, 0.4842153221729029178, 0.4851113509101414589, 0.4861093413038025668, 0.4872339581373591466, 0.4885113932866779196, 0.4899667361303408075, 0.4916193342148386658, 0.4934759676205463519, 0.4955228906449360982, 0.4977197751210982180, 0.4999999999999992784 ),
 ( 0.000000000000000000, 1.000000000000000000 ),
 .UNSPECIFIED. ) ;
#3274 = CARTESIAN_POINT ( 'NONE',  ( -18.20278110322238874, 10.94483285274552031, 0.000000000000000000 ) ) ;
#3275 = CARTESIAN_POINT ( 'NONE',  ( -9.776147748760773395E-14, -14.00000000000000000, -6.000000000000000000 ) ) ;
#3276 = CARTESIAN_POINT ( 'NONE',  ( -7.143036618217895928, -21.74064755994005083, -4.000000000000000000 ) ) ;
#3277 = CARTESIAN_POINT ( 'NONE',  ( -5.530158903661357428, -21.53363642302078773, 0.000000000000000000 ) ) ;
#3278 = APPROVAL_DATE_TIME ( #2123, #1479 ) ;
#3279 = CARTESIAN_POINT ( 'NONE',  ( 22.99168151220385070, -0.2652489659780626896, -4.000000000000000000 ) ) ;
#3280 = CARTESIAN_POINT ( 'NONE',  ( 1.857833821405696417, 22.83518087930976392, 0.000000000000000000 ) ) ;
#3281 = CARTESIAN_POINT ( 'NONE',  ( 4.111083978712367859, -22.41301912558926190, 0.000000000000000000 ) ) ;
#3282 = CARTESIAN_POINT ( 'NONE',  ( -18.07261558141746249, -13.61105683382036524, -4.000000000000000000 ) ) ;
#3283 = CARTESIAN_POINT ( 'NONE',  ( 19.22635862625715220, -12.00805840096806776, -4.000000000000000000 ) ) ;
#3284 = CARTESIAN_POINT ( 'NONE',  ( 17.83716394441302810, 12.65922352464750489, 0.000000000000000000 ) ) ;
#3285 = CARTESIAN_POINT ( 'NONE',  ( 2.904014192323573607, 22.81479010543602470, -4.000000000000000000 ) ) ;
#3286 = CARTESIAN_POINT ( 'NONE',  ( -21.46809596502322393, -7.141509484957307308, -4.000000000000000000 ) ) ;
#3287 = CARTESIAN_POINT ( 'NONE',  ( 9.334022096823051839, -19.41631230574317257, -4.000000000000000000 ) ) ;
#3288 = CARTESIAN_POINT ( 'NONE',  ( -21.46445723021905039, -1.842343038153482659, -4.000000000000000000 ) ) ;
#3289 = CARTESIAN_POINT ( 'NONE',  ( 5.888780766279266388, -20.72291999561922893, 0.000000000000000000 ) ) ;
#3290 = VERTEX_POINT ( 'NONE', #4139 ) ;
#3291 = CARTESIAN_POINT ( 'NONE',  ( -18.13228884756145831, -13.29789610083738793, 0.000000000000000000 ) ) ;
#3292 = AXIS2_PLACEMENT_3D ( 'NONE', #1068, #3706, #702 ) ;
#3293 = CARTESIAN_POINT ( 'NONE',  ( -9.875503961468170999, 20.20119702064939560, -4.000000000000000000 ) ) ;
#3294 = CARTESIAN_POINT ( 'NONE',  ( -2.195231396460687989, 20.89822780963909565, -4.000000000000000000 ) ) ;
#3295 = CARTESIAN_POINT ( 'NONE',  ( 21.28164066119390441, -3.347972942834763099, -4.000000000000000000 ) ) ;
#3296 = CARTESIAN_POINT ( 'NONE',  ( -20.53601518875618126, 7.903516184359797414, 0.000000000000000000 ) ) ;
#3297 = CARTESIAN_POINT ( 'NONE',  ( 22.03257834552027461, -2.538332356142269930, 0.000000000000000000 ) ) ;
#3298 = CARTESIAN_POINT ( 'NONE',  ( 1.609724419164919818, 22.79765701126126132, 0.000000000000000000 ) ) ;
#3299 = CARTESIAN_POINT ( 'NONE',  ( -9.070076318507840796, -21.00981780099893470, -4.000000000000000000 ) ) ;
#3300 = CARTESIAN_POINT ( 'NONE',  ( -4.576078833423042447, -21.14622909948186802, -4.000000000000000000 ) ) ;
#3301 = CARTESIAN_POINT ( 'NONE',  ( 22.44605429875779734, -1.982565721560210381, 0.000000000000000000 ) ) ;
#3302 = CARTESIAN_POINT ( 'NONE',  ( 2.114161590068851737, 22.85658051126497270, 0.000000000000000000 ) ) ;
#3303 = CARTESIAN_POINT ( 'NONE',  ( 10.91357375904090077, -19.60411471402108319, 0.000000000000000000 ) ) ;
#3304 = CARTESIAN_POINT ( 'NONE',  ( 18.32925739246958940, 12.48663137688971680, -4.000000000000000000 ) ) ;
#3305 = CARTESIAN_POINT ( 'NONE',  ( -14.80839600204009621, -16.51027097138295829, -4.000000000000000000 ) ) ;
#3306 = CARTESIAN_POINT ( 'NONE',  ( 20.88274395768156921, 3.878351565327959882, -4.000000000000000000 ) ) ;
#3307 = CARTESIAN_POINT ( 'NONE',  ( -16.93788766549283054, -15.53590124693299757, 0.000000000000000000 ) ) ;
#3308 = CARTESIAN_POINT ( 'NONE',  ( 18.04784068419241905, -12.58844448481508316, 0.000000000000000000 ) ) ;
#3309 = CARTESIAN_POINT ( 'NONE',  ( -15.09453435472147476, 16.46481109810801158, 0.000000000000000000 ) ) ;
#3310 = CARTESIAN_POINT ( 'NONE',  ( 18.04784068419240128, 12.58844448481508849, 0.000000000000000000 ) ) ;
#3311 = CARTESIAN_POINT ( 'NONE',  ( 3.163979201484035997, 22.76500607809901311, -4.000000000000000000 ) ) ;
#3312 = CARTESIAN_POINT ( 'NONE',  ( -22.44313168229286859, -4.470410355436083449, 0.000000000000000000 ) ) ;
#3313 = CARTESIAN_POINT ( 'NONE',  ( 6.844479728585146638, -19.92288945872044437, -4.000000000000000000 ) ) ;
#3314 = DIRECTION ( 'NONE',  ( 1.000000000000000000, 0.000000000000000000, 0.000000000000000000 ) ) ;
#3315 = CARTESIAN_POINT ( 'NONE',  ( -17.89594962096631647, -14.16255796312505311, 0.000000000000000000 ) ) ;
#3316 = CARTESIAN_POINT ( 'NONE',  ( -22.38706326563480431, 5.244728221083877706, 0.000000000000000000 ) ) ;
#3317 = LINE ( 'NONE', #3654, #4161 ) ;
#3318 = CARTESIAN_POINT ( 'NONE',  ( 20.27801818137659140, 5.991492629422152660, 0.000000000000000000 ) ) ;
#3319 = CARTESIAN_POINT ( 'NONE',  ( -8.749985478137801920, 21.22099681987718256, -4.000000000000000000 ) ) ;
#3320 = EDGE_CURVE ( 'NONE', #2924, #222, #3439, .T. ) ;
#3321 = CARTESIAN_POINT ( 'NONE',  ( 3.778537881278385413, -22.56992201879467785, -4.000000000000000000 ) ) ;
#3322 = CARTESIAN_POINT ( 'NONE',  ( 20.72113584048849688, -9.711501322388402357, -4.000000000000000000 ) ) ;
#3323 = CARTESIAN_POINT ( 'NONE',  ( -7.395328098381209969, -21.70898570351965517, -4.000000000000000000 ) ) ;
#3324 = CARTESIAN_POINT ( 'NONE',  ( 11.22521880699118846, 19.59187865378816085, -4.000000000000000000 ) ) ;
#3325 = PERSON_AND_ORGANIZATION ( #475, #4840 ) ;
#3326 = VERTEX_POINT ( 'NONE', #55 ) ;
#3327 = CARTESIAN_POINT ( 'NONE',  ( 22.60451808717366617, -1.697673299887520137, 0.000000000000000000 ) ) ;
#3328 = CARTESIAN_POINT ( 'NONE',  ( 1.732595443184604234, 22.81834440718661128, 0.000000000000000000 ) ) ;
#3329 = CARTESIAN_POINT ( 'NONE',  ( 6.844479728585146638, -19.92288945872044437, 0.000000000000000000 ) ) ;
#3330 = CARTESIAN_POINT ( 'NONE',  ( -18.16980692583724633, -12.90301663323252512, 0.000000000000000000 ) ) ;
#3331 = CARTESIAN_POINT ( 'NONE',  ( 18.59620182488611562, -12.37401509496209684, -4.000000000000000000 ) ) ;
#3332 = CARTESIAN_POINT ( 'NONE',  ( -15.38654536925086980, 16.39719979630828206, 0.000000000000000000 ) ) ;
#3333 = CARTESIAN_POINT ( 'NONE',  ( 20.69246807443067127, 9.834571535528151998, 0.000000000000000000 ) ) ;
#3334 = CARTESIAN_POINT ( 'NONE',  ( 4.409968919116986186, 22.23507379612073009, -4.000000000000000000 ) ) ;
#3335 = CARTESIAN_POINT ( 'NONE',  ( -20.44527414537789767, -7.961408085081986385, -4.000000000000000000 ) ) ;
#3336 = CARTESIAN_POINT ( 'NONE',  ( -21.20407965231138192, -1.231914024922829087, -4.000000000000000000 ) ) ;
#3337 = CARTESIAN_POINT ( 'NONE',  ( 5.304651655887928641, -21.41766073162606077, 0.000000000000000000 ) ) ;
#3338 = ORIENTED_EDGE ( 'NONE', *, *, #3590, .T. ) ;
#3339 = CARTESIAN_POINT ( 'NONE',  ( -17.30269009771813771, -15.15139800040396345, 0.000000000000000000 ) ) ;
#3340 = EDGE_CURVE ( 'NONE', #4166, #63, #2356, .T. ) ;
#3341 = CARTESIAN_POINT ( 'NONE',  ( -10.27608982505457824, 19.52581620093668135, -4.000000000000000000 ) ) ;
#3342 = CARTESIAN_POINT ( 'NONE',  ( -21.80324200739084262, -2.451915892524422436, -4.000000000000000000 ) ) ;
#3343 = CARTESIAN_POINT ( 'NONE',  ( -18.15233757200131492, 11.92897289312902132, 0.000000000000000000 ) ) ;
#3344 = CARTESIAN_POINT ( 'NONE',  ( 21.96795606151921021, -2.611094541491823851, 0.000000000000000000 ) ) ;
#3345 = CARTESIAN_POINT ( 'NONE',  ( -0.3848533942811617758, -21.79654169952963372, -4.000000000000000000 ) ) ;
#3346 = EDGE_LOOP ( 'NONE', ( #4375, #1432 ) ) ;
#3347 = CARTESIAN_POINT ( 'NONE',  ( 22.92067372998528896, -0.7833605312303488777, -4.000000000000000000 ) ) ;
#3348 = CARTESIAN_POINT ( 'NONE',  ( -0.02492641410532377491, 22.06478867062249805, 0.000000000000000000 ) ) ;
#3349 = CARTESIAN_POINT ( 'NONE',  ( 11.22521880699119556, -19.59187865378815374, 0.000000000000000000 ) ) ;
#3350 = CARTESIAN_POINT ( 'NONE',  ( -16.63690652438658191, -15.78557186981675109, -4.000000000000000000 ) ) ;
#3351 = CARTESIAN_POINT ( 'NONE',  ( 17.59069102790715178, -12.74265838722847022, -4.000000000000000000 ) ) ;
#3352 = CARTESIAN_POINT ( 'NONE',  ( 4.999999999999903189, -14.00000000000000000, 0.000000000000000000 ) ) ;
#3353 = CARTESIAN_POINT ( 'NONE',  ( -16.73918910046183584, -15.70644772556289936, -4.000000000000000000 ) ) ;
#3354 = CARTESIAN_POINT ( 'NONE',  ( 15.05457142190026332, -14.98300655306777251, -4.000000000000000000 ) ) ;
#3355 = CARTESIAN_POINT ( 'NONE',  ( 20.57933143268193277, 10.20527642677843971, 0.000000000000000000 ) ) ;
#3356 = CARTESIAN_POINT ( 'NONE',  ( 12.37573363895109679, -19.30834417696301486, -4.000000000000000000 ) ) ;
#3357 = CARTESIAN_POINT ( 'NONE',  ( -22.41434739993849234, -4.103835820171950033, -4.000000000000000000 ) ) ;
#3358 = CARTESIAN_POINT ( 'NONE',  ( 8.392052896060667067, -19.40797396644944683, -4.000000000000000000 ) ) ;
#3359 = VERTEX_POINT ( 'NONE', #32 ) ;
#3360 = CARTESIAN_POINT ( 'NONE',  ( -19.34777908991708983, 8.763221459836241678, -4.000000000000000000 ) ) ;
#3361 = CARTESIAN_POINT ( 'NONE',  ( -10.36776592877073355, 19.33656337675046544, -4.000000000000000000 ) ) ;
#3362 = CARTESIAN_POINT ( 'NONE',  ( -21.61676680493876646, 2.126769031605166838, 0.000000000000000000 ) ) ;
#3363 = DIRECTION ( 'NONE',  ( -0.000000000000000000, -0.000000000000000000, 1.000000000000000000 ) ) ;
#3364 = CARTESIAN_POINT ( 'NONE',  ( -7.268665028289788665, 21.72702328910405711, -4.000000000000000000 ) ) ;
#3365 = CARTESIAN_POINT ( 'NONE',  ( 1.039378218881651383, 22.64433760357381686, 0.000000000000000000 ) ) ;
#3366 = CARTESIAN_POINT ( 'NONE',  ( 0.2973477410281228916, -22.28320682219198190, 0.000000000000000000 ) ) ;
#3367 = CARTESIAN_POINT ( 'NONE',  ( 13.17393849248635718, 18.85193068575483011, -4.000000000000000000 ) ) ;
#3368 = ORIENTED_EDGE ( 'NONE', *, *, #528, .F. ) ;
#3369 = DIRECTION ( 'NONE',  ( -0.000000000000000000, -0.000000000000000000, 1.000000000000000000 ) ) ;
#3370 = CARTESIAN_POINT ( 'NONE',  ( -5.439477973142062162, 21.50092367972664675, 0.000000000000000000 ) ) ;
#3371 = CARTESIAN_POINT ( 'NONE',  ( 4.831005402018960559, -21.91092861382620782, 0.000000000000000000 ) ) ;
#3372 = CARTESIAN_POINT ( 'NONE',  ( 0.05588777320239618485, -22.12251759593047140, -4.000000000000000000 ) ) ;
#3373 = CARTESIAN_POINT ( 'NONE',  ( -14.61300362791339325, -16.53226074606681451, -4.000000000000000000 ) ) ;
#3374 = CARTESIAN_POINT ( 'NONE',  ( -21.16885992121934379, 7.436852529821839752, -4.000000000000000000 ) ) ;
#3375 = CARTESIAN_POINT ( 'NONE',  ( -17.12653607385810517, -15.35023478957749887, -4.000000000000000000 ) ) ;
#3376 = CARTESIAN_POINT ( 'NONE',  ( 19.49872646015114341, -11.79169641045160688, -4.000000000000000000 ) ) ;
#3377 = CARTESIAN_POINT ( 'NONE',  ( 20.78091500548366000, 9.348690247244249463, 0.000000000000000000 ) ) ;
#3378 = CARTESIAN_POINT ( 'NONE',  ( 20.42587224719004979, 10.57032113636049964, -4.000000000000000000 ) ) ;
#3379 = CARTESIAN_POINT ( 'NONE',  ( -18.17183461541527478, -11.19258704227211432, -4.000000000000000000 ) ) ;
#3380 = EDGE_CURVE ( 'NONE', #4846, #4218, #1695, .T. ) ;
#3381 = CARTESIAN_POINT ( 'NONE',  ( -21.01046210447309903, 0.3397773154281418240, 0.000000000000000000 ) ) ;
#3382 = CARTESIAN_POINT ( 'NONE',  ( -22.32787987256119067, -3.653229048890591191, -4.000000000000000000 ) ) ;
#3383 = CARTESIAN_POINT ( 'NONE',  ( 8.088152775219027646, -19.45122648637158136, -4.000000000000000000 ) ) ;
#3384 = CARTESIAN_POINT ( 'NONE',  ( 0.000000000000000000, 14.00000000000000000, 0.000000000000000000 ) ) ;
#3385 = CARTESIAN_POINT ( 'NONE',  ( 10.13042743176716343, 19.53376379397890261, -4.000000000000000000 ) ) ;
#3386 = CARTESIAN_POINT ( 'NONE',  ( -21.37987086968730210, -1.667832292710507591, -4.000000000000000000 ) ) ;
#3387 = CARTESIAN_POINT ( 'NONE',  ( 22.60451808717366617, -1.697673299887520137, -4.000000000000000000 ) ) ;
#3388 = CARTESIAN_POINT ( 'NONE',  ( -18.17312489739111925, 12.51371455121038423, 0.000000000000000000 ) ) ;
#3389 = CARTESIAN_POINT ( 'NONE',  ( -22.44313168229286859, -4.470410355436083449, 0.000000000000000000 ) ) ;
#3390 = DIRECTION ( 'NONE',  ( -0.000000000000000000, -0.000000000000000000, 1.000000000000000000 ) ) ;
#3391 = CARTESIAN_POINT ( 'NONE',  ( 20.48125029462984159, 4.698228691358558251, 0.000000000000000000 ) ) ;
#3392 = CC_DESIGN_PERSON_AND_ORGANIZATION_ASSIGNMENT ( #314, #1815, ( #2285 ) ) ;
#3393 = CARTESIAN_POINT ( 'NONE',  ( 13.98660388258979559, 18.03380083971667602, -4.000000000000000000 ) ) ;
#3394 = ORIENTED_EDGE ( 'NONE', *, *, #1327, .T. ) ;
#3395 = CARTESIAN_POINT ( 'NONE',  ( 22.55334719936498544, 1.796338551631280644, -4.000000000000000000 ) ) ;
#3396 = CARTESIAN_POINT ( 'NONE',  ( -8.156181287886402842, 21.50608257563538928, 0.000000000000000000 ) ) ;
#3397 = CARTESIAN_POINT ( 'NONE',  ( 14.18166562306855027, -17.73742200790329093, 0.000000000000000000 ) ) ;
#3398 = CARTESIAN_POINT ( 'NONE',  ( -14.28929789074912371, -16.56008223458715634, -4.000000000000000000 ) ) ;
#3399 = CARTESIAN_POINT ( 'NONE',  ( 18.50763246423368713, -12.41359184638039181, -4.000000000000000000 ) ) ;
#3400 = CARTESIAN_POINT ( 'NONE',  ( 20.36616000391637371, 10.68898534220125818, -4.000000000000000000 ) ) ;
#3401 = CARTESIAN_POINT ( 'NONE',  ( -14.16571377015885602, -16.57015074090624296, 0.000000000000000000 ) ) ;
#3402 = CARTESIAN_POINT ( 'NONE',  ( 20.57933143268193987, -10.20527642677844682, 0.000000000000000000 ) ) ;
#3403 = CARTESIAN_POINT ( 'NONE',  ( 15.31911420367087651, 14.46005418918946361, 0.000000000000000000 ) ) ;
#3404 = CARTESIAN_POINT ( 'NONE',  ( -18.44593788034984527, -10.06490646662222233, -4.000000000000000000 ) ) ;
#3405 = CARTESIAN_POINT ( 'NONE',  ( -9.070076318507847901, 21.00981780099894536, 0.000000000000000000 ) ) ;
#3406 = CARTESIAN_POINT ( 'NONE',  ( -4.576078833423055769, 21.14622909948188578, -4.000000000000000000 ) ) ;
#3407 = CARTESIAN_POINT ( 'NONE',  ( -5.000000000000000888, 14.00000000000000000, 0.000000000000000000 ) ) ;
#3408 = CARTESIAN_POINT ( 'NONE',  ( -21.54139206009464758, -7.057957261120547443, -4.000000000000000000 ) ) ;
#3409 = CARTESIAN_POINT ( 'NONE',  ( 12.84246811570853630, -19.07246152098828063, -4.000000000000000000 ) ) ;
#3410 = DIRECTION ( 'NONE',  ( -0.000000000000000000, -0.000000000000000000, 1.000000000000000000 ) ) ;
#3411 = CARTESIAN_POINT ( 'NONE',  ( 22.70068007964911416, -1.489195761755031322, -4.000000000000000000 ) ) ;
#3412 = CARTESIAN_POINT ( 'NONE',  ( -18.14569269480858438, 13.19701642569617484, -4.000000000000000000 ) ) ;
#3413 = CARTESIAN_POINT ( 'NONE',  ( -21.05531120614950069, -0.6650542471123045418, 0.000000000000000000 ) ) ;
#3414 = DIRECTION ( 'NONE',  ( -1.000000000000000000, 0.000000000000000000, 0.000000000000000000 ) ) ;
#3415 = CARTESIAN_POINT ( 'NONE',  ( 20.78779232674427391, 8.572142657481823136, -4.000000000000000000 ) ) ;
#3416 = CARTESIAN_POINT ( 'NONE',  ( 12.37573363895108436, 19.30834417696301486, 0.000000000000000000 ) ) ;
#3417 = CARTESIAN_POINT ( 'NONE',  ( 1.146957286384169494, 22.68083482401356221, 0.000000000000000000 ) ) ;
#3418 = EDGE_LOOP ( 'NONE', ( #1368, #4497 ) ) ;
#3419 = CARTESIAN_POINT ( 'NONE',  ( 22.78682372401866729, 1.266382827403232270, -4.000000000000000000 ) ) ;
#3420 = CARTESIAN_POINT ( 'NONE',  ( -17.21631478046346331, 15.25232396492125986, 0.000000000000000000 ) ) ;
#3421 = CARTESIAN_POINT ( 'NONE',  ( -7.395328098381193982, 21.70898570351964807, 0.000000000000000000 ) ) ;
#3422 = CARTESIAN_POINT ( 'NONE',  ( 18.14480526315980313, -12.55474262449691381, 0.000000000000000000 ) ) ;
#3423 = CARTESIAN_POINT ( 'NONE',  ( -0.7583441349052699731, -21.53002708384709507, -4.000000000000000000 ) ) ;
#3424 = CARTESIAN_POINT ( 'NONE',  ( 19.13519702654806665, -12.07164184534843798, -4.000000000000000000 ) ) ;
#3425 = CARTESIAN_POINT ( 'NONE',  ( 20.62158199844362017, 10.08183057675174332, -4.000000000000000000 ) ) ;
#3426 = CARTESIAN_POINT ( 'NONE',  ( -15.38654536925085559, -16.39719979630828561, -4.000000000000000000 ) ) ;
#3427 = CARTESIAN_POINT ( 'NONE',  ( 19.84835533766064586, -11.44289398223680720, -4.000000000000000000 ) ) ;
#3428 = CARTESIAN_POINT ( 'NONE',  ( 12.72771890607624279, 19.13795803034424736, 0.000000000000000000 ) ) ;
#3429 = CARTESIAN_POINT ( 'NONE',  ( -7.904950534007981311, -21.59165424017937340, 0.000000000000000000 ) ) ;
#3430 = CARTESIAN_POINT ( 'NONE',  ( 20.48139027573107285, 10.44990086774786775, -4.000000000000000000 ) ) ;
#3431 = CARTESIAN_POINT ( 'NONE',  ( 23.00000000000000000, 0.04430047995070000161, -4.000000000000000000 ) ) ;
#3432 = CARTESIAN_POINT ( 'NONE',  ( -20.86332366715752684, -7.681268167302650163, -4.000000000000000000 ) ) ;
#3433 = CARTESIAN_POINT ( 'NONE',  ( 11.44367210680428748, -19.56754203517810708, 0.000000000000000000 ) ) ;
#3434 = CARTESIAN_POINT ( 'NONE',  ( -12.12435565298221007, -6.999999999999886313, -4.000000000000000000 ) ) ;
#3435 = CARTESIAN_POINT ( 'NONE',  ( -20.70473135879237603, 7.792496877489671903, 0.000000000000000000 ) ) ;
#3436 = CARTESIAN_POINT ( 'NONE',  ( 6.588325495778275531, 20.09203753864544595, -4.000000000000000000 ) ) ;
#3437 = DIRECTION ( 'NONE',  ( -0.000000000000000000, -0.000000000000000000, 1.000000000000000000 ) ) ;
#3438 = CARTESIAN_POINT ( 'NONE',  ( -22.04321896426556648, 2.894244770580947534, 0.000000000000000000 ) ) ;
#3439 = LINE ( 'NONE', #1522, #452 ) ;
#3440 = CARTESIAN_POINT ( 'NONE',  ( 13.57424375338773359, 18.51034463267700758, 0.000000000000000000 ) ) ;
#3441 = CARTESIAN_POINT ( 'NONE',  ( -22.23518487644739849, 3.348207441344186908, -4.000000000000000000 ) ) ;
#3442 = CARTESIAN_POINT ( 'NONE',  ( -0.3848533942811458997, 21.79654169952963372, 0.000000000000000000 ) ) ;
#3443 = CARTESIAN_POINT ( 'NONE',  ( 6.367210647053994421, 20.26300161976031688, -4.000000000000000000 ) ) ;
#3444 = AXIS2_PLACEMENT_3D ( 'NONE', #1685, #4002, #4024 ) ;
#3445 = ORIENTED_EDGE ( 'NONE', *, *, #1806, .T. ) ;
#3446 = FACE_BOUND ( 'NONE', #1216, .T. ) ;
#3447 = CARTESIAN_POINT ( 'NONE',  ( -9.813211701011764987, 20.28439785978904197, 0.000000000000000000 ) ) ;
#3448 = CARTESIAN_POINT ( 'NONE',  ( 14.62811007625882631, -16.59600264588740615, 0.000000000000000000 ) ) ;
#3449 = CARTESIAN_POINT ( 'NONE',  ( 20.78091500548366000, 9.348690247244249463, -4.000000000000000000 ) ) ;
#3450 = CARTESIAN_POINT ( 'NONE',  ( -13.30135309966941115, -16.69022419582070071, -4.000000000000000000 ) ) ;
#3451 = CARTESIAN_POINT ( 'NONE',  ( 20.80425486829264514, -9.001628295016114834, 0.000000000000000000 ) ) ;
#3452 = CARTESIAN_POINT ( 'NONE',  ( 14.84467752762610004, 15.61258150207477691, 0.000000000000000000 ) ) ;
#3453 = AXIS2_PLACEMENT_3D ( 'NONE', #2349, #3016, #4127 ) ;
#3454 = CARTESIAN_POINT ( 'NONE',  ( -7.777861387214355382, -21.62778625667889543, 0.000000000000000000 ) ) ;
#3455 = CARTESIAN_POINT ( 'NONE',  ( 19.22635862625716285, 12.00805840096806598, 0.000000000000000000 ) ) ;
#3456 = CARTESIAN_POINT ( 'NONE',  ( -18.16980692583723567, 12.90301663323251447, -4.000000000000000000 ) ) ;
#3457 = ADVANCED_FACE ( 'NONE', ( #1888 ), #1444, .T. ) ;
#3458 = CARTESIAN_POINT ( 'NONE',  ( 10.71562741426037135, -19.59873212738515491, -4.000000000000000000 ) ) ;
#3459 = CARTESIAN_POINT ( 'NONE',  ( -22.33239803592120509, -5.504441744273377957, -4.000000000000000000 ) ) ;
#3460 = CARTESIAN_POINT ( 'NONE',  ( 13.27905935459841835, -18.77110434763019953, 0.000000000000000000 ) ) ;
#3461 = DIRECTION ( 'NONE',  ( -0.000000000000000000, -0.000000000000000000, 1.000000000000000000 ) ) ;
#3462 = CARTESIAN_POINT ( 'NONE',  ( -13.30135309966936497, 16.69022419582071493, -4.000000000000000000 ) ) ;
#3463 = CARTESIAN_POINT ( 'NONE',  ( 4.673683455278435872, -22.04342540039875331, -4.000000000000000000 ) ) ;
#3464 = CARTESIAN_POINT ( 'NONE',  ( -6.428320472784999851, 21.73759481832536622, -4.000000000000000000 ) ) ;
#3465 = CARTESIAN_POINT ( 'NONE',  ( 0.2161260314738332744, -22.23136173600510190, 0.000000000000000000 ) ) ;
#3466 = CARTESIAN_POINT ( 'NONE',  ( -21.37987086968730210, -1.667832292710507591, 0.000000000000000000 ) ) ;
#3467 = CARTESIAN_POINT ( 'NONE',  ( 20.61242875501079297, 7.702030169303789364, 0.000000000000000000 ) ) ;
#3468 = CARTESIAN_POINT ( 'NONE',  ( 12.95531842612690987, 19.00283322196916203, -4.000000000000000000 ) ) ;
#3469 = CARTESIAN_POINT ( 'NONE',  ( 0.1359087958816711239, 22.17789819845266308, 0.000000000000000000 ) ) ;
#3470 = CARTESIAN_POINT ( 'NONE',  ( 20.60264002790486160, -4.393136808702785778, -4.000000000000000000 ) ) ;
#3471 = ORIENTED_EDGE ( 'NONE', *, *, #2228, .F. ) ;
#3472 = CARTESIAN_POINT ( 'NONE',  ( 22.96472145361868655, 0.5273686763883617123, 0.000000000000000000 ) ) ;
#3473 = CARTESIAN_POINT ( 'NONE',  ( -9.070076318507847901, 21.00981780099894536, 0.000000000000000000 ) ) ;
#3474 = CARTESIAN_POINT ( 'NONE',  ( 14.60493761306324423, -16.69051937538968033, 0.000000000000000000 ) ) ;
#3475 = EDGE_CURVE ( 'NONE', #1394, #2714, #4388, .T. ) ;
#3476 = CARTESIAN_POINT ( 'NONE',  ( 14.69404000307405589, 16.29350919737446901, 0.000000000000000000 ) ) ;
#3477 = CARTESIAN_POINT ( 'NONE',  ( 19.93120287531943902, -11.34539950381585705, -4.000000000000000000 ) ) ;
#3478 = CARTESIAN_POINT ( 'NONE',  ( -7.777861387214355382, -21.62778625667889543, 0.000000000000000000 ) ) ;
#3479 = CARTESIAN_POINT ( 'NONE',  ( -16.11019124716814588, -16.11540181887259493, -4.000000000000000000 ) ) ;
#3480 = CARTESIAN_POINT ( 'NONE',  ( 20.79633826188292645, -8.675726789176360754, 0.000000000000000000 ) ) ;
#3481 = CARTESIAN_POINT ( 'NONE',  ( 11.90217861259450238, 19.47257571994366643, 0.000000000000000000 ) ) ;
#3482 = CARTESIAN_POINT ( 'NONE',  ( -9.169259294848490782, -20.93439900958707867, 0.000000000000000000 ) ) ;
#3483 = CARTESIAN_POINT ( 'NONE',  ( 19.84835533766066717, 11.44289398223679122, -4.000000000000000000 ) ) ;
#3484 = CARTESIAN_POINT ( 'NONE',  ( -17.89594962096632713, 14.16255796312504245, -4.000000000000000000 ) ) ;
#3485 = CARTESIAN_POINT ( 'NONE',  ( 2.640307831937919403, 22.84680985470237502, -4.000000000000000000 ) ) ;
#3486 = CARTESIAN_POINT ( 'NONE',  ( -18.33448606018941618, -10.37376730258236357, -4.000000000000000000 ) ) ;
#3487 = CARTESIAN_POINT ( 'NONE',  ( -9.677132859199151227, 20.45075552913850814, -4.000000000000000000 ) ) ;
#3488 = CARTESIAN_POINT ( 'NONE',  ( -0.1940517453232506739, 21.93981762679451819, -4.000000000000000000 ) ) ;
#3489 = CARTESIAN_POINT ( 'NONE',  ( -21.16885992121934379, -7.436852529821842417, -4.000000000000000000 ) ) ;
#3490 = CARTESIAN_POINT ( 'NONE',  ( 10.02411735440073492, -19.51692406200496421, -4.000000000000000000 ) ) ;
#3491 = FACE_BOUND ( 'NONE', #1760, .T. ) ;
#3492 = CARTESIAN_POINT ( 'NONE',  ( -20.00251443689480979, 8.246388228751534655, 0.000000000000000000 ) ) ;
#3493 = ADVANCED_FACE ( 'NONE', ( #4015, #3854, #4145, #2275, #64, #3446, #363, #727 ), #3086, .T. ) ;
#3494 = CARTESIAN_POINT ( 'NONE',  ( 6.021956410969873552, 20.58194801143687869, -4.000000000000000000 ) ) ;
#3495 = CARTESIAN_POINT ( 'NONE',  ( -6.541507844657088455, 21.74728613986733450, -4.000000000000000000 ) ) ;
#3496 = CARTESIAN_POINT ( 'NONE',  ( 22.96472145361869366, -0.5273686763883274065, -4.000000000000000000 ) ) ;
#3497 = CARTESIAN_POINT ( 'NONE',  ( -2.869831308946243276, -20.81631655038354367, -4.000000000000000000 ) ) ;
#3498 = CARTESIAN_POINT ( 'NONE',  ( -12.50810894298446740, 16.95038754158260019, -4.000000000000000000 ) ) ;
#3499 = CARTESIAN_POINT ( 'NONE',  ( -18.58985845081708987, -9.756710369366027535, 0.000000000000000000 ) ) ;
#3500 = CARTESIAN_POINT ( 'NONE',  ( -0.4943508176894119144, 21.71550991531048425, 0.000000000000000000 ) ) ;
#3501 = CARTESIAN_POINT ( 'NONE',  ( -5.621427799191283547, -21.56453735785112613, -4.000000000000000000 ) ) ;
#3502 = ORIENTED_EDGE ( 'NONE', *, *, #1140, .T. ) ;
#3503 = CARTESIAN_POINT ( 'NONE',  ( 22.15657846533721909, 2.390764034578162445, -4.000000000000000000 ) ) ;
#3504 = CARTESIAN_POINT ( 'NONE',  ( -9.934253601406442868, 20.11810158283995165, 0.000000000000000000 ) ) ;
#3505 = CARTESIAN_POINT ( 'NONE',  ( 14.55393136195742443, -16.87639783458276099, 0.000000000000000000 ) ) ;
#3506 = CARTESIAN_POINT ( 'NONE',  ( 14.29011911042242744, 17.54060426259943029, -4.000000000000000000 ) ) ;
#3507 = CARTESIAN_POINT ( 'NONE',  ( -21.68465170036326484, 6.878550772462173057, -4.000000000000000000 ) ) ;
#3508 = CARTESIAN_POINT ( 'NONE',  ( 19.76335568513955820, -11.53639894063094040, -4.000000000000000000 ) ) ;
#3509 = CARTESIAN_POINT ( 'NONE',  ( -8.279565467389332412, -21.45685768362953638, -4.000000000000000000 ) ) ;
#3510 = CARTESIAN_POINT ( 'NONE',  ( -14.71177527412551278, -16.52188174842913426, 0.000000000000000000 ) ) ;
#3511 = CARTESIAN_POINT ( 'NONE',  ( 20.71004497320205573, -8.085430867093005958, 0.000000000000000000 ) ) ;
#3512 = CARTESIAN_POINT ( 'NONE',  ( 12.37573363895108436, 19.30834417696301486, 0.000000000000000000 ) ) ;
#3513 = CARTESIAN_POINT ( 'NONE',  ( -10.09223420870867827, -19.86898413699724486, 0.000000000000000000 ) ) ;
#3514 = CARTESIAN_POINT ( 'NONE',  ( 19.67653159492527948, 11.62576803065812214, 0.000000000000000000 ) ) ;
#3515 = CARTESIAN_POINT ( 'NONE',  ( -19.34777908991708983, 8.763221459836241678, -4.000000000000000000 ) ) ;
#3516 = CARTESIAN_POINT ( 'NONE',  ( -8.967007540600043569, 21.08292693307965138, -4.000000000000000000 ) ) ;
#3517 = CARTESIAN_POINT ( 'NONE',  ( 22.82546726133483261, 1.149966177979573567, -4.000000000000000000 ) ) ;
#3518 = CARTESIAN_POINT ( 'NONE',  ( -22.26010680064554137, -5.759810847278154178, -4.000000000000000000 ) ) ;
#3519 = CARTESIAN_POINT ( 'NONE',  ( 12.13835046888203983, -19.39946330054828039, -4.000000000000000000 ) ) ;
#3520 = DIRECTION ( 'NONE',  ( 1.000000000000000000, 0.000000000000000000, 0.000000000000000000 ) ) ;
#3521 = CARTESIAN_POINT ( 'NONE',  ( -20.44527414537789056, 7.961408085081993491, -4.000000000000000000 ) ) ;
#3522 = CARTESIAN_POINT ( 'NONE',  ( 5.775226086956907423, 20.85066584697020176, 0.000000000000000000 ) ) ;
#3523 = CARTESIAN_POINT ( 'NONE',  ( -6.657349869653466534, 21.75358068935851463, -4.000000000000000000 ) ) ;
#3524 = CARTESIAN_POINT ( 'NONE',  ( -22.35395168710630642, 3.761273262743602075, -4.000000000000000000 ) ) ;
#3525 = CARTESIAN_POINT ( 'NONE',  ( 1.039378218881640281, -22.64433760357381686, -4.000000000000000000 ) ) ;
#3526 = CARTESIAN_POINT ( 'NONE',  ( -13.87905924079402453, 16.59744610498878004, -4.000000000000000000 ) ) ;
#3527 = CARTESIAN_POINT ( 'NONE',  ( -20.70473135879238313, -7.792496877489661244, 0.000000000000000000 ) ) ;
#3528 = CARTESIAN_POINT ( 'NONE',  ( 20.76316020819749752, 8.372076745820168142, 0.000000000000000000 ) ) ;
#3529 = CARTESIAN_POINT ( 'NONE',  ( 12.72771890607624279, 19.13795803034424736, 0.000000000000000000 ) ) ;
#3530 = CARTESIAN_POINT ( 'NONE',  ( -22.40761293520195707, 5.114210463940516149, -4.000000000000000000 ) ) ;
#3531 = CARTESIAN_POINT ( 'NONE',  ( -0.1077446603907883660, 22.00413322531517935, 0.000000000000000000 ) ) ;
#3532 = CARTESIAN_POINT ( 'NONE',  ( 20.73967884702717157, -4.118461680631887667, -4.000000000000000000 ) ) ;
#3533 = CARTESIAN_POINT ( 'NONE',  ( -17.73761553920985534, 14.50082850329367723, 0.000000000000000000 ) ) ;
#3534 = CARTESIAN_POINT ( 'NONE',  ( -17.03362813099638018, 15.44484666377423565, 0.000000000000000000 ) ) ;
#3535 = CARTESIAN_POINT ( 'NONE',  ( 20.65929445717397073, -9.958136898542228721, 0.000000000000000000 ) ) ;
#3536 = CARTESIAN_POINT ( 'NONE',  ( -11.03144477067790241, -18.15042237353859633, -4.000000000000000000 ) ) ;
#3537 = CARTESIAN_POINT ( 'NONE',  ( -8.031184762135691102, -21.55105605998828722, 0.000000000000000000 ) ) ;
#3538 = CARTESIAN_POINT ( 'NONE',  ( 19.76335568513954755, 11.53639894063094751, -4.000000000000000000 ) ) ;
#3539 = CARTESIAN_POINT ( 'NONE',  ( 20.55100073401141714, -7.488439534209994086, -4.000000000000000000 ) ) ;
#3540 = CARTESIAN_POINT ( 'NONE',  ( -16.11019124716817075, 16.11540181887257717, -4.000000000000000000 ) ) ;
#3541 = CARTESIAN_POINT ( 'NONE',  ( 11.11919254841974158, 19.59896623534659454, 0.000000000000000000 ) ) ;
#3542 = CARTESIAN_POINT ( 'NONE',  ( -10.36776592877072822, -19.33656337675048320, 0.000000000000000000 ) ) ;
#3543 = CARTESIAN_POINT ( 'NONE',  ( -9.875503961468170999, 20.20119702064939560, 0.000000000000000000 ) ) ;
#3544 = CARTESIAN_POINT ( 'NONE',  ( -18.15682379694213466, -12.06511880593055608, 0.000000000000000000 ) ) ;
#3545 = CARTESIAN_POINT ( 'NONE',  ( 14.52531902632189187, -16.96909187510690487, -4.000000000000000000 ) ) ;
#3546 = CARTESIAN_POINT ( 'NONE',  ( 0.000000000000000000, 0.000000000000000000, 0.000000000000000000 ) ) ;
#3547 = CARTESIAN_POINT ( 'NONE',  ( -7.522665644989237066, 21.68645783641392555, -4.000000000000000000 ) ) ;
#3548 = CARTESIAN_POINT ( 'NONE',  ( -21.99981435537412722, 2.808168091621709550, -4.000000000000000000 ) ) ;
#3549 = CARTESIAN_POINT ( 'NONE',  ( 4.501746821145964361, -22.17238321979582949, -4.000000000000000000 ) ) ;
#3550 = CARTESIAN_POINT ( 'NONE',  ( -13.51774999865092219, 16.64785205169377846, -4.000000000000000000 ) ) ;
#3551 = CARTESIAN_POINT ( 'NONE',  ( -21.24426801316550240, -7.368515192687130622, 0.000000000000000000 ) ) ;
#3552 = CARTESIAN_POINT ( 'NONE',  ( 10.91357375904089011, 19.60411471402109029, 0.000000000000000000 ) ) ;
#3553 = CARTESIAN_POINT ( 'NONE',  ( 0.3802319003370139838, 22.33361581975058030, 0.000000000000000000 ) ) ;
#3554 = CARTESIAN_POINT ( 'NONE',  ( 10.33033271631730265, 19.56254416469471735, -4.000000000000000000 ) ) ;
#3555 = CARTESIAN_POINT ( 'NONE',  ( -17.38541332982639176, 15.04776325982250107, 0.000000000000000000 ) ) ;
#3556 = CARTESIAN_POINT ( 'NONE',  ( 20.23485559402975653, -10.91963345819501363, 0.000000000000000000 ) ) ;
#3557 = CARTESIAN_POINT ( 'NONE',  ( 20.88274395768156921, 3.878351565327959882, 0.000000000000000000 ) ) ;
#3558 = CARTESIAN_POINT ( 'NONE',  ( -12.79282727309312406, -16.83566380198485035, -4.000000000000000000 ) ) ;
#3559 = CARTESIAN_POINT ( 'NONE',  ( -21.54139206009464047, 7.057957261120552772, -4.000000000000000000 ) ) ;
#3560 = CARTESIAN_POINT ( 'NONE',  ( -9.169259294848490782, -20.93439900958707867, 0.000000000000000000 ) ) ;
#3561 = CARTESIAN_POINT ( 'NONE',  ( 16.68839162776217222, 13.13880477611281350, -4.000000000000000000 ) ) ;
#3562 = DIRECTION ( 'NONE',  ( 1.000000000000000000, 0.000000000000000000, 0.000000000000000000 ) ) ;
#3563 = CARTESIAN_POINT ( 'NONE',  ( 20.47965370487760950, -7.238199896465288496, -4.000000000000000000 ) ) ;
#3564 = CARTESIAN_POINT ( 'NONE',  ( 5.175558906586990915, 21.56597388726453346, 0.000000000000000000 ) ) ;
#3565 = CARTESIAN_POINT ( 'NONE',  ( -5.161319963510439202, -21.39051808964734747, 0.000000000000000000 ) ) ;
#3566 = CARTESIAN_POINT ( 'NONE',  ( -19.86201249255650225, 8.343716905771959347, -4.000000000000000000 ) ) ;
#3567 = CARTESIAN_POINT ( 'NONE',  ( 14.42300264874661941, -17.25082415869792385, -4.000000000000000000 ) ) ;
#3568 = CARTESIAN_POINT ( 'NONE',  ( -18.25491778814015476, -10.67023813421722878, -4.000000000000000000 ) ) ;
#3569 = CARTESIAN_POINT ( 'NONE',  ( 14.33820731893271727, -17.44313782921219058, -4.000000000000000000 ) ) ;
#3570 = CARTESIAN_POINT ( 'NONE',  ( 20.73967884702714670, 4.118461680631925859, 0.000000000000000000 ) ) ;
#3571 = CARTESIAN_POINT ( 'NONE',  ( 4.831005402018962336, 21.91092861382620427, 0.000000000000000000 ) ) ;
#3572 = CARTESIAN_POINT ( 'NONE',  ( -22.43740558611070313, 4.345941609494268221, 0.000000000000000000 ) ) ;
#3573 = CARTESIAN_POINT ( 'NONE',  ( 4.409968919116991515, -22.23507379612073009, 0.000000000000000000 ) ) ;
#3574 = ADVANCED_FACE ( 'NONE', ( #4528 ), #12, .F. ) ;
#3575 = CARTESIAN_POINT ( 'NONE',  ( -18.58985845081703658, 9.756710369366139446, -4.000000000000000000 ) ) ;
#3576 = CARTESIAN_POINT ( 'NONE',  ( -20.62209677019496823, -7.847588496223877108, 0.000000000000000000 ) ) ;
#3577 = CARTESIAN_POINT ( 'NONE',  ( -21.85668550328495030, 2.545346090368722614, -4.000000000000000000 ) ) ;
#3578 = CARTESIAN_POINT ( 'NONE',  ( -1.332937384492310695, 21.19796886485566745, -4.000000000000000000 ) ) ;
#3579 = CARTESIAN_POINT ( 'NONE',  ( -17.93977136646275738, 14.05023277825312178, -4.000000000000000000 ) ) ;
#3580 = CARTESIAN_POINT ( 'NONE',  ( -14.80839600204009621, 16.51027097138295474, 0.000000000000000000 ) ) ;
#3581 = CARTESIAN_POINT ( 'NONE',  ( 20.74746145929375629, -8.275132317816305871, 0.000000000000000000 ) ) ;
#3582 = CARTESIAN_POINT ( 'NONE',  ( -9.355409910612213054, -20.77789073049703106, 0.000000000000000000 ) ) ;
#3583 = CARTESIAN_POINT ( 'NONE',  ( 18.04784068419240128, 12.58844448481508849, -4.000000000000000000 ) ) ;
#3584 = CARTESIAN_POINT ( 'NONE',  ( 20.66509520378538767, -7.897008828913190115, 0.000000000000000000 ) ) ;
#3585 = CARTESIAN_POINT ( 'NONE',  ( 5.775226086956907423, 20.85066584697020176, 0.000000000000000000 ) ) ;
#3586 = CARTESIAN_POINT ( 'NONE',  ( -3.778801353825819831, -20.90098721100731893, 0.000000000000000000 ) ) ;
#3587 = CARTESIAN_POINT ( 'NONE',  ( 18.86354708643816380, 12.23848564479274614, 0.000000000000000000 ) ) ;
#3588 = CARTESIAN_POINT ( 'NONE',  ( -17.84767620596554849, -14.27532248167365303, -4.000000000000000000 ) ) ;
#3589 = CARTESIAN_POINT ( 'NONE',  ( 12.84246811570853630, -19.07246152098828063, -4.000000000000000000 ) ) ;
#3590 = EDGE_CURVE ( 'NONE', #4144, #111, #606, .T. ) ;
#3591 = CARTESIAN_POINT ( 'NONE',  ( -20.00251443689480979, -8.246388228751520444, 0.000000000000000000 ) ) ;
#3592 = CARTESIAN_POINT ( 'NONE',  ( 13.98660388258982579, -18.03380083971664050, 0.000000000000000000 ) ) ;
#3593 = CARTESIAN_POINT ( 'NONE',  ( 22.74513939634669768, 1.379518627932509789, 0.000000000000000000 ) ) ;
#3594 = CARTESIAN_POINT ( 'NONE',  ( -14.99906732216531680, 16.48204178567783984, -4.000000000000000000 ) ) ;
#3595 = CARTESIAN_POINT ( 'NONE',  ( 5.370547556266000555, 21.33894811969763694, 0.000000000000000000 ) ) ;
#3596 = CARTESIAN_POINT ( 'NONE',  ( 5.775226086956912752, -20.85066584697018754, -4.000000000000000000 ) ) ;
#3597 = CARTESIAN_POINT ( 'NONE',  ( 4.831005402018960559, -21.91092861382620782, -4.000000000000000000 ) ) ;
#3598 = CARTESIAN_POINT ( 'NONE',  ( -14.99906732216531680, 16.48204178567783984, -4.000000000000000000 ) ) ;
#3599 = VERTEX_POINT ( 'NONE', #389 ) ;
#3600 = CARTESIAN_POINT ( 'NONE',  ( -18.15233757200131492, 11.92897289312902132, -4.000000000000000000 ) ) ;
#3601 = CARTESIAN_POINT ( 'NONE',  ( -18.17183461541527478, -11.19258704227211432, 0.000000000000000000 ) ) ;
#3602 = CARTESIAN_POINT ( 'NONE',  ( 11.78539027706231224, 19.50253865068290438, 0.000000000000000000 ) ) ;
#3603 = CARTESIAN_POINT ( 'NONE',  ( -21.99981435537412722, 2.808168091621709550, -4.000000000000000000 ) ) ;
#3604 = CARTESIAN_POINT ( 'NONE',  ( 5.044013087028530684, 21.70685730218824006, -4.000000000000000000 ) ) ;
#3605 = CARTESIAN_POINT ( 'NONE',  ( -18.17312489739111925, 12.51371455121038423, 0.000000000000000000 ) ) ;
#3606 = CARTESIAN_POINT ( 'NONE',  ( 19.76335568513955820, -11.53639894063094040, 0.000000000000000000 ) ) ;
#3607 = CARTESIAN_POINT ( 'NONE',  ( 20.88274395768156921, 3.878351565327959882, -4.000000000000000000 ) ) ;
#3608 = CARTESIAN_POINT ( 'NONE',  ( 13.83449488849161924, 18.22869934018957494, 0.000000000000000000 ) ) ;
#3609 = CARTESIAN_POINT ( 'NONE',  ( -11.92633278975211830, -17.27827597421669026, -4.000000000000000000 ) ) ;
#3610 = CARTESIAN_POINT ( 'NONE',  ( -22.26010680064554137, 5.759810847278162171, -4.000000000000000000 ) ) ;
#3611 = CARTESIAN_POINT ( 'NONE',  ( 20.77666459608137117, -8.470986611750912942, -4.000000000000000000 ) ) ;
#3612 = CARTESIAN_POINT ( 'NONE',  ( -4.956690974354527768, -21.30379244199513522, 0.000000000000000000 ) ) ;
#3613 = CIRCLE ( 'NONE', #4158, 5.000000000000000888 ) ;
#3614 = CARTESIAN_POINT ( 'NONE',  ( 20.73967884702717157, -4.118461680631887667, 0.000000000000000000 ) ) ;
#3615 = CARTESIAN_POINT ( 'NONE',  ( 3.778537881278389854, 22.56992201879467430, 0.000000000000000000 ) ) ;
#3616 = CARTESIAN_POINT ( 'NONE',  ( 1.372163210848019954, -22.74558431711198736, 0.000000000000000000 ) ) ;
#3617 = CARTESIAN_POINT ( 'NONE',  ( 18.50763246423367292, 12.41359184638038471, -4.000000000000000000 ) ) ;
#3618 = VECTOR ( 'NONE', #3976, 1000.000000000000000 ) ;
#3619 = CARTESIAN_POINT ( 'NONE',  ( -5.161319963510448972, 21.39051808964734036, -4.000000000000000000 ) ) ;
#3620 = CARTESIAN_POINT ( 'NONE',  ( 20.47965370487759884, 7.238199896465309813, -4.000000000000000000 ) ) ;
#3621 = CARTESIAN_POINT ( 'NONE',  ( -18.17312489739111214, -12.51371455121038423, 0.000000000000000000 ) ) ;
#3622 = CARTESIAN_POINT ( 'NONE',  ( 13.91274688963103401, -18.13173604191908694, 0.000000000000000000 ) ) ;
#3623 = CARTESIAN_POINT ( 'NONE',  ( 5.000000000000000888, 14.00000000000000000, -6.000000000000000000 ) ) ;
#3624 = CARTESIAN_POINT ( 'NONE',  ( -8.156181287886402842, 21.50608257563538928, -4.000000000000000000 ) ) ;
#3625 = CARTESIAN_POINT ( 'NONE',  ( 3.660967934227335796, -22.61624075931525013, 0.000000000000000000 ) ) ;
#3626 = EDGE_LOOP ( 'NONE', ( #1718, #3338, #3445, #2854 ) ) ;
#3627 = CARTESIAN_POINT ( 'NONE',  ( -16.63690652438658191, -15.78557186981675109, 0.000000000000000000 ) ) ;
#3628 = CARTESIAN_POINT ( 'NONE',  ( 20.72113584048848978, 9.711501322388421897, 0.000000000000000000 ) ) ;
#3629 = SECURITY_CLASSIFICATION ( '', '', #2882 ) ;
#3630 = CARTESIAN_POINT ( 'NONE',  ( -15.58767780413766069, 16.33620357133145262, 0.000000000000000000 ) ) ;
#3631 = CARTESIAN_POINT ( 'NONE',  ( 20.62158199844362017, -10.08183057675171668, 0.000000000000000000 ) ) ;
#3632 = CARTESIAN_POINT ( 'NONE',  ( 1.985132969657291246, 22.84797988994008833, 0.000000000000000000 ) ) ;
#3633 = CARTESIAN_POINT ( 'NONE',  ( -21.82161479238340007, 6.682827900513040653, 0.000000000000000000 ) ) ;
#3634 = CARTESIAN_POINT ( 'NONE',  ( 20.62158199844362017, -10.08183057675171668, -4.000000000000000000 ) ) ;
#3635 = CARTESIAN_POINT ( 'NONE',  ( -7.268665028289802876, -21.72702328910405356, 0.000000000000000000 ) ) ;
#3636 = PERSON_AND_ORGANIZATION ( #475, #4840 ) ;
#3637 = CARTESIAN_POINT ( 'NONE',  ( 23.00000000000000355, -3.591419696358233438E-15, -4.000000000000000000 ) ) ;
#3638 = CARTESIAN_POINT ( 'NONE',  ( 4.975601053490134262, 21.77563698353633370, 0.000000000000000000 ) ) ;
#3639 = CARTESIAN_POINT ( 'NONE',  ( 0.4653096620767630531, -22.38267137290714714, 0.000000000000000000 ) ) ;
#3640 = CARTESIAN_POINT ( 'NONE',  ( 18.32925739246958940, 12.48663137688971680, 0.000000000000000000 ) ) ;
#3641 = CARTESIAN_POINT ( 'NONE',  ( -21.61366561709855105, 6.970311178364145377, -4.000000000000000000 ) ) ;
#3642 = CARTESIAN_POINT ( 'NONE',  ( -18.95261829878785420, -9.196014721598634978, 0.000000000000000000 ) ) ;
#3643 = CARTESIAN_POINT ( 'NONE',  ( 19.31750712556343075, -11.94025534839110492, 0.000000000000000000 ) ) ;
#3644 = CARTESIAN_POINT ( 'NONE',  ( 23.00000000000000000, 0.04430047995070000161, 0.000000000000000000 ) ) ;
#3645 = CARTESIAN_POINT ( 'NONE',  ( 1.732595443184614004, -22.81834440718661128, -4.000000000000000000 ) ) ;
#3646 = ORIENTED_EDGE ( 'NONE', *, *, #2337, .T. ) ;
#3647 = CARTESIAN_POINT ( 'NONE',  ( -18.14965349118963900, 11.60634439467843748, 0.000000000000000000 ) ) ;
#3648 = CARTESIAN_POINT ( 'NONE',  ( -14.51079128029503096, -16.54177814894683962, 0.000000000000000000 ) ) ;
#3649 = CARTESIAN_POINT ( 'NONE',  ( 20.69246807443067127, 9.834571535528151998, 0.000000000000000000 ) ) ;
#3650 = CARTESIAN_POINT ( 'NONE',  ( 10.52279904167778035, 19.58445443271416408, 0.000000000000000000 ) ) ;
#3651 = CARTESIAN_POINT ( 'NONE',  ( -4.716875799352163945, 21.20280255783143630, -4.000000000000000000 ) ) ;
#3652 = CARTESIAN_POINT ( 'NONE',  ( 21.96795606151921021, -2.611094541491823851, -4.000000000000000000 ) ) ;
#3653 = CARTESIAN_POINT ( 'NONE',  ( -21.94990946333025406, 6.471491559627746248, 0.000000000000000000 ) ) ;
#3654 = CARTESIAN_POINT ( 'NONE',  ( 4.999999999999903189, -14.00000000000000000, -6.000000000000000000 ) ) ;
#3655 = CARTESIAN_POINT ( 'NONE',  ( 21.28164066119390085, 3.347972942834771981, -4.000000000000000000 ) ) ;
#3656 = CARTESIAN_POINT ( 'NONE',  ( 2.244567722035322177, 22.86085004771973317, 0.000000000000000000 ) ) ;
#3657 = CARTESIAN_POINT ( 'NONE',  ( -8.967007540600034687, -21.08292693307965138, -4.000000000000000000 ) ) ;
#3658 = CARTESIAN_POINT ( 'NONE',  ( 14.69404000307405589, 16.29350919737446901, -4.000000000000000000 ) ) ;
#3659 = ORIENTED_EDGE ( 'NONE', *, *, #3693, .F. ) ;
#3660 = CARTESIAN_POINT ( 'NONE',  ( 22.09532119296678587, -2.465144311845597347, -4.000000000000000000 ) ) ;
#3661 = CARTESIAN_POINT ( 'NONE',  ( 0.3802319003370139838, 22.33361581975058030, 0.000000000000000000 ) ) ;
#3662 = CARTESIAN_POINT ( 'NONE',  ( -4.956690974354527768, -21.30379244199513522, 0.000000000000000000 ) ) ;
#3663 = CARTESIAN_POINT ( 'NONE',  ( -14.90389234821013531, -16.49709513737360567, -4.000000000000000000 ) ) ;
#3664 = CARTESIAN_POINT ( 'NONE',  ( 16.68839162776216156, -13.13880477611282771, -4.000000000000000000 ) ) ;
#3665 = CARTESIAN_POINT ( 'NONE',  ( -18.01441512476087325, -13.82811003151777385, 0.000000000000000000 ) ) ;
#3666 = CARTESIAN_POINT ( 'NONE',  ( 16.45012902904866436, -13.28492605249687841, -4.000000000000000000 ) ) ;
#3667 = CARTESIAN_POINT ( 'NONE',  ( 21.15774907159878637, 3.497169882115190642, 0.000000000000000000 ) ) ;
#3668 = CARTESIAN_POINT ( 'NONE',  ( 3.778537881278389854, 22.56992201879467430, 0.000000000000000000 ) ) ;
#3669 = CARTESIAN_POINT ( 'NONE',  ( -8.636500735330375988, 21.28538005795921606, -4.000000000000000000 ) ) ;
#3670 = CARTESIAN_POINT ( 'NONE',  ( -21.46445723021905394, 1.842343038153471113, 0.000000000000000000 ) ) ;
#3671 = CARTESIAN_POINT ( 'NONE',  ( -22.39742744632050986, -3.986705893618942120, 0.000000000000000000 ) ) ;
#3672 = CARTESIAN_POINT ( 'NONE',  ( 5.438954983983058433, -21.25584677821780843, 0.000000000000000000 ) ) ;
#3673 = ORIENTED_EDGE ( 'NONE', *, *, #4576, .T. ) ;
#3674 = CARTESIAN_POINT ( 'NONE',  ( -14.80839600204009621, -16.51027097138295829, 0.000000000000000000 ) ) ;
#3675 = CARTESIAN_POINT ( 'NONE',  ( -11.41345111234950416, 17.70597528647927987, -4.000000000000000000 ) ) ;
#3676 = CARTESIAN_POINT ( 'NONE',  ( -22.29924221309443411, -3.548385995256941428, -4.000000000000000000 ) ) ;
#3677 = CARTESIAN_POINT ( 'NONE',  ( -18.33448606018943039, 10.37376730258235114, 0.000000000000000000 ) ) ;
#3678 = LINE ( 'NONE', #3757, #600 ) ;
#3679 = CARTESIAN_POINT ( 'NONE',  ( 20.32235553057461175, 6.518546132211240796, -4.000000000000000000 ) ) ;
#3680 = ADVANCED_FACE ( 'NONE', ( #1978 ), #3273, .T. ) ;
#3681 = CARTESIAN_POINT ( 'NONE',  ( 13.91274688963103934, 18.13173604191908339, -4.000000000000000000 ) ) ;
#3682 = CARTESIAN_POINT ( 'NONE',  ( -8.031184762135691102, -21.55105605998828722, -4.000000000000000000 ) ) ;
#3683 = CARTESIAN_POINT ( 'NONE',  ( -6.428320472785005180, -21.73759481832537688, -4.000000000000000000 ) ) ;
#3684 = CARTESIAN_POINT ( 'NONE',  ( 22.15657846533722974, -2.390764034578149566, 0.000000000000000000 ) ) ;
#3685 = CARTESIAN_POINT ( 'NONE',  ( -16.93788766549283764, 15.53590124693298691, 0.000000000000000000 ) ) ;
#3686 = CARTESIAN_POINT ( 'NONE',  ( -5.621427799191296870, 21.56453735785114034, 0.000000000000000000 ) ) ;
#3687 = CARTESIAN_POINT ( 'NONE',  ( 9.788587241230342073, -19.47872947641211994, 0.000000000000000000 ) ) ;
#3688 = CARTESIAN_POINT ( 'NONE',  ( -16.00418357823503257, -16.16801435209529103, -4.000000000000000000 ) ) ;
#3689 = CARTESIAN_POINT ( 'NONE',  ( -17.46426378467749174, -14.94174543293087432, -4.000000000000000000 ) ) ;
#3690 = CARTESIAN_POINT ( 'NONE',  ( 17.94588197194135404, -12.62293839904232406, 0.000000000000000000 ) ) ;
#3691 = CARTESIAN_POINT ( 'NONE',  ( -14.61300362791339680, 16.53226074606681451, -4.000000000000000000 ) ) ;
#3692 = CARTESIAN_POINT ( 'NONE',  ( 20.36616000391637371, 10.68898534220125818, 0.000000000000000000 ) ) ;
#3693 = EDGE_CURVE ( 'NONE', #2872, #852, #811, .T. ) ;
#3694 = CARTESIAN_POINT ( 'NONE',  ( 3.540430871598356788, 22.65913253418498030, 0.000000000000000000 ) ) ;
#3695 = CARTESIAN_POINT ( 'NONE',  ( -20.86332366715752684, -7.681268167302650163, -4.000000000000000000 ) ) ;
#3696 = CARTESIAN_POINT ( 'NONE',  ( 3.417209851801614295, 22.69836180709107509, -4.000000000000000000 ) ) ;
#3697 = AXIS2_PLACEMENT_3D ( 'NONE', #3154, #2761, #4276 ) ;
#3698 = CARTESIAN_POINT ( 'NONE',  ( -22.37721557805504347, -3.872467211510906449, -4.000000000000000000 ) ) ;
#3699 = CARTESIAN_POINT ( 'NONE',  ( 6.588325495778316387, -20.09203753864540687, 0.000000000000000000 ) ) ;
#3700 = FACE_OUTER_BOUND ( 'NONE', #1346, .T. ) ;
#3701 = CARTESIAN_POINT ( 'NONE',  ( -14.99906732216531680, -16.48204178567783984, 0.000000000000000000 ) ) ;
#3702 = EDGE_CURVE ( 'NONE', #222, #195, #2284, .T. ) ;
#3703 = CARTESIAN_POINT ( 'NONE',  ( -10.67698286436429989, 18.71147212199528553, -4.000000000000000000 ) ) ;
#3704 = CARTESIAN_POINT ( 'NONE',  ( -21.99981435537412722, -2.808168091621713991, -4.000000000000000000 ) ) ;
#3705 = CARTESIAN_POINT ( 'NONE',  ( -22.01006197919742036, 6.360361937078860883, 0.000000000000000000 ) ) ;
#3706 = DIRECTION ( 'NONE',  ( 0.000000000000000000, 0.000000000000000000, -1.000000000000000000 ) ) ;
#3707 = CARTESIAN_POINT ( 'NONE',  ( -7.522665644989237066, 21.68645783641392555, -4.000000000000000000 ) ) ;
#3708 = CARTESIAN_POINT ( 'NONE',  ( 2.772435045105535512, -22.83305684466245467, -4.000000000000000000 ) ) ;
#3709 = CARTESIAN_POINT ( 'NONE',  ( 20.30242169740233393, -10.80553650704882607, -4.000000000000000000 ) ) ;
#3710 = CARTESIAN_POINT ( 'NONE',  ( -6.541507844657093784, -21.74728613986732384, 0.000000000000000000 ) ) ;
#3711 = CARTESIAN_POINT ( 'NONE',  ( 14.71695605913790494, 16.18121015808957353, -4.000000000000000000 ) ) ;
#3712 = DATE_AND_TIME ( #1702, #3155 ) ;
#3713 = EDGE_LOOP ( 'NONE', ( #2164, #1501, #3502, #822 ) ) ;
#3714 = CARTESIAN_POINT ( 'NONE',  ( 22.65371642544585029, -1.595277858700916873, -4.000000000000000000 ) ) ;
#3715 = CARTESIAN_POINT ( 'NONE',  ( -0.2856726970412385991, 21.87095674489394170, 0.000000000000000000 ) ) ;
#3716 = CARTESIAN_POINT ( 'NONE',  ( 11.33340381907174610, -19.58147747135110706, 0.000000000000000000 ) ) ;
#3717 = CARTESIAN_POINT ( 'NONE',  ( -21.75406656625705182, 6.782700467727670990, -4.000000000000000000 ) ) ;
#3718 = CARTESIAN_POINT ( 'NONE',  ( -17.67583476004737619, -14.61286431517886442, 0.000000000000000000 ) ) ;
#3719 = CARTESIAN_POINT ( 'NONE',  ( 18.32925739246958940, -12.48663137688971858, -4.000000000000000000 ) ) ;
#3720 = CARTESIAN_POINT ( 'NONE',  ( -15.19074582262465078, 16.44511271538114627, -4.000000000000000000 ) ) ;
#3721 = CARTESIAN_POINT ( 'NONE',  ( 20.68850112096512817, 7.991468017176337924, 0.000000000000000000 ) ) ;
#3722 = CARTESIAN_POINT ( 'NONE',  ( -15.79395911403171482, 16.26029483406763987, -4.000000000000000000 ) ) ;
#3723 = CARTESIAN_POINT ( 'NONE',  ( 3.892887678750797775, 22.52043080026215094, -4.000000000000000000 ) ) ;
#3724 = CARTESIAN_POINT ( 'NONE',  ( 8.920607862287514678, -19.38845876690917436, -4.000000000000000000 ) ) ;
#3725 = CARTESIAN_POINT ( 'NONE',  ( -21.85668550328495030, 2.545346090368722614, 0.000000000000000000 ) ) ;
#3726 = CARTESIAN_POINT ( 'NONE',  ( -22.29924221309443411, -3.548385995256941428, -4.000000000000000000 ) ) ;
#3727 = CARTESIAN_POINT ( 'NONE',  ( 7.132715232446780185, -19.76561003056574606, 0.000000000000000000 ) ) ;
#3728 = CARTESIAN_POINT ( 'NONE',  ( -12.12435565298206086, 7.000000000000141220, -6.000000000000000000 ) ) ;
#3729 = CARTESIAN_POINT ( 'NONE',  ( -12.21493408267609126, -17.09825581231773839, 0.000000000000000000 ) ) ;
#3730 = CARTESIAN_POINT ( 'NONE',  ( 7.768109850089548907, 19.52463663745169953, 0.000000000000000000 ) ) ;
#3731 = CARTESIAN_POINT ( 'NONE',  ( -11.03144477067790952, 18.15042237353861054, 0.000000000000000000 ) ) ;
#3732 = CARTESIAN_POINT ( 'NONE',  ( -22.21764800328125489, 5.884928489421181297, 0.000000000000000000 ) ) ;
#3733 = DIRECTION ( 'NONE',  ( -0.000000000000000000, -0.000000000000000000, 1.000000000000000000 ) ) ;
#3734 = CARTESIAN_POINT ( 'NONE',  ( -7.777861387214355382, -21.62778625667889543, -4.000000000000000000 ) ) ;
#3735 = CARTESIAN_POINT ( 'NONE',  ( -1.111460075045973550, -21.31324082560936262, -4.000000000000000000 ) ) ;
#3736 = CARTESIAN_POINT ( 'NONE',  ( 12.95531842612690987, 19.00283322196916203, -4.000000000000000000 ) ) ;
#3737 = CARTESIAN_POINT ( 'NONE',  ( 22.39034930273993851, -2.070313421045507418, -4.000000000000000000 ) ) ;
#3738 = CARTESIAN_POINT ( 'NONE',  ( 0.2973477410281224476, 22.28320682219198190, 0.000000000000000000 ) ) ;
#3739 = CARTESIAN_POINT ( 'NONE',  ( 5.438954983983058433, -21.25584677821780843, 0.000000000000000000 ) ) ;
#3740 = CARTESIAN_POINT ( 'NONE',  ( -0.3848533942811617758, -21.79654169952963372, -4.000000000000000000 ) ) ;
#3741 = CARTESIAN_POINT ( 'NONE',  ( -21.01712563943171119, 7.564086312211781404, 0.000000000000000000 ) ) ;
#3742 = CARTESIAN_POINT ( 'NONE',  ( 19.31750712556343075, -11.94025534839110492, -4.000000000000000000 ) ) ;
#3743 = CARTESIAN_POINT ( 'NONE',  ( -16.53313442973521674, -15.86040662237438248, 0.000000000000000000 ) ) ;
#3744 = CARTESIAN_POINT ( 'NONE',  ( 17.10904052391322239, -12.92908640671131693, -4.000000000000000000 ) ) ;
#3745 = CARTESIAN_POINT ( 'NONE',  ( 19.67653159492527948, 11.62576803065812214, 0.000000000000000000 ) ) ;
#3746 = CARTESIAN_POINT ( 'NONE',  ( -17.30269009771815192, 15.15139800040394746, -4.000000000000000000 ) ) ;
#3747 = CARTESIAN_POINT ( 'NONE',  ( -21.54139206009464758, -7.057957261120547443, -4.000000000000000000 ) ) ;
#3748 = CARTESIAN_POINT ( 'NONE',  ( 2.375982835903395873, 22.86068615957974259, -4.000000000000000000 ) ) ;
#3749 = CARTESIAN_POINT ( 'NONE',  ( -21.20407965231138192, -1.231914024922829087, 0.000000000000000000 ) ) ;
#3750 = CARTESIAN_POINT ( 'NONE',  ( 4.904735259174656470, -21.84362751253984314, -4.000000000000000000 ) ) ;
#3751 = CARTESIAN_POINT ( 'NONE',  ( 0.000000000000000000, 14.00000000000000000, -4.000000000000000000 ) ) ;
#3752 = CARTESIAN_POINT ( 'NONE',  ( -19.15140907962192429, 8.962116689579209705, 0.000000000000000000 ) ) ;
#3753 = CARTESIAN_POINT ( 'NONE',  ( 8.088152775218997448, 19.45122648637160978, 0.000000000000000000 ) ) ;
#3754 = CARTESIAN_POINT ( 'NONE',  ( 22.15657846533722974, -2.390764034578149566, -4.000000000000000000 ) ) ;
#3755 = CARTESIAN_POINT ( 'NONE',  ( -10.41689100507892896, 19.23301171463175052, 0.000000000000000000 ) ) ;
#3756 = CARTESIAN_POINT ( 'NONE',  ( -21.24426801316549884, 7.368515192687133286, 0.000000000000000000 ) ) ;
#3757 = CARTESIAN_POINT ( 'NONE',  ( -17.12435565298221007, -6.999999999999885425, -6.000000000000000000 ) ) ;
#3758 = CARTESIAN_POINT ( 'NONE',  ( 0.2973477410281228916, -22.28320682219198190, -4.000000000000000000 ) ) ;
#3759 = ORIENTED_EDGE ( 'NONE', *, *, #1287, .F. ) ;
#3760 = CARTESIAN_POINT ( 'NONE',  ( 22.70068007964910706, 1.489195761755057301, 0.000000000000000000 ) ) ;
#3761 = CARTESIAN_POINT ( 'NONE',  ( -5.808312477100094462, 21.62091573078120987, 0.000000000000000000 ) ) ;
#3762 = CARTESIAN_POINT ( 'NONE',  ( 9.334022096823051839, -19.41631230574317257, 0.000000000000000000 ) ) ;
#3763 = CARTESIAN_POINT ( 'NONE',  ( -10.52942656070065652, -18.99839282454463074, 0.000000000000000000 ) ) ;
#3764 = MANIFOLD_SOLID_BREP ( '\X2\52079664\X0\-\X2\62c94f38\X0\3', #4386 ) ;
#3765 = DIRECTION ( 'NONE',  ( -1.000000000000000000, 0.000000000000000000, 0.000000000000000000 ) ) ;
#3766 = CARTESIAN_POINT ( 'NONE',  ( -17.79490290189911050, -14.38819513235454650, 0.000000000000000000 ) ) ;
#3767 = CARTESIAN_POINT ( 'NONE',  ( 20.77666459608137117, -8.470986611750912942, 0.000000000000000000 ) ) ;
#3768 = CARTESIAN_POINT ( 'NONE',  ( 20.01157765848164871, 11.24409674075326038, 0.000000000000000000 ) ) ;
#3769 = CARTESIAN_POINT ( 'NONE',  ( 0.000000000000000000, 14.00000000000000000, -6.000000000000000000 ) ) ;
#3770 = CARTESIAN_POINT ( 'NONE',  ( -21.54363463193363160, -1.993817810941276081, 0.000000000000000000 ) ) ;
#3771 = CARTESIAN_POINT ( 'NONE',  ( 9.140856978489066975, -19.39910504791186696, 0.000000000000000000 ) ) ;
#3772 = ORIENTED_EDGE ( 'NONE', *, *, #934, .T. ) ;
#3773 = CC_DESIGN_PERSON_AND_ORGANIZATION_ASSIGNMENT ( #3636, #4410, ( #1122 ) ) ;
#3774 = CARTESIAN_POINT ( 'NONE',  ( -12.79282727309319512, 16.83566380198483614, -4.000000000000000000 ) ) ;
#3775 = CARTESIAN_POINT ( 'NONE',  ( -10.52942656070066896, 18.99839282454463785, 0.000000000000000000 ) ) ;
#3776 = CARTESIAN_POINT ( 'NONE',  ( -21.37987086968731276, 1.667832292710538455, 0.000000000000000000 ) ) ;
#3777 = DIRECTION ( 'NONE',  ( -0.000000000000000000, -0.000000000000000000, 1.000000000000000000 ) ) ;
#3778 = CARTESIAN_POINT ( 'NONE',  ( 20.44046392959870673, 7.091610322081399964, -4.000000000000000000 ) ) ;
#3779 = AXIS2_PLACEMENT_3D ( 'NONE', #1189, #3369, #1502 ) ;
#3780 = VERTEX_POINT ( 'NONE', #3407 ) ;
#3781 = CARTESIAN_POINT ( 'NONE',  ( 22.82546726133483261, 1.149966177979573567, 0.000000000000000000 ) ) ;
#3782 = CARTESIAN_POINT ( 'NONE',  ( -17.30269009771815192, 15.15139800040394746, -4.000000000000000000 ) ) ;
#3783 = CARTESIAN_POINT ( 'NONE',  ( -9.989734795150123858, 20.03511141949916308, 0.000000000000000000 ) ) ;
#3784 = CARTESIAN_POINT ( 'NONE',  ( 4.589621725225812021, -22.10842868385095272, 0.000000000000000000 ) ) ;
#3785 = CARTESIAN_POINT ( 'NONE',  ( 15.31911420367087651, 14.46005418918946361, -4.000000000000000000 ) ) ;
#3786 = CARTESIAN_POINT ( 'NONE',  ( -14.40354036892242640, -16.55086941576450243, -4.000000000000000000 ) ) ;
#3787 = CARTESIAN_POINT ( 'NONE',  ( -20.94060127998758603, 7.623709070541741184, -4.000000000000000000 ) ) ;
#3788 = CARTESIAN_POINT ( 'NONE',  ( -11.03144477067790241, -18.15042237353859633, 0.000000000000000000 ) ) ;
#3789 = CARTESIAN_POINT ( 'NONE',  ( 20.69246807443067127, 9.834571535528151998, -4.000000000000000000 ) ) ;
#3790 = ADVANCED_FACE ( 'NONE', ( #4835 ), #1470, .F. ) ;
#3791 = CARTESIAN_POINT ( 'NONE',  ( -14.99906732216531680, -16.48204178567783984, -4.000000000000000000 ) ) ;
#3792 = CARTESIAN_POINT ( 'NONE',  ( 20.53257775300019006, -10.32809357724406318, -4.000000000000000000 ) ) ;
#3793 = CARTESIAN_POINT ( 'NONE',  ( 14.12104016515248084, 17.83633383713025466, 0.000000000000000000 ) ) ;
#3794 = CARTESIAN_POINT ( 'NONE',  ( 20.23485559402974232, 10.91963345819502429, 0.000000000000000000 ) ) ;
#3795 = CARTESIAN_POINT ( 'NONE',  ( -22.29840436819378979, -5.632859719257554687, 0.000000000000000000 ) ) ;
#3796 = CARTESIAN_POINT ( 'NONE',  ( 11.55588974441207029, -19.54986423344080748, -4.000000000000000000 ) ) ;
#3797 = CYLINDRICAL_SURFACE ( 'NONE', #1954, 7.500000000000000000 ) ;
#3798 = CARTESIAN_POINT ( 'NONE',  ( -22.43740558611071378, -4.345941609494287761, -4.000000000000000000 ) ) ;
#3799 = CARTESIAN_POINT ( 'NONE',  ( -21.20407965231138903, 1.231914024922849293, 0.000000000000000000 ) ) ;
#3800 = LINE ( 'NONE', #2636, #4701 ) ;
#3801 = CARTESIAN_POINT ( 'NONE',  ( 20.68850112096512817, 7.991468017176337924, -4.000000000000000000 ) ) ;
#3802 = CARTESIAN_POINT ( 'NONE',  ( -22.20017227113293501, 3.252653846714196995, -4.000000000000000000 ) ) ;
#3803 = EDGE_LOOP ( 'NONE', ( #2639, #429 ) ) ;
#3804 = CARTESIAN_POINT ( 'NONE',  ( 22.60451808717367328, 1.697673299887523468, 0.000000000000000000 ) ) ;
#3805 = CARTESIAN_POINT ( 'NONE',  ( -6.210390894792589656, 21.70894496246802774, 0.000000000000000000 ) ) ;
#3806 = CARTESIAN_POINT ( 'NONE',  ( 14.74184757433799398, -16.05974072920884410, 0.000000000000000000 ) ) ;
#3807 = CARTESIAN_POINT ( 'NONE',  ( 14.89708575702913507, 15.42586720119266808, -4.000000000000000000 ) ) ;
#3808 = CARTESIAN_POINT ( 'NONE',  ( 19.04423762621111393, -12.13112771699290349, -4.000000000000000000 ) ) ;
#3809 = CARTESIAN_POINT ( 'NONE',  ( -16.00418357823503257, -16.16801435209529103, 0.000000000000000000 ) ) ;
#3810 = B_SPLINE_CURVE_WITH_KNOTS ( 'NONE', 3,
 ( #3079, #4564, #1913, #3413, #846, #1477, #1548, #3466, #1861, #2732, #4215, #84, #1137, #3054, #4138, #2318, #4187, #743, #1578, #4588, #4234, #3826, #3030, #359, #426, #2268, #54, #4841, #3005, #4500, #1112, #385, #1887, #3389, #6, #1498, #3178, #2789, #943, #4282, #4711, #4686, #897, #2465, #1305, #2066, #4664, #2834, #3160, #4333, #1257, #160, #548, #1994, #3963, #4302, #2392, #1236, #2414, #3551, #1692, #1326, #1282, #3917, #573, #525, #3527, #3576, #1648, #3894, #3132, #135, #2441, #2026, #964, #1669, #2046, #2808, #921, #109, #2084, #3499, #3939, #3202, #4646, #1630, #3601, #1604, #4357, #177, #3872, #2766, #479, #4258, #4616, #196, #3224, #2855, #873, #504, #4059, #4474, #1396, #3291, #1449, #4731, #224, #4757, #4823, #2533, #1038, #3315, #4780, #595, #2926, #4800, #4031, #1012, #640, #1348, #3339, #669, #4007, #2214, #2874, #1774, #2110, #3627, #1063, #2193, #1720, #617, #4426, #4376, #2508, #2138, #988, #3271, #2166, #1369, #2486, #2895, #2561, #3701, #3248, #3674, #3981, #1420, #3648, #251, #2582, #1746, #4402, #275, #4087, #305, #1802, #4449, #2947, #695, #3729, #332, #1831, #2972, #4270, #1615, #1248, #468, #2308, #3813, #3170, #1640, #2724, #3542, #2404, #4250, #806, #833, #1199, #3513, #515, #2778, #1986, #72, #3146, #1563, #2037, #1153, #4557, #3096, #1177, #4204, #3482, #2698, #4580, #882, #1536, #4228, #2353, #3863, #101, #1593, #2331, #3429, #3454, #3123, #3907, #4633, #3838, #1959, #147, #2674, #418, #4177, #440, #862, #4603, #1227, #782, #1929, #45, #3884, #2755, #2378, #492, #3069, #121, #2013, #3565, #3216, #3662, #4317, #169, #1335, #3261, #4295, #1319, #3586, #2456, #187, #1360, #2819, #1763, #2496, #4700, #4347, #208, #911, #2126, #4720, #1660, #2844, #263, #933, #3192, #2863, #4744, #2429, #955, #1680, #2798, #3639, #2476, #3972, #583, #4675, #630, #2098, #3927, #4655, #3616, #1706, #1271, #2056, #537, #2076, #2154, #3238, #4366, #605, #975, #1293, #3951, #563, #3996, #236, #1734, #2885, #4390, #1002, #2520, #4018, #3281, #1097, #2622, #684, #318, #3784, #4413, #4486, #3371, #1024, #1074, #366, #4106, #1484, #4122, #729, #1872, #3739, #4849, #710, #4829, #4810, #1841, #1050, #1120, #347, #290, #3329, #2642, #1461, #2934, #2960, #1436, #2253, #4147, #1788, #3762, #2985, #1382, #3687, #3014, #4511, #750, #1818, #2278, #392, #4767, #2223, #2909, #2549, #3303, #4460, #2599, #3349, #3716, #4044, #656, #2179, #4787, #1408, #4437, #2573, #4072, #2203, #1952, #485, #799, #1528, #93, #1586, #1219, #4570, #113, #1894, #4596, #2744, #4195, #3832, #2397, #3037, #3117, #2003, #3397, #2771, #4242, #855, #1170, #3088, #4169, #3878, #2347, #3505, #4222, #3474, #3448, #460, #4551, #4624, #3856, #3806, #66, #1243, #2693, #1556, #1608, #826, #1504, #1145, #14, #2369, #3139, #4530, #2301, #4263, #877, #3900, #432, #2662, #775, #411, #2717, #1923, #2324, #3422, #1191, #1980, #38, #3062, #3987, #2490, #181, #4381, #3208, #1652, #3922, #2878, #2837, #557, #598, #4311, #165, #3606, #1674, #530, #4649, #3187, #3966, #3556, #2514, #141, #2050, #2117, #2450, #4362, #3631, #3535, #2070, #4714, #1286, #4670, #967, #1634, #994, #2813, #508, #2791, #2031, #4288, #3164, #3945, #3581, #903, #1353, #4694, #1263, #2421, #4339, #1310, #927, #948, #2468, #576, #2090, #202, #1697, #1330, #3230, #2859, #229, #1726, #3255, #4736, #4010, #2900, #1374, #4407, #1752, #1401, #1478, #4064, #2590, #4825, #4803, #4842, #3344, #3297, #1015, #1426, #4501, #2538, #4036, #1454, #1809, #2245, #621, #1836, #2978, #2928, #1041, #1113, #256, #337, #4116, #2146, #3006, #4480, #1090, #4782, #309, #2616, #724 ),
 .UNSPECIFIED., .F., .F.,
 ( 4, 1, 1, 1, 1, 1, 1, 1, 1, 1, 1, 1, 1, 1, 1, 1, 1, 1, 1, 1, 1, 1, 1, 1, 1, 1, 1, 1, 1, 1, 1, 1, 1, 1, 1, 1, 1, 1, 1, 1, 1, 1, 1, 1, 1, 1, 1, 1, 1, 1, 1, 1, 1, 1, 1, 1, 1, 1, 1, 1, 1, 1, 1, 1, 1, 1, 1, 1, 1, 1, 1, 1, 1, 1, 1, 1, 1, 1, 1, 1, 1, 1, 1, 1, 1, 1, 1, 1, 1, 1, 1, 1, 1, 1, 1, 1, 1, 1, 1, 1, 1, 1, 1, 1, 1, 1, 1, 1, 1, 1, 1, 1, 1, 1, 1, 1, 1, 1, 1, 1, 1, 1, 1, 1, 1, 1, 1, 1, 1, 1, 1, 1, 1, 1, 1, 1, 1, 1, 1, 1, 1, 1, 1, 1, 1, 1, 1, 1, 1, 1, 1, 1, 1, 1, 1, 1, 1, 1, 1, 1, 1, 1, 1, 1, 1, 1, 1, 1, 1, 1, 1, 1, 1, 1, 1, 1, 1, 1, 1, 1, 1, 1, 1, 1, 1, 1, 1, 1, 1, 1, 1, 1, 1, 1, 1, 1, 1, 1, 1, 1, 1, 1, 1, 1, 1, 1, 1, 1, 1, 1, 1, 1, 1, 1, 1, 1, 1, 1, 1, 1, 1, 1, 1, 1, 1, 1, 1, 1, 1, 1, 1, 1, 1, 1, 1, 1, 1, 1, 1, 1, 1, 1, 1, 1, 1, 1, 1, 1, 1, 1, 1, 1, 1, 1, 1, 1, 1, 1, 1, 1, 1, 1, 1, 1, 1, 1, 1, 1, 1, 1, 1, 1, 1, 1, 1, 1, 1, 1, 1, 1, 1, 1, 1, 1, 1, 1, 1, 1, 1, 1, 1, 1, 1, 1, 1, 1, 1, 1, 1, 1, 1, 1, 1, 1, 1, 1, 1, 1, 1, 1, 1, 1, 1, 1, 1, 1, 1, 1, 1, 1, 1, 1, 1, 1, 1, 1, 1, 1, 1, 1, 1, 1, 1, 1, 1, 1, 1, 1, 1, 1, 1, 1, 1, 1, 1, 1, 1, 1, 1, 1, 1, 1, 1, 1, 1, 1, 1, 1, 1, 1, 1, 1, 1, 1, 1, 1, 1, 1, 1, 1, 1, 1, 1, 1, 1, 1, 1, 1, 1, 1, 1, 1, 1, 1, 1, 1, 1, 1, 1, 1, 1, 1, 1, 1, 1, 1, 1, 1, 1, 1, 1, 1, 1, 1, 1, 1, 1, 1, 1, 1, 1, 1, 1, 1, 1, 1, 1, 1, 1, 1, 1, 1, 1, 1, 1, 1, 1, 1, 1, 1, 1, 1, 1, 1, 1, 1, 1, 1, 1, 1, 1, 1, 1, 1, 1, 1, 1, 1, 1, 1, 1, 1, 1, 1, 1, 1, 1, 1, 1, 1, 1, 1, 1, 1, 1, 1, 1, 1, 1, 1, 1, 1, 1, 1, 1, 1, 1, 1, 1, 1, 1, 1, 1, 1, 1, 1, 1, 1, 1, 1, 1, 1, 1, 1, 1, 1, 1, 1, 1, 1, 1, 1, 1, 1, 1, 1, 1, 1, 1, 1, 1, 1, 1, 1, 1, 1, 1, 1, 1, 1, 4 ),
 ( 0.4999999999999997780, 0.5022802248789014490, 0.5044771093550646235, 0.5065240323794537591, 0.5083806657851615007, 0.5100332638696588594, 0.5114886067133215253, 0.5127660418626416305, 0.5138906586961976553, 0.5148886490898583190, 0.5157846778270974708, 0.5166006716865612081, 0.5173554619778220065, 0.5180648769085078875, 0.5187420358741515747, 0.5193977085310617081, 0.5200406698826818275, 0.5206780212177157807, 0.5213154670317270423, 0.5219575479287502651, 0.5226078337534417750, 0.5232690825967919457, 0.5239433713467606113, 0.5246322029030293654, 0.5253365944349503991, 0.5260571503184797715, 0.5267941227191650366, 0.5275474622188173202, 0.5283168604133361423, 0.5291017860279851881, 0.5299015157907586149, 0.5307151610609941450, 0.5315416910171553155, 0.5323799530547237424, 0.5332286909242104356, 0.5340865610438481070, 0.5349521473464214916, 0.5358239749608344482, 0.5367005229833032853, 0.5375802365580788500, 0.5384615384615386580, 0.5393428403649984659, 0.5402225539397742526, 0.5410991019622430898, 0.5419709295766559354, 0.5428365158792293199, 0.5436943859988668803, 0.5445431238683534625, 0.5453813859059221114, 0.5462079158620830599, 0.5470215611323188121, 0.5478212908950922388, 0.5486062165097411736, 0.5493756147042601068, 0.5501289542039122793, 0.5508659266045976555, 0.5515864824881270279, 0.5522908740200481725, 0.5529797055763169267, 0.5536539943262852592, 0.5543152431696355409, 0.5549655289943270509, 0.5556076098913504957, 0.5562450557053616462, 0.5568824070403951554, 0.5575253683920156078, 0.5581810410489258523, 0.5588582000145692064, 0.5595676149452553094, 0.5603224052365162189, 0.5611383990959800672, 0.5620344278332185528, 0.5630324182268796607, 0.5641570350604362405, 0.5654344702097550135, 0.5668898130534179014, 0.5685424111379157042, 0.5703990445436234458, 0.5724459675680132476, 0.5746428520441752008, 0.5769230769230763167, 0.5792033018019780988, 0.5814001862781411623, 0.5834471093025304089, 0.5853037427082380395, 0.5869563407927355092, 0.5884116836363980640, 0.5896891187857181693, 0.5908137356192743050, 0.5918117260129349688, 0.5927077547501741206, 0.5935237486096378579, 0.5942785389008987673, 0.5949879538315846483, 0.5956651127972284465, 0.5963207854541385800, 0.5969637468057586993, 0.5976010981407926526, 0.5982385439548038031, 0.5988806248518270259, 0.5995309106765185359, 0.6001921595198687065, 0.6008664482698373721, 0.6015552798261061263, 0.6022596713580271599, 0.6029802272415565323, 0.6037171996422417974, 0.6044705391418940810, 0.6052399373364129032, 0.6060248629510619489, 0.6068245927138353757, 0.6076382379840709058, 0.6084647679402319653, 0.6093030299778005032, 0.6101517678472870854, 0.6110096379669247568, 0.6118752242694981414, 0.6127470518839110980, 0.6136235999063799351, 0.6145033134811554998, 0.6153846153846155298, 0.6162659172880752267, 0.6171456308628509024, 0.6180221788853198506, 0.6188940064997326962, 0.6197595928023060807, 0.6206174629219436412, 0.6214662007914302233, 0.6223044628289988722, 0.6231309927851598207, 0.6239446380553954619, 0.6247443678181687776, 0.6255292934328178234, 0.6262986916273367566, 0.6270520311269887070, 0.6277890035276740832, 0.6285095594112035666, 0.6292139509431247113, 0.6299027824993934654, 0.6305770712493619090, 0.6312383200927120797, 0.6318886059174035896, 0.6325306868144269234, 0.6331681326284381850, 0.6338054839634716942, 0.6344484453150920356, 0.6351041179720025021, 0.6357812769376457451, 0.6364906918683318482, 0.6372454821595927577, 0.6380614760190566059, 0.6389575047562950916, 0.6399554951499561994, 0.6410801119835127793, 0.6423575471328315523, 0.6438128899764944402, 0.6454654880609923540, 0.6473221214666999845, 0.6493690444910897863, 0.6515659289672518506, 0.6538461538461529665, 0.6561263787250547486, 0.6583232632012178120, 0.6603701862256070587, 0.6622268196313146893, 0.6638794177158120480, 0.6653347605594747138, 0.6666121957087948191, 0.6677368125423508438, 0.6687348029360115076, 0.6696308316732506594, 0.6704468255327143966, 0.6712016158239751951, 0.6719110307546611871, 0.6725881897203047632, 0.6732438623772148967, 0.6738868237288351271, 0.6745241750638689693, 0.6751616208778802308, 0.6758037017749034536, 0.6764539875995949636, 0.6771152364429451342, 0.6777895251929137999, 0.6784783567491824430, 0.6791827482811034766, 0.6799033041646328490, 0.6806402765653182252, 0.6813936160649703977, 0.6821630142594893309, 0.6829479398741383767, 0.6837476696369119145, 0.6845613149071473336, 0.6853878448633083931, 0.6862261069008769310, 0.6870748447703636241, 0.6879327148900011846, 0.6887983011925745691, 0.6896701288069876368, 0.6905466768294563629, 0.6914263904042320386, 0.6923076923076917355, 0.6931889942111516545, 0.6940687077859273302, 0.6949452558083961673, 0.6958170834228091239, 0.6966826697253823975, 0.6975405398450200689, 0.6983892777145066511, 0.6992275397520751890, 0.7000540697082362485, 0.7008677149784718896, 0.7016674447412453164, 0.7024523703558941401, 0.7032217685504131843, 0.7039751080500652458, 0.7047120804507505110, 0.7054326363342799944, 0.7061370278662010280, 0.7068258594224698932, 0.7075001481724383368, 0.7081613970157885074, 0.7088116828404801284, 0.7094537637375034622, 0.7100912095515146127, 0.7107285608865481219, 0.7113715222381686853, 0.7120271948950789298, 0.7127043538607222839, 0.7134137687914082759, 0.7141685590826691854, 0.7149845529421330337, 0.7158805816793716303, 0.7168785720730326272, 0.7180031889065893180, 0.7192806240559080910, 0.7207359668995709789, 0.7223885649840687817, 0.7242451983897765233, 0.7262921214141662141, 0.7284890058903283894, 0.7307692307692293943, 0.7330494556481311763, 0.7352463401242943508, 0.7372932631486834865, 0.7391498965543912281, 0.7408024946388884757, 0.7422578374825510306, 0.7435352726318713579, 0.7446598894654272716, 0.7456578798590880464, 0.7465539085963270871, 0.7473699024557907133, 0.7481246927470515118, 0.7488341076777376148, 0.7495112666433814130, 0.7501669393002914354, 0.7508099006519115548, 0.7514472519869455081, 0.7520846978009565476, 0.7527267786979798814, 0.7533770645226713913, 0.7540383133660217840, 0.7547126021159902276, 0.7554014336722589817, 0.7561058252041801264, 0.7568263810877093878, 0.7575633534883947640, 0.7583166929880469365, 0.7590860911825658697, 0.7598710167972149154, 0.7606707465599884532, 0.7614843918302238723, 0.7623109217863848208, 0.7631491838239534697, 0.7639979216934400519, 0.7648557918130776123, 0.7657213781156511079, 0.7665932057300641755, 0.7674697537525327906, 0.7683494673273085773, 0.7692307692307684963, 0.7701120711342284153, 0.7709917847090039800, 0.7718683327314728171, 0.7727401603458857737, 0.7736057466484590472, 0.7744636167680967187, 0.7753123546375831898, 0.7761506166751518387, 0.7769771466313128983, 0.7777907919015485394, 0.7785905216643219662, 0.7793754472789709009, 0.7801448454734899451, 0.7808981849731420066, 0.7816351573738272718, 0.7823557132573566442, 0.7830601047892777888, 0.7837489363455466540, 0.7844232250955150976, 0.7850844739388652682, 0.7857347597635567782, 0.7863768406605802230, 0.7870142864745913736, 0.7876516378096248827, 0.7882945991612453351, 0.7889502718181556906, 0.7896274307837990447, 0.7903368457144850368, 0.7910916360057459462, 0.7919076298652097945, 0.7928036586024482801, 0.7938016489961093880, 0.7949262658296660788, 0.7962037009789848518, 0.7976590438226477398, 0.7993116419071455425, 0.8011682753128531731, 0.8032151983372429749, 0.8054120828134050392, 0.8076923076923061551, 0.8099725325712079371, 0.8121694170473710006, 0.8142163400717602473, 0.8160729734774679889, 0.8177255715619653476, 0.8191809144056279024, 0.8204583495549481187, 0.8215829663885041434, 0.8225809567821648072, 0.8234769855194039589, 0.8242929793788678072, 0.8250477696701286057, 0.8257571846008144867, 0.8264343435664582849, 0.8270900162233684183, 0.8277329775749885377, 0.8283703289100224909, 0.8290077747240336414, 0.8296498556210568642, 0.8303001414457484852, 0.8309613902890986559, 0.8316356790390673215, 0.8323245105953359646, 0.8330289021272569983, 0.8337494580107864817, 0.8344864304114717468, 0.8352397699111240303, 0.8360091681056428525, 0.8367940937202918983, 0.8375938234830653251, 0.8384074687533007442, 0.8392339987094619147, 0.8400722607470304526, 0.8409209986165170347, 0.8417788687361547062, 0.8426444550387280907, 0.8435162826531411584, 0.8443928306756099955, 0.8452725442503855602, 0.8461538461538454792, 0.8470351480573052871, 0.8479148616320810739, 0.8487914096545500220, 0.8496632372689629786, 0.8505288235715363632, 0.8513866936911739236, 0.8522354315606605057, 0.8530736935982291547, 0.8539002235543901032, 0.8547138688246256333, 0.8555135985873991711, 0.8562985242020479948, 0.8570679223965669280, 0.8578212618962191005, 0.8585582342969042546, 0.8592787901804337380, 0.8599831817123548827, 0.8606720132686236369, 0.8613463020185920804, 0.8620075508619422511, 0.8626578366866337610, 0.8632999175836570949, 0.8639373633976683564, 0.8645747147327018656, 0.8652176760843224290, 0.8658733487412328955, 0.8665505077068762496, 0.8672599226375621306, 0.8680147129288231511, 0.8688307067882872214, 0.8697267355255255961, 0.8707247259191868149, 0.8718493427527433948, 0.8731267779020621678, 0.8745821207457249447, 0.8762347188302228584, 0.8780913522359306000, 0.8801382752603201798, 0.8823351597364823551, 0.8846153846153834710, 0.8868956094942852530, 0.8890924939704483165, 0.8911394169948374522, 0.8929960504005451938, 0.8946486484850426635, 0.8961039913287051073, 0.8973814264780253236, 0.8985060433115814593, 0.8995040337052422341, 0.9004000624424812749, 0.9012160563019450121, 0.9019708465932058106, 0.9026802615238918026, 0.9033574204895356008, 0.9040130931464457342, 0.9046560544980658536, 0.9052934058330998068, 0.9059308516471109574, 0.9065729325441341802, 0.9072232183688258012, 0.9078844672121760828, 0.9085587559621446374, 0.9092475875184132805, 0.9099519790503343142, 0.9106725349338637976, 0.9114095073345491738, 0.9121628468342013463, 0.9129322450287201685, 0.9137171706433693252, 0.9145169004061427520, 0.9153305456763781711, 0.9161570756325392306, 0.9169953376701078795, 0.9178440755395944617, 0.9187019456592320221, 0.9195675319618054067, 0.9204393595762185853, 0.9213159075986873114, 0.9221956211734629871, 0.9230769230769227951, 0.9239582249803827141, 0.9248379385551582788, 0.9257144865776272269, 0.9265863141920401835, 0.9274519004946133460, 0.9283097706142510175, 0.9291585084837375996, 0.9299967705213061375, 0.9308233004774673081, 0.9316369457477028382, 0.9324366755104763760, 0.9332216011251251997, 0.9339909993196442439, 0.9347443388192963054, 0.9354813112199815706, 0.9362018671035110540, 0.9369062586354320876, 0.9375950901917009528, 0.9382693789416693964, 0.9389306277850195670, 0.9395809136097110770, 0.9402229945067344108, 0.9408604403207455613, 0.9414977916557791815, 0.9421407530073997449, 0.9427964256643101004, 0.9434735846299534545, 0.9441829995606394466, 0.9449377898519004670, 0.9457537837113644263, 0.9466498124486028010, 0.9476478028422640199, 0.9487724196758205997, 0.9500498548251393727, 0.9515051976688021496, 0.9531577957533000633, 0.9550144291590078049, 0.9570613521833974957, 0.9592582366595595600, 0.9615384615384606759, 0.9638186864173624580, 0.9660155708935256325, 0.9680624939179147681, 0.9699191273236225097, 0.9715717254081197574, 0.9730270682517824232, 0.9743045034011026395, 0.9754291202346587752, 0.9764271106283195500, 0.9773231393655584798, 0.9781391332250222170, 0.9788939235162831265, 0.9796033384469691185, 0.9802804974126129167, 0.9809361700695229391, 0.9815791314211430585, 0.9822164827561770117, 0.9828539285701882733, 0.9834960094672113851, 0.9841462952919031171, 0.9848075441352532877, 0.9854818328852219533, 0.9861706644414904854, 0.9868750559734116301, 0.9875956118569411135, 0.9883325842576264897, 0.9890859237572786622, 0.9898553219517973734, 0.9906402475664466412, 0.9914399773292199569, 0.9922536225994553760, 0.9930801525556165466, 0.9939184145931851955, 0.9947671524626717776, 0.9956250225823093380, 0.9964906088848826116, 0.9973624364992959013, 0.9982389845217645163, 0.9991186980965403031, 1.000000000000000000 ),
 .UNSPECIFIED. ) ;
#3811 = CARTESIAN_POINT ( 'NONE',  ( 20.72113584048849688, -9.711501322388402357, 0.000000000000000000 ) ) ;
#3812 = CARTESIAN_POINT ( 'NONE',  ( 14.55393136195742620, 16.87639783458277876, 0.000000000000000000 ) ) ;
#3813 = CARTESIAN_POINT ( 'NONE',  ( -10.59729946092185493, -18.86268132458963365, 0.000000000000000000 ) ) ;
#3814 = CARTESIAN_POINT ( 'NONE',  ( 20.53257775300018295, 10.32809357724408272, 0.000000000000000000 ) ) ;
#3815 = CARTESIAN_POINT ( 'NONE',  ( -18.16420914855800461, 12.99986453351300852, -4.000000000000000000 ) ) ;
#3816 = CARTESIAN_POINT ( 'NONE',  ( -18.14965349118961413, -11.60634439467844459, -4.000000000000000000 ) ) ;
#3817 = CARTESIAN_POINT ( 'NONE',  ( 9.910989783159420696, -19.49852915850235746, -4.000000000000000000 ) ) ;
#3818 = CARTESIAN_POINT ( 'NONE',  ( -9.524729263620633546, 20.61589949009512779, 0.000000000000000000 ) ) ;
#3819 = CARTESIAN_POINT ( 'NONE',  ( 22.99168151220385070, 0.2652489659780886133, -4.000000000000000000 ) ) ;
#3820 = CARTESIAN_POINT ( 'NONE',  ( -22.36197694667999158, -5.374935629425801054, -4.000000000000000000 ) ) ;
#3821 = CARTESIAN_POINT ( 'NONE',  ( 10.13042743176719540, -19.53376379397890261, 0.000000000000000000 ) ) ;
#3822 = CARTESIAN_POINT ( 'NONE',  ( -21.00000000000000355, -4.127278043175977515E-15, -4.000000000000000000 ) ) ;
#3823 = CARTESIAN_POINT ( 'NONE',  ( -20.70473135879237603, 7.792496877489671903, -4.000000000000000000 ) ) ;
#3824 = CARTESIAN_POINT ( 'NONE',  ( -22.43509628547915469, -4.853803308555003859, -4.000000000000000000 ) ) ;
#3825 = LINE ( 'NONE', #1547, #4164 ) ;
#3826 = CARTESIAN_POINT ( 'NONE',  ( -22.16338961594793844, -3.159849933283256807, 0.000000000000000000 ) ) ;
#3827 = DIRECTION ( 'NONE',  ( -0.000000000000000000, -0.000000000000000000, 1.000000000000000000 ) ) ;
#3828 = CARTESIAN_POINT ( 'NONE',  ( 13.38099028520531597, 18.68703735509054908, -4.000000000000000000 ) ) ;
#3829 = ORIENTED_EDGE ( 'NONE', *, *, #30, .T. ) ;
#3830 = DIRECTION ( 'NONE',  ( 0.000000000000000000, 0.000000000000000000, -1.000000000000000000 ) ) ;
#3831 = CARTESIAN_POINT ( 'NONE',  ( -9.603024693121355426, 20.53358832084188990, 0.000000000000000000 ) ) ;
#3832 = CARTESIAN_POINT ( 'NONE',  ( 13.83449488849161213, -18.22869934018958915, 0.000000000000000000 ) ) ;
#3833 = CARTESIAN_POINT ( 'NONE',  ( 19.40839018475416111, -11.86814941478854912, -4.000000000000000000 ) ) ;
#3834 = DIRECTION ( 'NONE',  ( -0.000000000000000000, -0.000000000000000000, 1.000000000000000000 ) ) ;
#3835 = CARTESIAN_POINT ( 'NONE',  ( -15.19074582262465256, -16.44511271538113917, -4.000000000000000000 ) ) ;
#3836 = CARTESIAN_POINT ( 'NONE',  ( 20.72113584048849688, -9.711501322388402357, -4.000000000000000000 ) ) ;
#3837 = CARTESIAN_POINT ( 'NONE',  ( 17.28807635332961823, 12.85455437032263504, 0.000000000000000000 ) ) ;
#3838 = CARTESIAN_POINT ( 'NONE',  ( -7.268665028289802876, -21.72702328910405356, 0.000000000000000000 ) ) ;
#3839 = CARTESIAN_POINT ( 'NONE',  ( 2.508025960596960591, 22.85601849740108449, -4.000000000000000000 ) ) ;
#3840 = CARTESIAN_POINT ( 'NONE',  ( -18.15682379694213466, -12.06511880593055608, -4.000000000000000000 ) ) ;
#3841 = CARTESIAN_POINT ( 'NONE',  ( -9.603024693121355426, 20.53358832084188990, 0.000000000000000000 ) ) ;
#3842 = CARTESIAN_POINT ( 'NONE',  ( -21.00000000000000355, -2.086947940761960370E-14, -4.000000000000000000 ) ) ;
#3843 = CARTESIAN_POINT ( 'NONE',  ( -22.38706326563480786, -5.244728221083875042, 0.000000000000000000 ) ) ;
#3844 = CARTESIAN_POINT ( 'NONE',  ( 10.52279904167776436, -19.58445443271416053, -4.000000000000000000 ) ) ;
#3845 = CARTESIAN_POINT ( 'NONE',  ( -5.000000000000000888, 14.00000000000000000, -4.000000000000000000 ) ) ;
#3846 = CARTESIAN_POINT ( 'NONE',  ( 23.00000000000000000, 6.776263578034402713E-18, -4.000000000000000000 ) ) ;
#3847 = CARTESIAN_POINT ( 'NONE',  ( -0.9213867414385564780, -21.42502250719502044, 0.000000000000000000 ) ) ;
#3848 = CARTESIAN_POINT ( 'NONE',  ( -22.12494672396930184, 3.069479490690234957, 0.000000000000000000 ) ) ;
#3849 = CARTESIAN_POINT ( 'NONE',  ( 13.06591992072804231, 18.92925295874188762, 0.000000000000000000 ) ) ;
#3850 = CARTESIAN_POINT ( 'NONE',  ( 20.39983756515139746, -6.925588738408704259, -4.000000000000000000 ) ) ;
#3851 = COORDINATED_UNIVERSAL_TIME_OFFSET ( 8, 0, .AHEAD. ) ;
#3852 = AXIS2_PLACEMENT_3D ( 'NONE', #423, #3461, #814 ) ;
#3853 = ORIENTED_EDGE ( 'NONE', *, *, #2186, .F. ) ;
#3854 = FACE_BOUND ( 'NONE', #4592, .T. ) ;
#3855 = CARTESIAN_POINT ( 'NONE',  ( -11.03144477067790952, 18.15042237353861054, 0.000000000000000000 ) ) ;
#3856 = CARTESIAN_POINT ( 'NONE',  ( 14.71695605913790494, -16.18121015808955576, 0.000000000000000000 ) ) ;
#3857 = CARTESIAN_POINT ( 'NONE',  ( 16.20113928410977167, 13.46445368502866735, -4.000000000000000000 ) ) ;
#3858 = FACE_OUTER_BOUND ( 'NONE', #3713, .T. ) ;
#3859 = CARTESIAN_POINT ( 'NONE',  ( -14.40354036892242640, -16.55086941576450243, 0.000000000000000000 ) ) ;
#3860 = CARTESIAN_POINT ( 'NONE',  ( 20.69246807443067837, -9.834571535528160879, 0.000000000000000000 ) ) ;
#3861 = CARTESIAN_POINT ( 'NONE',  ( 13.66511979571201252, 18.41834517341790445, 0.000000000000000000 ) ) ;
#3862 = AXIS2_PLACEMENT_3D ( 'NONE', #1131, #4154, #352 ) ;
#3863 = CARTESIAN_POINT ( 'NONE',  ( -8.400974717098005584, -21.40353708094176710, 0.000000000000000000 ) ) ;
#3864 = CARTESIAN_POINT ( 'NONE',  ( -18.04549037692339297, 13.71884141036982463, -4.000000000000000000 ) ) ;
#3865 = CARTESIAN_POINT ( 'NONE',  ( 11.44367210680428748, -19.56754203517810708, -4.000000000000000000 ) ) ;
#3866 = CARTESIAN_POINT ( 'NONE',  ( -21.61366561709853684, -6.970311178364153371, -4.000000000000000000 ) ) ;
#3867 = CARTESIAN_POINT ( 'NONE',  ( 11.33340381907174610, -19.58147747135110706, -4.000000000000000000 ) ) ;
#3868 = FACE_OUTER_BOUND ( 'NONE', #4238, .T. ) ;
#3869 = CARTESIAN_POINT ( 'NONE',  ( 6.367210647053994421, 20.26300161976031688, 0.000000000000000000 ) ) ;
#3870 = CARTESIAN_POINT ( 'NONE',  ( 0.4653096620767630531, -22.38267137290714714, 0.000000000000000000 ) ) ;
#3871 = CARTESIAN_POINT ( 'NONE',  ( -13.05913550403711909, 16.75080851641389046, -4.000000000000000000 ) ) ;
#3872 = CARTESIAN_POINT ( 'NONE',  ( -18.15233757200130427, -11.92897289312903375, 0.000000000000000000 ) ) ;
#3873 = CARTESIAN_POINT ( 'NONE',  ( -22.43740558611070313, 4.345941609494268221, -4.000000000000000000 ) ) ;
#3874 = CARTESIAN_POINT ( 'NONE',  ( 0.05588777320240490010, 22.12251759593046785, 0.000000000000000000 ) ) ;
#3875 = ORIENTED_EDGE ( 'NONE', *, *, #2897, .F. ) ;
#3876 = CARTESIAN_POINT ( 'NONE',  ( 22.03257834552027461, 2.538332356142270374, 0.000000000000000000 ) ) ;
#3877 = CARTESIAN_POINT ( 'NONE',  ( -13.05913550403711909, 16.75080851641389046, 0.000000000000000000 ) ) ;
#3878 = CARTESIAN_POINT ( 'NONE',  ( 14.49416725604000433, -17.06222747542408413, 0.000000000000000000 ) ) ;
#3879 = CARTESIAN_POINT ( 'NONE',  ( -10.14005884793971113, -19.78533198252967651, -4.000000000000000000 ) ) ;
#3880 = CARTESIAN_POINT ( 'NONE',  ( -14.61300362791339325, -16.53226074606681451, 0.000000000000000000 ) ) ;
#3881 = CARTESIAN_POINT ( 'NONE',  ( 20.31862222672677021, -5.358036699682507731, 0.000000000000000000 ) ) ;
#3882 = CARTESIAN_POINT ( 'NONE',  ( -15.79395911403171482, 16.26029483406763987, 0.000000000000000000 ) ) ;
#3883 = CARTESIAN_POINT ( 'NONE',  ( 13.17393849248635718, 18.85193068575483011, 0.000000000000000000 ) ) ;
#3884 = CARTESIAN_POINT ( 'NONE',  ( -5.808312477100088245, -21.62091573078120987, 0.000000000000000000 ) ) ;
#3885 = CARTESIAN_POINT ( 'NONE',  ( 19.76335568513954755, 11.53639894063094751, -4.000000000000000000 ) ) ;
#3886 = CARTESIAN_POINT ( 'NONE',  ( -17.46426378467749174, -14.94174543293087432, -4.000000000000000000 ) ) ;
#3887 = CARTESIAN_POINT ( 'NONE',  ( -1.588541420213892774, 21.08488893612968340, -4.000000000000000000 ) ) ;
#3888 = CARTESIAN_POINT ( 'NONE',  ( -22.12096606211570204, -6.128279723999710882, -4.000000000000000000 ) ) ;
#3889 = CARTESIAN_POINT ( 'NONE',  ( 11.66987199498925776, -19.52825306359922308, 0.000000000000000000 ) ) ;
#3890 = CARTESIAN_POINT ( 'NONE',  ( -12.12435565298206086, 7.000000000000141220, -4.000000000000000000 ) ) ;
#3891 = CARTESIAN_POINT ( 'NONE',  ( -20.12905527314531540, 8.162651984714145215, 0.000000000000000000 ) ) ;
#3892 = CARTESIAN_POINT ( 'NONE',  ( -22.06717016211343818, -6.245873757502432788, -4.000000000000000000 ) ) ;
#3893 = CARTESIAN_POINT ( 'NONE',  ( 0.9352643789683138253, -22.60543259105241631, -4.000000000000000000 ) ) ;
#3894 = CARTESIAN_POINT ( 'NONE',  ( -20.44527414537789767, -7.961408085081986385, 0.000000000000000000 ) ) ;
#3895 = CARTESIAN_POINT ( 'NONE',  ( 20.76316020819749752, 8.372076745820168142, -4.000000000000000000 ) ) ;
#3896 = CARTESIAN_POINT ( 'NONE',  ( -22.29924221309444476, 3.548385995256939207, -4.000000000000000000 ) ) ;
#3897 = CARTESIAN_POINT ( 'NONE',  ( -1.877732061666983254, -20.98195771237742946, -4.000000000000000000 ) ) ;
#3898 = CARTESIAN_POINT ( 'NONE',  ( 20.48125029462982383, -4.698228691358593778, -4.000000000000000000 ) ) ;
#3899 = CARTESIAN_POINT ( 'NONE',  ( -18.17327844624658084, 12.80672111095504739, 0.000000000000000000 ) ) ;
#3900 = CARTESIAN_POINT ( 'NONE',  ( 17.10904052391322239, -12.92908640671131693, 0.000000000000000000 ) ) ;
#3901 = CARTESIAN_POINT ( 'NONE',  ( 14.77007356050271625, 15.92647734529627890, -4.000000000000000000 ) ) ;
#3902 = CARTESIAN_POINT ( 'NONE',  ( -10.52942656070065652, -18.99839282454463074, -4.000000000000000000 ) ) ;
#3903 = CARTESIAN_POINT ( 'NONE',  ( -9.070076318507840796, -21.00981780099893470, 0.000000000000000000 ) ) ;
#3904 = DIRECTION ( 'NONE',  ( 0.000000000000000000, 0.000000000000000000, 1.000000000000000000 ) ) ;
#3905 = CARTESIAN_POINT ( 'NONE',  ( 20.39983756515139746, -6.925588738408704259, 0.000000000000000000 ) ) ;
#3906 = CARTESIAN_POINT ( 'NONE',  ( 6.179755451563025304, 20.42792697626756748, 0.000000000000000000 ) ) ;
#3907 = CARTESIAN_POINT ( 'NONE',  ( -7.522665644989227296, -21.68645783641392200, 0.000000000000000000 ) ) ;
#3908 = CARTESIAN_POINT ( 'NONE',  ( 22.15657846533721909, 2.390764034578162445, -4.000000000000000000 ) ) ;
#3909 = CARTESIAN_POINT ( 'NONE',  ( -18.15233757200130427, -11.92897289312903375, 0.000000000000000000 ) ) ;
#3910 = CARTESIAN_POINT ( 'NONE',  ( 14.38243175225549386, -17.34651484635461571, 0.000000000000000000 ) ) ;
#3911 = CARTESIAN_POINT ( 'NONE',  ( -9.776147748760773395E-14, -14.00000000000000000, -6.000000000000000000 ) ) ;
#3912 = CARTESIAN_POINT ( 'NONE',  ( 4.754076879945538181, 21.97754974012424611, 0.000000000000000000 ) ) ;
#3913 = CARTESIAN_POINT ( 'NONE',  ( -6.775665262204265460, 21.75625882495917907, -4.000000000000000000 ) ) ;
#3914 = CARTESIAN_POINT ( 'NONE',  ( -22.12494672396930184, 3.069479490690234957, 0.000000000000000000 ) ) ;
#3915 = CARTESIAN_POINT ( 'NONE',  ( 3.892887678750805325, -22.52043080026214383, 0.000000000000000000 ) ) ;
#3916 = CARTESIAN_POINT ( 'NONE',  ( -13.05913550403711909, 16.75080851641389046, 0.000000000000000000 ) ) ;
#3917 = CARTESIAN_POINT ( 'NONE',  ( -20.94060127998758603, -7.623709070541726085, 0.000000000000000000 ) ) ;
#3918 = CARTESIAN_POINT ( 'NONE',  ( 13.38099028520531597, 18.68703735509054908, -4.000000000000000000 ) ) ;
#3919 = CARTESIAN_POINT ( 'NONE',  ( -21.00000000000000355, -4.127278043175977515E-15, -4.000000000000000000 ) ) ;
#3920 = CARTESIAN_POINT ( 'NONE',  ( -4.842583601908457602, -21.25527525704973897, -4.000000000000000000 ) ) ;
#3921 = CARTESIAN_POINT ( 'NONE',  ( -18.16420914855800461, 12.99986453351300852, 0.000000000000000000 ) ) ;
#3922 = CARTESIAN_POINT ( 'NONE',  ( 19.13519702654806665, -12.07164184534843798, 0.000000000000000000 ) ) ;
#3923 = CARTESIAN_POINT ( 'NONE',  ( -10.09223420870867827, -19.86898413699724486, -4.000000000000000000 ) ) ;
#3924 = MECHANICAL_CONTEXT ( 'NONE', #4671, 'mechanical' ) ;
#3925 = CARTESIAN_POINT ( 'NONE',  ( 20.48125029462982383, -4.698228691358593778, 0.000000000000000000 ) ) ;
#3926 = CARTESIAN_POINT ( 'NONE',  ( 5.110467300076769526, 21.63708111260477196, 0.000000000000000000 ) ) ;
#3927 = CARTESIAN_POINT ( 'NONE',  ( 1.146957286384171937, -22.68083482401356221, 0.000000000000000000 ) ) ;
#3928 = CARTESIAN_POINT ( 'NONE',  ( -19.53409718184668620, 8.597012578739899880, -4.000000000000000000 ) ) ;
#3929 = CARTESIAN_POINT ( 'NONE',  ( -18.13228884756145831, -13.29789610083738793, -4.000000000000000000 ) ) ;
#3930 = EDGE_CURVE ( 'NONE', #3326, #3290, #2360, .T. ) ;
#3931 = CARTESIAN_POINT ( 'NONE',  ( 13.75191726245931889, -18.32435002681478409, -4.000000000000000000 ) ) ;
#3932 = CARTESIAN_POINT ( 'NONE',  ( -9.989734795150123858, 20.03511141949916308, -4.000000000000000000 ) ) ;
#3933 = CARTESIAN_POINT ( 'NONE',  ( -18.33448606018941618, -10.37376730258236357, -4.000000000000000000 ) ) ;
#3934 = CARTESIAN_POINT ( 'NONE',  ( 14.74184757433799398, -16.05974072920884410, 0.000000000000000000 ) ) ;
#3935 = CARTESIAN_POINT ( 'NONE',  ( 17.12435565298216034, 6.999999999999974243, -6.000000000000000000 ) ) ;
#3936 = CARTESIAN_POINT ( 'NONE',  ( -7.268665028289788665, 21.72702328910405711, 0.000000000000000000 ) ) ;
#3937 = CARTESIAN_POINT ( 'NONE',  ( -22.16338961594793133, 3.159849933283246592, -4.000000000000000000 ) ) ;
#3938 = CARTESIAN_POINT ( 'NONE',  ( 3.163979201484066639, -22.76500607809899890, -4.000000000000000000 ) ) ;
#3939 = CARTESIAN_POINT ( 'NONE',  ( -18.44593788034984527, -10.06490646662222233, 0.000000000000000000 ) ) ;
#3940 = CARTESIAN_POINT ( 'NONE',  ( 20.78091500548366000, 9.348690247244249463, -4.000000000000000000 ) ) ;
#3941 = CARTESIAN_POINT ( 'NONE',  ( 11.11919254841974158, 19.59896623534659454, -4.000000000000000000 ) ) ;
#3942 = CARTESIAN_POINT ( 'NONE',  ( -5.530158903661357428, -21.53363642302078773, -4.000000000000000000 ) ) ;
#3943 = CARTESIAN_POINT ( 'NONE',  ( 20.29311131124243062, -6.270585249870422651, -4.000000000000000000 ) ) ;
#3944 = CARTESIAN_POINT ( 'NONE',  ( -14.28929789074916812, 16.56008223458715278, 0.000000000000000000 ) ) ;
#3945 = CARTESIAN_POINT ( 'NONE',  ( 20.76316020819750463, -8.372076745820166366, 0.000000000000000000 ) ) ;
#3946 = CARTESIAN_POINT ( 'NONE',  ( 21.59123141923970834, 3.009330157237677827, 0.000000000000000000 ) ) ;
#3947 = CARTESIAN_POINT ( 'NONE',  ( -10.77255186281655952, -18.54272550959105814, -4.000000000000000000 ) ) ;
#3948 = CARTESIAN_POINT ( 'NONE',  ( -9.875503961468174552, -20.20119702064939915, 0.000000000000000000 ) ) ;
#3949 = CARTESIAN_POINT ( 'NONE',  ( 21.28164066119390441, -3.347972942834763099, 0.000000000000000000 ) ) ;
#3950 = CARTESIAN_POINT ( 'NONE',  ( 5.304651655887925976, 21.41766073162606432, 0.000000000000000000 ) ) ;
#3951 = CARTESIAN_POINT ( 'NONE',  ( 2.904014192323562504, -22.81479010543602826, 0.000000000000000000 ) ) ;
#3952 = CARTESIAN_POINT ( 'NONE',  ( 16.45012902904862884, 13.28492605249689085, -4.000000000000000000 ) ) ;
#3953 = CARTESIAN_POINT ( 'NONE',  ( -18.11579714807045249, -13.40051544206606593, -4.000000000000000000 ) ) ;
#3954 = CARTESIAN_POINT ( 'NONE',  ( -5.530158903661344105, 21.53363642302077707, -4.000000000000000000 ) ) ;
#3955 = CARTESIAN_POINT ( 'NONE',  ( -19.86201249255650225, -8.343716905771959347, -4.000000000000000000 ) ) ;
#3956 = CARTESIAN_POINT ( 'NONE',  ( 13.83449488849161213, -18.22869934018958915, -4.000000000000000000 ) ) ;
#3957 = CARTESIAN_POINT ( 'NONE',  ( 21.49759199204720872, 3.108261918880981689, 0.000000000000000000 ) ) ;
#3958 = CARTESIAN_POINT ( 'NONE',  ( -14.40354036892241396, 16.55086941576450599, -4.000000000000000000 ) ) ;
#3959 = CARTESIAN_POINT ( 'NONE',  ( 5.676847562098989108, -20.96619076917855651, -4.000000000000000000 ) ) ;
#3960 = CARTESIAN_POINT ( 'NONE',  ( 2.375982835903401647, -22.86068615957975325, -4.000000000000000000 ) ) ;
#3961 = ORIENTED_EDGE ( 'NONE', *, *, #1775, .T. ) ;
#3962 = CARTESIAN_POINT ( 'NONE',  ( -18.17183461541526768, 11.19258704227218715, -4.000000000000000000 ) ) ;
#3963 = CARTESIAN_POINT ( 'NONE',  ( -21.61366561709853684, -6.970311178364153371, 0.000000000000000000 ) ) ;
#3964 = CARTESIAN_POINT ( 'NONE',  ( 5.589924110080312758, 21.07107236563831165, -4.000000000000000000 ) ) ;
#3965 = CARTESIAN_POINT ( 'NONE',  ( -16.73918910046182873, 15.70644772556290647, 0.000000000000000000 ) ) ;
#3966 = CARTESIAN_POINT ( 'NONE',  ( 20.16368796050757339, -11.03095435375335853, 0.000000000000000000 ) ) ;
#3967 = CARTESIAN_POINT ( 'NONE',  ( -21.88699574652791213, 6.579042111146212513, 0.000000000000000000 ) ) ;
#3968 = CARTESIAN_POINT ( 'NONE',  ( -7.904950534007981311, -21.59165424017937340, -4.000000000000000000 ) ) ;
#3969 = CARTESIAN_POINT ( 'NONE',  ( 20.48125029462982383, -4.698228691358593778, -4.000000000000000000 ) ) ;
#3970 = CARTESIAN_POINT ( 'NONE',  ( 5.044013087028530684, 21.70685730218824006, 0.000000000000000000 ) ) ;
#3971 = EDGE_CURVE ( 'NONE', #3599, #1394, #1109, .T. ) ;
#3972 = CARTESIAN_POINT ( 'NONE',  ( 0.6436398694731844117, -22.47664715384598111, 0.000000000000000000 ) ) ;
#3973 = CARTESIAN_POINT ( 'NONE',  ( 21.59123141923970834, 3.009330157237677827, -4.000000000000000000 ) ) ;
#3974 = CARTESIAN_POINT ( 'NONE',  ( -18.15233757200130427, -11.92897289312903375, -4.000000000000000000 ) ) ;
#3975 = CARTESIAN_POINT ( 'NONE',  ( 14.77007356050272691, -15.92647734529627535, -4.000000000000000000 ) ) ;
#3976 = DIRECTION ( 'NONE',  ( -0.000000000000000000, -0.000000000000000000, 1.000000000000000000 ) ) ;
#3977 = CARTESIAN_POINT ( 'NONE',  ( -8.031184762135666233, 21.55105605998829432, 0.000000000000000000 ) ) ;
#3978 = CARTESIAN_POINT ( 'NONE',  ( -22.41434739993848169, 4.103835820171919835, 0.000000000000000000 ) ) ;
#3979 = CARTESIAN_POINT ( 'NONE',  ( 1.372163210848019954, -22.74558431711198736, -4.000000000000000000 ) ) ;
#3980 = ORIENTED_EDGE ( 'NONE', *, *, #3590, .F. ) ;
#3981 = CARTESIAN_POINT ( 'NONE',  ( -14.71177527412551278, -16.52188174842913426, 0.000000000000000000 ) ) ;
#3982 = CARTESIAN_POINT ( 'NONE',  ( 11.22521880699118846, 19.59187865378816085, 0.000000000000000000 ) ) ;
#3983 = CARTESIAN_POINT ( 'NONE',  ( -21.95448300822184606, 2.722055118315033884, -4.000000000000000000 ) ) ;
#3984 = CARTESIAN_POINT ( 'NONE',  ( -3.503562908580233781, 20.85236322909900863, -4.000000000000000000 ) ) ;
#3985 = CARTESIAN_POINT ( 'NONE',  ( 4.409968919116986186, 22.23507379612073009, -4.000000000000000000 ) ) ;
#3986 = CARTESIAN_POINT ( 'NONE',  ( -18.04549037692339297, 13.71884141036982463, 0.000000000000000000 ) ) ;
#3987 = CARTESIAN_POINT ( 'NONE',  ( 18.59620182488611562, -12.37401509496209684, 0.000000000000000000 ) ) ;
#3988 = CARTESIAN_POINT ( 'NONE',  ( 21.15774907159878637, 3.497169882115190642, -4.000000000000000000 ) ) ;
#3989 = CARTESIAN_POINT ( 'NONE',  ( 2.244567722035330171, -22.86085004771972606, -4.000000000000000000 ) ) ;
#3990 = CARTESIAN_POINT ( 'NONE',  ( -7.268665028289802876, -21.72702328910405356, -4.000000000000000000 ) ) ;
#3991 = CARTESIAN_POINT ( 'NONE',  ( -6.210390894792615413, -21.70894496246803840, -4.000000000000000000 ) ) ;
#3992 = CALENDAR_DATE ( 2026, 28, 8 ) ;
#3993 = AXIS2_PLACEMENT_3D ( 'NONE', #3384, #1494, #2652 ) ;
#3994 = CARTESIAN_POINT ( 'NONE',  ( 22.99168151220385070, -0.2652489659780626896, 0.000000000000000000 ) ) ;
#3995 = CARTESIAN_POINT ( 'NONE',  ( 10.33033271631730265, 19.56254416469471735, 0.000000000000000000 ) ) ;
#3996 = CARTESIAN_POINT ( 'NONE',  ( 3.163979201484066639, -22.76500607809899890, 0.000000000000000000 ) ) ;
#3997 = CIRCLE ( 'NONE', #53, 5.000000000000000000 ) ;
#3998 = CARTESIAN_POINT ( 'NONE',  ( 15.71473732662316891, -13.92204242230091715, -4.000000000000000000 ) ) ;
#3999 = CARTESIAN_POINT ( 'NONE',  ( -5.256247460261286086, 21.42959129432590615, -4.000000000000000000 ) ) ;
#4000 = CARTESIAN_POINT ( 'NONE',  ( -19.34777908991709339, -8.763221459836243454, 0.000000000000000000 ) ) ;
#4001 = CARTESIAN_POINT ( 'NONE',  ( 14.74184757433799398, -16.05974072920884410, -4.000000000000000000 ) ) ;
#4002 = DIRECTION ( 'NONE',  ( -0.000000000000000000, -0.000000000000000000, 1.000000000000000000 ) ) ;
#4003 = AXIS2_PLACEMENT_3D ( 'NONE', #4096, #360, #2952 ) ;
#4004 = AXIS2_PLACEMENT_3D ( 'NONE', #436, #3092, #1876 ) ;
#4005 = CARTESIAN_POINT ( 'NONE',  ( 2.640307831937914962, -22.84680985470237502, 0.000000000000000000 ) ) ;
#4006 = ORIENTED_EDGE ( 'NONE', *, *, #2292, .F. ) ;
#4007 = CARTESIAN_POINT ( 'NONE',  ( -17.12653607385810517, -15.35023478957749887, 0.000000000000000000 ) ) ;
#4008 = CARTESIAN_POINT ( 'NONE',  ( 5.240001218098253588, 21.49305226020203108, -4.000000000000000000 ) ) ;
#4009 = CARTESIAN_POINT ( 'NONE',  ( -20.12905527314531540, 8.162651984714145215, 0.000000000000000000 ) ) ;
#4010 = CARTESIAN_POINT ( 'NONE',  ( 20.73967884702717157, -4.118461680631887667, 0.000000000000000000 ) ) ;
#4011 = CARTESIAN_POINT ( 'NONE',  ( -22.17120079974525382, 6.007861870957563077, 0.000000000000000000 ) ) ;
#4012 = CARTESIAN_POINT ( 'NONE',  ( 20.80425486829264514, -9.001628295016114834, -4.000000000000000000 ) ) ;
#4013 = CARTESIAN_POINT ( 'NONE',  ( -5.161319963510439202, -21.39051808964734747, 0.000000000000000000 ) ) ;
#4014 = CARTESIAN_POINT ( 'NONE',  ( 14.58034703317465741, 16.78373127438552004, -4.000000000000000000 ) ) ;
#4015 = FACE_BOUND ( 'NONE', #3026, .T. ) ;
#4016 = CARTESIAN_POINT ( 'NONE',  ( -16.63690652438660322, 15.78557186981674754, -4.000000000000000000 ) ) ;
#4017 = CARTESIAN_POINT ( 'NONE',  ( 0.1359087958816711239, 22.17789819845266308, 0.000000000000000000 ) ) ;
#4018 = CARTESIAN_POINT ( 'NONE',  ( 4.003797556025030069, -22.46803654139385031, 0.000000000000000000 ) ) ;
#4019 = CARTESIAN_POINT ( 'NONE',  ( 18.41882560490898868, 12.45098463714984760, -4.000000000000000000 ) ) ;
#4020 = CARTESIAN_POINT ( 'NONE',  ( 16.20113928410976456, -13.46445368502866557, -4.000000000000000000 ) ) ;
#4021 = CARTESIAN_POINT ( 'NONE',  ( -10.23136038523248814, 19.61448885117687979, 0.000000000000000000 ) ) ;
#4022 = CARTESIAN_POINT ( 'NONE',  ( -17.30269009771813771, -15.15139800040396345, 0.000000000000000000 ) ) ;
#4023 = CARTESIAN_POINT ( 'NONE',  ( 18.86354708643816736, -12.23848564479274614, 0.000000000000000000 ) ) ;
#4024 = DIRECTION ( 'NONE',  ( -1.000000000000000000, 0.000000000000000000, 0.000000000000000000 ) ) ;
#4025 = CARTESIAN_POINT ( 'NONE',  ( 3.163979201484035997, 22.76500607809901311, -4.000000000000000000 ) ) ;
#4026 = CARTESIAN_POINT ( 'NONE',  ( -20.70473135879238313, -7.792496877489661244, -4.000000000000000000 ) ) ;
#4027 = CARTESIAN_POINT ( 'NONE',  ( 3.291614851979450584, 22.73371550867473445, -4.000000000000000000 ) ) ;
#4028 = CARTESIAN_POINT ( 'NONE',  ( -21.12263386550846533, 0.9645433511945863403, -4.000000000000000000 ) ) ;
#4029 = CARTESIAN_POINT ( 'NONE',  ( 7.444813141596315020, -19.63035893048888880, 0.000000000000000000 ) ) ;
#4030 = ORIENTED_EDGE ( 'NONE', *, *, #1795, .F. ) ;
#4031 = CARTESIAN_POINT ( 'NONE',  ( -17.60961632205925653, -14.72393849779074948, 0.000000000000000000 ) ) ;
#4032 = CARTESIAN_POINT ( 'NONE',  ( 20.36616000391637371, 10.68898534220125818, 0.000000000000000000 ) ) ;
#4033 = CARTESIAN_POINT ( 'NONE',  ( -22.16338961594793844, -3.159849933283256807, -4.000000000000000000 ) ) ;
#4034 = CARTESIAN_POINT ( 'NONE',  ( 4.214602464302491747, 22.35566384975634691, -4.000000000000000000 ) ) ;
#4035 = CARTESIAN_POINT ( 'NONE',  ( -19.86201249255650225, 8.343716905771959347, 0.000000000000000000 ) ) ;
#4036 = CARTESIAN_POINT ( 'NONE',  ( 22.33348662812913332, -2.154711336977888969, 0.000000000000000000 ) ) ;
#4037 = CARTESIAN_POINT ( 'NONE',  ( 14.12104016515248084, 17.83633383713025466, 0.000000000000000000 ) ) ;
#4038 = CARTESIAN_POINT ( 'NONE',  ( 20.78779232674428101, -8.572142657481824912, -4.000000000000000000 ) ) ;
#4039 = CARTESIAN_POINT ( 'NONE',  ( -5.348528770268337063, -21.46630262106306120, 0.000000000000000000 ) ) ;
#4040 = CARTESIAN_POINT ( 'NONE',  ( 14.42300264874662474, 17.25082415869790964, -4.000000000000000000 ) ) ;
#4041 = CARTESIAN_POINT ( 'NONE',  ( 22.86081428818683037, -1.030484612093665486, -4.000000000000000000 ) ) ;
#4042 = CARTESIAN_POINT ( 'NONE',  ( -16.83963071822948976, 15.62316825860849256, 0.000000000000000000 ) ) ;
#4043 = CARTESIAN_POINT ( 'NONE',  ( -4.576078833423055769, 21.14622909948188578, 0.000000000000000000 ) ) ;
#4044 = CARTESIAN_POINT ( 'NONE',  ( 11.44367210680428748, -19.56754203517810708, 0.000000000000000000 ) ) ;
#4045 = CARTESIAN_POINT ( 'NONE',  ( 17.28807635332961823, 12.85455437032263504, -4.000000000000000000 ) ) ;
#4046 = CARTESIAN_POINT ( 'NONE',  ( -10.32123374931713222, 19.43362091328372543, 0.000000000000000000 ) ) ;
#4047 = DIRECTION ( 'NONE',  ( -0.000000000000000000, -0.000000000000000000, 1.000000000000000000 ) ) ;
#4048 = CARTESIAN_POINT ( 'NONE',  ( -17.21631478046348107, -15.25232396492124032, 0.000000000000000000 ) ) ;
#4049 = CARTESIAN_POINT ( 'NONE',  ( 19.13519702654806665, -12.07164184534843798, 0.000000000000000000 ) ) ;
#4050 = CARTESIAN_POINT ( 'NONE',  ( 20.72971935574831548, 8.179759005715959930, 0.000000000000000000 ) ) ;
#4051 = CARTESIAN_POINT ( 'NONE',  ( 4.409968919116986186, 22.23507379612073009, 0.000000000000000000 ) ) ;
#4052 = CARTESIAN_POINT ( 'NONE',  ( 7.768109850089496504, -19.52463663745171729, -4.000000000000000000 ) ) ;
#4053 = CARTESIAN_POINT ( 'NONE',  ( 0.5530032713437073033, 22.43037211676184839, -4.000000000000000000 ) ) ;
#4054 = CARTESIAN_POINT ( 'NONE',  ( -21.61676680493876646, 2.126769031605166838, 0.000000000000000000 ) ) ;
#4055 = CARTESIAN_POINT ( 'NONE',  ( -21.80324200739084262, -2.451915892524422436, 0.000000000000000000 ) ) ;
#4056 = CARTESIAN_POINT ( 'NONE',  ( 7.768109850089496504, -19.52463663745171729, 0.000000000000000000 ) ) ;
#4057 = VERTEX_POINT ( 'NONE', #1749 ) ;
#4058 = CARTESIAN_POINT ( 'NONE',  ( -18.44593788034982396, 10.06490646662228272, 0.000000000000000000 ) ) ;
#4059 = CARTESIAN_POINT ( 'NONE',  ( -18.16420914855800106, -12.99986453351298543, 0.000000000000000000 ) ) ;
#4060 = CARTESIAN_POINT ( 'NONE',  ( -5.439477973142062162, 21.50092367972664675, 0.000000000000000000 ) ) ;
#4061 = CARTESIAN_POINT ( 'NONE',  ( 21.39476759738625944, -3.219848144137871682, -4.000000000000000000 ) ) ;
#4062 = CARTESIAN_POINT ( 'NONE',  ( -11.41345111234950416, 17.70597528647927987, 0.000000000000000000 ) ) ;
#4063 = CARTESIAN_POINT ( 'NONE',  ( -20.24364962902316378, 8.089004381985118286, 0.000000000000000000 ) ) ;
#4064 = CARTESIAN_POINT ( 'NONE',  ( 21.59123141923971190, -3.009330157237668946, 0.000000000000000000 ) ) ;
#4065 = CARTESIAN_POINT ( 'NONE',  ( 4.314250260353276190, -22.29625582966830422, -4.000000000000000000 ) ) ;
#4066 = CARTESIAN_POINT ( 'NONE',  ( -6.003950609213857703, -21.66948353427438434, -4.000000000000000000 ) ) ;
#4067 = CARTESIAN_POINT ( 'NONE',  ( 20.53257775300019006, -10.32809357724406318, -4.000000000000000000 ) ) ;
#4068 = CARTESIAN_POINT ( 'NONE',  ( -6.896230539633902978, -21.75511584063072590, -4.000000000000000000 ) ) ;
#4069 = CARTESIAN_POINT ( 'NONE',  ( 15.31911420367087651, 14.46005418918946361, -4.000000000000000000 ) ) ;
#4070 = CARTESIAN_POINT ( 'NONE',  ( 22.70068007964911416, -1.489195761755031322, -4.000000000000000000 ) ) ;
#4071 = CARTESIAN_POINT ( 'NONE',  ( -3.198142567396964786, 20.82163085010417802, 0.000000000000000000 ) ) ;
#4072 = CARTESIAN_POINT ( 'NONE',  ( 12.25706784425205065, -19.35617007985193894, 0.000000000000000000 ) ) ;
#4073 = CARTESIAN_POINT ( 'NONE',  ( -20.86332366715751974, 7.681268167302651051, -4.000000000000000000 ) ) ;
#4074 = CARTESIAN_POINT ( 'NONE',  ( 14.52531902632189187, -16.96909187510690487, -4.000000000000000000 ) ) ;
#4075 = CARTESIAN_POINT ( 'NONE',  ( -10.14005884793972179, 19.78533198252967651, 0.000000000000000000 ) ) ;
#4076 = CARTESIAN_POINT ( 'NONE',  ( -18.04549037692338231, -13.71884141036984062, 0.000000000000000000 ) ) ;
#4077 = CARTESIAN_POINT ( 'NONE',  ( 17.59069102790715178, -12.74265838722847022, 0.000000000000000000 ) ) ;
#4078 = CARTESIAN_POINT ( 'NONE',  ( -14.40354036892241396, 16.55086941576450599, 0.000000000000000000 ) ) ;
#4079 = CARTESIAN_POINT ( 'NONE',  ( 20.79633826188293355, 8.675726789176390952, 0.000000000000000000 ) ) ;
#4080 = EDGE_CURVE ( 'NONE', #1394, #3599, #3249, .T. ) ;
#4081 = CARTESIAN_POINT ( 'NONE',  ( 3.892887678750797775, 22.52043080026215094, -4.000000000000000000 ) ) ;
#4082 = CARTESIAN_POINT ( 'NONE',  ( -21.29181501105374608, 1.465671014897415247, -4.000000000000000000 ) ) ;
#4083 = AXIS2_PLACEMENT_3D ( 'NONE', #2132, #4325, #1276 ) ;
#4084 = CARTESIAN_POINT ( 'NONE',  ( -22.12494672396928408, -3.069479490690222523, 0.000000000000000000 ) ) ;
#4085 = CARTESIAN_POINT ( 'NONE',  ( 5.370547556266014766, -21.33894811969763694, 0.000000000000000000 ) ) ;
#4086 = DIRECTION ( 'NONE',  ( 1.000000000000000000, 0.000000000000000000, 0.000000000000000000 ) ) ;
#4087 = CARTESIAN_POINT ( 'NONE',  ( -13.70942005604791625, -16.61833185927416068, 0.000000000000000000 ) ) ;
#4088 = AXIS2_PLACEMENT_3D ( 'NONE', #792, #2294, #769 ) ;
#4089 = CARTESIAN_POINT ( 'NONE',  ( -9.934253601406442868, 20.11810158283995165, -4.000000000000000000 ) ) ;
#4090 = CARTESIAN_POINT ( 'NONE',  ( 7.768109850089548907, 19.52463663745169953, -4.000000000000000000 ) ) ;
#4091 = CARTESIAN_POINT ( 'NONE',  ( -22.35395168710629932, -3.761273262743626056, -4.000000000000000000 ) ) ;
#4092 = CARTESIAN_POINT ( 'NONE',  ( -5.161319963510448972, 21.39051808964734036, -4.000000000000000000 ) ) ;
#4093 = CARTESIAN_POINT ( 'NONE',  ( 22.44605429875779734, -1.982565721560210381, -4.000000000000000000 ) ) ;
#4094 = CARTESIAN_POINT ( 'NONE',  ( -18.16980692583723567, 12.90301663323251447, 0.000000000000000000 ) ) ;
#4095 = CARTESIAN_POINT ( 'NONE',  ( -21.68465170036326484, 6.878550772462173057, 0.000000000000000000 ) ) ;
#4096 = CARTESIAN_POINT ( 'NONE',  ( 0.000000000000000000, 0.000000000000000000, 0.000000000000000000 ) ) ;
#4097 = LOCAL_TIME ( 11, 19, 11.00000000000000000, #972 ) ;
#4098 = CARTESIAN_POINT ( 'NONE',  ( 4.589621725225812021, -22.10842868385095272, -4.000000000000000000 ) ) ;
#4099 = CARTESIAN_POINT ( 'NONE',  ( -8.749985478137789485, -21.22099681987719322, -4.000000000000000000 ) ) ;
#4100 = CARTESIAN_POINT ( 'NONE',  ( -22.44474957922670910, 4.596765017330765701, -4.000000000000000000 ) ) ;
#4101 = CARTESIAN_POINT ( 'NONE',  ( -4.956690974354527768, -21.30379244199513522, -4.000000000000000000 ) ) ;
#4102 = CARTESIAN_POINT ( 'NONE',  ( 14.29011911042242744, 17.54060426259943029, -4.000000000000000000 ) ) ;
#4103 = APPLICATION_PROTOCOL_DEFINITION ( 'international standard', 'config_control_design', 1994, #3082 ) ;
#4104 = CARTESIAN_POINT ( 'NONE',  ( 22.44605429875779734, -1.982565721560210381, -4.000000000000000000 ) ) ;
#4105 = CARTESIAN_POINT ( 'NONE',  ( -5.161319963510448972, 21.39051808964734036, 0.000000000000000000 ) ) ;
#4106 = CARTESIAN_POINT ( 'NONE',  ( 5.110467300076766861, -21.63708111260477551, 0.000000000000000000 ) ) ;
#4107 = CARTESIAN_POINT ( 'NONE',  ( 14.96523272433928753, 15.21615547683473224, 0.000000000000000000 ) ) ;
#4108 = CARTESIAN_POINT ( 'NONE',  ( -17.30269009771813771, -15.15139800040396345, -4.000000000000000000 ) ) ;
#4109 = CARTESIAN_POINT ( 'NONE',  ( 18.68490343084159733, -12.33186420008358475, -4.000000000000000000 ) ) ;
#4110 = CARTESIAN_POINT ( 'NONE',  ( -14.51079128029506293, 16.54177814894682541, 0.000000000000000000 ) ) ;
#4111 = CARTESIAN_POINT ( 'NONE',  ( 20.44046392959870673, 7.091610322081399964, 0.000000000000000000 ) ) ;
#4112 = CARTESIAN_POINT ( 'NONE',  ( -22.08489584616733481, -2.981123517001415646, 0.000000000000000000 ) ) ;
#4113 = CARTESIAN_POINT ( 'NONE',  ( 9.653974740081325834, -19.45786538474273186, 0.000000000000000000 ) ) ;
#4114 = ORIENTED_EDGE ( 'NONE', *, *, #2847, .T. ) ;
#4115 = CARTESIAN_POINT ( 'NONE',  ( -22.44313168229287925, 4.470410355436096772, 0.000000000000000000 ) ) ;
#4116 = CARTESIAN_POINT ( 'NONE',  ( 22.89262382182330313, -0.9081887751129023023, 0.000000000000000000 ) ) ;
#4117 = CARTESIAN_POINT ( 'NONE',  ( 20.35947228549824217, 6.735906117007635530, -4.000000000000000000 ) ) ;
#4118 = CARTESIAN_POINT ( 'NONE',  ( -7.143036618217897704, 21.74064755994004017, -4.000000000000000000 ) ) ;
#4119 = CARTESIAN_POINT ( 'NONE',  ( -3.503562908580214241, -20.85236322909899442, 0.000000000000000000 ) ) ;
#4120 = CARTESIAN_POINT ( 'NONE',  ( 22.74513939634669768, 1.379518627932509789, 0.000000000000000000 ) ) ;
#4121 = CARTESIAN_POINT ( 'NONE',  ( -0.9213867414385392696, 21.42502250719503465, 0.000000000000000000 ) ) ;
#4122 = CARTESIAN_POINT ( 'NONE',  ( 5.240001218098264246, -21.49305226020202042, 0.000000000000000000 ) ) ;
#4123 = CARTESIAN_POINT ( 'NONE',  ( -0.6175175649107126352, -21.62688545941149343, -4.000000000000000000 ) ) ;
#4124 = CARTESIAN_POINT ( 'NONE',  ( 18.23822292812888080, -12.52102761954149202, -4.000000000000000000 ) ) ;
#4125 = CARTESIAN_POINT ( 'NONE',  ( -11.20522004111683856, -17.93150995100002376, 0.000000000000000000 ) ) ;
#4126 = EDGE_CURVE ( 'NONE', #3359, #63, #3825, .T. ) ;
#4127 = DIRECTION ( 'NONE',  ( 1.000000000000000000, 0.000000000000000000, 0.000000000000000000 ) ) ;
#4128 = CARTESIAN_POINT ( 'NONE',  ( -17.84767620596554849, -14.27532248167365303, 0.000000000000000000 ) ) ;
#4129 = CARTESIAN_POINT ( 'NONE',  ( 15.95187074585634512, -13.67818650900301591, 0.000000000000000000 ) ) ;
#4130 = CARTESIAN_POINT ( 'NONE',  ( 20.62158199844362017, 10.08183057675174332, 0.000000000000000000 ) ) ;
#4131 = CARTESIAN_POINT ( 'NONE',  ( 3.540430871598356788, 22.65913253418498030, -4.000000000000000000 ) ) ;
#4132 = CARTESIAN_POINT ( 'NONE',  ( 1.146957286384169494, 22.68083482401356221, -4.000000000000000000 ) ) ;
#4133 = CARTESIAN_POINT ( 'NONE',  ( 22.99848482850784848, 0.1328215991950528752, -4.000000000000000000 ) ) ;
#4134 = CARTESIAN_POINT ( 'NONE',  ( -21.46445723021905039, -1.842343038153482659, 0.000000000000000000 ) ) ;
#4135 = CARTESIAN_POINT ( 'NONE',  ( 9.788587241230342073, -19.47872947641211994, 0.000000000000000000 ) ) ;
#4136 = CARTESIAN_POINT ( 'NONE',  ( -17.12435565298221007, -6.999999999999885425, 0.000000000000000000 ) ) ;
#4137 = CARTESIAN_POINT ( 'NONE',  ( -18.17312489739111925, 12.51371455121038423, -4.000000000000000000 ) ) ;
#4138 = CARTESIAN_POINT ( 'NONE',  ( -21.85668550328495385, -2.545346090368746150, 0.000000000000000000 ) ) ;
#4139 = CARTESIAN_POINT ( 'NONE',  ( -17.12435565298206086, 7.000000000000142109, -4.000000000000000000 ) ) ;
#4140 = CARTESIAN_POINT ( 'NONE',  ( 20.38460457323552433, 5.024353773962914715, -4.000000000000000000 ) ) ;
#4141 = EDGE_CURVE ( 'NONE', #3599, #1325, #3078, .T. ) ;
#4142 = CARTESIAN_POINT ( 'NONE',  ( -5.713967158203336005, -21.59364608391138418, -4.000000000000000000 ) ) ;
#4143 = CARTESIAN_POINT ( 'NONE',  ( 13.75191726245931712, 18.32435002681478053, -4.000000000000000000 ) ) ;
#4144 = VERTEX_POINT ( 'NONE', #2962 ) ;
#4145 = FACE_BOUND ( 'NONE', #4685, .T. ) ;
#4146 = CARTESIAN_POINT ( 'NONE',  ( -8.520062268277705186, 21.34630659078940340, 0.000000000000000000 ) ) ;
#4147 = CARTESIAN_POINT ( 'NONE',  ( 8.920607862287514678, -19.38845876690917436, 0.000000000000000000 ) ) ;
#4148 = CARTESIAN_POINT ( 'NONE',  ( 15.95187074585637710, 13.67818650900298216, -4.000000000000000000 ) ) ;
#4149 = CARTESIAN_POINT ( 'NONE',  ( -16.21641532725007906, -16.05836027834629931, 0.000000000000000000 ) ) ;
#4150 = CARTESIAN_POINT ( 'NONE',  ( 20.53257775300019006, -10.32809357724406318, 0.000000000000000000 ) ) ;
#4151 = CARTESIAN_POINT ( 'NONE',  ( 20.51659141783717288, 7.369316032574129594, 0.000000000000000000 ) ) ;
#4152 = CARTESIAN_POINT ( 'NONE',  ( -18.15625140016319605, 13.09774888915080027, -4.000000000000000000 ) ) ;
#4153 = CARTESIAN_POINT ( 'NONE',  ( -3.198142567396964786, 20.82163085010417802, -4.000000000000000000 ) ) ;
#4154 = DIRECTION ( 'NONE',  ( -0.000000000000000000, -0.000000000000000000, 1.000000000000000000 ) ) ;
#4155 = CARTESIAN_POINT ( 'NONE',  ( -21.99981435537412722, -2.808168091621713991, 0.000000000000000000 ) ) ;
#4156 = CARTESIAN_POINT ( 'NONE',  ( 12.61143276425614523, -19.19917479465659582, -4.000000000000000000 ) ) ;
#4157 = CARTESIAN_POINT ( 'NONE',  ( 17.12435565298216034, 6.999999999999974243, 0.000000000000000000 ) ) ;
#4158 = AXIS2_PLACEMENT_3D ( 'NONE', #3751, #2560, #2192 ) ;
#4159 = CARTESIAN_POINT ( 'NONE',  ( -18.16420914855800461, 12.99986453351300852, 0.000000000000000000 ) ) ;
#4160 = CARTESIAN_POINT ( 'NONE',  ( -22.32787987256118711, 3.653229048890612063, 0.000000000000000000 ) ) ;
#4161 = VECTOR ( 'NONE', #3733, 1000.000000000000000 ) ;
#4162 = CARTESIAN_POINT ( 'NONE',  ( 5.000000000000000888, 14.00000000000000000, -4.000000000000000000 ) ) ;
#4163 = CARTESIAN_POINT ( 'NONE',  ( 20.77666459608137473, 8.470986611750912942, -4.000000000000000000 ) ) ;
#4164 = VECTOR ( 'NONE', #3437, 1000.000000000000000 ) ;
#4165 = CARTESIAN_POINT ( 'NONE',  ( 11.90217861259450238, 19.47257571994366643, -4.000000000000000000 ) ) ;
#4166 = VERTEX_POINT ( 'NONE', #3352 ) ;
#4167 = CARTESIAN_POINT ( 'NONE',  ( 22.50045111320923752, 1.891281616171918367, -4.000000000000000000 ) ) ;
#4168 = CARTESIAN_POINT ( 'NONE',  ( -12.21493408267606107, 17.09825581231775971, 0.000000000000000000 ) ) ;
#4169 = CARTESIAN_POINT ( 'NONE',  ( 14.46015909102277597, -17.15608361418292560, 0.000000000000000000 ) ) ;
#4170 = CARTESIAN_POINT ( 'NONE',  ( 15.50124267262309985, 14.18684045416836526, -4.000000000000000000 ) ) ;
#4171 = CARTESIAN_POINT ( 'NONE',  ( -13.51774999865093818, -16.64785205169378557, -4.000000000000000000 ) ) ;
#4172 = CARTESIAN_POINT ( 'NONE',  ( 18.68490343084159733, -12.33186420008358475, -4.000000000000000000 ) ) ;
#4173 = CARTESIAN_POINT ( 'NONE',  ( 20.74536345487273081, 9.589279067479322904, -4.000000000000000000 ) ) ;
#4174 = CARTESIAN_POINT ( 'NONE',  ( -12.79282727309312406, -16.83566380198485035, 0.000000000000000000 ) ) ;
#4175 = CARTESIAN_POINT ( 'NONE',  ( 20.36616000391638082, -10.68898534220124041, 0.000000000000000000 ) ) ;
#4176 = CARTESIAN_POINT ( 'NONE',  ( 14.42300264874662474, 17.25082415869790964, 0.000000000000000000 ) ) ;
#4177 = CARTESIAN_POINT ( 'NONE',  ( -6.657349869653445218, -21.75358068935852529, 0.000000000000000000 ) ) ;
#4178 = CARTESIAN_POINT ( 'NONE',  ( 20.62158199844362017, 10.08183057675174332, 0.000000000000000000 ) ) ;
#4179 = CARTESIAN_POINT ( 'NONE',  ( -18.17312489739111925, 12.51371455121038423, -4.000000000000000000 ) ) ;
#4180 = CARTESIAN_POINT ( 'NONE',  ( 10.33033271631730088, -19.56254416469472091, -4.000000000000000000 ) ) ;
#4181 = CARTESIAN_POINT ( 'NONE',  ( -22.36197694667999158, -5.374935629425801054, 0.000000000000000000 ) ) ;
#4182 = CARTESIAN_POINT ( 'NONE',  ( 12.01993966802991309, -19.43824653320580254, 0.000000000000000000 ) ) ;
#4183 = DIRECTION ( 'NONE',  ( -0.000000000000000000, -0.000000000000000000, 1.000000000000000000 ) ) ;
#4184 = CARTESIAN_POINT ( 'NONE',  ( -13.30135309966936497, 16.69022419582071493, -4.000000000000000000 ) ) ;
#4185 = EDGE_CURVE ( 'NONE', #1481, #3780, #175, .T. ) ;
#4186 = CARTESIAN_POINT ( 'NONE',  ( -18.16634988306093845, 12.30353548794323260, -4.000000000000000000 ) ) ;
#4187 = CARTESIAN_POINT ( 'NONE',  ( -21.95448300822184606, -2.722055118315031663, 0.000000000000000000 ) ) ;
#4188 = CARTESIAN_POINT ( 'NONE',  ( -21.01046210447309193, -0.3397773154281671371, 0.000000000000000000 ) ) ;
#4189 = CARTESIAN_POINT ( 'NONE',  ( 20.66509520378539122, 7.897008828913195444, 0.000000000000000000 ) ) ;
#4190 = CARTESIAN_POINT ( 'NONE',  ( 12.13835046888205405, 19.39946330054828749, -4.000000000000000000 ) ) ;
#4191 = CARTESIAN_POINT ( 'NONE',  ( -0.1077446603907883660, 22.00413322531517935, -4.000000000000000000 ) ) ;
#4192 = EDGE_LOOP ( 'NONE', ( #2690, #3247, #2485, #1062 ) ) ;
#4193 = CARTESIAN_POINT ( 'NONE',  ( 22.33348662812914043, 2.154711336977886749, 0.000000000000000000 ) ) ;
#4194 = CARTESIAN_POINT ( 'NONE',  ( -7.522665644989237066, 21.68645783641392555, 0.000000000000000000 ) ) ;
#4195 = CARTESIAN_POINT ( 'NONE',  ( 13.75191726245931889, -18.32435002681478409, 0.000000000000000000 ) ) ;
#4196 = CARTESIAN_POINT ( 'NONE',  ( 14.58034703317465741, 16.78373127438552004, 0.000000000000000000 ) ) ;
#4197 = CARTESIAN_POINT ( 'NONE',  ( -0.1940517453232547540, -21.93981762679452530, -4.000000000000000000 ) ) ;
#4198 = CARTESIAN_POINT ( 'NONE',  ( -21.24426801316549884, 7.368515192687133286, 0.000000000000000000 ) ) ;
#4199 = CARTESIAN_POINT ( 'NONE',  ( 18.86354708643816736, -12.23848564479274614, -4.000000000000000000 ) ) ;
#4200 = CARTESIAN_POINT ( 'NONE',  ( 20.53257775300018295, 10.32809357724408272, -4.000000000000000000 ) ) ;
#4201 = CARTESIAN_POINT ( 'NONE',  ( -15.38654536925085559, -16.39719979630828561, 0.000000000000000000 ) ) ;
#4202 = CARTESIAN_POINT ( 'NONE',  ( 20.48139027573108351, -10.44990086774784110, 0.000000000000000000 ) ) ;
#4203 = CARTESIAN_POINT ( 'NONE',  ( 14.05603342403871991, 17.93522685070813338, 0.000000000000000000 ) ) ;
#4204 = CARTESIAN_POINT ( 'NONE',  ( -9.264407565793709054, -20.85698476170287208, 0.000000000000000000 ) ) ;
#4205 = CARTESIAN_POINT ( 'NONE',  ( -9.524729263620633546, 20.61589949009512779, -4.000000000000000000 ) ) ;
#4206 = CARTESIAN_POINT ( 'NONE',  ( -20.70473135879238313, -7.792496877489661244, 0.000000000000000000 ) ) ;
#4207 = CARTESIAN_POINT ( 'NONE',  ( 13.27905935459841835, -18.77110434763019953, -4.000000000000000000 ) ) ;
#4208 = DIRECTION ( 'NONE',  ( 0.000000000000000000, 0.000000000000000000, -1.000000000000000000 ) ) ;
#4209 = CARTESIAN_POINT ( 'NONE',  ( 6.844479728585141309, 19.92288945872043726, 0.000000000000000000 ) ) ;
#4210 = CARTESIAN_POINT ( 'NONE',  ( -22.44313168229286859, -4.470410355436083449, -4.000000000000000000 ) ) ;
#4211 = CARTESIAN_POINT ( 'NONE',  ( 3.892887678750805325, -22.52043080026214383, -4.000000000000000000 ) ) ;
#4212 = CARTESIAN_POINT ( 'NONE',  ( -5.904873404660989422, 21.64624392335657888, 0.000000000000000000 ) ) ;
#4213 = CARTESIAN_POINT ( 'NONE',  ( 0.05588777320239618485, -22.12251759593047140, 0.000000000000000000 ) ) ;
#4214 = CARTESIAN_POINT ( 'NONE',  ( -12.50810894298446740, 16.95038754158260019, 0.000000000000000000 ) ) ;
#4215 = CARTESIAN_POINT ( 'NONE',  ( -21.61676680493876646, -2.126769031605182825, 0.000000000000000000 ) ) ;
#4216 = CARTESIAN_POINT ( 'NONE',  ( 13.27905935459841658, 18.77110434763020308, -4.000000000000000000 ) ) ;
#4217 = CARTESIAN_POINT ( 'NONE',  ( 10.42692446230140213, 19.57439362941260441, -4.000000000000000000 ) ) ;
#4218 = VERTEX_POINT ( 'NONE', #1486 ) ;
#4219 = CARTESIAN_POINT ( 'NONE',  ( 22.98039910196879987, 0.3968919721285881774, -4.000000000000000000 ) ) ;
#4220 = CARTESIAN_POINT ( 'NONE',  ( -17.84767620596553783, 14.27532248167365836, -4.000000000000000000 ) ) ;
#4221 = CARTESIAN_POINT ( 'NONE',  ( -10.59729946092185138, 18.86268132458961233, 0.000000000000000000 ) ) ;
#4222 = CARTESIAN_POINT ( 'NONE',  ( 14.58034703317466096, -16.78373127438552714, 0.000000000000000000 ) ) ;
#4223 = CARTESIAN_POINT ( 'NONE',  ( 19.84835533766064586, -11.44289398223680720, -4.000000000000000000 ) ) ;
#4224 = CARTESIAN_POINT ( 'NONE',  ( 17.28807635332961823, 12.85455437032263504, -4.000000000000000000 ) ) ;
#4225 = CARTESIAN_POINT ( 'NONE',  ( -15.69022999050113931, -16.30021426032061882, 0.000000000000000000 ) ) ;
#4226 = CARTESIAN_POINT ( 'NONE',  ( 20.57933143268193987, -10.20527642677844682, -4.000000000000000000 ) ) ;
#4227 = CARTESIAN_POINT ( 'NONE',  ( 14.18166562306855383, 17.73742200790328027, 0.000000000000000000 ) ) ;
#4228 = CARTESIAN_POINT ( 'NONE',  ( -8.636500735330360001, -21.28538005795923027, 0.000000000000000000 ) ) ;
#4229 = CARTESIAN_POINT ( 'NONE',  ( -22.38706326563480786, -5.244728221083875042, -4.000000000000000000 ) ) ;
#4230 = CARTESIAN_POINT ( 'NONE',  ( 10.42692446230140746, -19.57439362941259731, 0.000000000000000000 ) ) ;
#4231 = FACE_BOUND ( 'NONE', #3803, .T. ) ;
#4232 = CARTESIAN_POINT ( 'NONE',  ( -14.03001975968732751, 16.58210780195570777, -4.000000000000000000 ) ) ;
#4233 = CARTESIAN_POINT ( 'NONE',  ( -0.2856726970412228894, -21.87095674489395236, 0.000000000000000000 ) ) ;
#4234 = CARTESIAN_POINT ( 'NONE',  ( -22.12494672396928408, -3.069479490690222523, 0.000000000000000000 ) ) ;
#4235 = CARTESIAN_POINT ( 'NONE',  ( 20.74746145929375274, 8.275132317816296990, -4.000000000000000000 ) ) ;
#4236 = CARTESIAN_POINT ( 'NONE',  ( 0.4653096620767748215, 22.38267137290715070, -4.000000000000000000 ) ) ;
#4237 = CARTESIAN_POINT ( 'NONE',  ( -3.198142567396938141, -20.82163085010418868, -4.000000000000000000 ) ) ;
#4238 = EDGE_LOOP ( 'NONE', ( #388, #2250 ) ) ;
#4239 = CARTESIAN_POINT ( 'NONE',  ( 22.09532119296679653, 2.465144311845595571, 0.000000000000000000 ) ) ;
#4240 = CARTESIAN_POINT ( 'NONE',  ( -18.01441512476086260, 13.82811003151778984, -4.000000000000000000 ) ) ;
#4241 = CARTESIAN_POINT ( 'NONE',  ( -11.41345111234950416, 17.70597528647927987, 0.000000000000000000 ) ) ;
#4242 = CARTESIAN_POINT ( 'NONE',  ( 14.29011911042242033, -17.54060426259943384, 0.000000000000000000 ) ) ;
#4243 = CARTESIAN_POINT ( 'NONE',  ( 14.55393136195742620, 16.87639783458277876, 0.000000000000000000 ) ) ;
#4244 = CARTESIAN_POINT ( 'NONE',  ( -9.442194321211962560, -20.69742849959578024, -4.000000000000000000 ) ) ;
#4245 = CARTESIAN_POINT ( 'NONE',  ( 18.86354708643816380, 12.23848564479274614, -4.000000000000000000 ) ) ;
#4246 = CARTESIAN_POINT ( 'NONE',  ( -15.58767780413765180, -16.33620357133146683, -4.000000000000000000 ) ) ;
#4247 = CARTESIAN_POINT ( 'NONE',  ( 20.77666459608137117, -8.470986611750912942, -4.000000000000000000 ) ) ;
#4248 = CARTESIAN_POINT ( 'NONE',  ( 16.45012902904862884, 13.28492605249689085, 0.000000000000000000 ) ) ;
#4249 = CC_DESIGN_APPROVAL ( #4617, ( #3629 ) ) ;
#4250 = CARTESIAN_POINT ( 'NONE',  ( -10.27608982505456403, -19.52581620093670267, 0.000000000000000000 ) ) ;
#4251 = CARTESIAN_POINT ( 'NONE',  ( -18.14965349118963900, 11.60634439467843748, -4.000000000000000000 ) ) ;
#4252 = CARTESIAN_POINT ( 'NONE',  ( 14.33820731893271727, -17.44313782921219058, -4.000000000000000000 ) ) ;
#4253 = CARTESIAN_POINT ( 'NONE',  ( -21.39401558043638474, -7.221034814597831364, 0.000000000000000000 ) ) ;
#4254 = CARTESIAN_POINT ( 'NONE',  ( 10.71562741426037135, -19.59873212738515491, -4.000000000000000000 ) ) ;
#4255 = FACE_BOUND ( 'NONE', #2832, .T. ) ;
#4256 = CARTESIAN_POINT ( 'NONE',  ( 0.3802319003370135397, -22.33361581975058030, -4.000000000000000000 ) ) ;
#4257 = CARTESIAN_POINT ( 'NONE',  ( -13.70942005604791625, 16.61833185927415357, -4.000000000000000000 ) ) ;
#4258 = CARTESIAN_POINT ( 'NONE',  ( -18.16634988306094201, -12.30353548794321661, 0.000000000000000000 ) ) ;
#4259 = CARTESIAN_POINT ( 'NONE',  ( -22.37721557805502925, 3.872467211510910445, -4.000000000000000000 ) ) ;
#4260 = CARTESIAN_POINT ( 'NONE',  ( 0.2161260314738396859, 22.23136173600509835, -4.000000000000000000 ) ) ;
#4261 = ADVANCED_FACE ( 'NONE', ( #4850 ), #1982, .F. ) ;
#4262 = CARTESIAN_POINT ( 'NONE',  ( -13.87905924079402453, 16.59744610498878004, 0.000000000000000000 ) ) ;
#4263 = CARTESIAN_POINT ( 'NONE',  ( 16.68839162776216156, -13.13880477611282771, 0.000000000000000000 ) ) ;
#4264 = CARTESIAN_POINT ( 'NONE',  ( -10.88890590373234168, -18.35541626355844969, -4.000000000000000000 ) ) ;
#4265 = CARTESIAN_POINT ( 'NONE',  ( 20.16368796050757339, -11.03095435375335853, -4.000000000000000000 ) ) ;
#4266 = CARTESIAN_POINT ( 'NONE',  ( -9.524729263620614006, -20.61589949009514555, -4.000000000000000000 ) ) ;
#4267 = CARTESIAN_POINT ( 'NONE',  ( 19.31750712556342719, 11.94025534839109959, -4.000000000000000000 ) ) ;
#4268 = CARTESIAN_POINT ( 'NONE',  ( 20.47965370487760950, -7.238199896465288496, 0.000000000000000000 ) ) ;
#4269 = CARTESIAN_POINT ( 'NONE',  ( 15.95187074585637710, 13.67818650900298216, 0.000000000000000000 ) ) ;
#4270 = CARTESIAN_POINT ( 'NONE',  ( -11.20522004111683856, -17.93150995100002376, 0.000000000000000000 ) ) ;
#4271 = CARTESIAN_POINT ( 'NONE',  ( 19.49872646015112565, 11.79169641045161043, 0.000000000000000000 ) ) ;
#4272 = CARTESIAN_POINT ( 'NONE',  ( 12.95531842612693296, -19.00283322196914426, -4.000000000000000000 ) ) ;
#4273 = CARTESIAN_POINT ( 'NONE',  ( 22.39034930273993496, 2.070313421045512747, -4.000000000000000000 ) ) ;
#4274 = CARTESIAN_POINT ( 'NONE',  ( -18.14936776173882649, -11.77726421825681236, -4.000000000000000000 ) ) ;
#4275 = CARTESIAN_POINT ( 'NONE',  ( 14.69404000307404878, -16.29350919737444769, 0.000000000000000000 ) ) ;
#4276 = DIRECTION ( 'NONE',  ( -1.000000000000000000, 0.000000000000000000, 0.000000000000000000 ) ) ;
#4277 = CARTESIAN_POINT ( 'NONE',  ( 4.904735259174656470, 21.84362751253985024, 0.000000000000000000 ) ) ;
#4278 = CARTESIAN_POINT ( 'NONE',  ( -22.23518487644739849, 3.348207441344186908, -4.000000000000000000 ) ) ;
#4279 = CARTESIAN_POINT ( 'NONE',  ( 22.92067372998528896, -0.7833605312303488777, -4.000000000000000000 ) ) ;
#4280 = CARTESIAN_POINT ( 'NONE',  ( 2.244567722035330171, -22.86085004771972606, -4.000000000000000000 ) ) ;
#4281 = CARTESIAN_POINT ( 'NONE',  ( -12.21493408267606107, 17.09825581231775971, -4.000000000000000000 ) ) ;
#4282 = CARTESIAN_POINT ( 'NONE',  ( -22.38706326563480786, -5.244728221083875042, 0.000000000000000000 ) ) ;
#4283 = CARTESIAN_POINT ( 'NONE',  ( 12.49397971639987936, 19.25599705917740323, 0.000000000000000000 ) ) ;
#4284 = CARTESIAN_POINT ( 'NONE',  ( -22.26827178752866132, 3.446736430283527497, -4.000000000000000000 ) ) ;
#4285 = CARTESIAN_POINT ( 'NONE',  ( -0.1940517453232506739, 21.93981762679451819, -4.000000000000000000 ) ) ;
#4286 = CARTESIAN_POINT ( 'NONE',  ( -5.161319963510439202, -21.39051808964734747, -4.000000000000000000 ) ) ;
#4287 = CARTESIAN_POINT ( 'NONE',  ( -17.67583476004738685, 14.61286431517887330, 0.000000000000000000 ) ) ;
#4288 = CARTESIAN_POINT ( 'NONE',  ( 20.78779232674428101, -8.572142657481824912, 0.000000000000000000 ) ) ;
#4289 = CARTESIAN_POINT ( 'NONE',  ( 14.65031900565576528, 16.49920220610297150, -4.000000000000000000 ) ) ;
#4290 = CARTESIAN_POINT ( 'NONE',  ( -10.27608982505456403, -19.52581620093670267, -4.000000000000000000 ) ) ;
#4291 = CARTESIAN_POINT ( 'NONE',  ( -9.934253601406432210, -20.11810158283995520, 0.000000000000000000 ) ) ;
#4292 = CARTESIAN_POINT ( 'NONE',  ( 17.59069102790716954, 12.74265838722847199, -4.000000000000000000 ) ) ;
#4293 = CARTESIAN_POINT ( 'NONE',  ( 20.58289753983940074, -7.598525017484590194, 0.000000000000000000 ) ) ;
#4294 = CARTESIAN_POINT ( 'NONE',  ( 10.81375728331120101, 19.60263105521330473, 0.000000000000000000 ) ) ;
#4295 = CARTESIAN_POINT ( 'NONE',  ( -4.232730576400654421, -21.02295257162312581, 0.000000000000000000 ) ) ;
#4296 = CARTESIAN_POINT ( 'NONE',  ( 14.05603342403870570, -17.93522685070814404, -4.000000000000000000 ) ) ;
#4297 = CARTESIAN_POINT ( 'NONE',  ( -18.17472718066971993, -12.61301709083407552, 0.000000000000000000 ) ) ;
#4298 = CARTESIAN_POINT ( 'NONE',  ( 14.12104016515249150, -17.83633383713023335, -4.000000000000000000 ) ) ;
#4299 = CARTESIAN_POINT ( 'NONE',  ( 21.83071113592745505, 2.759264251381964073, 0.000000000000000000 ) ) ;
#4300 = CARTESIAN_POINT ( 'NONE',  ( 5.044013087028530684, 21.70685730218824006, -4.000000000000000000 ) ) ;
#4301 = CARTESIAN_POINT ( 'NONE',  ( 2.508025960596968584, -22.85601849740108094, 0.000000000000000000 ) ) ;
#4302 = CARTESIAN_POINT ( 'NONE',  ( -21.54139206009464758, -7.057957261120547443, 0.000000000000000000 ) ) ;
#4303 = CARTESIAN_POINT ( 'NONE',  ( 11.44367210680426794, 19.56754203517812840, 0.000000000000000000 ) ) ;
#4304 = CARTESIAN_POINT ( 'NONE',  ( -21.01046210447309903, 0.3397773154281528707, -4.000000000000000000 ) ) ;
#4305 = CARTESIAN_POINT ( 'NONE',  ( -4.021429321039853733, -20.95990658864502265, -4.000000000000000000 ) ) ;
#4306 = CARTESIAN_POINT ( 'NONE',  ( 20.55100073401141714, -7.488439534209994086, -4.000000000000000000 ) ) ;
#4307 = CARTESIAN_POINT ( 'NONE',  ( 7.768109850089548907, 19.52463663745169953, -4.000000000000000000 ) ) ;
#4308 = CARTESIAN_POINT ( 'NONE',  ( -17.46426378467750951, 14.94174543293085833, 0.000000000000000000 ) ) ;
#4309 = CARTESIAN_POINT ( 'NONE',  ( -17.97922248258690914, 13.93865628448627270, 0.000000000000000000 ) ) ;
#4310 = AXIS2_PLACEMENT_3D ( 'NONE', #2384, #497, #128 ) ;
#4311 = CARTESIAN_POINT ( 'NONE',  ( 19.58821292735725805, -11.71089130713608917, 0.000000000000000000 ) ) ;
#4312 = CARTESIAN_POINT ( 'NONE',  ( 21.83071113592745505, 2.759264251381964073, 0.000000000000000000 ) ) ;
#4313 = CIRCLE ( 'NONE', #3444, 4.999999999999998224 ) ;
#4314 = CARTESIAN_POINT ( 'NONE',  ( -10.14005884793971113, -19.78533198252967651, 0.000000000000000000 ) ) ;
#4315 = CARTESIAN_POINT ( 'NONE',  ( 21.39476759738625944, -3.219848144137871682, -4.000000000000000000 ) ) ;
#4316 = CARTESIAN_POINT ( 'NONE',  ( 4.589621725225804028, 22.10842868385096338, 0.000000000000000000 ) ) ;
#4317 = CARTESIAN_POINT ( 'NONE',  ( -4.842583601908457602, -21.25527525704973897, 0.000000000000000000 ) ) ;
#4318 = VECTOR ( 'NONE', #3827, 1000.000000000000000 ) ;
#4319 = CARTESIAN_POINT ( 'NONE',  ( -20.34839886508054718, 8.022656757860589849, -4.000000000000000000 ) ) ;
#4320 = CARTESIAN_POINT ( 'NONE',  ( -5.348528770268318411, 21.46630262106306475, -4.000000000000000000 ) ) ;
#4321 = CARTESIAN_POINT ( 'NONE',  ( 22.55334719936498544, 1.796338551631280644, -4.000000000000000000 ) ) ;
#4322 = CIRCLE ( 'NONE', #60, 5.000000000000000888 ) ;
#4323 = CARTESIAN_POINT ( 'NONE',  ( -20.12905527314532961, -8.162651984714145215, -4.000000000000000000 ) ) ;
#4324 = CARTESIAN_POINT ( 'NONE',  ( 14.05603342403870570, -17.93522685070814404, -4.000000000000000000 ) ) ;
#4325 = DIRECTION ( 'NONE',  ( 0.000000000000000000, 0.000000000000000000, -1.000000000000000000 ) ) ;
#4326 = AXIS2_PLACEMENT_3D ( 'NONE', #2401, #3904, #3562 ) ;
#4327 = CARTESIAN_POINT ( 'NONE',  ( 5.370547556266014766, -21.33894811969763694, -4.000000000000000000 ) ) ;
#4328 = CARTESIAN_POINT ( 'NONE',  ( -7.143036618217897704, 21.74064755994004017, 0.000000000000000000 ) ) ;
#4329 = CARTESIAN_POINT ( 'NONE',  ( -22.20017227113293501, 3.252653846714196995, 0.000000000000000000 ) ) ;
#4330 = CARTESIAN_POINT ( 'NONE',  ( 4.754076879945541734, -21.97754974012423901, -4.000000000000000000 ) ) ;
#4331 = ORIENTED_EDGE ( 'NONE', *, *, #4337, .F. ) ;
#4332 = CARTESIAN_POINT ( 'NONE',  ( -18.58985845081703658, 9.756710369366139446, 0.000000000000000000 ) ) ;
#4333 = CARTESIAN_POINT ( 'NONE',  ( -21.94990946333028248, -6.471491559627722268, 0.000000000000000000 ) ) ;
#4334 = CARTESIAN_POINT ( 'NONE',  ( 20.76524781650241636, 9.468238696520225872, 0.000000000000000000 ) ) ;
#4335 = CARTESIAN_POINT ( 'NONE',  ( -21.20407965231138903, 1.231914024922849293, -4.000000000000000000 ) ) ;
#4336 = CARTESIAN_POINT ( 'NONE',  ( -3.503562908580233781, 20.85236322909900863, 0.000000000000000000 ) ) ;
#4337 = EDGE_CURVE ( 'NONE', #4763, #852, #379, .T. ) ;
#4338 = CARTESIAN_POINT ( 'NONE',  ( -18.16634988306093845, 12.30353548794323260, 0.000000000000000000 ) ) ;
#4339 = CARTESIAN_POINT ( 'NONE',  ( 20.61242875501080007, -7.702030169303774265, 0.000000000000000000 ) ) ;
#4340 = CARTESIAN_POINT ( 'NONE',  ( 21.49759199204720872, 3.108261918880981689, 0.000000000000000000 ) ) ;
#4341 = CARTESIAN_POINT ( 'NONE',  ( -9.934253601406432210, -20.11810158283995520, -4.000000000000000000 ) ) ;
#4342 = CARTESIAN_POINT ( 'NONE',  ( 20.74536345487271660, -9.589279067479342444, -4.000000000000000000 ) ) ;
#4343 = CARTESIAN_POINT ( 'NONE',  ( -8.156181287886385078, -21.50608257563539283, 0.000000000000000000 ) ) ;
#4344 = CARTESIAN_POINT ( 'NONE',  ( 15.50124267262309985, 14.18684045416836526, -4.000000000000000000 ) ) ;
#4345 = CARTESIAN_POINT ( 'NONE',  ( 21.28164066119390441, -3.347972942834763099, -4.000000000000000000 ) ) ;
#4346 = CARTESIAN_POINT ( 'NONE',  ( 4.003797556025004312, 22.46803654139386452, 0.000000000000000000 ) ) ;
#4347 = CARTESIAN_POINT ( 'NONE',  ( -1.332937384492320243, -21.19796886485566745, 0.000000000000000000 ) ) ;
#4348 = CARTESIAN_POINT ( 'NONE',  ( 18.14480526315981024, 12.55474262449691203, 0.000000000000000000 ) ) ;
#4349 = CARTESIAN_POINT ( 'NONE',  ( -19.53409718184675370, -8.597012578739839483, 0.000000000000000000 ) ) ;
#4350 = CARTESIAN_POINT ( 'NONE',  ( 14.65031900565576706, -16.49920220610296795, 0.000000000000000000 ) ) ;
#4351 = DIRECTION ( 'NONE',  ( -0.000000000000000000, -0.000000000000000000, 1.000000000000000000 ) ) ;
#4352 = CARTESIAN_POINT ( 'NONE',  ( 5.240001218098253588, 21.49305226020203108, -4.000000000000000000 ) ) ;
#4353 = CARTESIAN_POINT ( 'NONE',  ( -7.395328098381193982, 21.70898570351964807, 0.000000000000000000 ) ) ;
#4354 = CARTESIAN_POINT ( 'NONE',  ( -22.12494672396930184, 3.069479490690234957, -4.000000000000000000 ) ) ;
#4355 = CARTESIAN_POINT ( 'NONE',  ( 2.244567722035330171, -22.86085004771972606, 0.000000000000000000 ) ) ;
#4356 = EDGE_LOOP ( 'NONE', ( #4006, #2136, #2151, #1745 ) ) ;
#4357 = CARTESIAN_POINT ( 'NONE',  ( -18.14965349118961413, -11.60634439467844459, 0.000000000000000000 ) ) ;
#4358 = CARTESIAN_POINT ( 'NONE',  ( -21.61676680493876646, 2.126769031605166838, -4.000000000000000000 ) ) ;
#4359 = CARTESIAN_POINT ( 'NONE',  ( -4.232730576400632216, 21.02295257162312225, -4.000000000000000000 ) ) ;
#4360 = CARTESIAN_POINT ( 'NONE',  ( 4.754076879945538181, 21.97754974012424611, -4.000000000000000000 ) ) ;
#4361 = CARTESIAN_POINT ( 'NONE',  ( -15.89868533617199553, 16.21627527863183360, 0.000000000000000000 ) ) ;
#4362 = CARTESIAN_POINT ( 'NONE',  ( 20.57933143268193987, -10.20527642677844682, 0.000000000000000000 ) ) ;
#4363 = CARTESIAN_POINT ( 'NONE',  ( -5.062129075425346514, -21.34872602289419063, -4.000000000000000000 ) ) ;
#4364 = CARTESIAN_POINT ( 'NONE',  ( 22.98039910196879632, -0.3968919721285905644, -4.000000000000000000 ) ) ;
#4365 = CARTESIAN_POINT ( 'NONE',  ( 9.334022096823062498, 19.41631230574319389, 0.000000000000000000 ) ) ;
#4366 = CARTESIAN_POINT ( 'NONE',  ( 2.375982835903401647, -22.86068615957975325, 0.000000000000000000 ) ) ;
#4367 = CARTESIAN_POINT ( 'NONE',  ( 17.10904052391324370, 12.92908640671130627, -4.000000000000000000 ) ) ;
#4368 = CARTESIAN_POINT ( 'NONE',  ( -22.12096606211569494, 6.128279723999729534, -4.000000000000000000 ) ) ;
#4369 = CARTESIAN_POINT ( 'NONE',  ( 14.55393136195742443, -16.87639783458276099, -4.000000000000000000 ) ) ;
#4370 = CARTESIAN_POINT ( 'NONE',  ( 20.60264002790486160, 4.393136808702793772, -4.000000000000000000 ) ) ;
#4371 = CARTESIAN_POINT ( 'NONE',  ( -19.70601580275764775, -8.458929255087692667, 0.000000000000000000 ) ) ;
#4372 = CARTESIAN_POINT ( 'NONE',  ( 14.60493761306324423, -16.69051937538968033, 0.000000000000000000 ) ) ;
#4373 = CARTESIAN_POINT ( 'NONE',  ( 20.38460457323552433, 5.024353773962914715, 0.000000000000000000 ) ) ;
#4374 = CARTESIAN_POINT ( 'NONE',  ( 4.314250260353276190, -22.29625582966830422, 0.000000000000000000 ) ) ;
#4375 = ORIENTED_EDGE ( 'NONE', *, *, #3340, .F. ) ;
#4376 = CARTESIAN_POINT ( 'NONE',  ( -16.00418357823503257, -16.16801435209529103, 0.000000000000000000 ) ) ;
#4377 = CARTESIAN_POINT ( 'NONE',  ( 10.61881090672411787, 19.59261536617596278, -4.000000000000000000 ) ) ;
#4378 = CARTESIAN_POINT ( 'NONE',  ( -22.08489584616732770, 2.981123517001408096, -4.000000000000000000 ) ) ;
#4379 = CARTESIAN_POINT ( 'NONE',  ( -4.576078833423055769, 21.14622909948188578, -4.000000000000000000 ) ) ;
#4380 = CARTESIAN_POINT ( 'NONE',  ( -18.14936776173880517, 11.77726421825682834, 0.000000000000000000 ) ) ;
#4381 = CARTESIAN_POINT ( 'NONE',  ( 18.86354708643816736, -12.23848564479274614, 0.000000000000000000 ) ) ;
#4382 = CARTESIAN_POINT ( 'NONE',  ( -6.317921412924660807, -21.72473638752123293, -4.000000000000000000 ) ) ;
#4383 = CARTESIAN_POINT ( 'NONE',  ( -21.82161479238340007, 6.682827900513040653, -4.000000000000000000 ) ) ;
#4384 = CARTESIAN_POINT ( 'NONE',  ( -7.522665644989227296, -21.68645783641392200, -4.000000000000000000 ) ) ;
#4385 = PERSON_AND_ORGANIZATION ( #475, #4840 ) ;
#4386 = CLOSED_SHELL ( 'NONE', ( #690, #4625, #108, #1385, #58, #42, #910, #3680, #3457, #3493, #3790, #124, #3574, #2548, #4261, #1220, #1935, #1124 ) ) ;
#4387 = ORIENTED_EDGE ( 'NONE', *, *, #2186, .T. ) ;
#4388 = LINE ( 'NONE', #1000, #4470 ) ;
#4389 = CARTESIAN_POINT ( 'NONE',  ( 10.91357375904089011, 19.60411471402109029, 0.000000000000000000 ) ) ;
#4390 = CARTESIAN_POINT ( 'NONE',  ( 3.660967934227335796, -22.61624075931525013, 0.000000000000000000 ) ) ;
#4391 = CIRCLE ( 'NONE', #2107, 5.000000000000000888 ) ;
#4392 = CARTESIAN_POINT ( 'NONE',  ( -16.83963071822946844, -15.62316825860851388, -4.000000000000000000 ) ) ;
#4393 = CARTESIAN_POINT ( 'NONE',  ( -10.18624193779600340, 19.70071356287416009, -4.000000000000000000 ) ) ;
#4394 = CARTESIAN_POINT ( 'NONE',  ( -16.53313442973521674, -15.86040662237438248, -4.000000000000000000 ) ) ;
#4395 = CARTESIAN_POINT ( 'NONE',  ( 18.32925739246958940, -12.48663137688971858, 0.000000000000000000 ) ) ;
#4396 = CARTESIAN_POINT ( 'NONE',  ( 20.27801818137659140, 5.991492629422152660, 0.000000000000000000 ) ) ;
#4397 = CARTESIAN_POINT ( 'NONE',  ( 3.417209851801614295, 22.69836180709107509, 0.000000000000000000 ) ) ;
#4398 = CARTESIAN_POINT ( 'NONE',  ( -21.16885992121934379, -7.436852529821842417, -4.000000000000000000 ) ) ;
#4399 = CARTESIAN_POINT ( 'NONE',  ( -8.279565467389323530, 21.45685768362954349, 0.000000000000000000 ) ) ;
#4400 = CARTESIAN_POINT ( 'NONE',  ( 9.910989783159420696, -19.49852915850235746, 0.000000000000000000 ) ) ;
#4401 = ORIENTED_EDGE ( 'NONE', *, *, #4141, .F. ) ;
#4402 = CARTESIAN_POINT ( 'NONE',  ( -14.03001975968732218, -16.58210780195572198, 0.000000000000000000 ) ) ;
#4403 = CARTESIAN_POINT ( 'NONE',  ( 20.57933143268193277, 10.20527642677843971, 0.000000000000000000 ) ) ;
#4404 = CARTESIAN_POINT ( 'NONE',  ( -4.842583601908457602, 21.25527525704974607, -4.000000000000000000 ) ) ;
#4405 = CARTESIAN_POINT ( 'NONE',  ( 4.501746821145971467, 22.17238321979582949, -4.000000000000000000 ) ) ;
#4406 = CARTESIAN_POINT ( 'NONE',  ( -22.33239803592119443, 5.504441744273378845, 0.000000000000000000 ) ) ;
#4407 = CARTESIAN_POINT ( 'NONE',  ( 21.15774907159875085, -3.497169882115214623, 0.000000000000000000 ) ) ;
#4408 = CARTESIAN_POINT ( 'NONE',  ( -7.650304178717131975, 21.65939507780015205, -4.000000000000000000 ) ) ;
#4409 = CARTESIAN_POINT ( 'NONE',  ( -6.003950609213857703, -21.66948353427438434, -4.000000000000000000 ) ) ;
#4410 = PERSON_AND_ORGANIZATION_ROLE ( 'creator' ) ;
#4411 = CARTESIAN_POINT ( 'NONE',  ( 22.50045111320923397, -1.891281616171908819, -4.000000000000000000 ) ) ;
#4412 = CARTESIAN_POINT ( 'NONE',  ( -0.7583441349052389979, 21.53002708384711283, 0.000000000000000000 ) ) ;
#4413 = CARTESIAN_POINT ( 'NONE',  ( 4.673683455278435872, -22.04342540039875331, 0.000000000000000000 ) ) ;
#4414 = CARTESIAN_POINT ( 'NONE',  ( 17.44778784351270673, 12.79367820391175492, -4.000000000000000000 ) ) ;
#4415 = CARTESIAN_POINT ( 'NONE',  ( -20.78488896738854663, 7.737314153829982999, -4.000000000000000000 ) ) ;
#4416 = CARTESIAN_POINT ( 'NONE',  ( 20.58289753983941139, 7.598525017484610622, -4.000000000000000000 ) ) ;
#4417 = CARTESIAN_POINT ( 'NONE',  ( -17.93977136646276094, -14.05023277825313954, -4.000000000000000000 ) ) ;
#4418 = CARTESIAN_POINT ( 'NONE',  ( 16.45012902904866436, -13.28492605249687841, 0.000000000000000000 ) ) ;
#4419 = CARTESIAN_POINT ( 'NONE',  ( 18.41882560490898868, 12.45098463714984760, 0.000000000000000000 ) ) ;
#4420 = CARTESIAN_POINT ( 'NONE',  ( -16.21641532725008972, 16.05836027834629220, -4.000000000000000000 ) ) ;
#4421 = CARTESIAN_POINT ( 'NONE',  ( -19.15140907962189942, -8.962116689579227469, -4.000000000000000000 ) ) ;
#4422 = CARTESIAN_POINT ( 'NONE',  ( 0.8346376376410524767, 22.56436629873353539, -4.000000000000000000 ) ) ;
#4423 = CARTESIAN_POINT ( 'NONE',  ( -21.74592688421185471, -2.352662698596946989, -4.000000000000000000 ) ) ;
#4424 = CARTESIAN_POINT ( 'NONE',  ( 9.334022096823051839, -19.41631230574317257, 0.000000000000000000 ) ) ;
#4425 = LINE ( 'NONE', #1036, #133 ) ;
#4426 = CARTESIAN_POINT ( 'NONE',  ( -16.11019124716814588, -16.11540181887259493, 0.000000000000000000 ) ) ;
#4427 = CARTESIAN_POINT ( 'NONE',  ( -10.88890590373231326, 18.35541626355848521, -4.000000000000000000 ) ) ;
#4428 = CARTESIAN_POINT ( 'NONE',  ( -21.29181501105372121, -1.465671014897368396, -4.000000000000000000 ) ) ;
#4429 = CARTESIAN_POINT ( 'NONE',  ( -21.16885992121934379, 7.436852529821839752, 0.000000000000000000 ) ) ;
#4430 = DIRECTION ( 'NONE',  ( -1.000000000000000000, 0.000000000000000000, 0.000000000000000000 ) ) ;
#4431 = CARTESIAN_POINT ( 'NONE',  ( 2.375982835903401647, -22.86068615957975325, -4.000000000000000000 ) ) ;
#4432 = CARTESIAN_POINT ( 'NONE',  ( -6.210390894792615413, -21.70894496246803840, -4.000000000000000000 ) ) ;
#4433 = CARTESIAN_POINT ( 'NONE',  ( -22.36197694667999158, 5.374935629425795725, 0.000000000000000000 ) ) ;
#4434 = CARTESIAN_POINT ( 'NONE',  ( -6.657349869653445218, -21.75358068935852529, 0.000000000000000000 ) ) ;
#4435 = CARTESIAN_POINT ( 'NONE',  ( 22.74513939634670479, -1.379518627932494468, -4.000000000000000000 ) ) ;
#4436 = CARTESIAN_POINT ( 'NONE',  ( 2.640307831937919403, 22.84680985470237502, 0.000000000000000000 ) ) ;
#4437 = CARTESIAN_POINT ( 'NONE',  ( 12.01993966802991309, -19.43824653320580254, 0.000000000000000000 ) ) ;
#4438 = CARTESIAN_POINT ( 'NONE',  ( 17.44778784351270673, 12.79367820391175492, 0.000000000000000000 ) ) ;
#4439 = CARTESIAN_POINT ( 'NONE',  ( -10.36776592877073355, 19.33656337675046544, -4.000000000000000000 ) ) ;
#4440 = CARTESIAN_POINT ( 'NONE',  ( -18.15625140016321026, -13.09774888915078961, -4.000000000000000000 ) ) ;
#4441 = CARTESIAN_POINT ( 'NONE',  ( 15.50124267262307320, -14.18684045416840434, -4.000000000000000000 ) ) ;
#4442 = CARTESIAN_POINT ( 'NONE',  ( 20.42587224719004979, 10.57032113636049964, 0.000000000000000000 ) ) ;
#4443 = CARTESIAN_POINT ( 'NONE',  ( -16.83963071822948976, 15.62316825860849256, -4.000000000000000000 ) ) ;
#4444 = CARTESIAN_POINT ( 'NONE',  ( -21.01712563943171119, -7.564086312211784957, -4.000000000000000000 ) ) ;
#4445 = CARTESIAN_POINT ( 'NONE',  ( 0.7374622847275456028, 22.52136918132849530, -4.000000000000000000 ) ) ;
#4446 = CARTESIAN_POINT ( 'NONE',  ( -21.68400932030298733, -2.245235397778349906, -4.000000000000000000 ) ) ;
#4447 = CARTESIAN_POINT ( 'NONE',  ( 5.240001218098264246, -21.49305226020202042, 0.000000000000000000 ) ) ;
#4448 = DIRECTION ( 'NONE',  ( -0.000000000000000000, -0.000000000000000000, 1.000000000000000000 ) ) ;
#4449 = CARTESIAN_POINT ( 'NONE',  ( -13.05913550403716172, -16.75080851641389046, 0.000000000000000000 ) ) ;
#4450 = CARTESIAN_POINT ( 'NONE',  ( -12.21493408267606107, 17.09825581231775971, -4.000000000000000000 ) ) ;
#4451 = CARTESIAN_POINT ( 'NONE',  ( 8.670929892843627584, 19.38931615245257589, 0.000000000000000000 ) ) ;
#4452 = CARTESIAN_POINT ( 'NONE',  ( -21.39401558043637408, 7.221034814597834028, 0.000000000000000000 ) ) ;
#4453 = DIRECTION ( 'NONE',  ( -0.000000000000000000, -0.000000000000000000, 1.000000000000000000 ) ) ;
#4454 = CARTESIAN_POINT ( 'NONE',  ( -22.44211105392952632, 4.724678761717170161, 0.000000000000000000 ) ) ;
#4455 = CARTESIAN_POINT ( 'NONE',  ( 20.74746145929375629, -8.275132317816305871, -4.000000000000000000 ) ) ;
#4456 = CARTESIAN_POINT ( 'NONE',  ( -5.161319963510439202, -21.39051808964734747, -4.000000000000000000 ) ) ;
#4457 = CARTESIAN_POINT ( 'NONE',  ( 13.91274688963103934, 18.13173604191908339, -4.000000000000000000 ) ) ;
#4458 = CARTESIAN_POINT ( 'NONE',  ( 22.96472145361869366, -0.5273686763883274065, -4.000000000000000000 ) ) ;
#4459 = CARTESIAN_POINT ( 'NONE',  ( -4.021429321039780902, 20.95990658864501555, 0.000000000000000000 ) ) ;
#4460 = CARTESIAN_POINT ( 'NONE',  ( 11.01533356301950661, -19.60296829705857391, 0.000000000000000000 ) ) ;
#4461 = CARTESIAN_POINT ( 'NONE',  ( -17.21631478046348107, -15.25232396492124032, -4.000000000000000000 ) ) ;
#4462 = CARTESIAN_POINT ( 'NONE',  ( -21.39401558043637408, 7.221034814597834028, 0.000000000000000000 ) ) ;
#4463 = CARTESIAN_POINT ( 'NONE',  ( 14.58034703317466096, -16.78373127438552714, -4.000000000000000000 ) ) ;
#4464 = CARTESIAN_POINT ( 'NONE',  ( -16.93788766549283054, -15.53590124693299757, -4.000000000000000000 ) ) ;
#4465 = CARTESIAN_POINT ( 'NONE',  ( 18.41882560490896381, -12.45098463714985293, -4.000000000000000000 ) ) ;
#4466 = CARTESIAN_POINT ( 'NONE',  ( -14.80839600204009621, 16.51027097138295474, -4.000000000000000000 ) ) ;
#4467 = CARTESIAN_POINT ( 'NONE',  ( 20.23485559402974232, 10.91963345819502429, 0.000000000000000000 ) ) ;
#4468 = CIRCLE ( 'NONE', #2273, 5.000000000000000888 ) ;
#4469 = CARTESIAN_POINT ( 'NONE',  ( -19.53409718184675370, -8.597012578739839483, -4.000000000000000000 ) ) ;
#4470 = VECTOR ( 'NONE', #2518, 1000.000000000000000 ) ;
#4471 = CARTESIAN_POINT ( 'NONE',  ( -21.85668550328495385, -2.545346090368746150, -4.000000000000000000 ) ) ;
#4472 = CARTESIAN_POINT ( 'NONE',  ( 8.920607862287514678, -19.38845876690917436, 0.000000000000000000 ) ) ;
#4473 = DIRECTION ( 'NONE',  ( 1.000000000000000000, 0.000000000000000000, 0.000000000000000000 ) ) ;
#4474 = CARTESIAN_POINT ( 'NONE',  ( -18.15625140016321026, -13.09774888915078961, 0.000000000000000000 ) ) ;
#4475 = AXIS2_PLACEMENT_3D ( 'NONE', #4523, #3390, #4547 ) ;
#4476 = CARTESIAN_POINT ( 'NONE',  ( -4.956690974354534873, 21.30379244199514233, -4.000000000000000000 ) ) ;
#4477 = CARTESIAN_POINT ( 'NONE',  ( -11.20522004111685455, 17.93150995099999889, 0.000000000000000000 ) ) ;
#4478 = CARTESIAN_POINT ( 'NONE',  ( -18.17472718066970927, 12.61301709083408085, 0.000000000000000000 ) ) ;
#4479 = CARTESIAN_POINT ( 'NONE',  ( -22.36197694667999158, 5.374935629425795725, 0.000000000000000000 ) ) ;
#4480 = CARTESIAN_POINT ( 'NONE',  ( 22.96472145361869366, -0.5273686763883274065, 0.000000000000000000 ) ) ;
#4481 = CARTESIAN_POINT ( 'NONE',  ( 20.60264002790486160, 4.393136808702793772, 0.000000000000000000 ) ) ;
#4482 = CARTESIAN_POINT ( 'NONE',  ( -1.588541420213872346, -21.08488893612969761, 0.000000000000000000 ) ) ;
#4483 = PERSON_AND_ORGANIZATION ( #475, #4840 ) ;
#4484 = CARTESIAN_POINT ( 'NONE',  ( 22.92067372998529606, 0.7833605312303513202, 0.000000000000000000 ) ) ;
#4485 = CARTESIAN_POINT ( 'NONE',  ( 3.034655965340508743, 22.79207403780077357, 0.000000000000000000 ) ) ;
#4486 = CARTESIAN_POINT ( 'NONE',  ( 4.754076879945541734, -21.97754974012423901, 0.000000000000000000 ) ) ;
#4487 = CARTESIAN_POINT ( 'NONE',  ( -15.28801687577188417, -16.42266561556431981, -4.000000000000000000 ) ) ;
#4488 = CARTESIAN_POINT ( 'NONE',  ( -21.46809596502322037, 7.141509484957326848, -4.000000000000000000 ) ) ;
#4489 = CARTESIAN_POINT ( 'NONE',  ( -18.11579714807045249, -13.40051544206606593, 0.000000000000000000 ) ) ;
#4490 = CARTESIAN_POINT ( 'NONE',  ( 19.13519702654806665, -12.07164184534843798, -4.000000000000000000 ) ) ;
#4491 = CARTESIAN_POINT ( 'NONE',  ( 20.80023229913680183, 9.115158563235331357, 0.000000000000000000 ) ) ;
#4492 = CARTESIAN_POINT ( 'NONE',  ( 4.003797556025004312, 22.46803654139386452, 0.000000000000000000 ) ) ;
#4493 = CARTESIAN_POINT ( 'NONE',  ( 1.372163210848023951, 22.74558431711198381, -4.000000000000000000 ) ) ;
#4494 = DIRECTION ( 'NONE',  ( 1.000000000000000000, 0.000000000000000000, 0.000000000000000000 ) ) ;
#4495 = CARTESIAN_POINT ( 'NONE',  ( -21.85668550328495385, -2.545346090368746150, 0.000000000000000000 ) ) ;
#4496 = CARTESIAN_POINT ( 'NONE',  ( 5.175558906586990027, -21.56597388726454056, 0.000000000000000000 ) ) ;
#4497 = ORIENTED_EDGE ( 'NONE', *, *, #1140, .F. ) ;
#4498 = CARTESIAN_POINT ( 'NONE',  ( -18.76174266397839574, 9.463190723970017260, -4.000000000000000000 ) ) ;
#4499 = CARTESIAN_POINT ( 'NONE',  ( 9.334022096823062498, 19.41631230574319389, -4.000000000000000000 ) ) ;
#4500 = CARTESIAN_POINT ( 'NONE',  ( -22.39742744632050986, -3.986705893618942120, 0.000000000000000000 ) ) ;
#4501 = CARTESIAN_POINT ( 'NONE',  ( 22.21661050595689346, -2.314560327330771994, 0.000000000000000000 ) ) ;
#4502 = CARTESIAN_POINT ( 'NONE',  ( 20.27801818137659140, 5.991492629422152660, -4.000000000000000000 ) ) ;
#4503 = CARTESIAN_POINT ( 'NONE',  ( -7.018785184948981737, 21.74996626287743240, -4.000000000000000000 ) ) ;
#4504 = B_SPLINE_CURVE_WITH_KNOTS ( 'NONE', 3,
 ( #2081, #3644, #244, #1323, #637, #961, #2825, #172, #2158, #217, #4707, #1742, #3593, #1298, #4725, #2850, #1666, #916, #937, #1714, #4680, #2481, #2804, #3196, #3266, #191, #611, #4750, #4299, #3244, #982, #2460, #3957, #1364, #2437, #3667, #1340, #1645, #3570, #3175, #2869, #4373, #2502, #2890, #4396, #2526, #1006, #1390, #2283, #4111, #1079, #4151, #2553, #2917, #298, #1102, #1055, #3721, #1441, #4050, #2208, #324, #2576, #1825, #4079, #268, #661, #2185, #4491, #2966, #3377, #1767, #371, #2626, #3333, #2258, #4130, #3355, #2607, #735, #4442, #3692, #4816, #4467, #716, #689, #3768, #1879, #2232, #757, #3745, #1414, #1794, #2647, #350, #1847, #4853, #4833, #4792, #1467, #2992, #2940, #1489, #3019, #4419, #1029, #4514, #4775, #3310, #1128, #3284, #2754, #861, #1900, #3837, #3122, #4556, #1535, #4248, #23, #4269, #439, #2697, #3403, #1198, #1226, #1958, #2330, #3452, #2673, #4632, #71, #1510, #881, #2723, #4579, #2777, #1152, #3045, #3812, #4602, #1562, #3095, #4176, #805, #1176, #3068, #781, #4227, #3793, #4203, #832, #2352, #100, #4538, #3861, #397, #2377, #417, #2307, #3883, #1928, #1592, #491, #3428, #1247, #2012, #3512, #467, #1985, #44, #3481, #120, #1614, #3145, #2862, #2495, #1679, #3541, #146, #4389, #4294, #2455, #1733, #3191, #2075, #3995, #4699, #2036, #1639, #2403, #604, #3215, #1292, #4365, #2818, #2125, #1359, #3169, #974, #909, #2428, #4654, #2055, #954, #536, #3906, #207, #932, #3585, #2843, #1270, #4719, #2475, #2797, #3950, #2884, #3564, #3926, #3970, #3638, #168, #514, #1659, #4674, #4316, #562, #582, #1334, #186, #1318, #4346, #2097, #3615, #235, #1704, #3237, #3260, #4743, #4485, #629, #1787, #4436, #2202, #4766, #2933, #3302, #289, #3280, #3328, #1483, #4786, #1407, #4809, #2222, #2153, #2572, #2519, #1840, #2547, #1381, #3013, #3661, #3738, #1096, #4017, #1871, #3348, #346, #1049, #3715, #2908, #1434, #317, #4412, #4121, #1460, #2621, #1817, #262, #1762, #2959, #1023, #4071, #365, #683, #4459, #728, #1073, #4043, #655, #1001, #2252, #2598, #4105, #2984, #709, #3370, #2178, #3686, #4828, #3761, #4848, #431, #1979, #3805, #92, #1922, #798, #1190, #2641, #3116, #65, #3036, #1893, #3421, #4194, #2368, #1585, #4529, #410, #3396, #2716, #4595, #4146, #1169, #37, #749, #1951, #3473, #2692, #3061, #2323, #13, #484, #3831, #2277, #1607, #3447, #1555, #3504, #3783, #1218, #391, #2742, #2300, #1503, #2346, #112, #1527, #4550, #3087, #4569, #4221, #4510, #1144, #2661, #3855, #825, #4241, #1119, #459, #4168, #774, #854, #3877, #2002, #902, #3229, #4262, #926, #201, #3944, #1329, #2467, #575, #1696, #3580, #4713, #556, #4692, #2449, #876, #2396, #228, #3630, #4669, #597, #4361, #1309, #2790, #2812, #3186, #2089, #2489, #1633, #3965, #2836, #1242, #3534, #2858, #3138, #3163, #3555, #4648, #1262, #2069, #4287, #164, #966, #140, #1651, #1285, #4309, #180, #3986, #2116, #1673, #4623, #3207, #2420, #2770, #3921, #529, #3899, #507, #2030, #3605, #2049, #4338, #947, #2170, #3343, #4380, #993, #2565, #1352, #3274, #336, #3677, #701, #4735, #1779, #1067, #2537, #2927, #620, #277, #4035, #1014, #4009, #4063, #2244, #644, #3296, #673, #2951, #2877, #4781, #3254, #2589, #1400, #4429, #3756, #2513, #4452, #1835, #2145, #2615, #4095, #2218, #1040, #2195, #3653, #3705, #308, #255, #4824, #3732, #1453, #1808, #4406, #4479, #3316, #1751, #4802, #1089, #1425, #2977, #4115, #723, #4758, #1372, #1725, #2899, #4546, #4160, #2341, #768, #1211, #2364, #2293, #3848, #1185, #3438, #1161, #2710, #4522, #820, #2655, #1521, #1941, #3362, #451, #791, #3776, #2635, #3799, #31, #3108, #1972, #2686, #404 ),
 .UNSPECIFIED., .F., .F.,
 ( 4, 1, 1, 1, 1, 1, 1, 1, 1, 1, 1, 1, 1, 1, 1, 1, 1, 1, 1, 1, 1, 1, 1, 1, 1, 1, 1, 1, 1, 1, 1, 1, 1, 1, 1, 1, 1, 1, 1, 1, 1, 1, 1, 1, 1, 1, 1, 1, 1, 1, 1, 1, 1, 1, 1, 1, 1, 1, 1, 1, 1, 1, 1, 1, 1, 1, 1, 1, 1, 1, 1, 1, 1, 1, 1, 1, 1, 1, 1, 1, 1, 1, 1, 1, 1, 1, 1, 1, 1, 1, 1, 1, 1, 1, 1, 1, 1, 1, 1, 1, 1, 1, 1, 1, 1, 1, 1, 1, 1, 1, 1, 1, 1, 1, 1, 1, 1, 1, 1, 1, 1, 1, 1, 1, 1, 1, 1, 1, 1, 1, 1, 1, 1, 1, 1, 1, 1, 1, 1, 1, 1, 1, 1, 1, 1, 1, 1, 1, 1, 1, 1, 1, 1, 1, 1, 1, 1, 1, 1, 1, 1, 1, 1, 1, 1, 1, 1, 1, 1, 1, 1, 1, 1, 1, 1, 1, 1, 1, 1, 1, 1, 1, 1, 1, 1, 1, 1, 1, 1, 1, 1, 1, 1, 1, 1, 1, 1, 1, 1, 1, 1, 1, 1, 1, 1, 1, 1, 1, 1, 1, 1, 1, 1, 1, 1, 1, 1, 1, 1, 1, 1, 1, 1, 1, 1, 1, 1, 1, 1, 1, 1, 1, 1, 1, 1, 1, 1, 1, 1, 1, 1, 1, 1, 1, 1, 1, 1, 1, 1, 1, 1, 1, 1, 1, 1, 1, 1, 1, 1, 1, 1, 1, 1, 1, 1, 1, 1, 1, 1, 1, 1, 1, 1, 1, 1, 1, 1, 1, 1, 1, 1, 1, 1, 1, 1, 1, 1, 1, 1, 1, 1, 1, 1, 1, 1, 1, 1, 1, 1, 1, 1, 1, 1, 1, 1, 1, 1, 1, 1, 1, 1, 1, 1, 1, 1, 1, 1, 1, 1, 1, 1, 1, 1, 1, 1, 1, 1, 1, 1, 1, 1, 1, 1, 1, 1, 1, 1, 1, 1, 1, 1, 1, 1, 1, 1, 1, 1, 1, 1, 1, 1, 1, 1, 1, 1, 1, 1, 1, 1, 1, 1, 1, 1, 1, 1, 1, 1, 1, 1, 1, 1, 1, 1, 1, 1, 1, 1, 1, 1, 1, 1, 1, 1, 1, 1, 1, 1, 1, 1, 1, 1, 1, 1, 1, 1, 1, 1, 1, 1, 1, 1, 1, 1, 1, 1, 1, 1, 1, 1, 1, 1, 1, 1, 1, 1, 1, 1, 1, 1, 1, 1, 1, 1, 1, 1, 1, 1, 1, 1, 1, 1, 1, 1, 1, 1, 1, 1, 1, 1, 1, 1, 1, 1, 1, 1, 1, 1, 1, 1, 1, 1, 1, 1, 1, 1, 1, 1, 1, 1, 1, 1, 1, 1, 1, 1, 1, 1, 1, 1, 1, 1, 1, 1, 1, 1, 1, 1, 1, 1, 1, 1, 1, 1, 1, 1, 1, 1, 1, 1, 1, 1, 1, 1, 1, 1, 1, 1, 1, 1, 1, 1, 1, 1, 1, 1, 1, 1, 1, 1, 1, 1, 1, 1, 1, 1, 1, 1, 1, 1, 1, 4 ),
 ( 0.000000000000000000, 0.0008813019034598229291, 0.001761015478235540685, 0.002637563500704431796, 0.003509391115117346371, 0.004374977417690649809, 0.005232847537328262286, 0.006081585406814866111, 0.006919847444383456052, 0.007746377400544493010, 0.008560022670780171455, 0.009359752433553561804, 0.01014467804820247746, 0.01091407624272149740, 0.01166741574237359011, 0.01240438814305891944, 0.01312494402658833520, 0.01382933555850943651, 0.01451816711477822014, 0.01519245586474663075, 0.01585370470809688292, 0.01650399053278837208, 0.01714607142981178570, 0.01778351724382293969, 0.01842086857885650436, 0.01906382993047699148, 0.01971950258738728451, 0.02039666155303070105, 0.02110607648371674513, 0.02186086677497768582, 0.02267686063444153063, 0.02357288937168005791, 0.02457087976534113455, 0.02569549659889779764, 0.02697293174821659839, 0.02842827459187943426, 0.03008087267637728560, 0.03193750608208504455, 0.03398442910647477000, 0.03618131358263686204, 0.03846153846153791550, 0.04074176334043971837, 0.04293864781660284430, 0.04498557084099202852, 0.04684220424669976318, 0.04849480233119710798, 0.04995014517485966976, 0.05122758032417984442, 0.05235219715773586219, 0.05335018755139660923, 0.05424621628863567774, 0.05506221014809945663, 0.05581700043936031058, 0.05652641537004628874, 0.05720357433568998284, 0.05785924699260011628, 0.05850220834422024951, 0.05913955967925416113, 0.05977700549326536023, 0.06041908639028855527, 0.06106937221498012769, 0.06173062105833032609, 0.06240490980829892925, 0.06309374136456762094, 0.06379813289648865460, 0.06451868878001805474, 0.06525566118070341703, 0.06600900068035564505, 0.06677839887487452275, 0.06756332448952361014, 0.06836305425229702304, 0.06917669952253251153, 0.07000322947869359880, 0.07084149151626210894, 0.07169022938574873272, 0.07254809950538637642, 0.07341368580795976095, 0.07428551342237277311, 0.07516206144484154084, 0.07604177501961716101, 0.07692307692307703837, 0.07780437882653684634, 0.07868409240131254978, 0.07956064042378144241, 0.08043246803819437130, 0.08129805434076765869, 0.08215592446040530239, 0.08300466232989188453, 0.08384292436746049182, 0.08466945432362152357, 0.08548309959385719248, 0.08628282935663059150, 0.08706775497127951235, 0.08783715316579851495, 0.08859049266545061807, 0.08932746506613593873, 0.09004802094966535275, 0.09075241248158646967, 0.09144124403785527933, 0.09211553278782366738, 0.09277678163117392129, 0.09342706745586540351, 0.09406914835288882060, 0.09470659416689998500, 0.09534394550193352191, 0.09598690685355404373, 0.09664257951046432982, 0.09731973847610772554, 0.09802915340679377310, 0.09878394369805473807, 0.09959993755751857247, 0.1004959662947571136, 0.1014939566884181937, 0.1026185735219748429, 0.1038960086712936437, 0.1053513515149565039, 0.1070039495994543483, 0.1088605830051621037, 0.1109075060295518361, 0.1131043905057139143, 0.1153846153846149886, 0.1176648402635167984, 0.1198617247396799174, 0.1219086477640691085, 0.1237652811697768362, 0.1254178792542741949, 0.1268732220979367775, 0.1281506572472569383, 0.1292752740808129353, 0.1302732644744736823, 0.1311692932117127230, 0.1319852870711765436, 0.1327400773624373420, 0.1334494922931233341, 0.1341266512587670212, 0.1347823239156771824, 0.1354252852672973018, 0.1360626366023312273, 0.1367000824163424055, 0.1373421633133656283, 0.1379924491380571661, 0.1386536979814073645, 0.1393279867313759746, 0.1400168182876446732, 0.1407212098195656791, 0.1414417657030950792, 0.1421787381037804554, 0.1429320776034326834, 0.1437014757979515611, 0.1444864014126006901, 0.1452861311753740892, 0.1460997764456095638, 0.1469263064017706233, 0.1477645684393391334, 0.1486133063088257988, 0.1494711764284634148, 0.1503367627310367993, 0.1512085903454498115, 0.1520851383679185653, 0.1529648519426941855, 0.1538461538461540767, 0.1547274557496138847, 0.1556071693243896159, 0.1564837173468584808, 0.1573555449612713819, 0.1582211312638446832, 0.1590790013834822991, 0.1599277392529689090, 0.1607660012905375024, 0.1615925312466985342, 0.1624061765169342031, 0.1632059062797076021, 0.1639908318943565368, 0.1647602300888755533, 0.1655135695885276426, 0.1662505419892129632, 0.1669710978727423911, 0.1676754894046635080, 0.1683643209609322622, 0.1690386097109006780, 0.1696998585542509319, 0.1703501443789424419, 0.1709922252759658590, 0.1716296710899770095, 0.1722670224250105464, 0.1729099837766310543, 0.1735656564335413266, 0.1742428153991847362, 0.1749522303298707837, 0.1757070206211316932, 0.1765230144805955692, 0.1774190432178340826, 0.1784170336114951627, 0.1795416504450517980, 0.1808190855943705988, 0.1822744284380334590, 0.1839270265225312895, 0.1857836599282390588, 0.1878305829526287773, 0.1900274674287908694, 0.1923076923076919298, 0.1945879171865937118, 0.1967848016627568308, 0.1988317246871460220, 0.2006883580928537358, 0.2023409561773510945, 0.2037962990210136771, 0.2050737341703338379, 0.2061983510038898626, 0.2071963413975506096, 0.2080923701347896781, 0.2089083639942534709, 0.2096631542855142694, 0.2103725692162002892, 0.2110497281818439763, 0.2117054008387541097, 0.2123483621903742291, 0.2129857135254081824, 0.2136231593394193606, 0.2142652402364425834, 0.2149155260611341489, 0.2155767749044843751, 0.2162510636544529852, 0.2169398952107216838, 0.2176442867426427175, 0.2183648426261721454, 0.2191018150268574938, 0.2198551545265097218, 0.2206245527210285995, 0.2214094783356777008, 0.2222092080984510998, 0.2230228533686865744, 0.2238493833248476617, 0.2246876453624161440, 0.2255363832319027539, 0.2263942533515403699, 0.2272598396541137267, 0.2281316672685267666, 0.2290082152909955204, 0.2298879288657711406, 0.2307692307692309763, 0.2316505326726907843, 0.2325302462474665155, 0.2334067942699353804, 0.2342786218843482815, 0.2351442081869215828, 0.2360020783065592265, 0.2368508161760457809, 0.2376890782136143743, 0.2385156081697754060, 0.2393292534400110472, 0.2401289832027844739, 0.2409139088174334087, 0.2416833070119524252, 0.2424366465116045422, 0.2431736189122898628, 0.2438941747958192907, 0.2445985663277404354, 0.2452873978840092173, 0.2459616866339776331, 0.2466229354773278593, 0.2472732213020193415, 0.2479153021990427863, 0.2485527480130539368, 0.2491900993480874738, 0.2498330606997080094, 0.2504887333566183094, 0.2511658923222617745, 0.2518753072529478221, 0.2526300975442087315, 0.2534460914036726353, 0.2543421201409111210, 0.2553401105345721733, 0.2564647273681288642, 0.2577421625174476372, 0.2591975053611104696, 0.2608501034456082723, 0.2627067368513160694, 0.2647536598757057602, 0.2669505443518678800, 0.2692307692307689404, 0.2715109941096707225, 0.2737078785858338414, 0.2757548016102230881, 0.2776114350159308297, 0.2792640331004281329, 0.2807193759440906877, 0.2819968110934108485, 0.2831214279269668732, 0.2841194183206275925, 0.2850154470578666888, 0.2858314409173304815, 0.2865862312085912800, 0.2872956461392772165, 0.2879728051049209037, 0.2886284777618310926, 0.2892714391134512120, 0.2899087904484851097, 0.2905462362624963157, 0.2911883171595195385, 0.2918386029842111040, 0.2924998518275612747, 0.2931741405775298848, 0.2938629721337985834, 0.2945673636657196170, 0.2952879195492490449, 0.2960248919499343656, 0.2967782314495865936, 0.2975476296441054713, 0.2983325552587545726, 0.2991322850215279439, 0.2999459302917634185, 0.3007724602479245335, 0.3016107222854930714, 0.3024594601549796535, 0.3033173302746172695, 0.3041829165771906540, 0.3050547441916036662, 0.3059312922140724478, 0.3068110057888480680, 0.3076923076923078759, 0.3085736095957676839, 0.3094533231705434151, 0.3103298711930123632, 0.3112016988074252644, 0.3120672851099985379, 0.3129251552296360983, 0.3137738930991226805, 0.3146121551366912739, 0.3154386850928523334, 0.3162523303630880300, 0.3170520601258614013, 0.3178369857405103360, 0.3186063839350293247, 0.3193597234346814417, 0.3200966958353667624, 0.3208172517188961903, 0.3215216432508172795, 0.3222104748070860891, 0.3228847635570544772, 0.3235460124004047033, 0.3241962982250962133, 0.3248383791221196026, 0.3254758249361307532, 0.3261131762711642623, 0.3267561376227847703, 0.3274118102796951257, 0.3280889692453385353, 0.3287983841760245829, 0.3295531744672855479, 0.3303691683267493961, 0.3312651970639879373, 0.3322631874576489897, 0.3333878042912056805, 0.3346652394405245090, 0.3361205822841873414, 0.3377731803686851997, 0.3396298137743929413, 0.3416767367987826876, 0.3438736212749447518, 0.3461538461538458122, 0.3484340710327476498, 0.3506309555089107688, 0.3526778785332999044, 0.3545345119390076460, 0.3561871100235049492, 0.3576424528671675040, 0.3589198880164876648, 0.3600445048500436895, 0.3610424952437044088, 0.3619385239809435051, 0.3627545178404072423, 0.3635093081316681518, 0.3642187230623540883, 0.3648958820279977755, 0.3655515546849079644, 0.3661945160365280838, 0.3668318673715620371, 0.3674693131855732431, 0.3681113940825964104, 0.3687616799072880314, 0.3694229287506382020, 0.3700972175006068121, 0.3707860490568755107, 0.3714904405887965444, 0.3722109964723259723, 0.3729479688730113485, 0.3737013083726635765, 0.3744707065671824542, 0.3752556321818314999, 0.3760553619446049267, 0.3768690072148404013, 0.3776955371710015164, 0.3785337992085699987, 0.3793825370780566364, 0.3802404071976943079, 0.3811059935002676924, 0.3819778211146807045, 0.3828543691371494861, 0.3837340827119251063, 0.3846153846153849143, 0.3854966865188447223, 0.3863764000936204535, 0.3872529481160893461, 0.3881247757305022472, 0.3889903620330755207, 0.3898482321527131922, 0.3906969700221997743, 0.3915352320597683677, 0.3923617620159294272, 0.3931754072861650684, 0.3939751370489384397, 0.3947600626635873744, 0.3955294608581064186, 0.3962828003577584801, 0.3970197727584438563, 0.3977403286419732842, 0.3984447201738943733, 0.3991335517301631830, 0.3998078404801315711, 0.4004690893234817972, 0.4011193751481733627, 0.4017614560451967520, 0.4023989018592079026, 0.4030362531942414117, 0.4036792145458619196, 0.4043348872027722751, 0.4050120461684156847, 0.4057214610991017323, 0.4064762513903626973, 0.4072922452498265455, 0.4081882739870650312, 0.4091862643807261390, 0.4103108812142828299, 0.4115883163636016584, 0.4130436592072644908, 0.4146962572917623491, 0.4165528906974700352, 0.4185998137218597814, 0.4207966981980219012, 0.4230769230769229616, 0.4253571479558247437, 0.4275540324319878627, 0.4296009554563770538, 0.4314575888620847399, 0.4331101869465821541, 0.4345655297902447090, 0.4358429649395648697, 0.4369675817731208944, 0.4379655721667815582, 0.4388616009040205990, 0.4396775947634843362, 0.4404323850547451902, 0.4411417999854311267, 0.4418189589510747584, 0.4424746316079850028, 0.4431175929596051222, 0.4437549442946390199, 0.4443923901086502815, 0.4450344710056734487, 0.4456847568303650697, 0.4463460056737152959, 0.4470202944236839060, 0.4477091259799526601, 0.4484135175118736938, 0.4491340733954030662, 0.4498710457960884423, 0.4506243852957406704, 0.4513937834902594926, 0.4521787091049085383, 0.4529784388676820206, 0.4537920841379174397, 0.4546186140940785547, 0.4554568761316470371, 0.4563056140011336748, 0.4571634841207713462, 0.4580290704233447308, 0.4589008980377577429, 0.4597774460602265245, 0.4606571596350021447, 0.4615384615384619527, 0.4624197634419218161, 0.4632994770166975473, 0.4641760250391664400, 0.4650478526535793411, 0.4659134389561526146, 0.4667713090757902306, 0.4676200469452768127, 0.4684583089828454061, 0.4692848389390064656, 0.4700984842092421623, 0.4708982139720154780, 0.4716831395866643573, 0.4724525377811834015, 0.4732058772808355185, 0.4739428496815208947, 0.4746634055650502670, 0.4753677970969713562, 0.4760566286532402214, 0.4767309174032086649, 0.4773921662465588356, 0.4780424520712504011, 0.4786845329682737904, 0.4793219787822849409, 0.4799593301173184501, 0.4806022914689389580, 0.4812579641258492580, 0.4819351230914926676, 0.4826445380221787151, 0.4833993283134396246, 0.4842153221729034174, 0.4851113509101419585, 0.4861093413038030664, 0.4872339581373596462, 0.4885113932866784192, 0.4899667361303413071, 0.4916193342148391654, 0.4934759676205468515, 0.4955228906449365978, 0.4977197751210987176, 0.4999999999999997780 ),
 .UNSPECIFIED. ) ;
#4505 = CARTESIAN_POINT ( 'NONE',  ( 0.9352643789683224851, 22.60543259105239855, 0.000000000000000000 ) ) ;
#4506 = CARTESIAN_POINT ( 'NONE',  ( -0.3848533942811617758, -21.79654169952963372, 0.000000000000000000 ) ) ;
#4507 = CARTESIAN_POINT ( 'NONE',  ( 12.37573363895108436, 19.30834417696301486, -4.000000000000000000 ) ) ;
#4508 = ORIENTED_EDGE ( 'NONE', *, *, #15, .T. ) ;
#4509 = CARTESIAN_POINT ( 'NONE',  ( 22.94476432465958382, 0.6563093650777872545, 0.000000000000000000 ) ) ;
#4510 = CARTESIAN_POINT ( 'NONE',  ( -10.67698286436429989, 18.71147212199528553, 0.000000000000000000 ) ) ;
#4511 = CARTESIAN_POINT ( 'NONE',  ( 10.02411735440073492, -19.51692406200496421, 0.000000000000000000 ) ) ;
#4512 = CARTESIAN_POINT ( 'NONE',  ( -11.92633278975211830, -17.27827597421669026, -4.000000000000000000 ) ) ;
#4513 = CARTESIAN_POINT ( 'NONE',  ( 19.49872646015114341, -11.79169641045160688, 0.000000000000000000 ) ) ;
#4514 = CARTESIAN_POINT ( 'NONE',  ( 18.23822292812888435, 12.52102761954147780, 0.000000000000000000 ) ) ;
#4515 = CARTESIAN_POINT ( 'NONE',  ( 11.22521880699119556, -19.59187865378815374, -4.000000000000000000 ) ) ;
#4516 = CARTESIAN_POINT ( 'NONE',  ( -22.08489584616733481, -2.981123517001415646, -4.000000000000000000 ) ) ;
#4517 = CARTESIAN_POINT ( 'NONE',  ( 10.61881090672413741, -19.59261536617595922, 0.000000000000000000 ) ) ;
#4518 = DIRECTION ( 'NONE',  ( 1.000000000000000000, 0.000000000000000000, 0.000000000000000000 ) ) ;
#4519 = CARTESIAN_POINT ( 'NONE',  ( 8.392052896060642198, 19.40797396644943618, -4.000000000000000000 ) ) ;
#4520 = CARTESIAN_POINT ( 'NONE',  ( -21.88699574652788016, -6.579042111146233829, -4.000000000000000000 ) ) ;
#4521 = CARTESIAN_POINT ( 'NONE',  ( -5.161319963510448972, 21.39051808964734036, 0.000000000000000000 ) ) ;
#4522 = CARTESIAN_POINT ( 'NONE',  ( -21.90691606563208893, 2.634871704410302939, 0.000000000000000000 ) ) ;
#4523 = CARTESIAN_POINT ( 'NONE',  ( 12.12435565298211060, -7.000000000000056843, 0.000000000000000000 ) ) ;
#4524 = CARTESIAN_POINT ( 'NONE',  ( 20.71004497320205573, 8.085430867093013063, -4.000000000000000000 ) ) ;
#4525 = CARTESIAN_POINT ( 'NONE',  ( 1.146957286384169494, 22.68083482401356221, -4.000000000000000000 ) ) ;
#4526 = CARTESIAN_POINT ( 'NONE',  ( 12.25706784425205598, 19.35617007985194249, -4.000000000000000000 ) ) ;
#4527 = ORIENTED_EDGE ( 'NONE', *, *, #2038, .T. ) ;
#4528 = FACE_OUTER_BOUND ( 'NONE', #4356, .T. ) ;
#4529 = CARTESIAN_POINT ( 'NONE',  ( -7.904950534007986640, 21.59165424017936985, 0.000000000000000000 ) ) ;
#4530 = CARTESIAN_POINT ( 'NONE',  ( 16.20113928410976456, -13.46445368502866557, 0.000000000000000000 ) ) ;
#4531 = CARTESIAN_POINT ( 'NONE',  ( 15.05457142190026865, 14.98300655306773876, -4.000000000000000000 ) ) ;
#4532 = CARTESIAN_POINT ( 'NONE',  ( -0.02492641410532247040, -22.06478867062250870, -4.000000000000000000 ) ) ;
#4533 = CARTESIAN_POINT ( 'NONE',  ( -21.01712563943171119, 7.564086312211781404, -4.000000000000000000 ) ) ;
#4534 = CARTESIAN_POINT ( 'NONE',  ( 20.16368796050758405, 11.03095435375335676, -4.000000000000000000 ) ) ;
#4535 = DIRECTION ( 'NONE',  ( -1.000000000000000000, 0.000000000000000000, 0.000000000000000000 ) ) ;
#4536 = CARTESIAN_POINT ( 'NONE',  ( -13.05913550403716172, -16.75080851641389046, 0.000000000000000000 ) ) ;
#4537 = CARTESIAN_POINT ( 'NONE',  ( 20.23485559402975653, -10.91963345819501363, 0.000000000000000000 ) ) ;
#4538 = CARTESIAN_POINT ( 'NONE',  ( 13.75191726245931712, 18.32435002681478053, 0.000000000000000000 ) ) ;
#4539 = CARTESIAN_POINT ( 'NONE',  ( 20.01157765848164871, 11.24409674075326038, -4.000000000000000000 ) ) ;
#4540 = CARTESIAN_POINT ( 'NONE',  ( -0.6175175649107306208, 21.62688545941146145, -4.000000000000000000 ) ) ;
#4541 = CARTESIAN_POINT ( 'NONE',  ( -20.94060127998758603, -7.623709070541726085, -4.000000000000000000 ) ) ;
#4542 = CARTESIAN_POINT ( 'NONE',  ( 12.84246811570853630, -19.07246152098828063, 0.000000000000000000 ) ) ;
#4543 = DIRECTION ( 'NONE',  ( -0.000000000000000000, -0.000000000000000000, 1.000000000000000000 ) ) ;
#4544 = CARTESIAN_POINT ( 'NONE',  ( 7.132715232446807718, 19.76561003056572474, -4.000000000000000000 ) ) ;
#4545 = CARTESIAN_POINT ( 'NONE',  ( -18.17472718066970927, 12.61301709083408085, -4.000000000000000000 ) ) ;
#4546 = CARTESIAN_POINT ( 'NONE',  ( -22.35395168710630642, 3.761273262743602075, 0.000000000000000000 ) ) ;
#4547 = DIRECTION ( 'NONE',  ( -1.000000000000000000, 0.000000000000000000, 0.000000000000000000 ) ) ;
#4548 = ORIENTED_EDGE ( 'NONE', *, *, #3475, .T. ) ;
#4549 = CARTESIAN_POINT ( 'NONE',  ( 22.86081428818682681, 1.030484612093684804, 0.000000000000000000 ) ) ;
#4550 = CARTESIAN_POINT ( 'NONE',  ( -10.41689100507892896, 19.23301171463175052, 0.000000000000000000 ) ) ;
#4551 = CARTESIAN_POINT ( 'NONE',  ( 14.67208735301614730, -16.39888229772765982, 0.000000000000000000 ) ) ;
#4552 = EDGE_CURVE ( 'NONE', #3359, #2344, #1237, .T. ) ;
#4553 = CARTESIAN_POINT ( 'NONE',  ( 20.76316020819749752, 8.372076745820168142, -4.000000000000000000 ) ) ;
#4554 = CARTESIAN_POINT ( 'NONE',  ( -15.79395911403171127, -16.26029483406766474, -4.000000000000000000 ) ) ;
#4555 = CARTESIAN_POINT ( 'NONE',  ( 19.93120287531943902, -11.34539950381585705, 0.000000000000000000 ) ) ;
#4556 = CARTESIAN_POINT ( 'NONE',  ( 16.90907204334978431, 13.02201446096766801, 0.000000000000000000 ) ) ;
#4557 = CARTESIAN_POINT ( 'NONE',  ( -9.524729263620614006, -20.61589949009514555, 0.000000000000000000 ) ) ;
#4558 = CARTESIAN_POINT ( 'NONE',  ( -18.16634988306093845, 12.30353548794323260, -4.000000000000000000 ) ) ;
#4559 = CARTESIAN_POINT ( 'NONE',  ( -3.778801353825799847, 20.90098721100731183, -4.000000000000000000 ) ) ;
#4560 = CARTESIAN_POINT ( 'NONE',  ( -21.54139206009464758, -7.057957261120547443, 0.000000000000000000 ) ) ;
#4561 = CARTESIAN_POINT ( 'NONE',  ( 10.33033271631730088, -19.56254416469472091, -4.000000000000000000 ) ) ;
#4562 = CARTESIAN_POINT ( 'NONE',  ( 7.500000000000000000, 0.000000000000000000, -4.000000000000000000 ) ) ;
#4563 = CARTESIAN_POINT ( 'NONE',  ( -13.05913550403711909, 16.75080851641389046, -4.000000000000000000 ) ) ;
#4564 = CARTESIAN_POINT ( 'NONE',  ( -21.00000000000000355, -0.1146559665542567497, 0.000000000000000000 ) ) ;
#4565 = CARTESIAN_POINT ( 'NONE',  ( -9.776147748760773395E-14, -14.00000000000000000, 0.000000000000000000 ) ) ;
#4566 = CARTESIAN_POINT ( 'NONE',  ( 21.15774907159875085, -3.497169882115214623, -4.000000000000000000 ) ) ;
#4567 = ORIENTED_EDGE ( 'NONE', *, *, #4126, .F. ) ;
#4568 = CARTESIAN_POINT ( 'NONE',  ( 23.00000000000000000, 0.04430047995070000161, 0.000000000000000000 ) ) ;
#4569 = CARTESIAN_POINT ( 'NONE',  ( -10.52942656070066896, 18.99839282454463785, 0.000000000000000000 ) ) ;
#4570 = CARTESIAN_POINT ( 'NONE',  ( 13.27905935459841835, -18.77110434763019953, 0.000000000000000000 ) ) ;
#4571 = CARTESIAN_POINT ( 'NONE',  ( 14.42300264874662474, 17.25082415869790964, -4.000000000000000000 ) ) ;
#4572 = CARTESIAN_POINT ( 'NONE',  ( 0.9352643789683138253, -22.60543259105241631, -4.000000000000000000 ) ) ;
#4573 = CARTESIAN_POINT ( 'NONE',  ( 18.41882560490896381, -12.45098463714985293, -4.000000000000000000 ) ) ;
#4574 = CARTESIAN_POINT ( 'NONE',  ( -11.41345111234948284, -17.70597528647928698, -4.000000000000000000 ) ) ;
#4575 = CARTESIAN_POINT ( 'NONE',  ( 18.77397602136330690, 12.28679088549161769, -4.000000000000000000 ) ) ;
#4576 = EDGE_CURVE ( 'NONE', #2344, #3359, #4322, .T. ) ;
#4577 = CARTESIAN_POINT ( 'NONE',  ( -14.51079128029503096, -16.54177814894683962, -4.000000000000000000 ) ) ;
#4578 = CARTESIAN_POINT ( 'NONE',  ( 19.58821292735725805, -11.71089130713608917, 0.000000000000000000 ) ) ;
#4579 = CARTESIAN_POINT ( 'NONE',  ( 14.65031900565576528, 16.49920220610297150, 0.000000000000000000 ) ) ;
#4580 = CARTESIAN_POINT ( 'NONE',  ( -8.967007540600034687, -21.08292693307965138, 0.000000000000000000 ) ) ;
#4581 = CARTESIAN_POINT ( 'NONE',  ( 19.49872646015112565, 11.79169641045161043, -4.000000000000000000 ) ) ;
#4582 = CARTESIAN_POINT ( 'NONE',  ( -9.169259294848504993, 20.93439900958706090, -4.000000000000000000 ) ) ;
#4583 = CARTESIAN_POINT ( 'NONE',  ( -21.75406656625703050, -6.782700467727688753, 0.000000000000000000 ) ) ;
#4584 = CARTESIAN_POINT ( 'NONE',  ( 10.52279904167776436, -19.58445443271416053, 0.000000000000000000 ) ) ;
#4585 = DIRECTION ( 'NONE',  ( -0.000000000000000000, -0.000000000000000000, 1.000000000000000000 ) ) ;
#4586 = CARTESIAN_POINT ( 'NONE',  ( 4.111083978712367859, -22.41301912558926190, -4.000000000000000000 ) ) ;
#4587 = CARTESIAN_POINT ( 'NONE',  ( -1.877732061666983254, -20.98195771237742946, -4.000000000000000000 ) ) ;
#4588 = CARTESIAN_POINT ( 'NONE',  ( -22.08489584616733481, -2.981123517001415646, 0.000000000000000000 ) ) ;
#4589 = CARTESIAN_POINT ( 'NONE',  ( 20.71004497320205573, 8.085430867093013063, 0.000000000000000000 ) ) ;
#4590 = CARTESIAN_POINT ( 'NONE',  ( 12.95531842612690987, 19.00283322196916203, 0.000000000000000000 ) ) ;
#4591 = CALENDAR_DATE ( 2026, 28, 8 ) ;
#4592 = EDGE_LOOP ( 'NONE', ( #3875, #3980 ) ) ;
#4593 = CARTESIAN_POINT ( 'NONE',  ( 22.15657846533721909, 2.390764034578162445, 0.000000000000000000 ) ) ;
#4594 = CARTESIAN_POINT ( 'NONE',  ( -17.67583476004738685, 14.61286431517887330, -4.000000000000000000 ) ) ;
#4595 = CARTESIAN_POINT ( 'NONE',  ( -8.400974717098032230, 21.40353708094175644, 0.000000000000000000 ) ) ;
#4596 = CARTESIAN_POINT ( 'NONE',  ( 13.57424375338772116, -18.51034463267700403, 0.000000000000000000 ) ) ;
#4597 = CARTESIAN_POINT ( 'NONE',  ( 14.33820731893271905, 17.44313782921216216, -4.000000000000000000 ) ) ;
#4598 = CARTESIAN_POINT ( 'NONE',  ( -9.603024693121355426, -20.53358832084187569, -4.000000000000000000 ) ) ;
#4599 = CARTESIAN_POINT ( 'NONE',  ( 19.04423762621111393, 12.13112771699291059, -4.000000000000000000 ) ) ;
#4600 = CARTESIAN_POINT ( 'NONE',  ( -14.90389234821013531, -16.49709513737360567, 0.000000000000000000 ) ) ;
#4601 = CARTESIAN_POINT ( 'NONE',  ( 20.08917054442650496, -11.13919997127607964, -4.000000000000000000 ) ) ;
#4602 = CARTESIAN_POINT ( 'NONE',  ( 14.52531902632189897, 16.96909187510687289, 0.000000000000000000 ) ) ;
#4603 = CARTESIAN_POINT ( 'NONE',  ( -6.317921412924660807, -21.72473638752123293, 0.000000000000000000 ) ) ;
#4604 = CARTESIAN_POINT ( 'NONE',  ( 18.95364980006550581, 12.18667631799438844, -4.000000000000000000 ) ) ;
#4605 = CARTESIAN_POINT ( 'NONE',  ( -19.70601580275762643, 8.458929255087708654, -4.000000000000000000 ) ) ;
#4606 = CARTESIAN_POINT ( 'NONE',  ( -18.15233757200130427, -11.92897289312903375, -4.000000000000000000 ) ) ;
#4607 = CARTESIAN_POINT ( 'NONE',  ( 12.72771890607626766, -19.13795803034422960, -4.000000000000000000 ) ) ;
#4608 = CARTESIAN_POINT ( 'NONE',  ( 0.2973477410281224476, 22.28320682219198190, -4.000000000000000000 ) ) ;
#4609 = CARTESIAN_POINT ( 'NONE',  ( -21.09316236851858051, -7.501932561979676173, -4.000000000000000000 ) ) ;
#4610 = CARTESIAN_POINT ( 'NONE',  ( 10.81375728331118502, -19.60263105521331184, -4.000000000000000000 ) ) ;
#4611 = DIRECTION ( 'NONE',  ( -0.000000000000000000, -0.000000000000000000, 1.000000000000000000 ) ) ;
#4612 = CARTESIAN_POINT ( 'NONE',  ( -12.50810894298446740, 16.95038754158260019, -4.000000000000000000 ) ) ;
#4613 = CARTESIAN_POINT ( 'NONE',  ( -22.42361596997390549, -4.983773268745406604, -4.000000000000000000 ) ) ;
#4614 = CARTESIAN_POINT ( 'NONE',  ( 3.163979201484066639, -22.76500607809899890, -4.000000000000000000 ) ) ;
#4615 = CARTESIAN_POINT ( 'NONE',  ( -0.7583441349052699731, -21.53002708384709507, 0.000000000000000000 ) ) ;
#4616 = CARTESIAN_POINT ( 'NONE',  ( -18.17025257062545762, -12.41110025053948718, 0.000000000000000000 ) ) ;
#4617 = APPROVAL ( #456, 'æœª' ) ;
#4618 = CARTESIAN_POINT ( 'NONE',  ( -9.442194321211964336, 20.69742849959578024, -4.000000000000000000 ) ) ;
#4619 = CARTESIAN_POINT ( 'NONE',  ( -0.1940517453232506739, 21.93981762679451819, 0.000000000000000000 ) ) ;
#4620 = CARTESIAN_POINT ( 'NONE',  ( -4.576078833423042447, -21.14622909948186802, -4.000000000000000000 ) ) ;
#4621 = CARTESIAN_POINT ( 'NONE',  ( 10.52279904167778035, 19.58445443271416408, -4.000000000000000000 ) ) ;
#4622 = CIRCLE ( 'NONE', #2043, 5.000000000000000888 ) ;
#4623 = CARTESIAN_POINT ( 'NONE',  ( -18.11579714807045605, 13.40051544206606593, 0.000000000000000000 ) ) ;
#4624 = CARTESIAN_POINT ( 'NONE',  ( 14.69404000307404878, -16.29350919737444769, 0.000000000000000000 ) ) ;
#4625 = ADVANCED_FACE ( 'NONE', ( #3858 ), #829, .F. ) ;
#4626 = AXIS2_PLACEMENT_3D ( 'NONE', #3769, #2998, #4494 ) ;
#4627 = CARTESIAN_POINT ( 'NONE',  ( 1.985132969657262603, -22.84797988994008833, -4.000000000000000000 ) ) ;
#4628 = CARTESIAN_POINT ( 'NONE',  ( -10.04227015966239911, -19.95213727705884565, -4.000000000000000000 ) ) ;
#4629 = CARTESIAN_POINT ( 'NONE',  ( -8.636500735330360001, -21.28538005795923027, -4.000000000000000000 ) ) ;
#4630 = CARTESIAN_POINT ( 'NONE',  ( 19.58821292735725805, 11.71089130713609450, -4.000000000000000000 ) ) ;
#4631 = CARTESIAN_POINT ( 'NONE',  ( 20.51659141783717999, -7.369316032574150022, -4.000000000000000000 ) ) ;
#4632 = CARTESIAN_POINT ( 'NONE',  ( 14.77007356050271625, 15.92647734529627890, 0.000000000000000000 ) ) ;
#4633 = CARTESIAN_POINT ( 'NONE',  ( -7.395328098381209969, -21.70898570351965517, 0.000000000000000000 ) ) ;
#4634 = CARTESIAN_POINT ( 'NONE',  ( 19.13519702654807730, 12.07164184534841489, -4.000000000000000000 ) ) ;
#4635 = CARTESIAN_POINT ( 'NONE',  ( -18.33448606018943039, 10.37376730258235114, -4.000000000000000000 ) ) ;
#4636 = CARTESIAN_POINT ( 'NONE',  ( 14.29011911042242033, -17.54060426259943384, -4.000000000000000000 ) ) ;
#4637 = CARTESIAN_POINT ( 'NONE',  ( -0.9213867414385392696, 21.42502250719503465, -4.000000000000000000 ) ) ;
#4638 = CARTESIAN_POINT ( 'NONE',  ( -21.61366561709853684, -6.970311178364153371, 0.000000000000000000 ) ) ;
#4639 = CARTESIAN_POINT ( 'NONE',  ( 13.57424375338772116, -18.51034463267700403, -4.000000000000000000 ) ) ;
#4640 = CYLINDRICAL_SURFACE ( 'NONE', #2826, 5.000000000000000888 ) ;
#4641 = CARTESIAN_POINT ( 'NONE',  ( -20.34839886508054718, 8.022656757860589849, -4.000000000000000000 ) ) ;
#4642 = CARTESIAN_POINT ( 'NONE',  ( -15.48642864523426432, 16.36845894515291988, -4.000000000000000000 ) ) ;
#4643 = CARTESIAN_POINT ( 'NONE',  ( 5.676847562098984668, 20.96619076917856006, 0.000000000000000000 ) ) ;
#4644 = CARTESIAN_POINT ( 'NONE',  ( -22.37721557805502925, 3.872467211510910445, -4.000000000000000000 ) ) ;
#4645 = CARTESIAN_POINT ( 'NONE',  ( -3.778801353825819831, -20.90098721100731893, 0.000000000000000000 ) ) ;
#4646 = CARTESIAN_POINT ( 'NONE',  ( -18.25491778814015476, -10.67023813421722878, 0.000000000000000000 ) ) ;
#4647 = CARTESIAN_POINT ( 'NONE',  ( -5.256247460261277205, -21.42959129432589194, -4.000000000000000000 ) ) ;
#4648 = CARTESIAN_POINT ( 'NONE',  ( -17.46426378467750951, 14.94174543293085833, 0.000000000000000000 ) ) ;
#4649 = CARTESIAN_POINT ( 'NONE',  ( 20.01157765848165226, -11.24409674075326215, 0.000000000000000000 ) ) ;
#4650 = CARTESIAN_POINT ( 'NONE',  ( 14.62811007625883697, 16.59600264588740259, -4.000000000000000000 ) ) ;
#4651 = CARTESIAN_POINT ( 'NONE',  ( -9.813211701011756105, -20.28439785978904908, -4.000000000000000000 ) ) ;
#4652 = CARTESIAN_POINT ( 'NONE',  ( 18.68490343084159733, 12.33186420008356876, -4.000000000000000000 ) ) ;
#4653 = CARTESIAN_POINT ( 'NONE',  ( 20.44046392959869962, -7.091610322081407070, 0.000000000000000000 ) ) ;
#4654 = CARTESIAN_POINT ( 'NONE',  ( 7.132715232446807718, 19.76561003056572474, 0.000000000000000000 ) ) ;
#4655 = CARTESIAN_POINT ( 'NONE',  ( 1.257926768375607018, -22.71466927650084600, 0.000000000000000000 ) ) ;
#4656 = CARTESIAN_POINT ( 'NONE',  ( -10.09223420870868537, 19.86898413699723775, -4.000000000000000000 ) ) ;
#4657 = CARTESIAN_POINT ( 'NONE',  ( -18.16634988306094201, -12.30353548794321661, -4.000000000000000000 ) ) ;
#4658 = CARTESIAN_POINT ( 'NONE',  ( 14.05603342403870570, -17.93522685070814404, 0.000000000000000000 ) ) ;
#4659 = DIRECTION ( 'NONE',  ( -0.000000000000000000, -0.000000000000000000, 1.000000000000000000 ) ) ;
#4660 = CARTESIAN_POINT ( 'NONE',  ( -21.95448300822184606, 2.722055118315033884, -4.000000000000000000 ) ) ;
#4661 = CARTESIAN_POINT ( 'NONE',  ( 22.86081428818683037, -1.030484612093665486, -4.000000000000000000 ) ) ;
#4662 = CARTESIAN_POINT ( 'NONE',  ( 3.417209851801629839, -22.69836180709104667, -4.000000000000000000 ) ) ;
#4663 = CARTESIAN_POINT ( 'NONE',  ( -14.40354036892241396, 16.55086941576450599, -4.000000000000000000 ) ) ;
#4664 = CARTESIAN_POINT ( 'NONE',  ( -22.12096606211570204, -6.128279723999710882, 0.000000000000000000 ) ) ;
#4665 = CARTESIAN_POINT ( 'NONE',  ( 20.80208241000206471, 8.781834310499766261, -4.000000000000000000 ) ) ;
#4666 = CARTESIAN_POINT ( 'NONE',  ( 10.33033271631730265, 19.56254416469471735, 0.000000000000000000 ) ) ;
#4667 = CARTESIAN_POINT ( 'NONE',  ( 0.5530032713437073033, 22.43037211676184839, 0.000000000000000000 ) ) ;
#4668 = CARTESIAN_POINT ( 'NONE',  ( 8.670929892843627584, 19.38931615245257589, -4.000000000000000000 ) ) ;
#4669 = CARTESIAN_POINT ( 'NONE',  ( -15.69022999050113576, 16.30021426032064369, 0.000000000000000000 ) ) ;
#4670 = CARTESIAN_POINT ( 'NONE',  ( 20.76524781650243057, -9.468238696520170805, 0.000000000000000000 ) ) ;
#4671 = APPLICATION_CONTEXT ( 'configuration controlled 3d designs of mechanical parts and assemblies' ) ;
#4672 = CARTESIAN_POINT ( 'NONE',  ( -8.279565467389332412, -21.45685768362953638, 0.000000000000000000 ) ) ;
#4673 = CARTESIAN_POINT ( 'NONE',  ( 21.02387159568900188, -3.672383574304969756, -4.000000000000000000 ) ) ;
#4674 = CARTESIAN_POINT ( 'NONE',  ( 4.673683455278428767, 22.04342540039876042, 0.000000000000000000 ) ) ;
#4675 = CARTESIAN_POINT ( 'NONE',  ( 0.8346376376410460374, -22.56436629873352828, 0.000000000000000000 ) ) ;
#4676 = CARTESIAN_POINT ( 'NONE',  ( 19.76335568513954755, 11.53639894063094751, 0.000000000000000000 ) ) ;
#4677 = CARTESIAN_POINT ( 'NONE',  ( 22.27556337986285584, 2.236015871788898490, -4.000000000000000000 ) ) ;
#4678 = CARTESIAN_POINT ( 'NONE',  ( -18.16172512099849712, -12.18901548346500974, 0.000000000000000000 ) ) ;
#4679 = CARTESIAN_POINT ( 'NONE',  ( 14.96523272433925733, -15.21615547683478198, 0.000000000000000000 ) ) ;
#4680 = CARTESIAN_POINT ( 'NONE',  ( 22.33348662812914043, 2.154711336977886749, 0.000000000000000000 ) ) ;
#4681 = CARTESIAN_POINT ( 'NONE',  ( -14.51079128029506293, 16.54177814894682541, -4.000000000000000000 ) ) ;
#4682 = CARTESIAN_POINT ( 'NONE',  ( 4.673683455278428767, 22.04342540039876042, 0.000000000000000000 ) ) ;
#4683 = CARTESIAN_POINT ( 'NONE',  ( -22.42774528754812025, 4.223659812520978107, 0.000000000000000000 ) ) ;
#4684 = CARTESIAN_POINT ( 'NONE',  ( 4.673683455278435872, -22.04342540039875331, -4.000000000000000000 ) ) ;
#4685 = EDGE_LOOP ( 'NONE', ( #1419, #3853 ) ) ;
#4686 = CARTESIAN_POINT ( 'NONE',  ( -22.33239803592120509, -5.504441744273377957, 0.000000000000000000 ) ) ;
#4687 = CARTESIAN_POINT ( 'NONE',  ( 10.81375728331120101, 19.60263105521330473, 0.000000000000000000 ) ) ;
#4688 = CARTESIAN_POINT ( 'NONE',  ( -22.04321896426556648, 2.894244770580947534, -4.000000000000000000 ) ) ;
#4689 = CARTESIAN_POINT ( 'NONE',  ( -2.530628014445745144, 20.84159677917247677, -4.000000000000000000 ) ) ;
#4690 = DATE_AND_TIME ( #4591, #856 ) ;
#4691 = CARTESIAN_POINT ( 'NONE',  ( -18.04549037692339297, 13.71884141036982463, -4.000000000000000000 ) ) ;
#4692 = CARTESIAN_POINT ( 'NONE',  ( -15.09453435472147476, 16.46481109810801158, 0.000000000000000000 ) ) ;
#4693 = AXIS2_PLACEMENT_3D ( 'NONE', #888, #2042, #3074 ) ;
#4694 = CARTESIAN_POINT ( 'NONE',  ( 20.68850112096512817, -7.991468017176341476, 0.000000000000000000 ) ) ;
#4695 = CARTESIAN_POINT ( 'NONE',  ( -9.747148956018722998, -20.36762955473148651, -4.000000000000000000 ) ) ;
#4696 = CARTESIAN_POINT ( 'NONE',  ( -22.06717016211343108, 6.245873757502434565, 0.000000000000000000 ) ) ;
#4697 = CARTESIAN_POINT ( 'NONE',  ( -8.636500735330360001, -21.28538005795923027, 0.000000000000000000 ) ) ;
#4698 = CARTESIAN_POINT ( 'NONE',  ( 20.38460457323550656, -5.024353773963022185, -4.000000000000000000 ) ) ;
#4699 = CARTESIAN_POINT ( 'NONE',  ( 10.23194733791961397, 19.54898396539807592, 0.000000000000000000 ) ) ;
#4700 = CARTESIAN_POINT ( 'NONE',  ( -1.588541420213872346, -21.08488893612969761, 0.000000000000000000 ) ) ;
#4701 = VECTOR ( 'NONE', #2319, 1000.000000000000000 ) ;
#4702 = CARTESIAN_POINT ( 'NONE',  ( 18.04784068419240128, 12.58844448481508849, 0.000000000000000000 ) ) ;
#4703 = CARTESIAN_POINT ( 'NONE',  ( -20.44527414537789056, 7.961408085081993491, -4.000000000000000000 ) ) ;
#4704 = CARTESIAN_POINT ( 'NONE',  ( 14.18166562306855027, -17.73742200790329093, -4.000000000000000000 ) ) ;
#4705 = CARTESIAN_POINT ( 'NONE',  ( -20.00251443689480979, -8.246388228751520444, -4.000000000000000000 ) ) ;
#4706 = CARTESIAN_POINT ( 'NONE',  ( 14.55393136195742443, -16.87639783458276099, 0.000000000000000000 ) ) ;
#4707 = CARTESIAN_POINT ( 'NONE',  ( 22.82546726133483261, 1.149966177979573567, 0.000000000000000000 ) ) ;
#4708 = CARTESIAN_POINT ( 'NONE',  ( -22.04321896426556648, 2.894244770580947534, -4.000000000000000000 ) ) ;
#4709 = CARTESIAN_POINT ( 'NONE',  ( 4.214602464302507734, -22.35566384975632559, 0.000000000000000000 ) ) ;
#4710 = ORIENTED_EDGE ( 'NONE', *, *, #3693, .T. ) ;
#4711 = CARTESIAN_POINT ( 'NONE',  ( -22.36197694667999158, -5.374935629425801054, 0.000000000000000000 ) ) ;
#4712 = CARTESIAN_POINT ( 'NONE',  ( -18.07261558141744828, 13.61105683382038301, 0.000000000000000000 ) ) ;
#4713 = CARTESIAN_POINT ( 'NONE',  ( -14.90389234821013176, 16.49709513737359501, 0.000000000000000000 ) ) ;
#4714 = CARTESIAN_POINT ( 'NONE',  ( 20.72113584048849688, -9.711501322388402357, 0.000000000000000000 ) ) ;
#4715 = CARTESIAN_POINT ( 'NONE',  ( 14.29011911042242744, 17.54060426259943029, 0.000000000000000000 ) ) ;
#4716 = CARTESIAN_POINT ( 'NONE',  ( -5.621427799191283547, -21.56453735785112613, 0.000000000000000000 ) ) ;
#4717 = CARTESIAN_POINT ( 'NONE',  ( 14.67208735301614375, 16.39888229772765982, -4.000000000000000000 ) ) ;
#4718 = CARTESIAN_POINT ( 'NONE',  ( 20.71004497320205573, -8.085430867093005958, -4.000000000000000000 ) ) ;
#4719 = CARTESIAN_POINT ( 'NONE',  ( 5.511434109662944891, 21.16706053947267208, 0.000000000000000000 ) ) ;
#4720 = CARTESIAN_POINT ( 'NONE',  ( -0.6175175649107126352, -21.62688545941149343, 0.000000000000000000 ) ) ;
#4721 = CARTESIAN_POINT ( 'NONE',  ( 18.86354708643816380, 12.23848564479274614, -4.000000000000000000 ) ) ;
#4722 = CARTESIAN_POINT ( 'NONE',  ( -22.26010680064554137, 5.759810847278162171, -4.000000000000000000 ) ) ;
#4723 = CARTESIAN_POINT ( 'NONE',  ( -18.17327844624658795, -12.80672111095501897, -4.000000000000000000 ) ) ;
#4724 = CARTESIAN_POINT ( 'NONE',  ( 14.77007356050272691, -15.92647734529627535, 0.000000000000000000 ) ) ;
#4725 = CARTESIAN_POINT ( 'NONE',  ( 22.65371642544583608, 1.595277858700926643, 0.000000000000000000 ) ) ;
#4726 = CARTESIAN_POINT ( 'NONE',  ( -14.61300362791339680, 16.53226074606681451, -4.000000000000000000 ) ) ;
#4727 = CARTESIAN_POINT ( 'NONE',  ( 5.044013087028530684, 21.70685730218824006, 0.000000000000000000 ) ) ;
#4728 = CARTESIAN_POINT ( 'NONE',  ( -21.12263386550846533, 0.9645433511945863403, 0.000000000000000000 ) ) ;
#4729 = CARTESIAN_POINT ( 'NONE',  ( 4.314250260353276190, -22.29625582966830422, -4.000000000000000000 ) ) ;
#4730 = VERTEX_POINT ( 'NONE', #1125 ) ;
#4731 = CARTESIAN_POINT ( 'NONE',  ( -18.09598118973341130, -13.50491433628526572, 0.000000000000000000 ) ) ;
#4732 = CARTESIAN_POINT ( 'NONE',  ( 10.81375728331120101, 19.60263105521330473, -4.000000000000000000 ) ) ;
#4733 = CARTESIAN_POINT ( 'NONE',  ( -3.778801353825799847, 20.90098721100731183, 0.000000000000000000 ) ) ;
#4734 = CARTESIAN_POINT ( 'NONE',  ( 4.975601053490134262, 21.77563698353633370, -4.000000000000000000 ) ) ;
#4735 = CARTESIAN_POINT ( 'NONE',  ( -18.58985845081703658, 9.756710369366139446, 0.000000000000000000 ) ) ;
#4736 = CARTESIAN_POINT ( 'NONE',  ( 20.60264002790486160, -4.393136808702785778, 0.000000000000000000 ) ) ;
#4737 = CARTESIAN_POINT ( 'NONE',  ( 21.39476759738624168, 3.219848144137873902, -4.000000000000000000 ) ) ;
#4738 = CARTESIAN_POINT ( 'NONE',  ( 2.244567722035322177, 22.86085004771973317, -4.000000000000000000 ) ) ;
#4739 = CARTESIAN_POINT ( 'NONE',  ( -6.541507844657093784, -21.74728613986732384, -4.000000000000000000 ) ) ;
#4740 = CARTESIAN_POINT ( 'NONE',  ( -6.896230539633902978, -21.75511584063072590, 0.000000000000000000 ) ) ;
#4741 = CARTESIAN_POINT ( 'NONE',  ( 15.17090792698332713, 14.72886818338918324, -4.000000000000000000 ) ) ;
#4742 = CARTESIAN_POINT ( 'NONE',  ( 23.00000000000000355, -3.591419696358233438E-15, 0.000000000000000000 ) ) ;
#4743 = CARTESIAN_POINT ( 'NONE',  ( 3.163979201484035997, 22.76500607809901311, 0.000000000000000000 ) ) ;
#4744 = CARTESIAN_POINT ( 'NONE',  ( 0.05588777320239618485, -22.12251759593047140, 0.000000000000000000 ) ) ;
#4745 = CARTESIAN_POINT ( 'NONE',  ( 17.83716394441302810, 12.65922352464750489, -4.000000000000000000 ) ) ;
#4746 = CARTESIAN_POINT ( 'NONE',  ( 14.69404000307404878, -16.29350919737444769, -4.000000000000000000 ) ) ;
#4747 = CARTESIAN_POINT ( 'NONE',  ( 20.29311131124241996, 6.270585249870401334, -4.000000000000000000 ) ) ;
#4748 = CARTESIAN_POINT ( 'NONE',  ( -18.17183461541527478, -11.19258704227211432, 0.000000000000000000 ) ) ;
#4749 = CARTESIAN_POINT ( 'NONE',  ( 15.17090792698333068, -14.72886818338915482, 0.000000000000000000 ) ) ;
#4750 = CARTESIAN_POINT ( 'NONE',  ( 21.90090697121823737, 2.684361049373889418, 0.000000000000000000 ) ) ;
#4751 = CARTESIAN_POINT ( 'NONE',  ( 3.778537881278389854, 22.56992201879467430, -4.000000000000000000 ) ) ;
#4752 = CARTESIAN_POINT ( 'NONE',  ( -20.78488896738855018, -7.737314153829968788, -4.000000000000000000 ) ) ;
#4753 = CARTESIAN_POINT ( 'NONE',  ( 6.844479728585146638, -19.92288945872044437, -4.000000000000000000 ) ) ;
#4754 = CARTESIAN_POINT ( 'NONE',  ( -21.74592688421183695, 2.352662698596927893, 0.000000000000000000 ) ) ;
#4755 = CARTESIAN_POINT ( 'NONE',  ( 1.857833821405697083, -22.83518087930976748, -4.000000000000000000 ) ) ;
#4756 = ORIENTED_EDGE ( 'NONE', *, *, #4552, .F. ) ;
#4757 = CARTESIAN_POINT ( 'NONE',  ( -18.04549037692338231, -13.71884141036984062, 0.000000000000000000 ) ) ;
#4758 = CARTESIAN_POINT ( 'NONE',  ( -22.42774528754812025, 4.223659812520978107, 0.000000000000000000 ) ) ;
#4759 = DIRECTION ( 'NONE',  ( 1.000000000000000000, 0.000000000000000000, 0.000000000000000000 ) ) ;
#4760 = CARTESIAN_POINT ( 'NONE',  ( -8.636500735330360001, -21.28538005795923027, -4.000000000000000000 ) ) ;
#4761 = CARTESIAN_POINT ( 'NONE',  ( 20.79251774114803197, -9.230914693542064953, -4.000000000000000000 ) ) ;
#4762 = CARTESIAN_POINT ( 'NONE',  ( -5.348528770268337063, -21.46630262106306120, -4.000000000000000000 ) ) ;
#4763 = VERTEX_POINT ( 'NONE', #3042 ) ;
#4764 = CARTESIAN_POINT ( 'NONE',  ( 22.99848482850785558, -0.1328215991950580377, 0.000000000000000000 ) ) ;
#4765 = CC_DESIGN_DATE_AND_TIME_ASSIGNMENT ( #3712, #2545, ( #1122 ) ) ;
#4766 = CARTESIAN_POINT ( 'NONE',  ( 2.375982835903395873, 22.86068615957974259, 0.000000000000000000 ) ) ;
#4767 = CARTESIAN_POINT ( 'NONE',  ( 10.52279904167776436, -19.58445443271416053, 0.000000000000000000 ) ) ;
#4768 = CARTESIAN_POINT ( 'NONE',  ( 18.68490343084159733, 12.33186420008356876, 0.000000000000000000 ) ) ;
#4769 = CARTESIAN_POINT ( 'NONE',  ( 16.90907204334971325, -13.02201446096770177, -4.000000000000000000 ) ) ;
#4770 = CARTESIAN_POINT ( 'NONE',  ( -10.27608982505457824, 19.52581620093668135, 0.000000000000000000 ) ) ;
#4771 = CARTESIAN_POINT ( 'NONE',  ( 20.28432423003497220, 5.684594767459072884, -4.000000000000000000 ) ) ;
#4772 = CARTESIAN_POINT ( 'NONE',  ( -17.84767620596554849, -14.27532248167365303, -4.000000000000000000 ) ) ;
#4773 = CARTESIAN_POINT ( 'NONE',  ( 19.31750712556343075, -11.94025534839110492, -4.000000000000000000 ) ) ;
#4774 = CARTESIAN_POINT ( 'NONE',  ( -15.28801687577188062, 16.42266561556432336, -4.000000000000000000 ) ) ;
#4775 = CARTESIAN_POINT ( 'NONE',  ( 18.14480526315981024, 12.55474262449691203, 0.000000000000000000 ) ) ;
#4776 = CIRCLE ( 'NONE', #1541, 4.999999999999998224 ) ;
#4777 = CARTESIAN_POINT ( 'NONE',  ( -21.29181501105372121, -1.465671014897368396, -4.000000000000000000 ) ) ;
#4778 = CARTESIAN_POINT ( 'NONE',  ( 6.844479728585146638, -19.92288945872044437, 0.000000000000000000 ) ) ;
#4779 = EDGE_LOOP ( 'NONE', ( #1525, #304, #2894, #2297 ) ) ;
#4780 = CARTESIAN_POINT ( 'NONE',  ( -17.84767620596554849, -14.27532248167365303, 0.000000000000000000 ) ) ;
#4781 = CARTESIAN_POINT ( 'NONE',  ( -20.86332366715751974, 7.681268167302651051, 0.000000000000000000 ) ) ;
#4782 = CARTESIAN_POINT ( 'NONE',  ( 22.99168151220385070, -0.2652489659780626896, 0.000000000000000000 ) ) ;
#4783 = CARTESIAN_POINT ( 'NONE',  ( -8.279565467389332412, -21.45685768362953638, -4.000000000000000000 ) ) ;
#4784 = CARTESIAN_POINT ( 'NONE',  ( -7.143036618217895928, -21.74064755994005083, -4.000000000000000000 ) ) ;
#4785 = CARTESIAN_POINT ( 'NONE',  ( 22.15657846533722974, -2.390764034578149566, -4.000000000000000000 ) ) ;
#4786 = CARTESIAN_POINT ( 'NONE',  ( 1.489498614487865247, 22.77332770528892780, 0.000000000000000000 ) ) ;
#4787 = CARTESIAN_POINT ( 'NONE',  ( 11.78539027706233355, -19.50253865068290793, 0.000000000000000000 ) ) ;
#4788 = CARTESIAN_POINT ( 'NONE',  ( -5.000000000000000888, 14.00000000000000000, -6.000000000000000000 ) ) ;
#4789 = CARTESIAN_POINT ( 'NONE',  ( -17.97922248258690203, -13.93865628448627980, -4.000000000000000000 ) ) ;
#4790 = CARTESIAN_POINT ( 'NONE',  ( 18.86354708643816736, -12.23848564479274614, -4.000000000000000000 ) ) ;
#4791 = CARTESIAN_POINT ( 'NONE',  ( -15.28801687577188062, 16.42266561556432336, 0.000000000000000000 ) ) ;
#4792 = CARTESIAN_POINT ( 'NONE',  ( 18.95364980006550581, 12.18667631799438844, 0.000000000000000000 ) ) ;
#4793 = CARTESIAN_POINT ( 'NONE',  ( -15.69022999050113576, 16.30021426032064369, -4.000000000000000000 ) ) ;
#4794 = CARTESIAN_POINT ( 'NONE',  ( 3.034655965340508743, 22.79207403780077357, -4.000000000000000000 ) ) ;
#4795 = CARTESIAN_POINT ( 'NONE',  ( 6.367210647053982875, -20.26300161976033465, -4.000000000000000000 ) ) ;
#4796 = CARTESIAN_POINT ( 'NONE',  ( -21.74592688421183695, 2.352662698596927893, -4.000000000000000000 ) ) ;
#4797 = CARTESIAN_POINT ( 'NONE',  ( -21.95448300822184606, -2.722055118315031663, -4.000000000000000000 ) ) ;
#4798 = CARTESIAN_POINT ( 'NONE',  ( 4.975601053490137815, -21.77563698353633370, 0.000000000000000000 ) ) ;
#4799 = CARTESIAN_POINT ( 'NONE',  ( 17.12435565298216034, 6.999999999999974243, -4.000000000000000000 ) ) ;
#4800 = CARTESIAN_POINT ( 'NONE',  ( -17.67583476004737619, -14.61286431517886442, 0.000000000000000000 ) ) ;
#4801 = CARTESIAN_POINT ( 'NONE',  ( 9.140856978489084739, 19.39910504791187407, 0.000000000000000000 ) ) ;
#4802 = CARTESIAN_POINT ( 'NONE',  ( -22.42361596997390549, 4.983773268745399498, 0.000000000000000000 ) ) ;
#4803 = CARTESIAN_POINT ( 'NONE',  ( 21.83071113592746926, -2.759264251381942312, 0.000000000000000000 ) ) ;
#4804 = CARTESIAN_POINT ( 'NONE',  ( 20.39983756515138325, 6.925588738408707812, -4.000000000000000000 ) ) ;
#4805 = CARTESIAN_POINT ( 'NONE',  ( -22.43509628547915469, 4.853803308554995866, 0.000000000000000000 ) ) ;
#4806 = CARTESIAN_POINT ( 'NONE',  ( -6.317921412924660807, -21.72473638752123293, 0.000000000000000000 ) ) ;
#4807 = VERTEX_POINT ( 'NONE', #2644 ) ;
#4808 = CARTESIAN_POINT ( 'NONE',  ( 22.21661050595689346, -2.314560327330771994, 0.000000000000000000 ) ) ;
#4809 = CARTESIAN_POINT ( 'NONE',  ( 1.257926768375587701, 22.71466927650083889, 0.000000000000000000 ) ) ;
#4810 = CARTESIAN_POINT ( 'NONE',  ( 5.775226086956912752, -20.85066584697018754, 0.000000000000000000 ) ) ;
#4811 = CARTESIAN_POINT ( 'NONE',  ( 16.20113928410977167, 13.46445368502866735, 0.000000000000000000 ) ) ;
#4812 = CARTESIAN_POINT ( 'NONE',  ( -21.88699574652791213, 6.579042111146212513, -4.000000000000000000 ) ) ;
#4813 = CARTESIAN_POINT ( 'NONE',  ( -18.14569269480858082, -13.19701642569618372, 0.000000000000000000 ) ) ;
#4814 = CARTESIAN_POINT ( 'NONE',  ( 18.77397602136328914, -12.28679088549162657, -4.000000000000000000 ) ) ;
#4815 = CARTESIAN_POINT ( 'NONE',  ( -15.58767780413766069, 16.33620357133145262, -4.000000000000000000 ) ) ;
#4816 = CARTESIAN_POINT ( 'NONE',  ( 20.30242169740234104, 10.80553650704881186, 0.000000000000000000 ) ) ;
#4817 = CARTESIAN_POINT ( 'NONE',  ( -17.12653607385810872, 15.35023478957749532, -4.000000000000000000 ) ) ;
#4818 = CARTESIAN_POINT ( 'NONE',  ( -21.09316236851858051, -7.501932561979676173, -4.000000000000000000 ) ) ;
#4819 = CARTESIAN_POINT ( 'NONE',  ( 1.609724419164919818, 22.79765701126126132, -4.000000000000000000 ) ) ;
#4820 = CARTESIAN_POINT ( 'NONE',  ( -21.29181501105372121, -1.465671014897368396, 0.000000000000000000 ) ) ;
#4821 = CARTESIAN_POINT ( 'NONE',  ( 5.044013087028537790, -21.70685730218823650, 0.000000000000000000 ) ) ;
#4822 = FACE_OUTER_BOUND ( 'NONE', #987, .T. ) ;
#4823 = CARTESIAN_POINT ( 'NONE',  ( -18.01441512476087325, -13.82811003151777385, 0.000000000000000000 ) ) ;
#4824 = CARTESIAN_POINT ( 'NONE',  ( -22.17120079974525382, 6.007861870957563077, 0.000000000000000000 ) ) ;
#4825 = CARTESIAN_POINT ( 'NONE',  ( 21.75646130103281806, -2.837189671757639253, 0.000000000000000000 ) ) ;
#4826 = CARTESIAN_POINT ( 'NONE',  ( 0.7374622847275346116, -22.52136918132849530, 0.000000000000000000 ) ) ;
#4827 = CARTESIAN_POINT ( 'NONE',  ( 22.78682372401866729, -1.266382827403219169, -4.000000000000000000 ) ) ;
#4828 = CARTESIAN_POINT ( 'NONE',  ( -5.713967158203303143, 21.59364608391137708, 0.000000000000000000 ) ) ;
#4829 = CARTESIAN_POINT ( 'NONE',  ( 5.676847562098989108, -20.96619076917855651, 0.000000000000000000 ) ) ;
#4830 = CARTESIAN_POINT ( 'NONE',  ( 20.80479732610528032, 8.890484256038259758, -4.000000000000000000 ) ) ;
#4831 = CARTESIAN_POINT ( 'NONE',  ( -16.73918910046183584, -15.70644772556289936, 0.000000000000000000 ) ) ;
#4832 = CARTESIAN_POINT ( 'NONE',  ( 18.50763246423368713, -12.41359184638039181, -4.000000000000000000 ) ) ;
#4833 = CARTESIAN_POINT ( 'NONE',  ( 19.04423762621111393, 12.13112771699291059, 0.000000000000000000 ) ) ;
#4834 = AXIS2_PLACEMENT_3D ( 'NONE', #3911, #4585, #3103 ) ;
#4835 = FACE_OUTER_BOUND ( 'NONE', #1108, .T. ) ;
#4836 = CARTESIAN_POINT ( 'NONE',  ( -22.04321896426555938, -2.894244770580946646, 0.000000000000000000 ) ) ;
#4837 = CARTESIAN_POINT ( 'NONE',  ( 9.334022096823051839, -19.41631230574317257, -4.000000000000000000 ) ) ;
#4838 = FACE_OUTER_BOUND ( 'NONE', #4779, .T. ) ;
#4839 = CARTESIAN_POINT ( 'NONE',  ( -19.34777908991708983, 8.763221459836241678, 0.000000000000000000 ) ) ;
#4840 = ORGANIZATION ( 'æœª', 'æœª', '' ) ;
#4841 = CARTESIAN_POINT ( 'NONE',  ( -22.35395168710629932, -3.761273262743626056, 0.000000000000000000 ) ) ;
#4842 = CARTESIAN_POINT ( 'NONE',  ( 21.90090697121824093, -2.684361049373882313, 0.000000000000000000 ) ) ;
#4843 = CARTESIAN_POINT ( 'NONE',  ( 0.8346376376410524767, 22.56436629873353539, -4.000000000000000000 ) ) ;
#4844 = CARTESIAN_POINT ( 'NONE',  ( -0.1077446603907783046, -22.00413322531517935, -4.000000000000000000 ) ) ;
#4845 = CARTESIAN_POINT ( 'NONE',  ( 12.61143276425612569, 19.19917479465659582, -4.000000000000000000 ) ) ;
#4846 = VERTEX_POINT ( 'NONE', #118 ) ;
#4847 = CARTESIAN_POINT ( 'NONE',  ( 23.00000000000000000, 6.776263578034402713E-18, 0.000000000000000000 ) ) ;
#4848 = CARTESIAN_POINT ( 'NONE',  ( -5.904873404660989422, 21.64624392335657888, 0.000000000000000000 ) ) ;
#4849 = CARTESIAN_POINT ( 'NONE',  ( 5.511434109662957326, -21.16706053947264365, 0.000000000000000000 ) ) ;
#4850 = FACE_OUTER_BOUND ( 'NONE', #2659, .T. ) ;
#4851 = CARTESIAN_POINT ( 'NONE',  ( -17.79490290189911050, -14.38819513235454650, -4.000000000000000000 ) ) ;
#4852 = CARTESIAN_POINT ( 'NONE',  ( 19.84835533766064586, -11.44289398223680720, 0.000000000000000000 ) ) ;
#4853 = CARTESIAN_POINT ( 'NONE',  ( 19.13519702654807730, 12.07164184534841489, 0.000000000000000000 ) ) ;
ENDSEC;
END-ISO-10303-21;
