ISO-10303-21;
HEADER;
FILE_DESCRIPTION (( 'STEP AP203' ),
    '1' );
FILE_NAME ('Êä³ö¶Ë.STEP',
    '2026-08-28T03:17:35',
    ( '' ),
    ( '' ),
    'SwSTEP 2.0',
    'SolidWorks 2026',
    '' );
FILE_SCHEMA (( 'CONFIG_CONTROL_DESIGN' ));
ENDSEC;

DATA;
#1 = EDGE_LOOP ( 'NONE', ( #2453, #1083 ) ) ;
#2 = AXIS2_PLACEMENT_3D ( 'NONE', #1201, #2283, #592 ) ;
#3 = EDGE_LOOP ( 'NONE', ( #2913, #2736, #1540, #1306 ) ) ;
#4 = CARTESIAN_POINT ( 'NONE',  ( 12.12435565298216034, 6.999999999999973355, 15.00000000000000000 ) ) ;
#5 = FACE_OUTER_BOUND ( 'NONE', #1743, .T. ) ;
#6 = EDGE_CURVE ( 'NONE', #1199, #1861, #2804, .T. ) ;
#7 = AXIS2_PLACEMENT_3D ( 'NONE', #924, #1447, #2580 ) ;
#8 = ORIENTED_EDGE ( 'NONE', *, *, #2797, .F. ) ;
#9 = EDGE_LOOP ( 'NONE', ( #2799, #466, #2742, #271 ) ) ;
#10 = VECTOR ( 'NONE', #349, 1000.000000000000000 ) ;
#11 = DIRECTION ( 'NONE',  ( -0.8660254037844378194, -0.5000000000000014433, 0.000000000000000000 ) ) ;
#12 = LINE ( 'NONE', #3066, #1695 ) ;
#13 = EDGE_CURVE ( 'NONE', #2010, #1542, #268, .T. ) ;
#14 = APPLICATION_CONTEXT ( 'configuration controlled 3d designs of mechanical parts and assemblies' ) ;
#15 = AXIS2_PLACEMENT_3D ( 'NONE', #1097, #1667, #2217 ) ;
#16 = CARTESIAN_POINT ( 'NONE',  ( 2.499999999999916511, 8.637267765684129513E-13, -10.00000000000000000 ) ) ;
#17 = FACE_OUTER_BOUND ( 'NONE', #885, .T. ) ;
#18 = APPROVAL_PERSON_ORGANIZATION ( #731, #2921, #164 ) ;
#19 = FACE_OUTER_BOUND ( 'NONE', #3495, .T. ) ;
#20 = EDGE_LOOP ( 'NONE', ( #1267, #3184, #3267, #1650 ) ) ;
#21 = CARTESIAN_POINT ( 'NONE',  ( 12.12435565298488527, 7.000000000001044498, -7.000000000000000000 ) ) ;
#22 = DIRECTION ( 'NONE',  ( 1.000000000000000000, 0.000000000000000000, 0.000000000000000000 ) ) ;
#23 = ORIENTED_EDGE ( 'NONE', *, *, #2687, .T. ) ;
#24 = ORIENTED_EDGE ( 'NONE', *, *, #862, .F. ) ;
#25 = CARTESIAN_POINT ( 'NONE',  ( 18.80000000000000426, -1.616580753730953335, -2.799999999999999822 ) ) ;
#26 = CARTESIAN_POINT ( 'NONE',  ( 16.00000000000000355, 0.000000000000000000, -2.799999999999999822 ) ) ;
#27 = ORIENTED_EDGE ( 'NONE', *, *, #1786, .T. ) ;
#28 = VERTEX_POINT ( 'NONE', #528 ) ;
#29 = ADVANCED_FACE ( 'NONE', ( #3338 ), #1382, .F. ) ;
#30 = CARTESIAN_POINT ( 'NONE',  ( 0.000000000000000000, 0.000000000000000000, -8.000000000000000000 ) ) ;
#31 = FACE_OUTER_BOUND ( 'NONE', #3111, .T. ) ;
#32 = EDGE_CURVE ( 'NONE', #1788, #1427, #2200, .T. ) ;
#33 = ORIENTED_EDGE ( 'NONE', *, *, #2133, .F. ) ;
#34 = DIRECTION ( 'NONE',  ( 1.000000000000000000, 0.000000000000000000, 0.000000000000000000 ) ) ;
#35 = LINE ( 'NONE', #2295, #833 ) ;
#36 = ADVANCED_FACE ( 'NONE', ( #3321 ), #1366, .F. ) ;
#37 = ORIENTED_EDGE ( 'NONE', *, *, #1856, .F. ) ;
#38 = DIRECTION ( 'NONE',  ( -0.000000000000000000, -0.000000000000000000, 1.000000000000000000 ) ) ;
#39 = DIRECTION ( 'NONE',  ( -0.000000000000000000, -0.000000000000000000, -1.000000000000000000 ) ) ;
#40 = ORIENTED_EDGE ( 'NONE', *, *, #2416, .F. ) ;
#41 = ORIENTED_EDGE ( 'NONE', *, *, #3188, .F. ) ;
#42 = CARTESIAN_POINT ( 'NONE',  ( 15.12435565298465434, -7.000000000002367884, -9.000000000000000000 ) ) ;
#43 = CYLINDRICAL_SURFACE ( 'NONE', #3585, 2.500000000000000000 ) ;
#44 = ORIENTED_EDGE ( 'NONE', *, *, #1557, .F. ) ;
#45 = ORIENTED_EDGE ( 'NONE', *, *, #1182, .T. ) ;
#46 = CARTESIAN_POINT ( 'NONE',  ( 9.124355652984883491, 7.000000000001044498, -9.000000000000000000 ) ) ;
#47 = DIRECTION ( 'NONE',  ( 0.000000000000000000, 0.000000000000000000, 1.000000000000000000 ) ) ;
#48 = VECTOR ( 'NONE', #744, 1000.000000000000000 ) ;
#49 = DIRECTION ( 'NONE',  ( -0.000000000000000000, -0.000000000000000000, 1.000000000000000000 ) ) ;
#50 = DIRECTION ( 'NONE',  ( 0.5000000000000016653, -0.8660254037844378194, 0.000000000000000000 ) ) ;
#51 = DIRECTION ( 'NONE',  ( -0.000000000000000000, -0.000000000000000000, 1.000000000000000000 ) ) ;
#52 = AXIS2_PLACEMENT_3D ( 'NONE', #1307, #3588, #1336 ) ;
#53 = EDGE_CURVE ( 'NONE', #596, #317, #3614, .T. ) ;
#54 = CARTESIAN_POINT ( 'NONE',  ( 6.199999999997586997, 13.85640646055068892, -2.799999999999999822 ) ) ;
#55 = AXIS2_PLACEMENT_3D ( 'NONE', #2339, #3202, #3163 ) ;
#56 = ORIENTED_EDGE ( 'NONE', *, *, #2133, .T. ) ;
#57 = DIRECTION ( 'NONE',  ( -1.000000000000000000, 0.000000000000000000, 0.000000000000000000 ) ) ;
#58 = CARTESIAN_POINT ( 'NONE',  ( 2.999999999999594102, 14.00000000000340528, -7.000000000000000000 ) ) ;
#59 = EDGE_CURVE ( 'NONE', #1734, #1421, #1243, .T. ) ;
#60 = AXIS2_PLACEMENT_3D ( 'NONE', #1298, #2431, #783 ) ;
#61 = CIRCLE ( 'NONE', #3221, 4.000000000000529354 ) ;
#62 = ORIENTED_EDGE ( 'NONE', *, *, #710, .T. ) ;
#63 = ORIENTED_EDGE ( 'NONE', *, *, #304, .T. ) ;
#64 = AXIS2_PLACEMENT_3D ( 'NONE', #303, #2270, #3390 ) ;
#65 = DIRECTION ( 'NONE',  ( -0.000000000000000000, -1.000000000000000000, -0.000000000000000000 ) ) ;
#66 = CARTESIAN_POINT ( 'NONE',  ( -12.12435565298440387, -7.000000000000412115, 15.00000000000000000 ) ) ;
#67 = EDGE_LOOP ( 'NONE', ( #1424, #788, #1984, #63 ) ) ;
#68 = VECTOR ( 'NONE', #702, 1000.000000000000000 ) ;
#69 = ORIENTED_EDGE ( 'NONE', *, *, #1621, .T. ) ;
#70 = FACE_OUTER_BOUND ( 'NONE', #192, .T. ) ;
#71 = CARTESIAN_POINT ( 'NONE',  ( -5.200000000000384759, 12.23982570681918425, -2.799999999999999822 ) ) ;
#72 = VECTOR ( 'NONE', #779, 1000.000000000000000 ) ;
#73 = AXIS2_PLACEMENT_3D ( 'NONE', #2006, #2542, #22 ) ;
#74 = LINE ( 'NONE', #2077, #1638 ) ;
#75 = LINE ( 'NONE', #396, #3401 ) ;
#76 = CIRCLE ( 'NONE', #3543, 4.000000000000001776 ) ;
#77 = ORIENTED_EDGE ( 'NONE', *, *, #1467, .T. ) ;
#78 = FACE_OUTER_BOUND ( 'NONE', #2062, .T. ) ;
#79 = CC_DESIGN_APPROVAL ( #2758, ( #2537 ) ) ;
#80 = VERTEX_POINT ( 'NONE', #658 ) ;
#81 = EDGE_CURVE ( 'NONE', #3076, #1615, #1630, .T. ) ;
#82 = CARTESIAN_POINT ( 'NONE',  ( 8.000000000000575540, -13.85640646055134972, -2.799999999999999822 ) ) ;
#83 = DIRECTION ( 'NONE',  ( -0.000000000000000000, -0.000000000000000000, 1.000000000000000000 ) ) ;
#84 = VERTEX_POINT ( 'NONE', #129 ) ;
#85 = ORIENTED_EDGE ( 'NONE', *, *, #3249, .T. ) ;
#86 = ADVANCED_FACE ( 'NONE', ( #3473 ), #3450, .F. ) ;
#87 = LINE ( 'NONE', #25, #1530 ) ;
#88 = PLANE ( 'NONE',  #3177 ) ;
#89 = ORIENTED_EDGE ( 'NONE', *, *, #32, .T. ) ;
#90 = ORIENTED_EDGE ( 'NONE', *, *, #3047, .T. ) ;
#91 = EDGE_CURVE ( 'NONE', #3262, #84, #322, .T. ) ;
#92 = LINE ( 'NONE', #2566, #762 ) ;
#93 = DIRECTION ( 'NONE',  ( -0.8660254037844389297, -0.4999999999999996114, 0.000000000000000000 ) ) ;
#94 = LINE ( 'NONE', #1496, #1578 ) ;
#95 = PERSON_AND_ORGANIZATION_ROLE ( 'design_owner' ) ;
#96 = CARTESIAN_POINT ( 'NONE',  ( -7.999999999999419131, -17.08956796801370004, -2.799999999999999822 ) ) ;
#97 = VERTEX_POINT ( 'NONE', #2055 ) ;
#98 = PRODUCT ( '\X2\8f9351fa7aef\X0\', '\X2\8f9351fa7aef\X0\', '', ( #1479 ) ) ;
#99 = DIRECTION ( 'NONE',  ( -0.000000000000000000, -0.000000000000000000, 1.000000000000000000 ) ) ;
#100 = CARTESIAN_POINT ( 'NONE',  ( 12.12435565298412143, -7.000000000002367884, -7.000000000000000000 ) ) ;
#101 = ORIENTED_EDGE ( 'NONE', *, *, #2662, .T. ) ;
#102 = LINE ( 'NONE', #1789, #2132 ) ;
#103 = FACE_OUTER_BOUND ( 'NONE', #3344, .T. ) ;
#104 = ORIENTED_EDGE ( 'NONE', *, *, #2446, .F. ) ;
#105 = ADVANCED_FACE ( 'NONE', ( #3433 ), #3415, .F. ) ;
#106 = EDGE_LOOP ( 'NONE', ( #2739, #279, #3272, #1733 ) ) ;
#107 = DIRECTION ( 'NONE',  ( -0.000000000000000000, -0.000000000000000000, 1.000000000000000000 ) ) ;
#108 = EDGE_CURVE ( 'NONE', #2425, #3383, #74, .T. ) ;
#109 = FACE_BOUND ( 'NONE', #3384, .T. ) ;
#110 = CARTESIAN_POINT ( 'NONE',  ( 1.764960354098782610E-13, 14.00000000000340528, -9.000000000000000000 ) ) ;
#111 = FACE_OUTER_BOUND ( 'NONE', #2504, .T. ) ;
#112 = CARTESIAN_POINT ( 'NONE',  ( -12.12435565298025253, 6.999999999999557687, 15.00000000000000000 ) ) ;
#113 = VERTEX_POINT ( 'NONE', #1795 ) ;
#114 = DIRECTION ( 'NONE',  ( 0.8660254037844387076, -0.4999999999999998335, 0.000000000000000000 ) ) ;
#115 = CIRCLE ( 'NONE', #634, 1.800000000001749534 ) ;
#116 = DIRECTION ( 'NONE',  ( -1.000000000000000000, 0.000000000000000000, 0.000000000000000000 ) ) ;
#117 = AXIS2_PLACEMENT_3D ( 'NONE', #1628, #3020, #1560 ) ;
#118 = ORIENTED_EDGE ( 'NONE', *, *, #3257, .T. ) ;
#119 = LINE ( 'NONE', #2421, #243 ) ;
#120 = DIRECTION ( 'NONE',  ( 0.000000000000000000, 0.000000000000000000, -1.000000000000000000 ) ) ;
#121 = AXIS2_PLACEMENT_3D ( 'NONE', #1759, #2861, #2884 ) ;
#122 = VECTOR ( 'NONE', #3319, 1000.000000000000000 ) ;
#123 = VECTOR ( 'NONE', #3526, 1000.000000000000000 ) ;
#124 = ORIENTED_EDGE ( 'NONE', *, *, #3562, .T. ) ;
#125 = EDGE_CURVE ( 'NONE', #584, #792, #1291, .T. ) ;
#126 = DIRECTION ( 'NONE',  ( 1.000000000000000000, 0.000000000000000000, 0.000000000000000000 ) ) ;
#127 = AXIS2_PLACEMENT_3D ( 'NONE', #984, #2932, #1023 ) ;
#128 = CIRCLE ( 'NONE', #1061, 4.000000000000000000 ) ;
#129 = CARTESIAN_POINT ( 'NONE',  ( -10.79999999999942339, -12.23982570682084337, 0.000000000000000000 ) ) ;
#130 = ADVANCED_FACE ( 'NONE', ( #3490, #617, #3197, #2293, #1206, #1738, #363, #2568, #1477, #897, #395, #675, #109, #339 ), #1222, .F. ) ;
#131 = CARTESIAN_POINT ( 'NONE',  ( 18.80000000000000426, 1.616580753730953557, -2.799999999999999822 ) ) ;
#132 = CARTESIAN_POINT ( 'NONE',  ( -12.12435565298220830, -6.999999999999887201, 15.00000000000000000 ) ) ;
#133 = AXIS2_PLACEMENT_3D ( 'NONE', #1444, #2832, #1671 ) ;
#134 = CARTESIAN_POINT ( 'NONE',  ( 0.000000000000000000, 0.000000000000000000, -6.000000000000000000 ) ) ;
#135 = ORIENTED_EDGE ( 'NONE', *, *, #414, .T. ) ;
#136 = DIRECTION ( 'NONE',  ( -0.000000000000000000, -0.000000000000000000, 1.000000000000000000 ) ) ;
#137 = AXIS2_PLACEMENT_3D ( 'NONE', #841, #1439, #821 ) ;
#138 = DIRECTION ( 'NONE',  ( 0.000000000000000000, 0.000000000000000000, -1.000000000000000000 ) ) ;
#139 = ORIENTED_EDGE ( 'NONE', *, *, #746, .T. ) ;
#140 = DIRECTION ( 'NONE',  ( -0.000000000000000000, -0.000000000000000000, 1.000000000000000000 ) ) ;
#141 = DIRECTION ( 'NONE',  ( -0.000000000000000000, -0.000000000000000000, 1.000000000000000000 ) ) ;
#142 = CARTESIAN_POINT ( 'NONE',  ( 0.000000000000000000, 0.000000000000000000, -6.000000000000000000 ) ) ;
#143 = VERTEX_POINT ( 'NONE', #2642 ) ;
#144 = DIRECTION ( 'NONE',  ( 0.8660254037844387076, -0.4999999999999998335, 0.000000000000000000 ) ) ;
#145 = ADVANCED_FACE ( 'NONE', ( #2371 ), #1456, .F. ) ;
#146 = CARTESIAN_POINT ( 'NONE',  ( 12.12435565298306450, 6.999999999996173727, 15.00000000000000000 ) ) ;
#147 = LINE ( 'NONE', #488, #3352 ) ;
#148 = CARTESIAN_POINT ( 'NONE',  ( 16.00000000000000355, -3.233161507461903561, 0.000000000000000000 ) ) ;
#149 = EDGE_CURVE ( 'NONE', #1969, #2918, #3528, .T. ) ;
#150 = EDGE_LOOP ( 'NONE', ( #2871, #626, #3606, #1519 ) ) ;
#151 = VERTEX_POINT ( 'NONE', #2843 ) ;
#152 = PLANE ( 'NONE',  #178 ) ;
#153 = CARTESIAN_POINT ( 'NONE',  ( -12.12435565298253515, 7.000000000001921130, -6.000000000000000000 ) ) ;
#154 = EDGE_CURVE ( 'NONE', #781, #445, #61, .T. ) ;
#155 = ORIENTED_EDGE ( 'NONE', *, *, #2229, .F. ) ;
#156 = ORIENTED_EDGE ( 'NONE', *, *, #1510, .F. ) ;
#157 = DIRECTION ( 'NONE',  ( -0.000000000000000000, -0.000000000000000000, 1.000000000000000000 ) ) ;
#158 = DIRECTION ( 'NONE',  ( -0.000000000000000000, -0.000000000000000000, 1.000000000000000000 ) ) ;
#159 = CARTESIAN_POINT ( 'NONE',  ( 0.000000000000000000, 0.000000000000000000, -4.000000000000000000 ) ) ;
#160 = VERTEX_POINT ( 'NONE', #2904 ) ;
#161 = FACE_BOUND ( 'NONE', #2683, .T. ) ;
#162 = DIRECTION ( 'NONE',  ( 1.000000000000000000, -0.000000000000000000, 0.000000000000000000 ) ) ;
#163 = DIRECTION ( 'NONE',  ( -1.000000000000000000, 0.000000000000000000, 0.000000000000000000 ) ) ;
#164 = APPROVAL_ROLE ( '' ) ;
#165 = ORIENTED_EDGE ( 'NONE', *, *, #997, .T. ) ;
#166 = VERTEX_POINT ( 'NONE', #2333 ) ;
#167 = DIRECTION ( 'NONE',  ( -0.000000000000000000, -0.000000000000000000, 1.000000000000000000 ) ) ;
#168 = FACE_OUTER_BOUND ( 'NONE', #449, .T. ) ;
#169 = ADVANCED_FACE ( 'NONE', ( #1722 ), #1437, .T. ) ;
#170 = ORIENTED_EDGE ( 'NONE', *, *, #1242, .T. ) ;
#171 = AXIS2_PLACEMENT_3D ( 'NONE', #3596, #3629, #3045 ) ;
#172 = ORIENTED_EDGE ( 'NONE', *, *, #2681, .F. ) ;
#173 = CARTESIAN_POINT ( 'NONE',  ( -18.79999999999987281, 1.616580753729847775, -2.799999999999999822 ) ) ;
#174 = LINE ( 'NONE', #982, #2427 ) ;
#175 = EDGE_CURVE ( 'NONE', #538, #2389, #3284, .T. ) ;
#176 = DIRECTION ( 'NONE',  ( 0.000000000000000000, 0.000000000000000000, -1.000000000000000000 ) ) ;
#177 = VERTEX_POINT ( 'NONE', #2093 ) ;
#178 = AXIS2_PLACEMENT_3D ( 'NONE', #1744, #920, #2155 ) ;
#179 = DIRECTION ( 'NONE',  ( 0.000000000000000000, 0.000000000000000000, 1.000000000000000000 ) ) ;
#180 = CIRCLE ( 'NONE', #646, 1.000000000000000888 ) ;
#181 = AXIS2_PLACEMENT_3D ( 'NONE', #3156, #2611, #2019 ) ;
#182 = DIRECTION ( 'NONE',  ( 1.000000000000000000, 0.000000000000000000, -0.000000000000000000 ) ) ;
#183 = DIRECTION ( 'NONE',  ( -0.000000000000000000, -0.000000000000000000, 1.000000000000000000 ) ) ;
#184 = VECTOR ( 'NONE', #389, 1000.000000000000227 ) ;
#185 = EDGE_LOOP ( 'NONE', ( #265, #3442 ) ) ;
#186 = ORIENTED_EDGE ( 'NONE', *, *, #3130, .T. ) ;
#187 = PLANE ( 'NONE',  #812 ) ;
#188 = CARTESIAN_POINT ( 'NONE',  ( 10.79999999999954596, 15.47298721428164647, -2.799999999999999822 ) ) ;
#189 = VECTOR ( 'NONE', #3168, 1000.000000000000000 ) ;
#190 = EDGE_CURVE ( 'NONE', #2409, #2930, #1012, .T. ) ;
#191 = AXIS2_PLACEMENT_3D ( 'NONE', #1617, #2222, #3313 ) ;
#192 = EDGE_LOOP ( 'NONE', ( #758, #3376 ) ) ;
#193 = DIRECTION ( 'NONE',  ( -0.000000000000000000, -0.000000000000000000, 1.000000000000000000 ) ) ;
#194 = DIRECTION ( 'NONE',  ( -0.000000000000000000, -0.000000000000000000, -1.000000000000000000 ) ) ;
#195 = CARTESIAN_POINT ( 'NONE',  ( 8.124355652982158560, 6.999999999999973355, 0.000000000000000000 ) ) ;
#196 = AXIS2_PLACEMENT_3D ( 'NONE', #2632, #667, #3458 ) ;
#197 = ADVANCED_FACE ( 'NONE', ( #436 ), #3212, .T. ) ;
#198 = EDGE_LOOP ( 'NONE', ( #2958, #310, #1998, #2267 ) ) ;
#199 = APPROVAL_PERSON_ORGANIZATION ( #3235, #2758, #1812 ) ;
#200 = CARTESIAN_POINT ( 'NONE',  ( 0.000000000000000000, 0.000000000000000000, -2.799999999999999822 ) ) ;
#201 = EDGE_CURVE ( 'NONE', #2890, #543, #991, .T. ) ;
#202 = DIRECTION ( 'NONE',  ( 0.8660254037844375974, -0.5000000000000018874, 0.000000000000000000 ) ) ;
#203 = CARTESIAN_POINT ( 'NONE',  ( 1.800000000000219202, -14.00000000000130207, 15.00000000000000000 ) ) ;
#204 = ADVANCED_FACE ( 'NONE', ( #2162, #215 ), #2720, .T. ) ;
#205 = EDGE_LOOP ( 'NONE', ( #1855, #1431 ) ) ;
#206 = DIRECTION ( 'NONE',  ( 0.000000000000000000, 0.000000000000000000, 1.000000000000000000 ) ) ;
#207 = LINE ( 'NONE', #736, #541 ) ;
#208 = EDGE_LOOP ( 'NONE', ( #104, #2730, #359, #1323 ) ) ;
#209 = PLANE ( 'NONE',  #1046 ) ;
#210 = CARTESIAN_POINT ( 'NONE',  ( 16.00000000000000355, 0.000000000000000000, -9.000000000000000000 ) ) ;
#211 = ORIENTED_EDGE ( 'NONE', *, *, #1710, .F. ) ;
#212 = CYLINDRICAL_SURFACE ( 'NONE', #416, 2.999999999999581224 ) ;
#213 = CYLINDRICAL_SURFACE ( 'NONE', #1936, 1.799999999999999600 ) ;
#214 = ADVANCED_FACE ( 'NONE', ( #690 ), #3576, .F. ) ;
#215 = FACE_OUTER_BOUND ( 'NONE', #1123, .T. ) ;
#216 = CARTESIAN_POINT ( 'NONE',  ( 9.124355652984883491, 7.000000000001044498, -7.000000000000000000 ) ) ;
#217 = EDGE_CURVE ( 'NONE', #1726, #3523, #1274, .T. ) ;
#218 = ORIENTED_EDGE ( 'NONE', *, *, #149, .T. ) ;
#219 = CARTESIAN_POINT ( 'NONE',  ( 17.80000000000145377, 0.000000000000000000, -9.000000000000000000 ) ) ;
#220 = DIRECTION ( 'NONE',  ( 0.4999999999999988343, 0.8660254037844393737, 0.000000000000000000 ) ) ;
#221 = ORIENTED_EDGE ( 'NONE', *, *, #1786, .F. ) ;
#222 = CARTESIAN_POINT ( 'NONE',  ( -8.000000000000387246, 10.62324495308823025, -2.799999999999999822 ) ) ;
#223 = FACE_OUTER_BOUND ( 'NONE', #3099, .T. ) ;
#224 = ORIENTED_EDGE ( 'NONE', *, *, #1649, .T. ) ;
#225 = CARTESIAN_POINT ( 'NONE',  ( 0.000000000000000000, 14.00000000000000178, 0.000000000000000000 ) ) ;
#226 = CARTESIAN_POINT ( 'NONE',  ( -7.133533265058149408E-13, 14.00000000000086331, -6.000000000000001776 ) ) ;
#227 = VECTOR ( 'NONE', #193, 1000.000000000000000 ) ;
#228 = ORIENTED_EDGE ( 'NONE', *, *, #257, .F. ) ;
#229 = VECTOR ( 'NONE', #2063, 1000.000000000000000 ) ;
#230 = ADVANCED_FACE ( 'NONE', ( #2663, #1810 ), #2405, .T. ) ;
#231 = CARTESIAN_POINT ( 'NONE',  ( -10.32435565298229996, 7.000000000000676792, -6.000000000000000000 ) ) ;
#232 = CARTESIAN_POINT ( 'NONE',  ( -12.12435565298605944, -7.000000000001040945, -9.000000000000000000 ) ) ;
#233 = AXIS2_PLACEMENT_3D ( 'NONE', #3373, #2785, #1380 ) ;
#234 = EDGE_CURVE ( 'NONE', #2264, #84, #2135, .T. ) ;
#235 = VECTOR ( 'NONE', #2290, 1000.000000000000000 ) ;
#236 = ORIENTED_EDGE ( 'NONE', *, *, #3140, .T. ) ;
#237 = LINE ( 'NONE', #2737, #2463 ) ;
#238 = CARTESIAN_POINT ( 'NONE',  ( 12.12435565298258489, -7.000000000001834088, -6.000000000000000000 ) ) ;
#239 = ORIENTED_EDGE ( 'NONE', *, *, #3227, .F. ) ;
#240 = DIRECTION ( 'NONE',  ( -1.000000000000000000, 0.000000000000000000, 0.000000000000000000 ) ) ;
#241 = CIRCLE ( 'NONE', #3472, 20.00000000000000000 ) ;
#242 = PLANE ( 'NONE',  #891 ) ;
#243 = VECTOR ( 'NONE', #1634, 1000.000000000000000 ) ;
#244 = ORIENTED_EDGE ( 'NONE', *, *, #1582, .T. ) ;
#245 = DIRECTION ( 'NONE',  ( 1.000000000000000000, 0.000000000000000000, 0.000000000000000000 ) ) ;
#246 = CARTESIAN_POINT ( 'NONE',  ( -8.000000000000387246, 10.62324495308823025, 0.000000000000000000 ) ) ;
#247 = AXIS2_PLACEMENT_3D ( 'NONE', #2949, #138, #2893 ) ;
#248 = EDGE_LOOP ( 'NONE', ( #3511, #578, #69, #2970 ) ) ;
#249 =( GEOMETRIC_REPRESENTATION_CONTEXT ( 3 ) GLOBAL_UNCERTAINTY_ASSIGNED_CONTEXT ( ( #3158 ) ) GLOBAL_UNIT_ASSIGNED_CONTEXT ( ( #341, #3199, #660 ) ) REPRESENTATION_CONTEXT ( 'NONE', 'WORKASPACE' ) );
#250 = ORIENTED_EDGE ( 'NONE', *, *, #276, .T. ) ;
#251 = CARTESIAN_POINT ( 'NONE',  ( 0.000000000000000000, 0.000000000000000000, -9.000000000000001776 ) ) ;
#252 = CARTESIAN_POINT ( 'NONE',  ( 6.500000000000000888, 0.000000000000000000, -6.000000000000001776 ) ) ;
#253 = EDGE_CURVE ( 'NONE', #2563, #911, #805, .T. ) ;
#254 = CARTESIAN_POINT ( 'NONE',  ( 1.800000000000219202, -14.00000000000130207, -6.000000000000001776 ) ) ;
#255 = CARTESIAN_POINT ( 'NONE',  ( -16.12435565298221007, -6.999999999999887201, 0.000000000000000000 ) ) ;
#256 = DIRECTION ( 'NONE',  ( -0.000000000000000000, -0.000000000000000000, -1.000000000000000000 ) ) ;
#257 = EDGE_CURVE ( 'NONE', #3110, #629, #514, .T. ) ;
#258 = ORIENTED_EDGE ( 'NONE', *, *, #2424, .F. ) ;
#259 = DIRECTION ( 'NONE',  ( 5.365409281204144187E-16, -1.000000000000000000, 0.000000000000000000 ) ) ;
#260 = CARTESIAN_POINT ( 'NONE',  ( 16.00000000000000711, 3.233161507461904005, 0.000000000000000000 ) ) ;
#261 = EDGE_CURVE ( 'NONE', #3310, #557, #3548, .T. ) ;
#262 = EDGE_LOOP ( 'NONE', ( #2901, #2401 ) ) ;
#263 = DIRECTION ( 'NONE',  ( 0.000000000000000000, 0.000000000000000000, 1.000000000000000000 ) ) ;
#264 = CARTESIAN_POINT ( 'NONE',  ( -5.200000000000389200, 15.47298721428108692, 0.000000000000000000 ) ) ;
#265 = ORIENTED_EDGE ( 'NONE', *, *, #1395, .T. ) ;
#266 = CARTESIAN_POINT ( 'NONE',  ( -13.19999999999987139, -1.616580753732059339, -2.799999999999999822 ) ) ;
#267 = CARTESIAN_POINT ( 'NONE',  ( 1.799999999999716493, 14.00000000000086331, -6.000000000000000000 ) ) ;
#268 = LINE ( 'NONE', #2533, #2348 ) ;
#269 = LINE ( 'NONE', #2788, #3396 ) ;
#270 = DIRECTION ( 'NONE',  ( 1.000000000000000000, 0.000000000000000000, 0.000000000000000000 ) ) ;
#271 = ORIENTED_EDGE ( 'NONE', *, *, #2894, .F. ) ;
#272 = EDGE_CURVE ( 'NONE', #2026, #521, #2978, .T. ) ;
#273 = FACE_OUTER_BOUND ( 'NONE', #725, .T. ) ;
#274 = LINE ( 'NONE', #58, #3121 ) ;
#275 = VERTEX_POINT ( 'NONE', #1835 ) ;
#276 = EDGE_CURVE ( 'NONE', #275, #2671, #526, .T. ) ;
#277 = LINE ( 'NONE', #2265, #2360 ) ;
#278 = DIRECTION ( 'NONE',  ( 0.000000000000000000, 0.000000000000000000, -1.000000000000000000 ) ) ;
#279 = ORIENTED_EDGE ( 'NONE', *, *, #2567, .T. ) ;
#280 = ORIENTED_EDGE ( 'NONE', *, *, #1814, .T. ) ;
#281 = VECTOR ( 'NONE', #2104, 1000.000000000000114 ) ;
#282 = FACE_OUTER_BOUND ( 'NONE', #999, .T. ) ;
#283 = DIRECTION ( 'NONE',  ( 1.000000000000000000, 0.000000000000000000, 0.000000000000000000 ) ) ;
#284 = CIRCLE ( 'NONE', #2115, 4.000000000000000000 ) ;
#285 = VERTEX_POINT ( 'NONE', #3561 ) ;
#286 = DIRECTION ( 'NONE',  ( 0.4999999999999995559, -0.8660254037844389297, 0.000000000000000000 ) ) ;
#287 = VECTOR ( 'NONE', #2407, 1000.000000000000000 ) ;
#288 = DIRECTION ( 'NONE',  ( -0.000000000000000000, 0.000000000000000000, 1.000000000000000000 ) ) ;
#289 = AXIS2_PLACEMENT_3D ( 'NONE', #1008, #3506, #1312 ) ;
#290 = ORIENTED_EDGE ( 'NONE', *, *, #3298, .F. ) ;
#291 = CARTESIAN_POINT ( 'NONE',  ( -23.00000000000000000, 2.816687638038912352E-15, -6.000000000000000000 ) ) ;
#292 = DIRECTION ( 'NONE',  ( -0.000000000000000000, -0.000000000000000000, -1.000000000000000000 ) ) ;
#293 = EDGE_CURVE ( 'NONE', #1973, #390, #2585, .T. ) ;
#294 = ORIENTED_EDGE ( 'NONE', *, *, #1328, .F. ) ;
#295 = VECTOR ( 'NONE', #591, 1000.000000000000000 ) ;
#296 = ORIENTED_EDGE ( 'NONE', *, *, #1649, .F. ) ;
#297 = DIRECTION ( 'NONE',  ( -0.000000000000000000, -0.000000000000000000, -1.000000000000000000 ) ) ;
#298 = DIRECTION ( 'NONE',  ( -0.000000000000000000, -0.000000000000000000, -1.000000000000000000 ) ) ;
#299 = ORIENTED_EDGE ( 'NONE', *, *, #963, .F. ) ;
#300 = ADVANCED_FACE ( 'NONE', ( #1867 ), #2996, .F. ) ;
#301 = EDGE_LOOP ( 'NONE', ( #2774, #3627, #2578, #3011 ) ) ;
#302 = DIRECTION ( 'NONE',  ( -0.8660254037844389297, 0.4999999999999993894, 0.000000000000000000 ) ) ;
#303 = CARTESIAN_POINT ( 'NONE',  ( 0.000000000000000000, 0.000000000000000000, -4.000000000000000000 ) ) ;
#304 = EDGE_CURVE ( 'NONE', #2902, #521, #2530, .T. ) ;
#305 = AXIS2_PLACEMENT_3D ( 'NONE', #1842, #977, #2085 ) ;
#306 = EDGE_LOOP ( 'NONE', ( #2726, #942, #2003, #3354 ) ) ;
#307 = FACE_OUTER_BOUND ( 'NONE', #2556, .T. ) ;
#308 = CIRCLE ( 'NONE', #778, 23.00000000000000000 ) ;
#309 = DIRECTION ( 'NONE',  ( -0.000000000000000000, -0.000000000000000000, -1.000000000000000000 ) ) ;
#310 = ORIENTED_EDGE ( 'NONE', *, *, #414, .F. ) ;
#311 = CARTESIAN_POINT ( 'NONE',  ( -8.000000000000389022, 17.08956796801204092, 0.000000000000000000 ) ) ;
#312 = CARTESIAN_POINT ( 'NONE',  ( 10.80000000000051408, -12.23982570682028737, -2.799999999999999822 ) ) ;
#313 = ORIENTED_EDGE ( 'NONE', *, *, #53, .F. ) ;
#314 = VERTEX_POINT ( 'NONE', #1645 ) ;
#315 = CARTESIAN_POINT ( 'NONE',  ( 16.00000000000000355, 0.000000000000000000, -10.00000000000000000 ) ) ;
#316 = CARTESIAN_POINT ( 'NONE',  ( 2.385458349015323141E-12, 13.99999999999758593, 15.00000000000000000 ) ) ;
#317 = VERTEX_POINT ( 'NONE', #2770 ) ;
#318 = ORIENTED_EDGE ( 'NONE', *, *, #3518, .T. ) ;
#319 = FACE_OUTER_BOUND ( 'NONE', #2897, .T. ) ;
#320 = EDGE_CURVE ( 'NONE', #2608, #590, #1397, .T. ) ;
#321 = FACE_BOUND ( 'NONE', #3625, .T. ) ;
#322 = LINE ( 'NONE', #2860, #2575 ) ;
#323 = EDGE_CURVE ( 'NONE', #2467, #1551, #782, .T. ) ;
#324 = DIRECTION ( 'NONE',  ( -1.000000000000000000, 0.000000000000000000, -0.000000000000000000 ) ) ;
#325 = CYLINDRICAL_SURFACE ( 'NONE', #2369, 1.799999999999999600 ) ;
#326 = DIRECTION ( 'NONE',  ( -0.4999999999999995559, 0.8660254037844389297, 0.000000000000000000 ) ) ;
#327 = ORIENTED_EDGE ( 'NONE', *, *, #791, .T. ) ;
#328 = LINE ( 'NONE', #2261, #1809 ) ;
#329 = CARTESIAN_POINT ( 'NONE',  ( 7.999999999999431566, 13.85640646055068892, -9.000000000000000000 ) ) ;
#330 = EDGE_LOOP ( 'NONE', ( #2461, #1193, #1823, #643 ) ) ;
#331 = ORIENTED_EDGE ( 'NONE', *, *, #914, .T. ) ;
#332 = DIRECTION ( 'NONE',  ( 0.8660254037844389297, 0.4999999999999995004, 0.000000000000000000 ) ) ;
#333 = LINE ( 'NONE', #2853, #1009 ) ;
#334 = ORIENTED_EDGE ( 'NONE', *, *, #304, .F. ) ;
#335 = ORIENTED_EDGE ( 'NONE', *, *, #1672, .T. ) ;
#336 = CARTESIAN_POINT ( 'NONE',  ( -5.199999999999421085, -12.23982570682084337, -2.799999999999999822 ) ) ;
#337 = PLANE ( 'NONE',  #2122 ) ;
#338 = ADVANCED_FACE ( 'NONE', ( #2478 ), #1750, .T. ) ;
#339 = FACE_BOUND ( 'NONE', #1865, .T. ) ;
#340 = DIRECTION ( 'NONE',  ( -1.000000000000000000, 0.000000000000000000, 0.000000000000000000 ) ) ;
#341 =( LENGTH_UNIT ( ) NAMED_UNIT ( * ) SI_UNIT ( .MILLI., .METRE. ) );
#342 = CIRCLE ( 'NONE', #695, 19.00000000000000000 ) ;
#343 = ORIENTED_EDGE ( 'NONE', *, *, #1959, .F. ) ;
#344 = ADVANCED_FACE ( 'NONE', ( #282 ), #876, .F. ) ;
#345 = LINE ( 'NONE', #1462, #3242 ) ;
#346 = VECTOR ( 'NONE', #1044, 1000.000000000000000 ) ;
#347 = ORIENTED_EDGE ( 'NONE', *, *, #3068, .F. ) ;
#348 = DIRECTION ( 'NONE',  ( -1.224646799147353207E-16, 1.000000000000000000, 0.000000000000000000 ) ) ;
#349 = DIRECTION ( 'NONE',  ( -0.000000000000000000, -0.000000000000000000, -1.000000000000000000 ) ) ;
#350 = VECTOR ( 'NONE', #3305, 1000.000000000000000 ) ;
#351 = VECTOR ( 'NONE', #2734, 1000.000000000000000 ) ;
#352 = EDGE_CURVE ( 'NONE', #2275, #314, #3053, .T. ) ;
#353 = ORIENTED_EDGE ( 'NONE', *, *, #3176, .T. ) ;
#354 = CIRCLE ( 'NONE', #2707, 4.000000000000000000 ) ;
#355 = FACE_OUTER_BOUND ( 'NONE', #3135, .T. ) ;
#356 = DIRECTION ( 'NONE',  ( 1.000000000000000000, 0.000000000000000000, -0.000000000000000000 ) ) ;
#357 = EDGE_LOOP ( 'NONE', ( #2324, #1278, #37, #2417, #2311, #2224 ) ) ;
#358 = CIRCLE ( 'NONE', #1767, 1.800000000002252909 ) ;
#359 = ORIENTED_EDGE ( 'NONE', *, *, #2571, .F. ) ;
#360 = FACE_BOUND ( 'NONE', #687, .T. ) ;
#361 = VECTOR ( 'NONE', #2524, 1000.000000000000000 ) ;
#362 = AXIS2_PLACEMENT_3D ( 'NONE', #2452, #1929, #536 ) ;
#363 = FACE_BOUND ( 'NONE', #1195, .T. ) ;
#364 = CARTESIAN_POINT ( 'NONE',  ( -16.12435565298206086, 7.000000000000142109, 20.00000000000000000 ) ) ;
#365 = AXIS2_PLACEMENT_3D ( 'NONE', #2686, #1212, #2616 ) ;
#366 = DIRECTION ( 'NONE',  ( -1.341352320301035997E-15, 1.000000000000000000, 0.000000000000000000 ) ) ;
#367 = ORIENTED_EDGE ( 'NONE', *, *, #3559, .F. ) ;
#368 = DIRECTION ( 'NONE',  ( 1.000000000000000000, 0.000000000000000000, 0.000000000000000000 ) ) ;
#369 = LINE ( 'NONE', #682, #2185 ) ;
#370 = EDGE_CURVE ( 'NONE', #3404, #2608, #2802, .T. ) ;
#371 = ORIENTED_EDGE ( 'NONE', *, *, #2646, .T. ) ;
#372 = ORIENTED_EDGE ( 'NONE', *, *, #3086, .F. ) ;
#373 = CARTESIAN_POINT ( 'NONE',  ( 5.199999999999546318, 12.23982570681974202, -2.799999999999999822 ) ) ;
#374 = ADVANCED_FACE ( 'NONE', ( #1093, #2495 ), #544, .T. ) ;
#375 = CARTESIAN_POINT ( 'NONE',  ( 8.000000000000575540, -13.85640646055134972, -9.000000000000000000 ) ) ;
#376 = ORIENTED_EDGE ( 'NONE', *, *, #662, .F. ) ;
#377 = EDGE_LOOP ( 'NONE', ( #2190, #1860 ) ) ;
#378 = DIRECTION ( 'NONE',  ( -1.000000000000000000, 0.000000000000000000, -0.000000000000000000 ) ) ;
#379 = DIRECTION ( 'NONE',  ( 0.000000000000000000, 0.000000000000000000, 1.000000000000000000 ) ) ;
#380 = DIRECTION ( 'NONE',  ( -0.000000000000000000, -0.000000000000000000, 1.000000000000000000 ) ) ;
#381 = CARTESIAN_POINT ( 'NONE',  ( -1.800000000003280087, -14.00000000000130207, 15.00000000000000000 ) ) ;
#382 = ORIENTED_EDGE ( 'NONE', *, *, #3227, .T. ) ;
#383 = LINE ( 'NONE', #2948, #2700 ) ;
#384 = LINE ( 'NONE', #402, #3067 ) ;
#385 = EDGE_CURVE ( 'NONE', #1124, #851, #504, .T. ) ;
#386 = VERTEX_POINT ( 'NONE', #231 ) ;
#387 = VERTEX_POINT ( 'NONE', #1057 ) ;
#388 = LINE ( 'NONE', #407, #3414 ) ;
#389 = DIRECTION ( 'NONE',  ( -0.8660254037844389297, -0.4999999999999993894, 0.000000000000000000 ) ) ;
#390 = VERTEX_POINT ( 'NONE', #1623 ) ;
#391 = EDGE_CURVE ( 'NONE', #2124, #2362, #2253, .T. ) ;
#392 = ORIENTED_EDGE ( 'NONE', *, *, #567, .T. ) ;
#393 = PERSON ( 'æœª', 'æœª', 'æœª', ('æœª'), ('æœª'), ('æœª') ) ;
#394 = CARTESIAN_POINT ( 'NONE',  ( -17.80000000000103100, -1.323583440925238459E-12, -10.00000000000000000 ) ) ;
#395 = FACE_BOUND ( 'NONE', #2623, .T. ) ;
#396 = CARTESIAN_POINT ( 'NONE',  ( 5.199999999999546318, 12.23982570681974202, -2.799999999999999822 ) ) ;
#397 = COORDINATED_UNIVERSAL_TIME_OFFSET ( 8, 0, .AHEAD. ) ;
#398 = LINE ( 'NONE', #900, #1466 ) ;
#399 = EDGE_LOOP ( 'NONE', ( #665, #1694 ) ) ;
#400 = DIRECTION ( 'NONE',  ( -1.000000000000000000, 0.000000000000000000, 0.000000000000000000 ) ) ;
#401 = AXIS2_PLACEMENT_3D ( 'NONE', #512, #1035, #240 ) ;
#402 = CARTESIAN_POINT ( 'NONE',  ( -10.80000000000038796, 12.23982570681918070, -2.799999999999999822 ) ) ;
#403 = AXIS2_PLACEMENT_3D ( 'NONE', #622, #3217, #1543 ) ;
#404 = ORIENTED_EDGE ( 'NONE', *, *, #2098, .F. ) ;
#405 = ORIENTED_EDGE ( 'NONE', *, *, #2662, .F. ) ;
#406 = CARTESIAN_POINT ( 'NONE',  ( -12.12435565298253515, 7.000000000001921130, -6.000000000000000000 ) ) ;
#407 = CARTESIAN_POINT ( 'NONE',  ( 13.20000000000000284, 1.616580753730954223, -2.799999999999999822 ) ) ;
#408 = DIRECTION ( 'NONE',  ( -0.000000000000000000, -0.000000000000000000, 1.000000000000000000 ) ) ;
#409 = VECTOR ( 'NONE', #93, 1000.000000000000000 ) ;
#410 = EDGE_CURVE ( 'NONE', #596, #2604, #3231, .T. ) ;
#411 = AXIS2_PLACEMENT_3D ( 'NONE', #3082, #3098, #1699 ) ;
#412 = ORIENTED_EDGE ( 'NONE', *, *, #1668, .F. ) ;
#413 = LINE ( 'NONE', #2661, #2354 ) ;
#414 = EDGE_CURVE ( 'NONE', #2544, #3391, #3402, .T. ) ;
#415 = VECTOR ( 'NONE', #2899, 1000.000000000000000 ) ;
#416 = AXIS2_PLACEMENT_3D ( 'NONE', #2195, #988, #2764 ) ;
#417 = CARTESIAN_POINT ( 'NONE',  ( -10.79999999999942339, -12.23982570682084337, -2.799999999999999822 ) ) ;
#418 = CARTESIAN_POINT ( 'NONE',  ( 18.80000000000000426, 1.616580753730953557, -2.799999999999999822 ) ) ;
#419 = APPLICATION_PROTOCOL_DEFINITION ( 'international standard', 'config_control_design', 1994, #14 ) ;
#420 = ADVANCED_FACE ( 'NONE', ( #1346, #3097 ), #2510, .T. ) ;
#421 = CIRCLE ( 'NONE', #73, 1.800000000002252909 ) ;
#422 = VERTEX_POINT ( 'NONE', #2823 ) ;
#423 = ORIENTED_EDGE ( 'NONE', *, *, #2108, .T. ) ;
#424 = LINE ( 'NONE', #1196, #3631 ) ;
#425 = CC_DESIGN_PERSON_AND_ORGANIZATION_ASSIGNMENT ( #1299, #2184, ( #1838 ) ) ;
#426 = AXIS2_PLACEMENT_3D ( 'NONE', #1353, #1045, #1652 ) ;
#427 = CARTESIAN_POINT ( 'NONE',  ( 8.000000000000513367, -17.08956796801314937, -2.799999999999999822 ) ) ;
#428 = ORIENTED_EDGE ( 'NONE', *, *, #1768, .T. ) ;
#429 = ORIENTED_EDGE ( 'NONE', *, *, #1902, .T. ) ;
#430 = CARTESIAN_POINT ( 'NONE',  ( -1.530358235279820928E-12, -14.00000000000130207, -6.000000000000000000 ) ) ;
#431 = DIRECTION ( 'NONE',  ( -0.000000000000000000, -0.000000000000000000, 1.000000000000000000 ) ) ;
#432 = DIRECTION ( 'NONE',  ( -1.000000000000000000, 0.000000000000000000, 0.000000000000000000 ) ) ;
#433 = ORIENTED_EDGE ( 'NONE', *, *, #1242, .F. ) ;
#434 = CARTESIAN_POINT ( 'NONE',  ( -1.401656568589260132E-12, -14.00000000000130029, -6.000000000000000000 ) ) ;
#435 = EDGE_CURVE ( 'NONE', #568, #2839, #1281, .T. ) ;
#436 = FACE_OUTER_BOUND ( 'NONE', #9, .T. ) ;
#437 = DIRECTION ( 'NONE',  ( 0.000000000000000000, 0.000000000000000000, -1.000000000000000000 ) ) ;
#438 = ORIENTED_EDGE ( 'NONE', *, *, #1626, .T. ) ;
#439 = EDGE_CURVE ( 'NONE', #2953, #3289, #342, .T. ) ;
#440 = ORIENTED_EDGE ( 'NONE', *, *, #3331, .F. ) ;
#441 = DIRECTION ( 'NONE',  ( 0.8660254037844387076, -0.4999999999999998335, 0.000000000000000000 ) ) ;
#442 = ADVANCED_BREP_SHAPE_REPRESENTATION ( '\X2\8f9351fa7aef\X0\', ( #1513, #959 ), #249 ) ;
#443 = DIRECTION ( 'NONE',  ( -5.365409281204144187E-16, 1.000000000000000000, 0.000000000000000000 ) ) ;
#444 = ORIENTED_EDGE ( 'NONE', *, *, #1331, .T. ) ;
#445 = VERTEX_POINT ( 'NONE', #2182 ) ;
#446 = CARTESIAN_POINT ( 'NONE',  ( 12.12435565298175355, -7.000000000001111111, -6.000000000000000000 ) ) ;
#447 = LINE ( 'NONE', #701, #1472 ) ;
#448 = DIRECTION ( 'NONE',  ( -1.000000000000000000, 0.000000000000000000, 0.000000000000000000 ) ) ;
#449 = EDGE_LOOP ( 'NONE', ( #630, #481, #3062, #2280 ) ) ;
#450 = DIRECTION ( 'NONE',  ( -0.000000000000000000, -0.000000000000000000, 1.000000000000000000 ) ) ;
#451 = DIRECTION ( 'NONE',  ( 1.000000000000000000, 0.000000000000000000, 0.000000000000000000 ) ) ;
#452 = DIRECTION ( 'NONE',  ( 0.000000000000000000, 0.000000000000000000, 1.000000000000000000 ) ) ;
#453 = EDGE_CURVE ( 'NONE', #2912, #3262, #2586, .T. ) ;
#454 = EDGE_LOOP ( 'NONE', ( #2809, #2050, #753, #313 ) ) ;
#455 = EDGE_LOOP ( 'NONE', ( #1255, #3095 ) ) ;
#456 = CARTESIAN_POINT ( 'NONE',  ( -7.999999999999426237, -13.85640646055201586, -10.00000000000000000 ) ) ;
#457 = DIRECTION ( 'NONE',  ( 0.000000000000000000, 0.000000000000000000, -1.000000000000000000 ) ) ;
#458 = ADVANCED_FACE ( 'NONE', ( #70, #2017 ), #1453, .T. ) ;
#459 = AXIS2_PLACEMENT_3D ( 'NONE', #446, #157, #2656 ) ;
#460 = ORIENTED_EDGE ( 'NONE', *, *, #3626, .T. ) ;
#461 = CARTESIAN_POINT ( 'NONE',  ( -6.500000000000000888, 7.960204194457796463E-16, -4.000000000000000000 ) ) ;
#462 = DIRECTION ( 'NONE',  ( 0.8660254037844383745, 0.5000000000000004441, 0.000000000000000000 ) ) ;
#463 = CARTESIAN_POINT ( 'NONE',  ( -8.372837617640554489E-14, 8.637267765684129513E-13, -9.000000000000000000 ) ) ;
#464 = EDGE_CURVE ( 'NONE', #113, #2759, #1824, .T. ) ;
#465 = AXIS2_PLACEMENT_3D ( 'NONE', #874, #324, #1999 ) ;
#466 = ORIENTED_EDGE ( 'NONE', *, *, #3524, .T. ) ;
#467 = CIRCLE ( 'NONE', #2876, 1.000000000000000888 ) ;
#468 = PLANE ( 'NONE',  #583 ) ;
#469 = CC_DESIGN_PERSON_AND_ORGANIZATION_ASSIGNMENT ( #1245, #95, ( #98 ) ) ;
#470 = CIRCLE ( 'NONE', #2059, 4.000000000002052580 ) ;
#471 = CARTESIAN_POINT ( 'NONE',  ( -8.000000000000389022, 17.08956796801204092, -2.799999999999999822 ) ) ;
#472 = LINE ( 'NONE', #712, #2410 ) ;
#473 = VECTOR ( 'NONE', #3248, 1000.000000000000000 ) ;
#474 = CALENDAR_DATE ( 2026, 28, 8 ) ;
#475 = VECTOR ( 'NONE', #501, 1000.000000000000000 ) ;
#476 = EDGE_LOOP ( 'NONE', ( #2851, #3438 ) ) ;
#477 = LINE ( 'NONE', #735, #1693 ) ;
#478 = CARTESIAN_POINT ( 'NONE',  ( 0.000000000000000000, 14.00000000000000178, 20.00000000000000000 ) ) ;
#479 = AXIS2_PLACEMENT_3D ( 'NONE', #1270, #2398, #2089 ) ;
#480 = AXIS2_PLACEMENT_3D ( 'NONE', #1426, #39, #2793 ) ;
#481 = ORIENTED_EDGE ( 'NONE', *, *, #616, .F. ) ;
#482 = ADVANCED_FACE ( 'NONE', ( #2972, #1187 ), #3519, .T. ) ;
#483 = LINE ( 'NONE', #173, #1631 ) ;
#484 = CARTESIAN_POINT ( 'NONE',  ( 8.000000000000513367, -17.08956796801314937, -2.799999999999999822 ) ) ;
#485 = AXIS2_PLACEMENT_3D ( 'NONE', #2156, #750, #531 ) ;
#486 = ORIENTED_EDGE ( 'NONE', *, *, #2532, .T. ) ;
#487 = EDGE_CURVE ( 'NONE', #2759, #2912, #981, .T. ) ;
#488 = CARTESIAN_POINT ( 'NONE',  ( 6.199999999997586997, 13.85640646055068892, -10.00000000000000000 ) ) ;
#489 = DIRECTION ( 'NONE',  ( 2.682704640602069135E-16, 1.000000000000000000, 0.000000000000000000 ) ) ;
#490 = DIRECTION ( 'NONE',  ( -0.000000000000000000, -0.000000000000000000, -1.000000000000000000 ) ) ;
#491 = CARTESIAN_POINT ( 'NONE',  ( 8.000000000000515143, -10.62324495308933514, -2.799999999999999822 ) ) ;
#492 = ORIENTED_EDGE ( 'NONE', *, *, #1898, .F. ) ;
#493 = CARTESIAN_POINT ( 'NONE',  ( 0.000000000000000000, 0.000000000000000000, -4.000000000000000000 ) ) ;
#494 = ORIENTED_EDGE ( 'NONE', *, *, #149, .F. ) ;
#495 = FACE_OUTER_BOUND ( 'NONE', #106, .T. ) ;
#496 = DIRECTION ( 'NONE',  ( -0.8660254037844383745, -0.5000000000000003331, 0.000000000000000000 ) ) ;
#497 = EDGE_CURVE ( 'NONE', #2666, #3552, #1753, .T. ) ;
#498 = ORIENTED_EDGE ( 'NONE', *, *, #1389, .T. ) ;
#499 = EDGE_LOOP ( 'NONE', ( #2391, #1906, #1952, #2908 ) ) ;
#500 = FACE_OUTER_BOUND ( 'NONE', #3537, .T. ) ;
#501 = DIRECTION ( 'NONE',  ( -0.000000000000000000, -0.000000000000000000, 1.000000000000000000 ) ) ;
#502 = ORIENTED_EDGE ( 'NONE', *, *, #2150, .F. ) ;
#503 = EDGE_CURVE ( 'NONE', #1747, #1788, #115, .T. ) ;
#504 = LINE ( 'NONE', #1974, #1341 ) ;
#505 = EDGE_LOOP ( 'NONE', ( #2049, #331, #3488, #1178 ) ) ;
#506 = DIRECTION ( 'NONE',  ( -1.000000000000000000, 0.000000000000000000, 0.000000000000000000 ) ) ;
#507 = ORIENTED_EDGE ( 'NONE', *, *, #435, .F. ) ;
#508 = DIRECTION ( 'NONE',  ( -1.000000000000000000, 0.000000000000000000, -0.000000000000000000 ) ) ;
#509 = CARTESIAN_POINT ( 'NONE',  ( -8.124355652982206522, -6.999999999999886313, 15.00000000000000000 ) ) ;
#510 = ADVANCED_FACE ( 'NONE', ( #1146, #3153 ), #1526, .T. ) ;
#511 = ORIENTED_EDGE ( 'NONE', *, *, #1684, .F. ) ;
#512 = CARTESIAN_POINT ( 'NONE',  ( -12.12435565298220830, -6.999999999999887201, 0.000000000000000000 ) ) ;
#513 = DIRECTION ( 'NONE',  ( -1.000000000000000000, 0.000000000000000000, 0.000000000000000000 ) ) ;
#514 = CIRCLE ( 'NONE', #3044, 4.000000000002052580 ) ;
#515 = ORIENTED_EDGE ( 'NONE', *, *, #3478, .F. ) ;
#516 = EDGE_CURVE ( 'NONE', #2124, #1137, #2577, .T. ) ;
#517 = LINE ( 'NONE', #829, #2595 ) ;
#518 = CARTESIAN_POINT ( 'NONE',  ( 0.000000000000000000, 0.000000000000000000, -8.000000000000000000 ) ) ;
#519 = VECTOR ( 'NONE', #140, 1000.000000000000000 ) ;
#520 = EDGE_LOOP ( 'NONE', ( #867, #3243, #3300, #766 ) ) ;
#521 = VERTEX_POINT ( 'NONE', #2840 ) ;
#522 = DIRECTION ( 'NONE',  ( -0.000000000000000000, -0.000000000000000000, 1.000000000000000000 ) ) ;
#523 = EDGE_CURVE ( 'NONE', #621, #1486, #930, .T. ) ;
#524 = DIRECTION ( 'NONE',  ( 1.000000000000000000, 0.000000000000000000, 0.000000000000000000 ) ) ;
#525 = CIRCLE ( 'NONE', #1584, 4.000000000001527667 ) ;
#526 = CIRCLE ( 'NONE', #1520, 20.00000000000000000 ) ;
#527 = CIRCLE ( 'NONE', #2588, 1.800000000001844347 ) ;
#528 = CARTESIAN_POINT ( 'NONE',  ( 14.19999999999855511, 2.204364238467009280E-16, -2.799999999999999822 ) ) ;
#529 = EDGE_CURVE ( 'NONE', #2930, #2983, #1754, .T. ) ;
#530 = FACE_OUTER_BOUND ( 'NONE', #2068, .T. ) ;
#531 = DIRECTION ( 'NONE',  ( -1.000000000000000000, 0.000000000000000000, 0.000000000000000000 ) ) ;
#532 = AXIS2_PLACEMENT_3D ( 'NONE', #112, #664, #1172 ) ;
#533 = ORIENTED_EDGE ( 'NONE', *, *, #257, .T. ) ;
#534 = CARTESIAN_POINT ( 'NONE',  ( -15.99999999999987210, 3.233161507460798223, 0.000000000000000000 ) ) ;
#535 = VECTOR ( 'NONE', #2473, 1000.000000000000000 ) ;
#536 = DIRECTION ( 'NONE',  ( -1.000000000000000000, 0.000000000000000000, -0.000000000000000000 ) ) ;
#537 = VECTOR ( 'NONE', #1709, 1000.000000000000000 ) ;
#538 = VERTEX_POINT ( 'NONE', #3246 ) ;
#539 = CARTESIAN_POINT ( 'NONE',  ( 7.999999999999540812, 17.08956796801259870, -2.799999999999999822 ) ) ;
#540 = CARTESIAN_POINT ( 'NONE',  ( -15.99999999999987210, -3.233161507463009787, -2.799999999999999822 ) ) ;
#541 = VECTOR ( 'NONE', #1924, 1000.000000000000000 ) ;
#542 = PRODUCT_DEFINITION_FORMATION_WITH_SPECIFIED_SOURCE ( 'ä»', '', #98, .NOT_KNOWN. ) ;
#543 = VERTEX_POINT ( 'NONE', #1000 ) ;
#544 = PLANE ( 'NONE',  #1168 ) ;
#545 = CARTESIAN_POINT ( 'NONE',  ( -10.79999999999942339, -12.23982570682084337, -2.799999999999999822 ) ) ;
#546 = ADVANCED_FACE ( 'NONE', ( #2269 ), #3412, .F. ) ;
#547 = VERTEX_POINT ( 'NONE', #1252 ) ;
#548 = CARTESIAN_POINT ( 'NONE',  ( 10.32435565298110625, -7.000000000001111111, -6.000000000000000000 ) ) ;
#549 = LINE ( 'NONE', #2021, #1597 ) ;
#550 = ADVANCED_FACE ( 'NONE', ( #319 ), #3389, .F. ) ;
#551 = VERTEX_POINT ( 'NONE', #46 ) ;
#552 = DIRECTION ( 'NONE',  ( 1.000000000000000000, 0.000000000000000000, 0.000000000000000000 ) ) ;
#553 = LINE ( 'NONE', #883, #770 ) ;
#554 = ORIENTED_EDGE ( 'NONE', *, *, #2030, .T. ) ;
#555 = DIRECTION ( 'NONE',  ( 1.000000000000000000, 0.000000000000000000, 0.000000000000000000 ) ) ;
#556 = CARTESIAN_POINT ( 'NONE',  ( -13.19999999999987139, -1.616580753732059339, -2.799999999999999822 ) ) ;
#557 = VERTEX_POINT ( 'NONE', #3502 ) ;
#558 = DIRECTION ( 'NONE',  ( -1.000000000000000000, 0.000000000000000000, 0.000000000000000000 ) ) ;
#559 = DIRECTION ( 'NONE',  ( 1.000000000000000000, 5.365409281204147145E-16, 0.000000000000000000 ) ) ;
#560 = EDGE_LOOP ( 'NONE', ( #3167, #494 ) ) ;
#561 = LINE ( 'NONE', #1681, #2754 ) ;
#562 = FACE_BOUND ( 'NONE', #1669, .T. ) ;
#563 = EDGE_CURVE ( 'NONE', #80, #1421, #1269, .T. ) ;
#564 = ORIENTED_EDGE ( 'NONE', *, *, #391, .T. ) ;
#565 = DIRECTION ( 'NONE',  ( 1.000000000000000000, 0.000000000000000000, 0.000000000000000000 ) ) ;
#566 = CARTESIAN_POINT ( 'NONE',  ( 10.79999999999954596, 15.47298721428164647, 0.000000000000000000 ) ) ;
#567 = EDGE_CURVE ( 'NONE', #654, #926, #895, .T. ) ;
#568 = VERTEX_POINT ( 'NONE', #3037 ) ;
#569 = EDGE_LOOP ( 'NONE', ( #347, #738, #1263, #1787 ) ) ;
#570 = CARTESIAN_POINT ( 'NONE',  ( 16.00000000000000355, 0.000000000000000000, -9.000000000000000000 ) ) ;
#571 = EDGE_CURVE ( 'NONE', #2433, #1775, #789, .T. ) ;
#572 = CARTESIAN_POINT ( 'NONE',  ( 9.124355652983588527, -7.000000000002367884, -9.000000000000000000 ) ) ;
#573 = ORIENTED_EDGE ( 'NONE', *, *, #2865, .F. ) ;
#574 = ORIENTED_EDGE ( 'NONE', *, *, #951, .F. ) ;
#575 = VECTOR ( 'NONE', #3006, 1000.000000000000000 ) ;
#576 = LINE ( 'NONE', #2824, #1821 ) ;
#577 = VECTOR ( 'NONE', #3480, 1000.000000000000000 ) ;
#578 = ORIENTED_EDGE ( 'NONE', *, *, #2129, .F. ) ;
#579 = DIRECTION ( 'NONE',  ( -0.000000000000000000, -0.000000000000000000, 1.000000000000000000 ) ) ;
#580 = VECTOR ( 'NONE', #3530, 1000.000000000000000 ) ;
#581 = VECTOR ( 'NONE', #839, 1000.000000000000000 ) ;
#582 = DIRECTION ( 'NONE',  ( 1.000000000000000000, 0.000000000000000000, 0.000000000000000000 ) ) ;
#583 = AXIS2_PLACEMENT_3D ( 'NONE', #2717, #3560, #761 ) ;
#584 = VERTEX_POINT ( 'NONE', #739 ) ;
#585 = DIRECTION ( 'NONE',  ( -0.000000000000000000, -0.000000000000000000, 1.000000000000000000 ) ) ;
#586 = CARTESIAN_POINT ( 'NONE',  ( 8.124355652982108822, -7.000000000000057732, 20.00000000000000000 ) ) ;
#587 = AXIS2_PLACEMENT_3D ( 'NONE', #1002, #408, #3225 ) ;
#588 = ORIENTED_EDGE ( 'NONE', *, *, #1117, .F. ) ;
#589 = AXIS2_PLACEMENT_3D ( 'NONE', #3316, #1884, #1074 ) ;
#590 = VERTEX_POINT ( 'NONE', #534 ) ;
#591 = DIRECTION ( 'NONE',  ( -0.000000000000000000, -0.000000000000000000, 1.000000000000000000 ) ) ;
#592 = DIRECTION ( 'NONE',  ( -1.000000000000000000, 0.000000000000000000, 0.000000000000000000 ) ) ;
#593 = CIRCLE ( 'NONE', #1653, 1.800000000000792300 ) ;
#594 = ORIENTED_EDGE ( 'NONE', *, *, #2748, .F. ) ;
#595 = ADVANCED_FACE ( 'NONE', ( #2690 ), #1602, .F. ) ;
#596 = VERTEX_POINT ( 'NONE', #1580 ) ;
#597 = VECTOR ( 'NONE', #51, 1000.000000000000000 ) ;
#598 = CARTESIAN_POINT ( 'NONE',  ( 12.12435565298403262, 6.999999999999323208, -6.000000000000000000 ) ) ;
#599 = CARTESIAN_POINT ( 'NONE',  ( -16.00000000000000355, -1.323803877349084987E-12, -2.799999999999999822 ) ) ;
#600 = DIRECTION ( 'NONE',  ( -1.000000000000000000, 0.000000000000000000, 0.000000000000000000 ) ) ;
#601 = CARTESIAN_POINT ( 'NONE',  ( 10.80000000000051408, -12.23982570682028737, -2.799999999999999822 ) ) ;
#602 = FACE_OUTER_BOUND ( 'NONE', #1706, .T. ) ;
#603 = CYLINDRICAL_SURFACE ( 'NONE', #3296, 1.800000000000429923 ) ;
#604 = ORIENTED_EDGE ( 'NONE', *, *, #810, .F. ) ;
#605 = DIRECTION ( 'NONE',  ( 0.8660254037844389297, -0.4999999999999995004, 0.000000000000000000 ) ) ;
#606 = CARTESIAN_POINT ( 'NONE',  ( 10.79999999999954596, 15.47298721428164647, -2.799999999999999822 ) ) ;
#607 = ORIENTED_EDGE ( 'NONE', *, *, #1467, .F. ) ;
#608 = ORIENTED_EDGE ( 'NONE', *, *, #1736, .F. ) ;
#609 = CARTESIAN_POINT ( 'NONE',  ( -13.19999999999987139, 1.616580753729848441, 0.000000000000000000 ) ) ;
#610 = DIRECTION ( 'NONE',  ( -1.000000000000000000, 0.000000000000000000, -0.000000000000000000 ) ) ;
#611 = EDGE_CURVE ( 'NONE', #160, #1218, #995, .T. ) ;
#612 = EDGE_LOOP ( 'NONE', ( #1980, #1689, #2630, #2529 ) ) ;
#613 = ORIENTED_EDGE ( 'NONE', *, *, #1203, .T. ) ;
#614 = DIRECTION ( 'NONE',  ( 1.000000000000000000, 0.000000000000000000, -0.000000000000000000 ) ) ;
#615 = CARTESIAN_POINT ( 'NONE',  ( 5.200000000000516209, -15.47298721428219004, -2.799999999999999822 ) ) ;
#616 = EDGE_CURVE ( 'NONE', #3277, #1030, #3264, .T. ) ;
#617 = FACE_BOUND ( 'NONE', #1, .T. ) ;
#618 = DIRECTION ( 'NONE',  ( 0.000000000000000000, 0.000000000000000000, -1.000000000000000000 ) ) ;
#619 = CARTESIAN_POINT ( 'NONE',  ( -2.500000000000083933, 8.640329382681997513E-13, -10.00000000000000000 ) ) ;
#620 = CARTESIAN_POINT ( 'NONE',  ( 0.000000000000000000, 0.000000000000000000, -6.000000000000000000 ) ) ;
#621 = VERTEX_POINT ( 'NONE', #773 ) ;
#622 = CARTESIAN_POINT ( 'NONE',  ( -1.530358235279820928E-12, -14.00000000000130207, -6.000000000000000000 ) ) ;
#623 = EDGE_CURVE ( 'NONE', #1043, #2472, #483, .T. ) ;
#624 = DIRECTION ( 'NONE',  ( -0.000000000000000000, -0.000000000000000000, 1.000000000000000000 ) ) ;
#625 = EDGE_LOOP ( 'NONE', ( #863, #3479, #1990, #1579 ) ) ;
#626 = ORIENTED_EDGE ( 'NONE', *, *, #2790, .F. ) ;
#627 = LINE ( 'NONE', #2326, #1829 ) ;
#628 = CARTESIAN_POINT ( 'NONE',  ( 13.92435565298240085, -7.000000000001111111, -6.000000000000000000 ) ) ;
#629 = VERTEX_POINT ( 'NONE', #3295 ) ;
#630 = ORIENTED_EDGE ( 'NONE', *, *, #983, .T. ) ;
#631 = ADVANCED_FACE ( 'NONE', ( #3278 ), #209, .F. ) ;
#632 = DIRECTION ( 'NONE',  ( 0.000000000000000000, 0.000000000000000000, -1.000000000000000000 ) ) ;
#633 = CARTESIAN_POINT ( 'NONE',  ( -8.372837617640554489E-14, 8.637267765684129513E-13, -9.000000000000000000 ) ) ;
#634 = AXIS2_PLACEMENT_3D ( 'NONE', #430, #3431, #912 ) ;
#635 = EDGE_CURVE ( 'NONE', #2604, #596, #1221, .T. ) ;
#636 = DIRECTION ( 'NONE',  ( 1.000000000000000000, 0.000000000000000000, 0.000000000000000000 ) ) ;
#637 = CARTESIAN_POINT ( 'NONE',  ( -12.12435565298025253, 6.999999999999557687, 15.00000000000000000 ) ) ;
#638 = PLANE ( 'NONE',  #2013 ) ;
#639 = VECTOR ( 'NONE', #1707, 1000.000000000000000 ) ;
#640 = DIRECTION ( 'NONE',  ( 0.000000000000000000, 0.000000000000000000, 1.000000000000000000 ) ) ;
#641 = EDGE_CURVE ( 'NONE', #3027, #3054, #1321, .T. ) ;
#642 = AXIS2_PLACEMENT_3D ( 'NONE', #3599, #1332, #2724 ) ;
#643 = ORIENTED_EDGE ( 'NONE', *, *, #370, .T. ) ;
#644 = CARTESIAN_POINT ( 'NONE',  ( 16.12435565298211060, -7.000000000000056843, 20.00000000000000000 ) ) ;
#645 = CARTESIAN_POINT ( 'NONE',  ( -8.124355652982057308, 7.000000000000142997, 0.000000000000000000 ) ) ;
#646 = AXIS2_PLACEMENT_3D ( 'NONE', #1079, #2199, #2786 ) ;
#647 = EDGE_LOOP ( 'NONE', ( #2964, #2441, #3259, #3116 ) ) ;
#648 = EDGE_LOOP ( 'NONE', ( #258, #2396, #1972, #604 ) ) ;
#649 = AXIS2_PLACEMENT_3D ( 'NONE', #226, #2525, #2783 ) ;
#650 = CARTESIAN_POINT ( 'NONE',  ( -12.12435565298205908, 7.000000000000142109, 20.00000000000000000 ) ) ;
#651 = DIRECTION ( 'NONE',  ( -0.8660254037844392627, 0.4999999999999987232, 0.000000000000000000 ) ) ;
#652 = ORIENTED_EDGE ( 'NONE', *, *, #3219, .F. ) ;
#653 = AXIS2_PLACEMENT_3D ( 'NONE', #142, #2400, #1550 ) ;
#654 = VERTEX_POINT ( 'NONE', #2740 ) ;
#655 = CARTESIAN_POINT ( 'NONE',  ( 1.800000000000219202, -14.00000000000130207, -6.000000000000000000 ) ) ;
#656 = VECTOR ( 'NONE', #2835, 1000.000000000000000 ) ;
#657 = VECTOR ( 'NONE', #1358, 1000.000000000000000 ) ;
#658 = CARTESIAN_POINT ( 'NONE',  ( 5.200000000000512657, -12.23982570682028737, -2.799999999999999822 ) ) ;
#659 = DIRECTION ( 'NONE',  ( -1.000000000000000000, 0.000000000000000000, 0.000000000000000000 ) ) ;
#660 =( NAMED_UNIT ( * ) SI_UNIT ( $, .STERADIAN. ) SOLID_ANGLE_UNIT ( ) );
#661 = CIRCLE ( 'NONE', #1891, 2.999999999999777067 ) ;
#662 = EDGE_CURVE ( 'NONE', #3110, #2275, #1862, .T. ) ;
#663 = ORIENTED_EDGE ( 'NONE', *, *, #1436, .F. ) ;
#664 = DIRECTION ( 'NONE',  ( 0.000000000000000000, 0.000000000000000000, 1.000000000000000000 ) ) ;
#665 = ORIENTED_EDGE ( 'NONE', *, *, #497, .T. ) ;
#666 = CARTESIAN_POINT ( 'NONE',  ( 18.80000000000000426, -1.616580753730953335, 0.000000000000000000 ) ) ;
#667 = DIRECTION ( 'NONE',  ( -0.000000000000000000, -0.000000000000000000, -1.000000000000000000 ) ) ;
#668 = EDGE_CURVE ( 'NONE', #177, #2010, #2760, .T. ) ;
#669 = ORIENTED_EDGE ( 'NONE', *, *, #2299, .T. ) ;
#670 = DIRECTION ( 'NONE',  ( -0.000000000000000000, -0.000000000000000000, 1.000000000000000000 ) ) ;
#671 = DIRECTION ( 'NONE',  ( -0.000000000000000000, 0.000000000000000000, 1.000000000000000000 ) ) ;
#672 = VERTEX_POINT ( 'NONE', #461 ) ;
#673 = ORIENTED_EDGE ( 'NONE', *, *, #3298, .T. ) ;
#674 = FACE_OUTER_BOUND ( 'NONE', #3500, .T. ) ;
#675 = FACE_BOUND ( 'NONE', #2509, .T. ) ;
#676 = CARTESIAN_POINT ( 'NONE',  ( 18.80000000000000426, -1.616580753730953335, -2.799999999999999822 ) ) ;
#677 = PERSON_AND_ORGANIZATION_ROLE ( 'creator' ) ;
#678 = DIRECTION ( 'NONE',  ( 1.000000000000000000, 0.000000000000000000, 0.000000000000000000 ) ) ;
#679 = EDGE_LOOP ( 'NONE', ( #3555, #960 ) ) ;
#680 = EDGE_CURVE ( 'NONE', #1218, #160, #2870, .T. ) ;
#681 = DIRECTION ( 'NONE',  ( 1.000000000000000000, 0.000000000000000000, 0.000000000000000000 ) ) ;
#682 = CARTESIAN_POINT ( 'NONE',  ( 10.80000000000051408, -12.23982570682028737, 0.000000000000000000 ) ) ;
#683 = ORIENTED_EDGE ( 'NONE', *, *, #503, .F. ) ;
#684 = ADVANCED_FACE ( 'NONE', ( #495 ), #2451, .F. ) ;
#685 = LINE ( 'NONE', #2381, #3010 ) ;
#686 = CYLINDRICAL_SURFACE ( 'NONE', #709, 4.000000000000000000 ) ;
#687 = EDGE_LOOP ( 'NONE', ( #2822, #1976 ) ) ;
#688 = EDGE_CURVE ( 'NONE', #2982, #2010, #1048, .T. ) ;
#689 = CARTESIAN_POINT ( 'NONE',  ( -5.199999999999421085, -12.23982570682084337, 0.000000000000000000 ) ) ;
#690 = FACE_OUTER_BOUND ( 'NONE', #1911, .T. ) ;
#691 = DIRECTION ( 'NONE',  ( 0.8660254037844387076, -0.4999999999999997224, 0.000000000000000000 ) ) ;
#692 = ORIENTED_EDGE ( 'NONE', *, *, #858, .T. ) ;
#693 = ORIENTED_EDGE ( 'NONE', *, *, #3176, .F. ) ;
#694 = DIRECTION ( 'NONE',  ( 0.000000000000000000, 0.000000000000000000, 1.000000000000000000 ) ) ;
#695 = AXIS2_PLACEMENT_3D ( 'NONE', #1678, #1418, #2549 ) ;
#696 = DIRECTION ( 'NONE',  ( -1.000000000000000000, 0.000000000000000000, 0.000000000000000000 ) ) ;
#697 = AXIS2_PLACEMENT_3D ( 'NONE', #3084, #1096, #34 ) ;
#698 = ORIENTED_EDGE ( 'NONE', *, *, #2432, .F. ) ;
#699 = ORIENTED_EDGE ( 'NONE', *, *, #3518, .F. ) ;
#700 = DIRECTION ( 'NONE',  ( 0.8660254037844383745, 0.5000000000000004441, 0.000000000000000000 ) ) ;
#701 = CARTESIAN_POINT ( 'NONE',  ( 5.200000000000516209, -15.47298721428219004, -2.799999999999999822 ) ) ;
#702 = DIRECTION ( 'NONE',  ( 0.8660254037844389297, 0.4999999999999995004, 0.000000000000000000 ) ) ;
#703 = AXIS2_PLACEMENT_3D ( 'NONE', #1478, #3213, #2056 ) ;
#704 = VECTOR ( 'NONE', #522, 1000.000000000000000 ) ;
#705 = EDGE_CURVE ( 'NONE', #551, #3572, #2750, .T. ) ;
#706 = AXIS2_PLACEMENT_3D ( 'NONE', #1326, #1055, #708 ) ;
#707 = ORIENTED_EDGE ( 'NONE', *, *, #410, .F. ) ;
#708 = DIRECTION ( 'NONE',  ( 1.000000000000000000, 0.000000000000000000, 0.000000000000000000 ) ) ;
#709 = AXIS2_PLACEMENT_3D ( 'NONE', #967, #2090, #432 ) ;
#710 = EDGE_CURVE ( 'NONE', #2375, #2102, #3556, .T. ) ;
#711 = DIRECTION ( 'NONE',  ( -0.000000000000000000, -0.000000000000000000, 1.000000000000000000 ) ) ;
#712 = CARTESIAN_POINT ( 'NONE',  ( 3.999999999999901856, -14.00000000000000178, 20.00000000000000000 ) ) ;
#713 = DATE_AND_TIME ( #955, #3018 ) ;
#714 = VECTOR ( 'NONE', #2849, 1000.000000000000000 ) ;
#715 = ORIENTED_EDGE ( 'NONE', *, *, #3030, .F. ) ;
#716 = VERTEX_POINT ( 'NONE', #2205 ) ;
#717 = CARTESIAN_POINT ( 'NONE',  ( -1.530358235279820928E-12, -14.00000000000130207, 15.00000000000000000 ) ) ;
#718 = VECTOR ( 'NONE', #719, 1000.000000000000000 ) ;
#719 = DIRECTION ( 'NONE',  ( 0.000000000000000000, -1.000000000000000000, 0.000000000000000000 ) ) ;
#720 = AXIS2_PLACEMENT_3D ( 'NONE', #2806, #288, #1724 ) ;
#721 = ORIENTED_EDGE ( 'NONE', *, *, #3559, .T. ) ;
#722 = DIRECTION ( 'NONE',  ( 0.000000000000000000, 0.000000000000000000, 1.000000000000000000 ) ) ;
#723 = DIRECTION ( 'NONE',  ( 1.073081856240828837E-15, -1.000000000000000000, 0.000000000000000000 ) ) ;
#724 = CARTESIAN_POINT ( 'NONE',  ( -12.12435565298529383, 7.000000000002364331, -7.000000000000000000 ) ) ;
#725 = EDGE_LOOP ( 'NONE', ( #1822, #1411, #564, #699 ) ) ;
#726 = ADVANCED_FACE ( 'NONE', ( #2191 ), #2487, .F. ) ;
#727 = CARTESIAN_POINT ( 'NONE',  ( 0.000000000000000000, 0.000000000000000000, 0.000000000000000000 ) ) ;
#728 = DIRECTION ( 'NONE',  ( -0.000000000000000000, -0.000000000000000000, -1.000000000000000000 ) ) ;
#729 = ADVANCED_FACE ( 'NONE', ( #1670, #882 ), #1443, .T. ) ;
#730 = LINE ( 'NONE', #3577, #2998 ) ;
#731 = PERSON_AND_ORGANIZATION ( #393, #3363 ) ;
#732 = ORIENTED_EDGE ( 'NONE', *, *, #3090, .F. ) ;
#733 = ORIENTED_EDGE ( 'NONE', *, *, #190, .T. ) ;
#734 = EDGE_CURVE ( 'NONE', #3572, #551, #3283, .T. ) ;
#735 = CARTESIAN_POINT ( 'NONE',  ( -13.19999999999987139, 1.616580753729848441, -2.799999999999999822 ) ) ;
#736 = CARTESIAN_POINT ( 'NONE',  ( 5.199999999999546318, 15.47298721428164647, 0.000000000000000000 ) ) ;
#737 = VERTEX_POINT ( 'NONE', #3088 ) ;
#738 = ORIENTED_EDGE ( 'NONE', *, *, #1395, .F. ) ;
#739 = CARTESIAN_POINT ( 'NONE',  ( 13.92435565298215927, 6.999999999999973355, -6.000000000000000000 ) ) ;
#740 = CARTESIAN_POINT ( 'NONE',  ( -7.999999999999419131, -17.08956796801370004, -2.799999999999999822 ) ) ;
#741 = CARTESIAN_POINT ( 'NONE',  ( -5.200000000000384759, 12.23982570681918425, -2.799999999999999822 ) ) ;
#742 = EDGE_LOOP ( 'NONE', ( #1713, #1601 ) ) ;
#743 = FACE_OUTER_BOUND ( 'NONE', #150, .T. ) ;
#744 = DIRECTION ( 'NONE',  ( -0.000000000000000000, -0.000000000000000000, 1.000000000000000000 ) ) ;
#745 = CYLINDRICAL_SURFACE ( 'NONE', #2938, 4.000000000000001776 ) ;
#746 = EDGE_CURVE ( 'NONE', #3391, #160, #1727, .T. ) ;
#747 = ORIENTED_EDGE ( 'NONE', *, *, #3565, .T. ) ;
#748 = ORIENTED_EDGE ( 'NONE', *, *, #2794, .F. ) ;
#749 = DIRECTION ( 'NONE',  ( -0.8660254037844389297, -0.4999999999999995559, 0.000000000000000000 ) ) ;
#750 = DIRECTION ( 'NONE',  ( -0.000000000000000000, -0.000000000000000000, 1.000000000000000000 ) ) ;
#751 = ADVANCED_FACE ( 'NONE', ( #2557 ), #902, .T. ) ;
#752 = AXIS2_PLACEMENT_3D ( 'NONE', #2438, #2989, #1357 ) ;
#753 = ORIENTED_EDGE ( 'NONE', *, *, #1106, .T. ) ;
#754 = DIRECTION ( 'NONE',  ( -0.8660254037844381525, 0.5000000000000008882, 0.000000000000000000 ) ) ;
#755 = DIRECTION ( 'NONE',  ( -1.000000000000000000, 0.000000000000000000, 0.000000000000000000 ) ) ;
#756 = VECTOR ( 'NONE', #114, 1000.000000000000000 ) ;
#757 = AXIS2_PLACEMENT_3D ( 'NONE', #3632, #1080, #1351 ) ;
#758 = ORIENTED_EDGE ( 'NONE', *, *, #1898, .T. ) ;
#759 = CIRCLE ( 'NONE', #2756, 1.800000000001657829 ) ;
#760 = CARTESIAN_POINT ( 'NONE',  ( -16.12435565298221007, -6.999999999999887201, 15.00000000000000000 ) ) ;
#761 = DIRECTION ( 'NONE',  ( -0.8660254037844389297, -0.4999999999999993894, 0.000000000000000000 ) ) ;
#762 = VECTOR ( 'NONE', #107, 1000.000000000000000 ) ;
#763 = DIRECTION ( 'NONE',  ( -1.000000000000000000, 0.000000000000000000, 0.000000000000000000 ) ) ;
#764 = DIRECTION ( 'NONE',  ( -1.000000000000000000, 0.000000000000000000, 0.000000000000000000 ) ) ;
#765 = CIRCLE ( 'NONE', #1237, 1.800000000001026557 ) ;
#766 = ORIENTED_EDGE ( 'NONE', *, *, #2039, .T. ) ;
#767 = FACE_OUTER_BOUND ( 'NONE', #1037, .T. ) ;
#768 = CARTESIAN_POINT ( 'NONE',  ( 23.00000000000000000, 0.000000000000000000, -6.000000000000000000 ) ) ;
#769 = ADVANCED_FACE ( 'NONE', ( #273 ), #1949, .F. ) ;
#770 = VECTOR ( 'NONE', #3422, 1000.000000000000000 ) ;
#771 = VECTOR ( 'NONE', #1033, 1000.000000000000000 ) ;
#772 = ORIENTED_EDGE ( 'NONE', *, *, #1310, .F. ) ;
#773 = CARTESIAN_POINT ( 'NONE',  ( -9.124355652982758969, 7.000000000002364331, -6.000000000000000000 ) ) ;
#774 = DIRECTION ( 'NONE',  ( 0.5000000000000001110, -0.8660254037844385966, 0.000000000000000000 ) ) ;
#775 = EDGE_CURVE ( 'NONE', #1030, #2026, #328, .T. ) ;
#776 = CC_DESIGN_SECURITY_CLASSIFICATION ( #1838, ( #542 ) ) ;
#777 = ORIENTED_EDGE ( 'NONE', *, *, #2821, .T. ) ;
#778 = AXIS2_PLACEMENT_3D ( 'NONE', #2114, #2058, #1208 ) ;
#779 = DIRECTION ( 'NONE',  ( -1.341352320301036195E-15, 1.000000000000000000, 0.000000000000000000 ) ) ;
#780 = CARTESIAN_POINT ( 'NONE',  ( 1.503137891933903347E-12, 14.00000000000130029, -6.000000000000000000 ) ) ;
#781 = VERTEX_POINT ( 'NONE', #2831 ) ;
#782 = LINE ( 'NONE', #853, #1053 ) ;
#783 = DIRECTION ( 'NONE',  ( 1.000000000000000000, 0.000000000000000000, 0.000000000000000000 ) ) ;
#784 = ORIENTED_EDGE ( 'NONE', *, *, #3009, .T. ) ;
#785 = CARTESIAN_POINT ( 'NONE',  ( 10.80000000000051408, -12.23982570682028737, -2.799999999999999822 ) ) ;
#786 = FACE_OUTER_BOUND ( 'NONE', #2447, .T. ) ;
#787 = ADVANCED_FACE ( 'NONE', ( #2574 ), #1119, .F. ) ;
#788 = ORIENTED_EDGE ( 'NONE', *, *, #370, .F. ) ;
#789 = LINE ( 'NONE', #2727, #575 ) ;
#790 = FACE_OUTER_BOUND ( 'NONE', #3, .T. ) ;
#791 = EDGE_CURVE ( 'NONE', #2573, #823, #1155, .T. ) ;
#792 = VERTEX_POINT ( 'NONE', #2221 ) ;
#793 = FACE_OUTER_BOUND ( 'NONE', #1031, .T. ) ;
#794 = LINE ( 'NONE', #830, #818 ) ;
#795 = ORIENTED_EDGE ( 'NONE', *, *, #3303, .F. ) ;
#796 = ADVANCED_FACE ( 'NONE', ( #2024 ), #2276, .F. ) ;
#797 = DIRECTION ( 'NONE',  ( 1.000000000000000000, 0.000000000000000000, -0.000000000000000000 ) ) ;
#798 = LINE ( 'NONE', #252, #1996 ) ;
#799 = DIRECTION ( 'NONE',  ( 1.000000000000000000, 5.365409281204144187E-16, 0.000000000000000000 ) ) ;
#800 = CYLINDRICAL_SURFACE ( 'NONE', #1340, 1.800000000000792300 ) ;
#801 = DIRECTION ( 'NONE',  ( -0.000000000000000000, -0.000000000000000000, 1.000000000000000000 ) ) ;
#802 = ORIENTED_EDGE ( 'NONE', *, *, #3292, .F. ) ;
#803 = DIRECTION ( 'NONE',  ( 0.5000000000000008882, 0.8660254037844381525, 0.000000000000000000 ) ) ;
#804 = FACE_BOUND ( 'NONE', #1665, .T. ) ;
#805 = CIRCLE ( 'NONE', #2288, 1.800000000000429923 ) ;
#806 = ORIENTED_EDGE ( 'NONE', *, *, #2641, .T. ) ;
#807 = CARTESIAN_POINT ( 'NONE',  ( -5.200000000000389200, 15.47298721428108692, -2.799999999999999822 ) ) ;
#808 = LINE ( 'NONE', #3094, #475 ) ;
#809 = VECTOR ( 'NONE', #2158, 1000.000000000000000 ) ;
#810 = EDGE_CURVE ( 'NONE', #386, #3201, #2792, .T. ) ;
#811 = ORIENTED_EDGE ( 'NONE', *, *, #2378, .F. ) ;
#812 = AXIS2_PLACEMENT_3D ( 'NONE', #2139, #1063, #508 ) ;
#813 = EDGE_LOOP ( 'NONE', ( #806, #2947, #573, #3210 ) ) ;
#814 = DIRECTION ( 'NONE',  ( 0.000000000000000000, 0.000000000000000000, -1.000000000000000000 ) ) ;
#815 = CARTESIAN_POINT ( 'NONE',  ( -12.12435565298220830, -6.999999999999887201, 20.00000000000000000 ) ) ;
#816 = EDGE_CURVE ( 'NONE', #3505, #422, #3637, .T. ) ;
#817 = AXIS2_PLACEMENT_3D ( 'NONE', #3233, #2963, #764 ) ;
#818 = VECTOR ( 'NONE', #1090, 1000.000000000000000 ) ;
#819 = ORIENTED_EDGE ( 'NONE', *, *, #775, .F. ) ;
#820 = DIRECTION ( 'NONE',  ( -1.000000000000000000, 0.000000000000000000, 0.000000000000000000 ) ) ;
#821 = DIRECTION ( 'NONE',  ( -1.000000000000000000, 0.000000000000000000, 0.000000000000000000 ) ) ;
#822 = CIRCLE ( 'NONE', #1997, 19.99999999999966960 ) ;
#823 = VERTEX_POINT ( 'NONE', #2811 ) ;
#824 = DIRECTION ( 'NONE',  ( -1.000000000000000000, 0.000000000000000000, 0.000000000000000000 ) ) ;
#825 = CIRCLE ( 'NONE', #3181, 1.800000000002252909 ) ;
#826 = FACE_OUTER_BOUND ( 'NONE', #648, .T. ) ;
#827 = AXIS2_PLACEMENT_3D ( 'NONE', #3557, #1086, #2206 ) ;
#828 = VERTEX_POINT ( 'NONE', #291 ) ;
#829 = CARTESIAN_POINT ( 'NONE',  ( -13.92435565298665701, -7.000000000000412115, -6.000000000000001776 ) ) ;
#830 = CARTESIAN_POINT ( 'NONE',  ( 16.00000000000000355, 3.233161507461904005, -2.799999999999999822 ) ) ;
#831 = AXIS2_PLACEMENT_3D ( 'NONE', #188, #220, #3276 ) ;
#832 = EDGE_LOOP ( 'NONE', ( #3436, #56 ) ) ;
#833 = VECTOR ( 'NONE', #3417, 1000.000000000000000 ) ;
#834 = VERTEX_POINT ( 'NONE', #2244 ) ;
#835 = EDGE_CURVE ( 'NONE', #1861, #1344, #2779, .T. ) ;
#836 = DIRECTION ( 'NONE',  ( 1.000000000000000000, 0.000000000000000000, -0.000000000000000000 ) ) ;
#837 = DIRECTION ( 'NONE',  ( -0.000000000000000000, -0.000000000000000000, 1.000000000000000000 ) ) ;
#838 = ADVANCED_FACE ( 'NONE', ( #3128 ), #844, .F. ) ;
#839 = DIRECTION ( 'NONE',  ( -0.000000000000000000, -0.000000000000000000, 1.000000000000000000 ) ) ;
#840 = FACE_OUTER_BOUND ( 'NONE', #20, .T. ) ;
#841 = CARTESIAN_POINT ( 'NONE',  ( 0.000000000000000000, 0.000000000000000000, -8.000000000000000000 ) ) ;
#842 = ADVANCED_FACE ( 'NONE', ( #1386 ), #2518, .F. ) ;
#843 = EDGE_LOOP ( 'NONE', ( #486, #3000, #44, #371 ) ) ;
#844 = CYLINDRICAL_SURFACE ( 'NONE', #3164, 3.000000000000000888 ) ;
#845 = DIRECTION ( 'NONE',  ( -0.000000000000000000, -0.000000000000000000, 1.000000000000000000 ) ) ;
#846 = APPROVAL ( #2388, 'æœª' ) ;
#847 = ORIENTED_EDGE ( 'NONE', *, *, #2814, .F. ) ;
#848 = ORIENTED_EDGE ( 'NONE', *, *, #2865, .T. ) ;
#849 = CARTESIAN_POINT ( 'NONE',  ( -19.00000000000000000, 0.000000000000000000, -1.000000000000000000 ) ) ;
#850 = CARTESIAN_POINT ( 'NONE',  ( 6.199999999997586997, 13.85640646055068892, -9.000000000000000000 ) ) ;
#851 = VERTEX_POINT ( 'NONE', #2615 ) ;
#852 = ORIENTED_EDGE ( 'NONE', *, *, #1389, .F. ) ;
#853 = CARTESIAN_POINT ( 'NONE',  ( 7.999999999999540812, 17.08956796801259870, -2.799999999999999822 ) ) ;
#854 = FACE_OUTER_BOUND ( 'NONE', #1154, .T. ) ;
#855 = EDGE_LOOP ( 'NONE', ( #3424, #3206 ) ) ;
#856 = CARTESIAN_POINT ( 'NONE',  ( 8.000000000000575540, -13.85640646055134972, -10.00000000000000000 ) ) ;
#857 = CARTESIAN_POINT ( 'NONE',  ( 1.799999999999716493, 14.00000000000086331, -6.000000000000001776 ) ) ;
#858 = EDGE_CURVE ( 'NONE', #2953, #2390, #3166, .T. ) ;
#859 = EDGE_LOOP ( 'NONE', ( #211, #2746, #2701, #1508 ) ) ;
#860 = DIRECTION ( 'NONE',  ( 0.8660254037844389297, -0.4999999999999995559, 0.000000000000000000 ) ) ;
#861 = DIRECTION ( 'NONE',  ( -0.000000000000000000, -0.000000000000000000, 1.000000000000000000 ) ) ;
#862 = EDGE_CURVE ( 'NONE', #1815, #3461, #2042, .T. ) ;
#863 = ORIENTED_EDGE ( 'NONE', *, *, #3273, .T. ) ;
#864 = VERTEX_POINT ( 'NONE', #1800 ) ;
#865 = CARTESIAN_POINT ( 'NONE',  ( 0.000000000000000000, 0.000000000000000000, -2.799999999999999822 ) ) ;
#866 = CARTESIAN_POINT ( 'NONE',  ( -10.79999999999942339, -12.23982570682084337, 0.000000000000000000 ) ) ;
#867 = ORIENTED_EDGE ( 'NONE', *, *, #1507, .F. ) ;
#868 = VERTEX_POINT ( 'NONE', #2598 ) ;
#869 = AXIS2_PLACEMENT_3D ( 'NONE', #406, #632, #1548 ) ;
#870 = CARTESIAN_POINT ( 'NONE',  ( -7.999999999999419131, -17.08956796801370004, 0.000000000000000000 ) ) ;
#871 = CYLINDRICAL_SURFACE ( 'NONE', #3531, 1.800000000001749534 ) ;
#872 = AXIS2_PLACEMENT_3D ( 'NONE', #976, #99, #1819 ) ;
#873 = EDGE_LOOP ( 'NONE', ( #1491, #1985 ) ) ;
#874 = CARTESIAN_POINT ( 'NONE',  ( 13.20000000000000284, 1.616580753730954223, -2.799999999999999822 ) ) ;
#875 = AXIS2_PLACEMENT_3D ( 'NONE', #418, #1207, #971 ) ;
#876 = TOROIDAL_SURFACE ( 'NONE', #1697, 21.00000000000000000, 1.000000000000000000 ) ;
#877 = CARTESIAN_POINT ( 'NONE',  ( 13.20000000000000284, 1.616580753730954223, 0.000000000000000000 ) ) ;
#878 = AXIS2_PLACEMENT_3D ( 'NONE', #1509, #47, #949 ) ;
#879 = DIRECTION ( 'NONE',  ( -1.000000000000000000, 0.000000000000000000, 0.000000000000000000 ) ) ;
#880 = ORIENTED_EDGE ( 'NONE', *, *, #662, .T. ) ;
#881 = EDGE_CURVE ( 'NONE', #2628, #1968, #1393, .T. ) ;
#882 = FACE_OUTER_BOUND ( 'NONE', #2096, .T. ) ;
#883 = CARTESIAN_POINT ( 'NONE',  ( -8.124355652982057308, 7.000000000000142997, 20.00000000000000000 ) ) ;
#884 = VECTOR ( 'NONE', #3041, 1000.000000000000227 ) ;
#885 = EDGE_LOOP ( 'NONE', ( #1092, #2346, #2521, #2603 ) ) ;
#886 = VECTOR ( 'NONE', #1798, 1000.000000000000000 ) ;
#887 = ORIENTED_EDGE ( 'NONE', *, *, #3315, .F. ) ;
#888 = EDGE_CURVE ( 'NONE', #2336, #3461, #1455, .T. ) ;
#889 = CARTESIAN_POINT ( 'NONE',  ( -23.00000000000000000, 2.816687638038912352E-15, -8.000000000000000000 ) ) ;
#890 = DIRECTION ( 'NONE',  ( 5.365409281204144187E-16, -1.000000000000000000, 0.000000000000000000 ) ) ;
#891 = AXIS2_PLACEMENT_3D ( 'NONE', #484, #3038, #1603 ) ;
#892 = ORIENTED_EDGE ( 'NONE', *, *, #1762, .F. ) ;
#893 = ORIENTED_EDGE ( 'NONE', *, *, #2147, .T. ) ;
#894 = CIRCLE ( 'NONE', #2957, 1.800000000000589351 ) ;
#895 = LINE ( 'NONE', #2397, #2515 ) ;
#896 = CARTESIAN_POINT ( 'NONE',  ( -1.800000000003280087, -14.00000000000130207, -6.000000000000000000 ) ) ;
#897 = FACE_BOUND ( 'NONE', #357, .T. ) ;
#898 = FACE_OUTER_BOUND ( 'NONE', #2672, .T. ) ;
#899 = LINE ( 'NONE', #1368, #3304 ) ;
#900 = CARTESIAN_POINT ( 'NONE',  ( 15.12435565298488527, 7.000000000001044498, -7.000000000000000000 ) ) ;
#901 = VERTEX_POINT ( 'NONE', #666 ) ;
#902 = CYLINDRICAL_SURFACE ( 'NONE', #2279, 20.00000000000000000 ) ;
#903 = CYLINDRICAL_SURFACE ( 'NONE', #2718, 1.800000000001699574 ) ;
#904 = EDGE_CURVE ( 'NONE', #2341, #2009, #1874, .T. ) ;
#905 = VERTEX_POINT ( 'NONE', #938 ) ;
#906 = ORIENTED_EDGE ( 'NONE', *, *, #453, .F. ) ;
#907 = PLANE ( 'NONE',  #1011 ) ;
#908 = LINE ( 'NONE', #2836, #2126 ) ;
#909 = ORIENTED_EDGE ( 'NONE', *, *, #2636, .F. ) ;
#910 = ADVANCED_FACE ( 'NONE', ( #2910 ), #2358, .F. ) ;
#911 = VERTEX_POINT ( 'NONE', #961 ) ;
#912 = DIRECTION ( 'NONE',  ( -1.000000000000000000, 0.000000000000000000, 0.000000000000000000 ) ) ;
#913 = LINE ( 'NONE', #394, #1523 ) ;
#914 = EDGE_CURVE ( 'NONE', #2890, #946, #383, .T. ) ;
#915 = PRODUCT_DEFINITION_SHAPE ( 'NONE', 'NONE',  #2537 ) ;
#916 = CARTESIAN_POINT ( 'NONE',  ( -12.12435565298440387, -7.000000000000412115, -6.000000000000001776 ) ) ;
#917 = CARTESIAN_POINT ( 'NONE',  ( 4.000000000000000000, 14.00000000000000178, 0.000000000000000000 ) ) ;
#918 = CARTESIAN_POINT ( 'NONE',  ( 12.12435565298175355, -7.000000000001111111, -6.000000000000000000 ) ) ;
#919 = EDGE_LOOP ( 'NONE', ( #3152, #2081, #992, #2411 ) ) ;
#920 = DIRECTION ( 'NONE',  ( 1.000000000000000000, -2.682704640602069135E-16, 0.000000000000000000 ) ) ;
#921 = DIRECTION ( 'NONE',  ( 0.000000000000000000, 1.000000000000000000, 0.000000000000000000 ) ) ;
#922 = ORIENTED_EDGE ( 'NONE', *, *, #3136, .T. ) ;
#923 = ORIENTED_EDGE ( 'NONE', *, *, #3042, .F. ) ;
#924 = CARTESIAN_POINT ( 'NONE',  ( 16.00000000000000355, -3.233161507461903561, -2.799999999999999822 ) ) ;
#925 = CARTESIAN_POINT ( 'NONE',  ( -13.92435565298665701, -7.000000000000412115, -6.000000000000000000 ) ) ;
#926 = VERTEX_POINT ( 'NONE', #2631 ) ;
#927 = EDGE_LOOP ( 'NONE', ( #165, #2547 ) ) ;
#928 = EDGE_CURVE ( 'NONE', #905, #422, #1107, .T. ) ;
#929 = FACE_BOUND ( 'NONE', #377, .T. ) ;
#930 = CIRCLE ( 'NONE', #869, 2.999999999999777067 ) ;
#931 = CARTESIAN_POINT ( 'NONE',  ( -7.133533265058149408E-13, 14.00000000000086331, -6.000000000000000000 ) ) ;
#932 = EDGE_CURVE ( 'NONE', #538, #2409, #3514, .T. ) ;
#933 = CYLINDRICAL_SURFACE ( 'NONE', #703, 1.800000000001657829 ) ;
#934 = CIRCLE ( 'NONE', #1283, 4.000000000000000000 ) ;
#935 = CYLINDRICAL_SURFACE ( 'NONE', #3237, 20.00000000000000000 ) ;
#936 = VECTOR ( 'NONE', #2234, 1000.000000000000000 ) ;
#937 = EDGE_LOOP ( 'NONE', ( #1851, #1468, #423, #1098 ) ) ;
#938 = CARTESIAN_POINT ( 'NONE',  ( 9.800000000001368505, -13.85640646055134972, -2.799999999999999822 ) ) ;
#939 = CARTESIAN_POINT ( 'NONE',  ( -7.999999999999424460, -10.62324495308988936, 0.000000000000000000 ) ) ;
#940 = AXIS2_PLACEMENT_3D ( 'NONE', #3230, #2695, #1533 ) ;
#941 = EDGE_LOOP ( 'NONE', ( #3441, #3118, #1752, #62, #2992, #2847 ) ) ;
#942 = ORIENTED_EDGE ( 'NONE', *, *, #2752, .F. ) ;
#943 = AXIS2_PLACEMENT_3D ( 'NONE', #1271, #1583, #1805 ) ;
#944 = CARTESIAN_POINT ( 'NONE',  ( -23.00000000000000000, 2.816687638038912352E-15, -8.000000000000000000 ) ) ;
#945 = LINE ( 'NONE', #1988, #1234 ) ;
#946 = VERTEX_POINT ( 'NONE', #2084 ) ;
#947 = CIRCLE ( 'NONE', #2296, 4.000000000000001776 ) ;
#948 = EDGE_LOOP ( 'NONE', ( #1696, #2486, #3332, #2152 ) ) ;
#949 = DIRECTION ( 'NONE',  ( 1.000000000000000000, 0.000000000000000000, -0.000000000000000000 ) ) ;
#950 = AXIS2_PLACEMENT_3D ( 'NONE', #918, #2374, #879 ) ;
#951 = EDGE_CURVE ( 'NONE', #97, #2833, #1230, .T. ) ;
#952 = VECTOR ( 'NONE', #431, 1000.000000000000000 ) ;
#953 = DIRECTION ( 'NONE',  ( -0.4999999999999995559, -0.8660254037844389297, 0.000000000000000000 ) ) ;
#954 = LINE ( 'NONE', #364, #1931 ) ;
#955 = CALENDAR_DATE ( 2026, 28, 8 ) ;
#956 = CIRCLE ( 'NONE', #1414, 6.500000000000000888 ) ;
#957 = EDGE_CURVE ( 'NONE', #1147, #1712, #2516, .T. ) ;
#958 = CARTESIAN_POINT ( 'NONE',  ( 23.00000000000000000, 0.000000000000000000, -8.000000000000000000 ) ) ;
#959 = AXIS2_PLACEMENT_3D ( 'NONE', #2627, #1224, #2592 ) ;
#960 = ORIENTED_EDGE ( 'NONE', *, *, #734, .T. ) ;
#961 = CARTESIAN_POINT ( 'NONE',  ( 1.799999999999716493, 14.00000000000086331, 15.00000000000000000 ) ) ;
#962 = DIRECTION ( 'NONE',  ( -0.000000000000000000, -0.000000000000000000, -1.000000000000000000 ) ) ;
#963 = EDGE_CURVE ( 'NONE', #2833, #2117, #284, .T. ) ;
#964 = EDGE_LOOP ( 'NONE', ( #1927, #2230 ) ) ;
#965 = EDGE_LOOP ( 'NONE', ( #2684, #1362 ) ) ;
#966 = LINE ( 'NONE', #1804, #2952 ) ;
#967 = CARTESIAN_POINT ( 'NONE',  ( 12.12435565298210882, -7.000000000000057732, 20.00000000000000000 ) ) ;
#968 = ORIENTED_EDGE ( 'NONE', *, *, #2061, .F. ) ;
#969 = DIRECTION ( 'NONE',  ( 1.000000000000000000, 0.000000000000000000, 0.000000000000000000 ) ) ;
#970 = CARTESIAN_POINT ( 'NONE',  ( -9.776147748760774657E-14, -14.00000000000000178, 0.000000000000000000 ) ) ;
#971 = DIRECTION ( 'NONE',  ( -0.8660254037844389297, 0.4999999999999995559, 0.000000000000000000 ) ) ;
#972 = PERSON_AND_ORGANIZATION ( #393, #3363 ) ;
#973 = ORIENTED_EDGE ( 'NONE', *, *, #2054, .T. ) ;
#974 = EDGE_LOOP ( 'NONE', ( #515, #1883, #2584, #3545 ) ) ;
#975 = EDGE_LOOP ( 'NONE', ( #3618, #1643 ) ) ;
#976 = CARTESIAN_POINT ( 'NONE',  ( -1.348411750568209575E-12, -14.00000000000340528, -9.000000000000000000 ) ) ;
#977 = DIRECTION ( 'NONE',  ( 0.000000000000000000, 0.000000000000000000, -1.000000000000000000 ) ) ;
#978 = ADVANCED_FACE ( 'NONE', ( #1765 ), #3497, .F. ) ;
#979 = ORIENTED_EDGE ( 'NONE', *, *, #1369, .T. ) ;
#980 = VERTEX_POINT ( 'NONE', #1249 ) ;
#981 = LINE ( 'NONE', #336, #281 ) ;
#982 = CARTESIAN_POINT ( 'NONE',  ( 10.80000000000051585, -15.47298721428219004, -2.799999999999999822 ) ) ;
#983 = EDGE_CURVE ( 'NONE', #2472, #1030, #424, .T. ) ;
#984 = CARTESIAN_POINT ( 'NONE',  ( -9.776147748760774657E-14, -14.00000000000000178, 20.00000000000000000 ) ) ;
#985 = VERTEX_POINT ( 'NONE', #2376 ) ;
#986 = CARTESIAN_POINT ( 'NONE',  ( -15.99999999999987210, 3.233161507460798223, -2.799999999999999822 ) ) ;
#987 = DIRECTION ( 'NONE',  ( 1.000000000000000000, 0.000000000000000000, -0.000000000000000000 ) ) ;
#988 = DIRECTION ( 'NONE',  ( -0.000000000000000000, -0.000000000000000000, -1.000000000000000000 ) ) ;
#989 = CARTESIAN_POINT ( 'NONE',  ( -5.200000000000384759, 12.23982570681918425, 0.000000000000000000 ) ) ;
#990 = APPLICATION_PROTOCOL_DEFINITION ( 'international standard', 'config_control_design', 1994, #1585 ) ;
#991 = CIRCLE ( 'NONE', #2878, 1.800000000001657829 ) ;
#992 = ORIENTED_EDGE ( 'NONE', *, *, #932, .F. ) ;
#993 = ORIENTED_EDGE ( 'NONE', *, *, #2842, .F. ) ;
#994 = DIRECTION ( 'NONE',  ( 1.000000000000000000, 0.000000000000000000, 0.000000000000000000 ) ) ;
#995 = CIRCLE ( 'NONE', #401, 4.000000000000001776 ) ;
#996 = DIRECTION ( 'NONE',  ( -0.8660254037844389297, 0.4999999999999995559, 0.000000000000000000 ) ) ;
#997 = EDGE_CURVE ( 'NONE', #1788, #1747, #1226, .T. ) ;
#998 = VERTEX_POINT ( 'NONE', #2669 ) ;
#999 = EDGE_LOOP ( 'NONE', ( #1417, #1918, #507, #1160 ) ) ;
#1000 = CARTESIAN_POINT ( 'NONE',  ( -6.199999999998923705, 13.85640646055002634, -9.000000000000000000 ) ) ;
#1001 = LINE ( 'NONE', #3463, #3064 ) ;
#1002 = CARTESIAN_POINT ( 'NONE',  ( -16.00000000000000355, -1.323803877349084987E-12, -10.00000000000000000 ) ) ;
#1003 = AXIS2_PLACEMENT_3D ( 'NONE', #2941, #380, #340 ) ;
#1004 = AXIS2_PLACEMENT_3D ( 'NONE', #916, #3141, #1494 ) ;
#1005 = ADVANCED_FACE ( 'NONE', ( #3439 ), #152, .F. ) ;
#1006 = CIRCLE ( 'NONE', #3113, 2.999999999999777511 ) ;
#1007 = ORIENTED_EDGE ( 'NONE', *, *, #2008, .F. ) ;
#1008 = CARTESIAN_POINT ( 'NONE',  ( 0.000000000000000000, 0.000000000000000000, -6.000000000000001776 ) ) ;
#1009 = VECTOR ( 'NONE', #3427, 1000.000000000000000 ) ;
#1010 = ADVANCED_FACE ( 'NONE', ( #2705, #3001 ), #187, .T. ) ;
#1011 = AXIS2_PLACEMENT_3D ( 'NONE', #865, #3406, #3370 ) ;
#1012 = LINE ( 'NONE', #1536, #351 ) ;
#1013 = CYLINDRICAL_SURFACE ( 'NONE', #2286, 1.800000000001028111 ) ;
#1014 = CIRCLE ( 'NONE', #1354, 2.999999999999775735 ) ;
#1015 = ORIENTED_EDGE ( 'NONE', *, *, #2729, .F. ) ;
#1016 = ORIENTED_EDGE ( 'NONE', *, *, #1600, .T. ) ;
#1017 = CARTESIAN_POINT ( 'NONE',  ( 1.764960354098782610E-13, 14.00000000000340528, -7.000000000000000000 ) ) ;
#1018 = CARTESIAN_POINT ( 'NONE',  ( -14.19999999999897611, -1.323803877349084987E-12, -10.00000000000000000 ) ) ;
#1019 = ORIENTED_EDGE ( 'NONE', *, *, #928, .T. ) ;
#1020 = ORIENTED_EDGE ( 'NONE', *, *, #487, .T. ) ;
#1021 = CARTESIAN_POINT ( 'NONE',  ( -10.80000000000038796, 12.23982570681918070, 0.000000000000000000 ) ) ;
#1022 = CARTESIAN_POINT ( 'NONE',  ( 1.764960354098782610E-13, 14.00000000000340528, -9.000000000000000000 ) ) ;
#1023 = DIRECTION ( 'NONE',  ( -1.000000000000000000, 0.000000000000000000, 0.000000000000000000 ) ) ;
#1024 = EDGE_LOOP ( 'NONE', ( #3023, #139, #2186, #2160 ) ) ;
#1025 = LINE ( 'NONE', #2131, #3635 ) ;
#1026 = EDGE_CURVE ( 'NONE', #823, #716, #1081, .T. ) ;
#1027 = CARTESIAN_POINT ( 'NONE',  ( 12.12435565298216034, 6.999999999999973355, 15.00000000000000000 ) ) ;
#1028 = FACE_OUTER_BOUND ( 'NONE', #1024, .T. ) ;
#1029 = ADVANCED_FACE ( 'NONE', ( #767 ), #2483, .F. ) ;
#1030 = VERTEX_POINT ( 'NONE', #3275 ) ;
#1031 = EDGE_LOOP ( 'NONE', ( #2116, #1473, #973, #1047 ) ) ;
#1032 = DIRECTION ( 'NONE',  ( -1.000000000000000000, 0.000000000000000000, 0.000000000000000000 ) ) ;
#1033 = DIRECTION ( 'NONE',  ( -0.000000000000000000, -0.000000000000000000, 1.000000000000000000 ) ) ;
#1034 = ORIENTED_EDGE ( 'NONE', *, *, #881, .F. ) ;
#1035 = DIRECTION ( 'NONE',  ( -0.000000000000000000, -0.000000000000000000, 1.000000000000000000 ) ) ;
#1036 = DIRECTION ( 'NONE',  ( -0.8660254037844387076, 0.4999999999999999445, 0.000000000000000000 ) ) ;
#1037 = EDGE_LOOP ( 'NONE', ( #732, #968, #1503, #3162 ) ) ;
#1038 = DIRECTION ( 'NONE',  ( 0.000000000000000000, 0.000000000000000000, 1.000000000000000000 ) ) ;
#1039 = ADVANCED_FACE ( 'NONE', ( #2167 ), #1303, .T. ) ;
#1040 = DIRECTION ( 'NONE',  ( -0.000000000000000000, -0.000000000000000000, 1.000000000000000000 ) ) ;
#1041 = CARTESIAN_POINT ( 'NONE',  ( 14.19999999999855511, 2.204364238467009280E-16, -10.00000000000000000 ) ) ;
#1042 = EDGE_CURVE ( 'NONE', #3404, #1587, #477, .T. ) ;
#1043 = VERTEX_POINT ( 'NONE', #3308 ) ;
#1044 = DIRECTION ( 'NONE',  ( -0.000000000000000000, -0.000000000000000000, 1.000000000000000000 ) ) ;
#1045 = DIRECTION ( 'NONE',  ( -0.000000000000000000, -0.000000000000000000, -1.000000000000000000 ) ) ;
#1046 = AXIS2_PLACEMENT_3D ( 'NONE', #1287, #803, #754 ) ;
#1047 = ORIENTED_EDGE ( 'NONE', *, *, #2015, .F. ) ;
#1048 = LINE ( 'NONE', #1021, #2344 ) ;
#1049 = CARTESIAN_POINT ( 'NONE',  ( -6.500000000000000888, 7.960204194457796463E-16, 0.000000000000000000 ) ) ;
#1050 = CIRCLE ( 'NONE', #3575, 3.000000000000533351 ) ;
#1051 = VERTEX_POINT ( 'NONE', #1318 ) ;
#1052 = VECTOR ( 'NONE', #2534, 1000.000000000000000 ) ;
#1053 = VECTOR ( 'NONE', #3612, 1000.000000000000000 ) ;
#1054 = DIRECTION ( 'NONE',  ( -0.000000000000000000, -0.000000000000000000, 1.000000000000000000 ) ) ;
#1055 = DIRECTION ( 'NONE',  ( 0.000000000000000000, 0.000000000000000000, 1.000000000000000000 ) ) ;
#1056 = ORIENTED_EDGE ( 'NONE', *, *, #464, .T. ) ;
#1057 = CARTESIAN_POINT ( 'NONE',  ( -17.80000000000103100, -1.323583440925238459E-12, -2.799999999999999822 ) ) ;
#1058 = DIRECTION ( 'NONE',  ( 1.000000000000000000, 0.000000000000000000, 0.000000000000000000 ) ) ;
#1059 = CIRCLE ( 'NONE', #1941, 1.800000000001449774 ) ;
#1060 = EDGE_CURVE ( 'NONE', #1410, #80, #3240, .T. ) ;
#1061 = AXIS2_PLACEMENT_3D ( 'NONE', #225, #263, #245 ) ;
#1062 = ORIENTED_EDGE ( 'NONE', *, *, #3449, .F. ) ;
#1063 = DIRECTION ( 'NONE',  ( 0.000000000000000000, 0.000000000000000000, -1.000000000000000000 ) ) ;
#1064 = LINE ( 'NONE', #1082, #1535 ) ;
#1065 = CIRCLE ( 'NONE', #1240, 1.799999999999999600 ) ;
#1066 = EDGE_CURVE ( 'NONE', #2338, #1427, #2408, .T. ) ;
#1067 = VECTOR ( 'NONE', #2273, 1000.000000000000000 ) ;
#1068 = EDGE_LOOP ( 'NONE', ( #1379, #1872, #428, #1673 ) ) ;
#1069 = DIRECTION ( 'NONE',  ( 0.8660254037844389297, -0.4999999999999995004, 0.000000000000000000 ) ) ;
#1070 = PLANE ( 'NONE',  #362 ) ;
#1071 = ADVANCED_FACE ( 'NONE', ( #3260 ), #1280, .F. ) ;
#1072 = LOCAL_TIME ( 11, 17, 35.00000000000000000, #1556 ) ;
#1073 = VERTEX_POINT ( 'NONE', #1596 ) ;
#1074 = DIRECTION ( 'NONE',  ( -1.000000000000000000, 0.000000000000000000, 0.000000000000000000 ) ) ;
#1075 = DIRECTION ( 'NONE',  ( 0.8660254037844387076, -0.4999999999999997224, 0.000000000000000000 ) ) ;
#1076 = CC_DESIGN_PERSON_AND_ORGANIZATION_ASSIGNMENT ( #2943, #1260, ( #542 ) ) ;
#1077 = DIRECTION ( 'NONE',  ( -1.000000000000000000, 0.000000000000000000, 0.000000000000000000 ) ) ;
#1078 = ORIENTED_EDGE ( 'NONE', *, *, #688, .F. ) ;
#1079 = CARTESIAN_POINT ( 'NONE',  ( 21.00000000000000000, 2.571758278209441661E-15, -9.000000000000001776 ) ) ;
#1080 = DIRECTION ( 'NONE',  ( -0.5000000000000004441, 0.8660254037844384856, 0.000000000000000000 ) ) ;
#1081 = LINE ( 'NONE', #785, #346 ) ;
#1082 = CARTESIAN_POINT ( 'NONE',  ( 9.124355652983588527, -7.000000000002367884, -7.000000000000000000 ) ) ;
#1083 = ORIENTED_EDGE ( 'NONE', *, *, #2480, .F. ) ;
#1084 = EDGE_CURVE ( 'NONE', #1587, #1043, #1909, .T. ) ;
#1085 = DIRECTION ( 'NONE',  ( -1.000000000000000000, -5.365409281204144187E-16, 0.000000000000000000 ) ) ;
#1086 = DIRECTION ( 'NONE',  ( -0.000000000000000000, -0.000000000000000000, 1.000000000000000000 ) ) ;
#1087 = EDGE_LOOP ( 'NONE', ( #2305, #852, #2281, #2137 ) ) ;
#1088 = EDGE_CURVE ( 'NONE', #985, #1301, #934, .T. ) ;
#1089 = LINE ( 'NONE', #3012, #535 ) ;
#1090 = DIRECTION ( 'NONE',  ( -0.000000000000000000, -0.000000000000000000, 1.000000000000000000 ) ) ;
#1091 = ORIENTED_EDGE ( 'NONE', *, *, #2886, .F. ) ;
#1092 = ORIENTED_EDGE ( 'NONE', *, *, #3105, .F. ) ;
#1093 = FACE_BOUND ( 'NONE', #964, .T. ) ;
#1094 = DIRECTION ( 'NONE',  ( -1.000000000000000000, 0.000000000000000000, 0.000000000000000000 ) ) ;
#1095 = ORIENTED_EDGE ( 'NONE', *, *, #881, .T. ) ;
#1096 = DIRECTION ( 'NONE',  ( 0.000000000000000000, 0.000000000000000000, 1.000000000000000000 ) ) ;
#1097 = CARTESIAN_POINT ( 'NONE',  ( 12.12435565298111051, -7.000000000003275602, 15.00000000000000000 ) ) ;
#1098 = ORIENTED_EDGE ( 'NONE', *, *, #2432, .T. ) ;
#1099 = DIRECTION ( 'NONE',  ( 0.000000000000000000, 0.000000000000000000, 1.000000000000000000 ) ) ;
#1100 = CARTESIAN_POINT ( 'NONE',  ( 5.199999999999546318, 15.47298721428164647, 0.000000000000000000 ) ) ;
#1101 = ADVANCED_FACE ( 'NONE', ( #1575 ), #3034, .F. ) ;
#1102 = EDGE_LOOP ( 'NONE', ( #2087, #1091, #2268, #41 ) ) ;
#1103 = DIRECTION ( 'NONE',  ( -0.000000000000000000, -0.000000000000000000, -1.000000000000000000 ) ) ;
#1104 = CARTESIAN_POINT ( 'NONE',  ( 10.32435565298215963, 6.999999999999973355, 15.00000000000000000 ) ) ;
#1105 = AXIS2_PLACEMENT_3D ( 'NONE', #456, #3583, #2187 ) ;
#1106 = EDGE_CURVE ( 'NONE', #1568, #317, #3459, .T. ) ;
#1107 = CIRCLE ( 'NONE', #1516, 1.800000000000792300 ) ;
#1108 = EDGE_LOOP ( 'NONE', ( #1184, #2621 ) ) ;
#1109 = DIRECTION ( 'NONE',  ( 0.000000000000000000, 0.000000000000000000, -1.000000000000000000 ) ) ;
#1110 = DIRECTION ( 'NONE',  ( -0.000000000000000000, -0.000000000000000000, -1.000000000000000000 ) ) ;
#1111 = CIRCLE ( 'NONE', #2225, 2.999999999999778844 ) ;
#1112 = EDGE_CURVE ( 'NONE', #113, #2983, #237, .T. ) ;
#1113 = CIRCLE ( 'NONE', #1295, 2.999999999999581224 ) ;
#1114 = ORIENTED_EDGE ( 'NONE', *, *, #2646, .F. ) ;
#1115 = CARTESIAN_POINT ( 'NONE',  ( 7.999999999999431566, 13.85640646055068892, -10.00000000000000000 ) ) ;
#1116 = PLANE ( 'NONE',  #720 ) ;
#1117 = EDGE_CURVE ( 'NONE', #2671, #1378, #2413, .T. ) ;
#1118 = ORIENTED_EDGE ( 'NONE', *, *, #3315, .T. ) ;
#1119 = CYLINDRICAL_SURFACE ( 'NONE', #1334, 3.000000000000533351 ) ;
#1120 = AXIS2_PLACEMENT_3D ( 'NONE', #1325, #1103, #2227 ) ;
#1121 = LINE ( 'NONE', #3089, #2599 ) ;
#1122 = AXIS2_PLACEMENT_3D ( 'NONE', #312, #3399, #1728 ) ;
#1123 = EDGE_LOOP ( 'NONE', ( #2330, #1056, #1020, #2243, #1016, #1937 ) ) ;
#1124 = VERTEX_POINT ( 'NONE', #219 ) ;
#1125 = DIRECTION ( 'NONE',  ( 1.000000000000000000, 0.000000000000000000, 0.000000000000000000 ) ) ;
#1126 = CARTESIAN_POINT ( 'NONE',  ( 19.99999999999958789, 2.510525938261023320E-15, -9.000000000000000000 ) ) ;
#1127 = VECTOR ( 'NONE', #2570, 1000.000000000000000 ) ;
#1128 = EDGE_LOOP ( 'NONE', ( #1428, #906, #3216, #2357 ) ) ;
#1129 = EDGE_LOOP ( 'NONE', ( #1251, #2966, #1541, #1792 ) ) ;
#1130 = CARTESIAN_POINT ( 'NONE',  ( -13.19999999999987139, 1.616580753729848441, -2.799999999999999822 ) ) ;
#1131 = ADVANCED_FACE ( 'NONE', ( #3534 ), #2462, .F. ) ;
#1132 = DIRECTION ( 'NONE',  ( -1.341352320301036195E-15, 1.000000000000000000, 0.000000000000000000 ) ) ;
#1133 = ORIENTED_EDGE ( 'NONE', *, *, #2667, .T. ) ;
#1134 = ADVANCED_FACE ( 'NONE', ( #840 ), #3633, .F. ) ;
#1135 = FACE_OUTER_BOUND ( 'NONE', #1676, .T. ) ;
#1136 = DIRECTION ( 'NONE',  ( -0.000000000000000000, -0.000000000000000000, -1.000000000000000000 ) ) ;
#1137 = VERTEX_POINT ( 'NONE', #548 ) ;
#1138 = DIRECTION ( 'NONE',  ( 1.000000000000000000, 0.000000000000000000, -0.000000000000000000 ) ) ;
#1139 = DIRECTION ( 'NONE',  ( -0.000000000000000000, -0.000000000000000000, 1.000000000000000000 ) ) ;
#1140 = EDGE_LOOP ( 'NONE', ( #683, #3194, #3307, #2298 ) ) ;
#1141 = ORIENTED_EDGE ( 'NONE', *, *, #3407, .F. ) ;
#1142 = DIRECTION ( 'NONE',  ( 0.000000000000000000, 0.000000000000000000, -1.000000000000000000 ) ) ;
#1143 = DIRECTION ( 'NONE',  ( 1.000000000000000000, 0.000000000000000000, 0.000000000000000000 ) ) ;
#1144 = EDGE_LOOP ( 'NONE', ( #236, #2778 ) ) ;
#1145 = ORIENTED_EDGE ( 'NONE', *, *, #1919, .F. ) ;
#1146 = FACE_OUTER_BOUND ( 'NONE', #1144, .T. ) ;
#1147 = VERTEX_POINT ( 'NONE', #2554 ) ;
#1148 = PLANE ( 'NONE',  #2817 ) ;
#1149 = ADVANCED_FACE ( 'NONE', ( #2239 ), #3322, .F. ) ;
#1150 = EDGE_LOOP ( 'NONE', ( #1878, #299 ) ) ;
#1151 = DIRECTION ( 'NONE',  ( 1.000000000000000000, 0.000000000000000000, 0.000000000000000000 ) ) ;
#1152 = DIRECTION ( 'NONE',  ( -1.000000000000000000, 0.000000000000000000, -0.000000000000000000 ) ) ;
#1153 = ADVANCED_FACE ( 'NONE', ( #17 ), #1961, .F. ) ;
#1154 = EDGE_LOOP ( 'NONE', ( #33, #1385, #669, #1185 ) ) ;
#1155 = LINE ( 'NONE', #1174, #1452 ) ;
#1156 = CARTESIAN_POINT ( 'NONE',  ( 13.20000000000000284, -1.616580753730953335, 0.000000000000000000 ) ) ;
#1157 = ORIENTED_EDGE ( 'NONE', *, *, #3499, .T. ) ;
#1158 = DIRECTION ( 'NONE',  ( -1.000000000000000000, 0.000000000000000000, 0.000000000000000000 ) ) ;
#1159 = CARTESIAN_POINT ( 'NONE',  ( -7.999999999999426237, -13.85640646055201586, -9.000000000000000000 ) ) ;
#1160 = ORIENTED_EDGE ( 'NONE', *, *, #1582, .F. ) ;
#1161 = ORIENTED_EDGE ( 'NONE', *, *, #1833, .F. ) ;
#1162 = CARTESIAN_POINT ( 'NONE',  ( 5.200000000000512657, -12.23982570682028737, -2.799999999999999822 ) ) ;
#1163 = DIRECTION ( 'NONE',  ( 0.000000000000000000, 0.000000000000000000, -1.000000000000000000 ) ) ;
#1164 = AXIS2_PLACEMENT_3D ( 'NONE', #1965, #1406, #2541 ) ;
#1165 = DIRECTION ( 'NONE',  ( -1.000000000000000000, 0.000000000000000000, 0.000000000000000000 ) ) ;
#1166 = CARTESIAN_POINT ( 'NONE',  ( -6.199999999998836664, -13.85640646055201586, -9.000000000000000000 ) ) ;
#1167 = VECTOR ( 'NONE', #3271, 1000.000000000000000 ) ;
#1168 = AXIS2_PLACEMENT_3D ( 'NONE', #3031, #2233, #797 ) ;
#1169 = LINE ( 'NONE', #2000, #1599 ) ;
#1170 = ADVANCED_FACE ( 'NONE', ( #1703 ), #3339, .F. ) ;
#1171 = CIRCLE ( 'NONE', #2175, 1.800000000001657829 ) ;
#1172 = DIRECTION ( 'NONE',  ( 1.000000000000000000, 0.000000000000000000, 0.000000000000000000 ) ) ;
#1173 = ORIENTED_EDGE ( 'NONE', *, *, #710, .F. ) ;
#1174 = CARTESIAN_POINT ( 'NONE',  ( 10.80000000000051585, -15.47298721428219004, -2.799999999999999822 ) ) ;
#1175 = CARTESIAN_POINT ( 'NONE',  ( -12.12435565298440387, -7.000000000000412115, -6.000000000000000000 ) ) ;
#1176 = ADVANCED_FACE ( 'NONE', ( #307 ), #3340, .T. ) ;
#1177 = AXIS2_PLACEMENT_3D ( 'NONE', #2846, #326, #2337 ) ;
#1178 = ORIENTED_EDGE ( 'NONE', *, *, #2606, .F. ) ;
#1179 = AXIS2_PLACEMENT_3D ( 'NONE', #1209, #2082, #3477 ) ;
#1180 = ORIENTED_EDGE ( 'NONE', *, *, #2532, .F. ) ;
#1181 = CARTESIAN_POINT ( 'NONE',  ( -2.999999999999241052, 14.00000000000340528, -9.000000000000000000 ) ) ;
#1182 = EDGE_CURVE ( 'NONE', #1968, #2628, #1050, .T. ) ;
#1183 = DIRECTION ( 'NONE',  ( -0.000000000000000000, -0.000000000000000000, -1.000000000000000000 ) ) ;
#1184 = ORIENTED_EDGE ( 'NONE', *, *, #2061, .T. ) ;
#1185 = ORIENTED_EDGE ( 'NONE', *, *, #108, .F. ) ;
#1186 = AXIS2_PLACEMENT_3D ( 'NONE', #2377, #3218, #696 ) ;
#1187 = FACE_OUTER_BOUND ( 'NONE', #832, .T. ) ;
#1188 = FACE_OUTER_BOUND ( 'NONE', #185, .T. ) ;
#1189 = CC_DESIGN_APPROVAL ( #2921, ( #1838 ) ) ;
#1190 = CARTESIAN_POINT ( 'NONE',  ( 13.20000000000000284, -1.616580753730953335, -2.799999999999999822 ) ) ;
#1191 = CARTESIAN_POINT ( 'NONE',  ( -6.500000000000000888, 7.960204194457796463E-16, -6.000000000000001776 ) ) ;
#1192 = APPROVAL_STATUS ( 'not_yet_approved' ) ;
#1193 = ORIENTED_EDGE ( 'NONE', *, *, #1902, .F. ) ;
#1194 = CARTESIAN_POINT ( 'NONE',  ( 20.00000000000000000, 0.000000000000000000, -1.000000000000000000 ) ) ;
#1195 = EDGE_LOOP ( 'NONE', ( #2536, #3137 ) ) ;
#1196 = CARTESIAN_POINT ( 'NONE',  ( -18.79999999999987281, 1.616580753729847775, 0.000000000000000000 ) ) ;
#1197 = CARTESIAN_POINT ( 'NONE',  ( -19.99999999999975486, 8.637267765684129513E-13, -9.000000000000000000 ) ) ;
#1198 = EDGE_CURVE ( 'NONE', #1901, #3262, #269, .T. ) ;
#1199 = VERTEX_POINT ( 'NONE', #3362 ) ;
#1200 = CARTESIAN_POINT ( 'NONE',  ( -15.12435565298487461, 7.000000000002364331, -9.000000000000000000 ) ) ;
#1201 = CARTESIAN_POINT ( 'NONE',  ( 12.12435565298258489, -7.000000000001834088, -6.000000000000000000 ) ) ;
#1202 = ORIENTED_EDGE ( 'NONE', *, *, #3499, .F. ) ;
#1203 = EDGE_CURVE ( 'NONE', #387, #2493, #1813, .T. ) ;
#1204 = ORIENTED_EDGE ( 'NONE', *, *, #2527, .T. ) ;
#1205 = DIRECTION ( 'NONE',  ( 1.000000000000000000, 0.000000000000000000, 0.000000000000000000 ) ) ;
#1206 = FACE_BOUND ( 'NONE', #560, .T. ) ;
#1207 = DIRECTION ( 'NONE',  ( 0.4999999999999995559, 0.8660254037844389297, 0.000000000000000000 ) ) ;
#1208 = DIRECTION ( 'NONE',  ( -1.000000000000000000, 0.000000000000000000, 0.000000000000000000 ) ) ;
#1209 = CARTESIAN_POINT ( 'NONE',  ( -12.12435565298400064, 7.000000000000676792, -6.000000000000000000 ) ) ;
#1210 = ORIENTED_EDGE ( 'NONE', *, *, #272, .F. ) ;
#1211 = DIRECTION ( 'NONE',  ( -0.000000000000000000, -0.000000000000000000, 1.000000000000000000 ) ) ;
#1212 = DIRECTION ( 'NONE',  ( -0.5000000000000018874, -0.8660254037844375974, 0.000000000000000000 ) ) ;
#1213 = ORIENTED_EDGE ( 'NONE', *, *, #3452, .F. ) ;
#1214 = LINE ( 'NONE', #1488, #952 ) ;
#1215 = DIRECTION ( 'NONE',  ( -1.000000000000000000, 0.000000000000000000, 0.000000000000000000 ) ) ;
#1216 = EDGE_CURVE ( 'NONE', #2271, #2101, #561, .T. ) ;
#1217 = EDGE_LOOP ( 'NONE', ( #1396, #3369, #433, #3569 ) ) ;
#1218 = VERTEX_POINT ( 'NONE', #255 ) ;
#1219 = FACE_BOUND ( 'NONE', #3430, .T. ) ;
#1220 = ADVANCED_FACE ( 'NONE', ( #1135 ), #1367, .F. ) ;
#1221 = CIRCLE ( 'NONE', #1572, 2.500000000000000000 ) ;
#1222 = PLANE ( 'NONE',  #181 ) ;
#1223 = FACE_BOUND ( 'NONE', #3532, .T. ) ;
#1224 = DIRECTION ( 'NONE',  ( 0.000000000000000000, 0.000000000000000000, 1.000000000000000000 ) ) ;
#1225 = EDGE_CURVE ( 'NONE', #823, #1410, #3123, .T. ) ;
#1226 = CIRCLE ( 'NONE', #403, 1.800000000001749534 ) ;
#1227 = FACE_OUTER_BOUND ( 'NONE', #2119, .T. ) ;
#1228 = VECTOR ( 'NONE', #3451, 1000.000000000000000 ) ;
#1229 = ORIENTED_EDGE ( 'NONE', *, *, #688, .T. ) ;
#1230 = LINE ( 'NONE', #644, #577 ) ;
#1231 = CARTESIAN_POINT ( 'NONE',  ( 3.000000000001278977, 14.00000000000340528, -6.000000000000000000 ) ) ;
#1232 = CIRCLE ( 'NONE', #3234, 4.000000000001527667 ) ;
#1233 = ORIENTED_EDGE ( 'NONE', *, *, #951, .T. ) ;
#1234 = VECTOR ( 'NONE', #890, 1000.000000000000000 ) ;
#1235 = CARTESIAN_POINT ( 'NONE',  ( 8.000000000000575540, -13.85640646055134972, -2.799999999999999822 ) ) ;
#1236 = FACE_OUTER_BOUND ( 'NONE', #2767, .T. ) ;
#1237 = AXIS2_PLACEMENT_3D ( 'NONE', #3541, #1566, #3503 ) ;
#1238 = ORIENTED_EDGE ( 'NONE', *, *, #1216, .T. ) ;
#1239 = DIRECTION ( 'NONE',  ( -1.000000000000000000, 0.000000000000000000, 0.000000000000000000 ) ) ;
#1240 = AXIS2_PLACEMENT_3D ( 'NONE', #2439, #624, #2812 ) ;
#1241 = TOROIDAL_SURFACE ( 'NONE', #2007, 21.00000000000000000, 1.000000000000000000 ) ;
#1242 = EDGE_CURVE ( 'NONE', #1199, #737, #1402, .T. ) ;
#1243 = LINE ( 'NONE', #2883, #409 ) ;
#1244 = LINE ( 'NONE', #1191, #2053 ) ;
#1245 = PERSON_AND_ORGANIZATION ( #393, #3363 ) ;
#1246 = CARTESIAN_POINT ( 'NONE',  ( -15.12435565298376261, -6.999999999999408473, -6.000000000000000000 ) ) ;
#1247 = ADVANCED_FACE ( 'NONE', ( #2201 ), #800, .F. ) ;
#1248 = ORIENTED_EDGE ( 'NONE', *, *, #2797, .T. ) ;
#1249 = CARTESIAN_POINT ( 'NONE',  ( 5.199999999999546318, 15.47298721428164647, -2.799999999999999822 ) ) ;
#1250 = FACE_OUTER_BOUND ( 'NONE', #948, .T. ) ;
#1251 = ORIENTED_EDGE ( 'NONE', *, *, #1537, .F. ) ;
#1252 = CARTESIAN_POINT ( 'NONE',  ( 9.800000000001276135, 13.85640646055068892, -9.000000000000000000 ) ) ;
#1253 = DIRECTION ( 'NONE',  ( -0.000000000000000000, -0.000000000000000000, -1.000000000000000000 ) ) ;
#1254 = CARTESIAN_POINT ( 'NONE',  ( -8.372837617640554489E-14, 8.637267765684129513E-13, -10.00000000000000000 ) ) ;
#1255 = ORIENTED_EDGE ( 'NONE', *, *, #2329, .T. ) ;
#1256 = LINE ( 'NONE', #1294, #3057 ) ;
#1257 = CARTESIAN_POINT ( 'NONE',  ( -10.32435565298215074, -7.000000000000412115, -6.000000000000001776 ) ) ;
#1258 = DIRECTION ( 'NONE',  ( -0.000000000000000000, -0.000000000000000000, 1.000000000000000000 ) ) ;
#1259 = LINE ( 'NONE', #2387, #1167 ) ;
#1260 = PERSON_AND_ORGANIZATION_ROLE ( 'design_supplier' ) ;
#1261 = ADVANCED_FACE ( 'NONE', ( #530 ), #2498, .F. ) ;
#1262 = ORIENTED_EDGE ( 'NONE', *, *, #1042, .T. ) ;
#1263 = ORIENTED_EDGE ( 'NONE', *, *, #1324, .T. ) ;
#1264 = DIRECTION ( 'NONE',  ( -1.000000000000000000, -1.224646799147353454E-16, 0.000000000000000000 ) ) ;
#1265 = CARTESIAN_POINT ( 'NONE',  ( -10.32435565298215074, -7.000000000000412115, -6.000000000000000000 ) ) ;
#1266 = ADVANCED_FACE ( 'NONE', ( #1651 ), #3615, .F. ) ;
#1267 = ORIENTED_EDGE ( 'NONE', *, *, #3026, .F. ) ;
#1268 = ORIENTED_EDGE ( 'NONE', *, *, #571, .F. ) ;
#1269 = LINE ( 'NONE', #1162, #3457 ) ;
#1270 = CARTESIAN_POINT ( 'NONE',  ( 5.200000000000512657, -12.23982570682028737, -2.799999999999999822 ) ) ;
#1271 = CARTESIAN_POINT ( 'NONE',  ( -8.000000000000580869, 13.85640646055002634, -10.00000000000000000 ) ) ;
#1272 = VERTEX_POINT ( 'NONE', #2612 ) ;
#1273 = CARTESIAN_POINT ( 'NONE',  ( -7.999999999999424460, -10.62324495308988936, -2.799999999999999822 ) ) ;
#1274 = LINE ( 'NONE', #2457, #3333 ) ;
#1275 = FACE_OUTER_BOUND ( 'NONE', #2638, .T. ) ;
#1276 = AXIS2_PLACEMENT_3D ( 'NONE', #471, #1364, #11 ) ;
#1277 = EDGE_LOOP ( 'NONE', ( #747, #3215, #748, #1793 ) ) ;
#1278 = ORIENTED_EDGE ( 'NONE', *, *, #529, .F. ) ;
#1279 = EDGE_CURVE ( 'NONE', #1410, #1734, #1538, .T. ) ;
#1280 = PLANE ( 'NONE',  #2697 ) ;
#1281 = CIRCLE ( 'NONE', #1388, 21.00000000000000000 ) ;
#1282 = CARTESIAN_POINT ( 'NONE',  ( 10.79999999999954774, 12.23982570681974558, -2.799999999999999822 ) ) ;
#1283 = AXIS2_PLACEMENT_3D ( 'NONE', #2448, #206, #3566 ) ;
#1284 = EDGE_LOOP ( 'NONE', ( #3069, #2688, #613, #1062 ) ) ;
#1285 = EDGE_LOOP ( 'NONE', ( #3454, #1622, #404, #3587 ) ) ;
#1286 = EDGE_CURVE ( 'NONE', #2906, #2988, #75, .T. ) ;
#1287 = CARTESIAN_POINT ( 'NONE',  ( -5.200000000000389200, 15.47298721428108692, -2.799999999999999822 ) ) ;
#1288 = DIRECTION ( 'NONE',  ( -0.000000000000000000, -0.000000000000000000, 1.000000000000000000 ) ) ;
#1289 = DIRECTION ( 'NONE',  ( -1.000000000000000000, 0.000000000000000000, 0.000000000000000000 ) ) ;
#1290 = AXIS2_PLACEMENT_3D ( 'NONE', #815, #1110, #3320 ) ;
#1291 = CIRCLE ( 'NONE', #2868, 1.799999999999999600 ) ;
#1292 = VERTEX_POINT ( 'NONE', #131 ) ;
#1293 = EDGE_CURVE ( 'NONE', #177, #1718, #94, .T. ) ;
#1294 = CARTESIAN_POINT ( 'NONE',  ( -5.199999999999421973, -15.47298721428274781, 0.000000000000000000 ) ) ;
#1295 = AXIS2_PLACEMENT_3D ( 'NONE', #3624, #1361, #3330 ) ;
#1296 = CIRCLE ( 'NONE', #1179, 1.800000000001699574 ) ;
#1297 = DIRECTION ( 'NONE',  ( 1.000000000000000000, 0.000000000000000000, 0.000000000000000000 ) ) ;
#1298 = CARTESIAN_POINT ( 'NONE',  ( -8.000000000000580869, 13.85640646055002634, -2.799999999999999822 ) ) ;
#1299 = PERSON_AND_ORGANIZATION ( #393, #3363 ) ;
#1300 = AXIS2_PLACEMENT_3D ( 'NONE', #740, #1863, #462 ) ;
#1301 = VERTEX_POINT ( 'NONE', #917 ) ;
#1302 = VERTEX_POINT ( 'NONE', #3416 ) ;
#1303 = CYLINDRICAL_SURFACE ( 'NONE', #642, 4.000000000000001776 ) ;
#1304 = AXIS2_PLACEMENT_3D ( 'NONE', #238, #1629, #2436 ) ;
#1305 = DIRECTION ( 'NONE',  ( 1.000000000000000000, 0.000000000000000000, 0.000000000000000000 ) ) ;
#1306 = ORIENTED_EDGE ( 'NONE', *, *, #734, .F. ) ;
#1307 = CARTESIAN_POINT ( 'NONE',  ( -12.12435565298440387, -7.000000000000412115, -6.000000000000001776 ) ) ;
#1308 = FACE_OUTER_BOUND ( 'NONE', #1128, .T. ) ;
#1309 = FACE_OUTER_BOUND ( 'NONE', #2083, .T. ) ;
#1310 = EDGE_CURVE ( 'NONE', #1405, #1292, #1740, .T. ) ;
#1311 = ORIENTED_EDGE ( 'NONE', *, *, #59, .F. ) ;
#1312 = DIRECTION ( 'NONE',  ( 1.000000000000000000, 0.000000000000000000, 0.000000000000000000 ) ) ;
#1313 = ADVANCED_FACE ( 'NONE', ( #898, #2353 ), #1811, .F. ) ;
#1314 = DIRECTION ( 'NONE',  ( 0.000000000000000000, 0.000000000000000000, 1.000000000000000000 ) ) ;
#1315 = CARTESIAN_POINT ( 'NONE',  ( 10.32435565298215963, 6.999999999999973355, -6.000000000000001776 ) ) ;
#1316 = APPROVAL_STATUS ( 'not_yet_approved' ) ;
#1317 = ORIENTED_EDGE ( 'NONE', *, *, #1355, .T. ) ;
#1318 = CARTESIAN_POINT ( 'NONE',  ( 9.124355652982806930, -7.000000000001834088, -6.000000000000000000 ) ) ;
#1319 = FACE_OUTER_BOUND ( 'NONE', #1770, .T. ) ;
#1320 = EDGE_LOOP ( 'NONE', ( #574, #492, #353, #186 ) ) ;
#1321 = LINE ( 'NONE', #2143, #2459 ) ;
#1322 = PLANE ( 'NONE',  #1300 ) ;
#1323 = ORIENTED_EDGE ( 'NONE', *, *, #391, .F. ) ;
#1324 = EDGE_CURVE ( 'NONE', #2552, #1272, #954, .T. ) ;
#1325 = CARTESIAN_POINT ( 'NONE',  ( 12.12435565298210882, -7.000000000000057732, 20.00000000000000000 ) ) ;
#1326 = CARTESIAN_POINT ( 'NONE',  ( 12.12435565298111051, -7.000000000003275602, 15.00000000000000000 ) ) ;
#1327 = CARTESIAN_POINT ( 'NONE',  ( 18.80000000000000426, -1.616580753730953335, -2.799999999999999822 ) ) ;
#1328 = EDGE_CURVE ( 'NONE', #2988, #2875, #2664, .T. ) ;
#1329 = DIRECTION ( 'NONE',  ( -0.000000000000000000, -0.000000000000000000, 1.000000000000000000 ) ) ;
#1330 = VERTEX_POINT ( 'NONE', #2020 ) ;
#1331 = EDGE_CURVE ( 'NONE', #672, #2925, #1244, .T. ) ;
#1332 = DIRECTION ( 'NONE',  ( -0.000000000000000000, -0.000000000000000000, -1.000000000000000000 ) ) ;
#1333 = FACE_OUTER_BOUND ( 'NONE', #1847, .T. ) ;
#1334 = AXIS2_PLACEMENT_3D ( 'NONE', #2502, #3074, #57 ) ;
#1335 = EDGE_LOOP ( 'NONE', ( #1915, #1624, #1605, #460 ) ) ;
#1336 = DIRECTION ( 'NONE',  ( 1.000000000000000000, 0.000000000000000000, 0.000000000000000000 ) ) ;
#1337 = LINE ( 'NONE', #3604, #657 ) ;
#1338 = VECTOR ( 'NONE', #749, 1000.000000000000000 ) ;
#1339 = ORIENTED_EDGE ( 'NONE', *, *, #3236, .T. ) ;
#1340 = AXIS2_PLACEMENT_3D ( 'NONE', #3377, #1923, #3049 ) ;
#1341 = VECTOR ( 'NONE', #2213, 1000.000000000000000 ) ;
#1342 = CYLINDRICAL_SURFACE ( 'NONE', #2180, 2.500000000000000000 ) ;
#1343 = CARTESIAN_POINT ( 'NONE',  ( 18.80000000000000426, 1.616580753730953557, 0.000000000000000000 ) ) ;
#1344 = VERTEX_POINT ( 'NONE', #3198 ) ;
#1345 = VECTOR ( 'NONE', #1885, 1000.000000000000227 ) ;
#1346 = FACE_OUTER_BOUND ( 'NONE', #965, .T. ) ;
#1347 = DIRECTION ( 'NONE',  ( -0.000000000000000000, -1.000000000000000000, -0.000000000000000000 ) ) ;
#1348 = VECTOR ( 'NONE', #2907, 1000.000000000000000 ) ;
#1349 = ADVANCED_FACE ( 'NONE', ( #3491 ), #933, .F. ) ;
#1350 = CIRCLE ( 'NONE', #3536, 1.799999999999999600 ) ;
#1351 = DIRECTION ( 'NONE',  ( -0.8660254037844383745, -0.5000000000000003331, 0.000000000000000000 ) ) ;
#1352 = CARTESIAN_POINT ( 'NONE',  ( 8.000000000000515143, -10.62324495308933514, -2.799999999999999822 ) ) ;
#1353 = CARTESIAN_POINT ( 'NONE',  ( -12.12435565298400064, 7.000000000000676792, 15.00000000000000000 ) ) ;
#1354 = AXIS2_PLACEMENT_3D ( 'NONE', #1504, #2144, #3192 ) ;
#1355 = EDGE_CURVE ( 'NONE', #543, #2890, #759, .T. ) ;
#1356 = VERTEX_POINT ( 'NONE', #3142 ) ;
#1357 = DIRECTION ( 'NONE',  ( -1.000000000000000000, 0.000000000000000000, 0.000000000000000000 ) ) ;
#1358 = DIRECTION ( 'NONE',  ( -0.000000000000000000, -0.000000000000000000, -1.000000000000000000 ) ) ;
#1359 = VERTEX_POINT ( 'NONE', #1780 ) ;
#1360 = CARTESIAN_POINT ( 'NONE',  ( 12.12435565298216034, 6.999999999999973355, 0.000000000000000000 ) ) ;
#1361 = DIRECTION ( 'NONE',  ( -0.000000000000000000, -0.000000000000000000, 1.000000000000000000 ) ) ;
#1362 = ORIENTED_EDGE ( 'NONE', *, *, #154, .T. ) ;
#1363 = ORIENTED_EDGE ( 'NONE', *, *, #983, .F. ) ;
#1364 = DIRECTION ( 'NONE',  ( -0.5000000000000014433, 0.8660254037844378194, 0.000000000000000000 ) ) ;
#1365 = CARTESIAN_POINT ( 'NONE',  ( 13.20000000000000284, -1.616580753730953335, -2.799999999999999822 ) ) ;
#1366 = PLANE ( 'NONE',  #1932 ) ;
#1367 = PLANE ( 'NONE',  #3229 ) ;
#1368 = CARTESIAN_POINT ( 'NONE',  ( 4.000000000000000000, 14.00000000000000178, 20.00000000000000000 ) ) ;
#1369 = EDGE_CURVE ( 'NONE', #1775, #2101, #2465, .T. ) ;
#1370 = VERTEX_POINT ( 'NONE', #1166 ) ;
#1371 = DIRECTION ( 'NONE',  ( -0.000000000000000000, -0.000000000000000000, -1.000000000000000000 ) ) ;
#1372 = PLANE ( 'NONE',  #2892 ) ;
#1373 = EDGE_CURVE ( 'NONE', #166, #2660, #3108, .T. ) ;
#1374 = ORIENTED_EDGE ( 'NONE', *, *, #3601, .F. ) ;
#1375 = DIRECTION ( 'NONE',  ( -1.000000000000000000, 0.000000000000000000, 0.000000000000000000 ) ) ;
#1376 = ADVANCED_FACE ( 'NONE', ( #1457, #1223 ), #3474, .T. ) ;
#1377 = CARTESIAN_POINT ( 'NONE',  ( 16.00000000000000355, 3.233161507461904005, -2.799999999999999822 ) ) ;
#1378 = VERTEX_POINT ( 'NONE', #2317 ) ;
#1379 = ORIENTED_EDGE ( 'NONE', *, *, #2773, .F. ) ;
#1380 = DIRECTION ( 'NONE',  ( 1.000000000000000000, 0.000000000000000000, 0.000000000000000000 ) ) ;
#1381 = DIRECTION ( 'NONE',  ( -0.000000000000000000, -0.000000000000000000, 1.000000000000000000 ) ) ;
#1382 = PLANE ( 'NONE',  #757 ) ;
#1383 = DIRECTION ( 'NONE',  ( 0.8660254037844377084, 0.5000000000000015543, 0.000000000000000000 ) ) ;
#1384 = CARTESIAN_POINT ( 'NONE',  ( -1.401656568589260132E-12, -14.00000000000130029, -6.000000000000000000 ) ) ;
#1385 = ORIENTED_EDGE ( 'NONE', *, *, #2842, .T. ) ;
#1386 = FACE_OUTER_BOUND ( 'NONE', #3238, .T. ) ;
#1387 = DIRECTION ( 'NONE',  ( -1.000000000000000000, 0.000000000000000000, 0.000000000000000000 ) ) ;
#1388 = AXIS2_PLACEMENT_3D ( 'NONE', #1957, #3081, #558 ) ;
#1389 = EDGE_CURVE ( 'NONE', #2988, #654, #3434, .T. ) ;
#1390 = EDGE_LOOP ( 'NONE', ( #1563, #1632, #118, #1956 ) ) ;
#1391 = LINE ( 'NONE', #1748, #656 ) ;
#1392 = LINE ( 'NONE', #1413, #2711 ) ;
#1393 = CIRCLE ( 'NONE', #55, 3.000000000000533351 ) ;
#1394 = EDGE_LOOP ( 'NONE', ( #3087, #3228 ) ) ;
#1395 = EDGE_CURVE ( 'NONE', #2552, #143, #1458, .T. ) ;
#1396 = ORIENTED_EDGE ( 'NONE', *, *, #835, .T. ) ;
#1397 = LINE ( 'NONE', #1698, #2757 ) ;
#1398 = LINE ( 'NONE', #1365, #1642 ) ;
#1399 = CIRCLE ( 'NONE', #2523, 3.000000000000174527 ) ;
#1400 = AXIS2_PLACEMENT_3D ( 'NONE', #2012, #2343, #356 ) ;
#1401 = DIRECTION ( 'NONE',  ( -0.000000000000000000, -0.000000000000000000, 1.000000000000000000 ) ) ;
#1402 = LINE ( 'NONE', #2844, #1052 ) ;
#1403 = DIRECTION ( 'NONE',  ( -0.000000000000000000, -0.000000000000000000, 1.000000000000000000 ) ) ;
#1404 = VECTOR ( 'NONE', #2011, 1000.000000000000000 ) ;
#1405 = VERTEX_POINT ( 'NONE', #2136 ) ;
#1406 = DIRECTION ( 'NONE',  ( -0.000000000000000000, -0.000000000000000000, -1.000000000000000000 ) ) ;
#1407 = VECTOR ( 'NONE', #1966, 1000.000000000000227 ) ;
#1408 = DIRECTION ( 'NONE',  ( -1.000000000000000000, 0.000000000000000000, 0.000000000000000000 ) ) ;
#1409 = CIRCLE ( 'NONE', #2361, 1.800000000001447997 ) ;
#1410 = VERTEX_POINT ( 'NONE', #491 ) ;
#1411 = ORIENTED_EDGE ( 'NONE', *, *, #516, .F. ) ;
#1412 = FACE_OUTER_BOUND ( 'NONE', #1854, .T. ) ;
#1413 = CARTESIAN_POINT ( 'NONE',  ( -18.79999999999987281, -1.616580753732059339, -2.799999999999999822 ) ) ;
#1414 = AXIS2_PLACEMENT_3D ( 'NONE', #1423, #2240, #2829 ) ;
#1415 = ADVANCED_FACE ( 'NONE', ( #1275 ), #745, .T. ) ;
#1416 = ORIENTED_EDGE ( 'NONE', *, *, #1066, .T. ) ;
#1417 = ORIENTED_EDGE ( 'NONE', *, *, #1546, .F. ) ;
#1418 = DIRECTION ( 'NONE',  ( -0.000000000000000000, -0.000000000000000000, 1.000000000000000000 ) ) ;
#1419 = FACE_OUTER_BOUND ( 'NONE', #1450, .T. ) ;
#1420 = EDGE_CURVE ( 'NONE', #3461, #2336, #1760, .T. ) ;
#1421 = VERTEX_POINT ( 'NONE', #2113 ) ;
#1422 = DIRECTION ( 'NONE',  ( -0.8660254037844385966, 0.4999999999999999445, 0.000000000000000000 ) ) ;
#1423 = CARTESIAN_POINT ( 'NONE',  ( 0.000000000000000000, 0.000000000000000000, 0.000000000000000000 ) ) ;
#1424 = ORIENTED_EDGE ( 'NONE', *, *, #2709, .T. ) ;
#1425 = DIRECTION ( 'NONE',  ( -0.8660254037844378194, -0.5000000000000015543, 0.000000000000000000 ) ) ;
#1426 = CARTESIAN_POINT ( 'NONE',  ( -12.12435565298400064, 7.000000000000676792, 15.00000000000000000 ) ) ;
#1427 = VERTEX_POINT ( 'NONE', #203 ) ;
#1428 = ORIENTED_EDGE ( 'NONE', *, *, #1198, .T. ) ;
#1429 = DIRECTION ( 'NONE',  ( 0.000000000000000000, 1.000000000000000000, 0.000000000000000000 ) ) ;
#1430 = DIRECTION ( 'NONE',  ( 1.000000000000000000, 0.000000000000000000, 0.000000000000000000 ) ) ;
#1431 = ORIENTED_EDGE ( 'NONE', *, *, #3072, .T. ) ;
#1432 = ORIENTED_EDGE ( 'NONE', *, *, #3580, .T. ) ;
#1433 = EDGE_CURVE ( 'NONE', #2271, #2433, #1111, .T. ) ;
#1434 = CARTESIAN_POINT ( 'NONE',  ( 5.199999999999546318, 15.47298721428164647, -2.799999999999999822 ) ) ;
#1435 = FACE_BOUND ( 'NONE', #1394, .T. ) ;
#1436 = EDGE_CURVE ( 'NONE', #584, #390, #730, .T. ) ;
#1437 = CYLINDRICAL_SURFACE ( 'NONE', #1818, 4.000000000000000000 ) ;
#1438 = CARTESIAN_POINT ( 'NONE',  ( 7.999999999999550582, 10.62324495308878802, -2.799999999999999822 ) ) ;
#1439 = DIRECTION ( 'NONE',  ( -0.000000000000000000, -0.000000000000000000, 1.000000000000000000 ) ) ;
#1440 = DIRECTION ( 'NONE',  ( -0.000000000000000000, -0.000000000000000000, 1.000000000000000000 ) ) ;
#1441 = ADVANCED_FACE ( 'NONE', ( #3032 ), #1013, .F. ) ;
#1442 = ORIENTED_EDGE ( 'NONE', *, *, #1433, .F. ) ;
#1443 = PLANE ( 'NONE',  #2696 ) ;
#1444 = CARTESIAN_POINT ( 'NONE',  ( 8.000000000000575540, -13.85640646055134972, -9.000000000000000000 ) ) ;
#1445 = VERTEX_POINT ( 'NONE', #1907 ) ;
#1446 = ORIENTED_EDGE ( 'NONE', *, *, #1914, .T. ) ;
#1447 = DIRECTION ( 'NONE',  ( 0.4999999999999995559, -0.8660254037844389297, 0.000000000000000000 ) ) ;
#1448 = DIRECTION ( 'NONE',  ( -1.000000000000000000, 0.000000000000000000, 0.000000000000000000 ) ) ;
#1449 = VECTOR ( 'NONE', #711, 1000.000000000000000 ) ;
#1450 = EDGE_LOOP ( 'NONE', ( #3582, #40, #2946, #511 ) ) ;
#1451 = ORIENTED_EDGE ( 'NONE', *, *, #234, .T. ) ;
#1452 = VECTOR ( 'NONE', #2300, 1000.000000000000000 ) ;
#1453 = PLANE ( 'NONE',  #2164 ) ;
#1454 = DIRECTION ( 'NONE',  ( -1.000000000000000000, 0.000000000000000000, 0.000000000000000000 ) ) ;
#1455 = CIRCLE ( 'NONE', #872, 3.000000000000631939 ) ;
#1456 = CYLINDRICAL_SURFACE ( 'NONE', #2110, 1.800000000000646638 ) ;
#1457 = FACE_OUTER_BOUND ( 'NONE', #1108, .T. ) ;
#1458 = CIRCLE ( 'NONE', #1991, 3.999999999999503952 ) ;
#1459 = AXIS2_PLACEMENT_3D ( 'NONE', #1920, #814, #1663 ) ;
#1460 = EDGE_CURVE ( 'NONE', #2564, #901, #3017, .T. ) ;
#1461 = VECTOR ( 'NONE', #3574, 1000.000000000000000 ) ;
#1462 = CARTESIAN_POINT ( 'NONE',  ( 9.800000000001368505, -13.85640646055134972, -10.00000000000000000 ) ) ;
#1463 = VERTEX_POINT ( 'NONE', #3563 ) ;
#1464 = DIRECTION ( 'NONE',  ( -0.000000000000000000, -0.000000000000000000, 1.000000000000000000 ) ) ;
#1465 = CARTESIAN_POINT ( 'NONE',  ( -1.800000000001143352, 14.00000000000086331, -6.000000000000000000 ) ) ;
#1466 = VECTOR ( 'NONE', #3161, 1000.000000000000000 ) ;
#1467 = EDGE_CURVE ( 'NONE', #792, #1973, #1836, .T. ) ;
#1468 = ORIENTED_EDGE ( 'NONE', *, *, #1943, .F. ) ;
#1469 = ORIENTED_EDGE ( 'NONE', *, *, #2709, .F. ) ;
#1470 = LINE ( 'NONE', #3149, #189 ) ;
#1471 = LINE ( 'NONE', #2308, #184 ) ;
#1472 = VECTOR ( 'NONE', #1288, 1000.000000000000000 ) ;
#1473 = ORIENTED_EDGE ( 'NONE', *, *, #3287, .F. ) ;
#1474 = EDGE_LOOP ( 'NONE', ( #250, #3501 ) ) ;
#1475 = VECTOR ( 'NONE', #2725, 1000.000000000000114 ) ;
#1476 = DIRECTION ( 'NONE',  ( -0.000000000000000000, -0.000000000000000000, 1.000000000000000000 ) ) ;
#1477 = FACE_BOUND ( 'NONE', #1746, .T. ) ;
#1478 = CARTESIAN_POINT ( 'NONE',  ( -8.000000000000580869, 13.85640646055002634, -10.00000000000000000 ) ) ;
#1479 = MECHANICAL_CONTEXT ( 'NONE', #1585, 'mechanical' ) ;
#1480 = DIRECTION ( 'NONE',  ( -0.000000000000000000, -0.000000000000000000, 1.000000000000000000 ) ) ;
#1481 = EDGE_LOOP ( 'NONE', ( #24, #2517, #3403, #1764 ) ) ;
#1482 = EDGE_CURVE ( 'NONE', #1302, #551, #2735, .T. ) ;
#1483 = DIRECTION ( 'NONE',  ( 0.000000000000000000, -1.000000000000000000, 0.000000000000000000 ) ) ;
#1484 = PLANE ( 'NONE',  #2242 ) ;
#1485 = ORIENTED_EDGE ( 'NONE', *, *, #2211, .T. ) ;
#1486 = VERTEX_POINT ( 'NONE', #2997 ) ;
#1487 = EDGE_CURVE ( 'NONE', #834, #2982, #1259, .T. ) ;
#1488 = CARTESIAN_POINT ( 'NONE',  ( -13.92435565298569955, 7.000000000000676792, -6.000000000000001776 ) ) ;
#1489 = DIRECTION ( 'NONE',  ( 0.000000000000000000, 0.000000000000000000, 1.000000000000000000 ) ) ;
#1490 = EDGE_LOOP ( 'NONE', ( #3598, #1416 ) ) ;
#1491 = ORIENTED_EDGE ( 'NONE', *, *, #2416, .T. ) ;
#1492 = ADVANCED_FACE ( 'NONE', ( #1852 ), #2183, .T. ) ;
#1493 = CARTESIAN_POINT ( 'NONE',  ( -10.80000000000038796, 12.23982570681918070, -2.799999999999999822 ) ) ;
#1494 = DIRECTION ( 'NONE',  ( 1.000000000000000000, 0.000000000000000000, 0.000000000000000000 ) ) ;
#1495 = DESIGN_CONTEXT ( 'detailed design', #14, 'design' ) ;
#1496 = CARTESIAN_POINT ( 'NONE',  ( -8.000000000000387246, 10.62324495308823025, -2.799999999999999822 ) ) ;
#1497 = CARTESIAN_POINT ( 'NONE',  ( -5.200000000000389200, 15.47298721428108692, -2.799999999999999822 ) ) ;
#1498 = PLANE ( 'NONE',  #1177 ) ;
#1499 = ORIENTED_EDGE ( 'NONE', *, *, #2571, .T. ) ;
#1500 = DIRECTION ( 'NONE',  ( 1.000000000000000000, 0.000000000000000000, 0.000000000000000000 ) ) ;
#1501 = LINE ( 'NONE', #3482, #3418 ) ;
#1502 = ORIENTED_EDGE ( 'NONE', *, *, #2567, .F. ) ;
#1503 = ORIENTED_EDGE ( 'NONE', *, *, #2937, .T. ) ;
#1504 = CARTESIAN_POINT ( 'NONE',  ( 1.503137891933903347E-12, 14.00000000000130029, -6.000000000000000000 ) ) ;
#1505 = CARTESIAN_POINT ( 'NONE',  ( -9.124355652985885357, -7.000000000001040945, -9.000000000000000000 ) ) ;
#1506 = ORIENTED_EDGE ( 'NONE', *, *, #3311, .F. ) ;
#1507 = EDGE_CURVE ( 'NONE', #1843, #28, #2979, .T. ) ;
#1508 = ORIENTED_EDGE ( 'NONE', *, *, #1482, .F. ) ;
#1509 = CARTESIAN_POINT ( 'NONE',  ( -12.12435565298025253, 6.999999999999557687, 15.00000000000000000 ) ) ;
#1510 = EDGE_CURVE ( 'NONE', #2157, #946, #1637, .T. ) ;
#1511 = AXIS2_PLACEMENT_3D ( 'NONE', #1981, #38, #3421 ) ;
#1512 = DIRECTION ( 'NONE',  ( -0.8660254037844380415, -0.5000000000000008882, 0.000000000000000000 ) ) ;
#1513 = MANIFOLD_SOLID_BREP ( '\X2\570689d2\X0\4', #2810 ) ;
#1514 = DIRECTION ( 'NONE',  ( 0.8660254037844385966, 0.5000000000000001110, 0.000000000000000000 ) ) ;
#1515 = CALENDAR_DATE ( 2026, 28, 8 ) ;
#1516 = AXIS2_PLACEMENT_3D ( 'NONE', #82, #2867, #1500 ) ;
#1517 = FACE_OUTER_BOUND ( 'NONE', #2855, .T. ) ;
#1518 = AXIS2_PLACEMENT_3D ( 'NONE', #2078, #618, #2591 ) ;
#1519 = ORIENTED_EDGE ( 'NONE', *, *, #1959, .T. ) ;
#1520 = AXIS2_PLACEMENT_3D ( 'NONE', #2444, #2961, #1570 ) ;
#1521 = CARTESIAN_POINT ( 'NONE',  ( 7.999999999999431566, 13.85640646055068892, -10.00000000000000000 ) ) ;
#1522 = DIRECTION ( 'NONE',  ( 0.8660254037844389297, -0.4999999999999995004, 0.000000000000000000 ) ) ;
#1523 = VECTOR ( 'NONE', #1476, 1000.000000000000000 ) ;
#1524 = ORIENTED_EDGE ( 'NONE', *, *, #1084, .F. ) ;
#1525 = ORIENTED_EDGE ( 'NONE', *, *, #1225, .T. ) ;
#1526 = PLANE ( 'NONE',  #2933 ) ;
#1527 = AXIS2_PLACEMENT_3D ( 'NONE', #2635, #120, #1448 ) ;
#1528 = LINE ( 'NONE', #3265, #3014 ) ;
#1529 = PLANE ( 'NONE',  #2471 ) ;
#1530 = VECTOR ( 'NONE', #2561, 1000.000000000000000 ) ;
#1531 = ORIENTED_EDGE ( 'NONE', *, *, #3042, .T. ) ;
#1532 = EDGE_CURVE ( 'NONE', #3496, #2138, #525, .T. ) ;
#1533 = DIRECTION ( 'NONE',  ( 1.000000000000000000, 0.000000000000000000, 0.000000000000000000 ) ) ;
#1534 = CIRCLE ( 'NONE', #2769, 1.800000000001844347 ) ;
#1535 = VECTOR ( 'NONE', #1859, 1000.000000000000000 ) ;
#1536 = CARTESIAN_POINT ( 'NONE',  ( -7.999999999999419131, -17.08956796801370004, -2.799999999999999822 ) ) ;
#1537 = EDGE_CURVE ( 'NONE', #2138, #1969, #472, .T. ) ;
#1538 = LINE ( 'NONE', #2643, #1228 ) ;
#1539 = APPROVAL_ROLE ( '' ) ;
#1540 = ORIENTED_EDGE ( 'NONE', *, *, #1482, .T. ) ;
#1541 = ORIENTED_EDGE ( 'NONE', *, *, #2914, .T. ) ;
#1542 = VERTEX_POINT ( 'NONE', #989 ) ;
#1543 = DIRECTION ( 'NONE',  ( -1.000000000000000000, 0.000000000000000000, 0.000000000000000000 ) ) ;
#1544 = DIRECTION ( 'NONE',  ( 0.8660254037844379305, 0.5000000000000012212, 0.000000000000000000 ) ) ;
#1545 = ORIENTED_EDGE ( 'NONE', *, *, #1328, .T. ) ;
#1546 = EDGE_CURVE ( 'NONE', #2014, #3104, #3172, .T. ) ;
#1547 = ORIENTED_EDGE ( 'NONE', *, *, #3423, .F. ) ;
#1548 = DIRECTION ( 'NONE',  ( -1.000000000000000000, 0.000000000000000000, 0.000000000000000000 ) ) ;
#1549 = CARTESIAN_POINT ( 'NONE',  ( -9.800000000002238920, 13.85640646055002634, -9.000000000000000000 ) ) ;
#1550 = DIRECTION ( 'NONE',  ( -1.000000000000000000, 0.000000000000000000, 0.000000000000000000 ) ) ;
#1551 = VERTEX_POINT ( 'NONE', #1890 ) ;
#1552 = DIRECTION ( 'NONE',  ( -1.000000000000000000, 0.000000000000000000, 0.000000000000000000 ) ) ;
#1553 = ADVANCED_FACE ( 'NONE', ( #1028 ), #2151, .T. ) ;
#1554 = DIRECTION ( 'NONE',  ( -0.000000000000000000, -0.000000000000000000, 1.000000000000000000 ) ) ;
#1555 = DIRECTION ( 'NONE',  ( -0.000000000000000000, -0.000000000000000000, -1.000000000000000000 ) ) ;
#1556 = COORDINATED_UNIVERSAL_TIME_OFFSET ( 8, 0, .AHEAD. ) ;
#1557 = EDGE_CURVE ( 'NONE', #1718, #2508, #12, .T. ) ;
#1558 = ORIENTED_EDGE ( 'NONE', *, *, #1066, .F. ) ;
#1559 = ORIENTED_EDGE ( 'NONE', *, *, #2169, .F. ) ;
#1560 = DIRECTION ( 'NONE',  ( -0.8660254037844388186, -0.4999999999999995559, 0.000000000000000000 ) ) ;
#1561 = CYLINDRICAL_SURFACE ( 'NONE', #2719, 3.000000000000533351 ) ;
#1562 = ADVANCED_FACE ( 'NONE', ( #2254 ), #3374, .F. ) ;
#1563 = ORIENTED_EDGE ( 'NONE', *, *, #2443, .F. ) ;
#1564 = ORIENTED_EDGE ( 'NONE', *, *, #1684, .T. ) ;
#1565 = CARTESIAN_POINT ( 'NONE',  ( 12.12435565298111051, -7.000000000003275602, 15.00000000000000000 ) ) ;
#1566 = DIRECTION ( 'NONE',  ( -0.000000000000000000, -0.000000000000000000, 1.000000000000000000 ) ) ;
#1567 = LINE ( 'NONE', #3209, #68 ) ;
#1568 = VERTEX_POINT ( 'NONE', #3335 ) ;
#1569 = FACE_OUTER_BOUND ( 'NONE', #248, .T. ) ;
#1570 = DIRECTION ( 'NONE',  ( -1.000000000000000000, 0.000000000000000000, 0.000000000000000000 ) ) ;
#1571 = DIRECTION ( 'NONE',  ( -1.000000000000000000, 0.000000000000000000, 0.000000000000000000 ) ) ;
#1572 = AXIS2_PLACEMENT_3D ( 'NONE', #2710, #1899, #2173 ) ;
#1573 = ORIENTED_EDGE ( 'NONE', *, *, #1106, .F. ) ;
#1574 = ORIENTED_EDGE ( 'NONE', *, *, #1943, .T. ) ;
#1575 = FACE_OUTER_BOUND ( 'NONE', #2091, .T. ) ;
#1576 = DIRECTION ( 'NONE',  ( -1.000000000000000000, 0.000000000000000000, 0.000000000000000000 ) ) ;
#1577 = ADVANCED_FACE ( 'NONE', ( #1419 ), #1995, .F. ) ;
#1578 = VECTOR ( 'NONE', #1514, 1000.000000000000114 ) ;
#1579 = ORIENTED_EDGE ( 'NONE', *, *, #1026, .T. ) ;
#1580 = CARTESIAN_POINT ( 'NONE',  ( 2.499999999999916511, 8.637267765684129513E-13, -9.000000000000000000 ) ) ;
#1581 = CARTESIAN_POINT ( 'NONE',  ( 10.79999999999954596, 15.47298721428164647, -2.799999999999999822 ) ) ;
#1582 = EDGE_CURVE ( 'NONE', #3104, #568, #467, .T. ) ;
#1583 = DIRECTION ( 'NONE',  ( -0.000000000000000000, -0.000000000000000000, 1.000000000000000000 ) ) ;
#1584 = AXIS2_PLACEMENT_3D ( 'NONE', #2163, #3549, #3509 ) ;
#1585 = APPLICATION_CONTEXT ( 'configuration controlled 3d designs of mechanical parts and assemblies' ) ;
#1586 = CIRCLE ( 'NONE', #3639, 1.800000000001028111 ) ;
#1587 = VERTEX_POINT ( 'NONE', #1921 ) ;
#1588 = CYLINDRICAL_SURFACE ( 'NONE', #289, 6.500000000000000888 ) ;
#1589 = AXIS2_PLACEMENT_3D ( 'NONE', #780, #3302, #1620 ) ;
#1590 = AXIS2_PLACEMENT_3D ( 'NONE', #650, #3426, #3385 ) ;
#1591 = CARTESIAN_POINT ( 'NONE',  ( 0.000000000000000000, 14.00000000000000178, 20.00000000000000000 ) ) ;
#1592 = DIRECTION ( 'NONE',  ( 1.000000000000000000, 0.000000000000000000, 0.000000000000000000 ) ) ;
#1593 = APPROVAL_DATE_TIME ( #2980, #2921 ) ;
#1594 = CIRCLE ( 'NONE', #2005, 4.000000000000000000 ) ;
#1595 = ORIENTED_EDGE ( 'NONE', *, *, #201, .T. ) ;
#1596 = CARTESIAN_POINT ( 'NONE',  ( 15.12435565298381235, 7.000000000001044498, -6.000000000000000000 ) ) ;
#1597 = VECTOR ( 'NONE', #2789, 1000.000000000000000 ) ;
#1598 = CARTESIAN_POINT ( 'NONE',  ( -17.80000000000103100, -1.323583440925238459E-12, -9.000000000000000000 ) ) ;
#1599 = VECTOR ( 'NONE', #1704, 1000.000000000000000 ) ;
#1600 = EDGE_CURVE ( 'NONE', #2264, #538, #3046, .T. ) ;
#1601 = ORIENTED_EDGE ( 'NONE', *, *, #253, .T. ) ;
#1602 = PLANE ( 'NONE',  #3628 ) ;
#1603 = DIRECTION ( 'NONE',  ( 0.8660254037844380415, 0.5000000000000013323, 0.000000000000000000 ) ) ;
#1604 = ADVANCED_FACE ( 'NONE', ( #854 ), #3358, .T. ) ;
#1605 = ORIENTED_EDGE ( 'NONE', *, *, #3580, .F. ) ;
#1606 = FACE_OUTER_BOUND ( 'NONE', #520, .T. ) ;
#1607 = LINE ( 'NONE', #1273, #1345 ) ;
#1608 = EDGE_CURVE ( 'NONE', #2014, #2839, #180, .T. ) ;
#1609 = CARTESIAN_POINT ( 'NONE',  ( -15.99999999999987210, -3.233161507463009787, 0.000000000000000000 ) ) ;
#1610 = DIRECTION ( 'NONE',  ( -0.000000000000000000, -0.000000000000000000, 1.000000000000000000 ) ) ;
#1611 = ADVANCED_FACE ( 'NONE', ( #2771 ), #871, .F. ) ;
#1612 = EDGE_LOOP ( 'NONE', ( #1015, #1141, #1683, #1034 ) ) ;
#1613 = CARTESIAN_POINT ( 'NONE',  ( -20.00000000000000000, 2.449293598294706513E-15, -6.000000000000000000 ) ) ;
#1614 = CARTESIAN_POINT ( 'NONE',  ( 0.000000000000000000, 0.000000000000000000, -4.000000000000000000 ) ) ;
#1615 = VERTEX_POINT ( 'NONE', #267 ) ;
#1616 = DIRECTION ( 'NONE',  ( 0.8660254037844389297, -0.4999999999999995004, 0.000000000000000000 ) ) ;
#1617 = CARTESIAN_POINT ( 'NONE',  ( -7.999999999999426237, -13.85640646055201586, -9.000000000000000000 ) ) ;
#1618 = VERTEX_POINT ( 'NONE', #2551 ) ;
#1619 = FACE_OUTER_BOUND ( 'NONE', #647, .T. ) ;
#1620 = DIRECTION ( 'NONE',  ( -1.000000000000000000, 0.000000000000000000, 0.000000000000000000 ) ) ;
#1621 = EDGE_CURVE ( 'NONE', #1445, #1359, #798, .T. ) ;
#1622 = ORIENTED_EDGE ( 'NONE', *, *, #2035, .F. ) ;
#1623 = CARTESIAN_POINT ( 'NONE',  ( 13.92435565298215927, 6.999999999999973355, 15.00000000000000000 ) ) ;
#1624 = ORIENTED_EDGE ( 'NONE', *, *, #6, .F. ) ;
#1625 = CARTESIAN_POINT ( 'NONE',  ( -16.00000000000000355, -1.323803877349084987E-12, -10.00000000000000000 ) ) ;
#1626 = EDGE_CURVE ( 'NONE', #2375, #3285, #1398, .T. ) ;
#1627 = CARTESIAN_POINT ( 'NONE',  ( -8.000000000000389022, 17.08956796801204092, -2.799999999999999822 ) ) ;
#1628 = CARTESIAN_POINT ( 'NONE',  ( 8.000000000000515143, -10.62324495308933514, -2.799999999999999822 ) ) ;
#1629 = DIRECTION ( 'NONE',  ( 0.000000000000000000, 0.000000000000000000, -1.000000000000000000 ) ) ;
#1630 = CIRCLE ( 'NONE', #2939, 1.800000000000429923 ) ;
#1631 = VECTOR ( 'NONE', #3540, 1000.000000000000000 ) ;
#1632 = ORIENTED_EDGE ( 'NONE', *, *, #1117, .T. ) ;
#1633 = CARTESIAN_POINT ( 'NONE',  ( -18.79999999999987281, -1.616580753732059339, -2.799999999999999822 ) ) ;
#1634 = DIRECTION ( 'NONE',  ( -0.000000000000000000, -0.000000000000000000, -1.000000000000000000 ) ) ;
#1635 = VECTOR ( 'NONE', #1723, 1000.000000000000227 ) ;
#1636 = ORIENTED_EDGE ( 'NONE', *, *, #1828, .F. ) ;
#1637 = CIRCLE ( 'NONE', #60, 1.800000000001657829 ) ;
#1638 = VECTOR ( 'NONE', #2316, 1000.000000000000000 ) ;
#1639 = DIRECTION ( 'NONE',  ( -0.000000000000000000, -0.000000000000000000, 1.000000000000000000 ) ) ;
#1640 = DIRECTION ( 'NONE',  ( -0.000000000000000000, -0.000000000000000000, 1.000000000000000000 ) ) ;
#1641 = ORIENTED_EDGE ( 'NONE', *, *, #3292, .T. ) ;
#1642 = VECTOR ( 'NONE', #1679, 1000.000000000000000 ) ;
#1643 = ORIENTED_EDGE ( 'NONE', *, *, #523, .T. ) ;
#1644 = EDGE_CURVE ( 'NONE', #2493, #387, #1586, .T. ) ;
#1645 = CARTESIAN_POINT ( 'NONE',  ( 16.12435565298216034, 6.999999999999974243, 0.000000000000000000 ) ) ;
#1646 = CARTESIAN_POINT ( 'NONE',  ( -1.530358235279820928E-12, -14.00000000000130207, -6.000000000000001776 ) ) ;
#1647 = CIRCLE ( 'NONE', #532, 3.999999999999503952 ) ;
#1648 = CIRCLE ( 'NONE', #2067, 4.000000000000001776 ) ;
#1649 = EDGE_CURVE ( 'NONE', #3383, #828, #2942, .T. ) ;
#1650 = ORIENTED_EDGE ( 'NONE', *, *, #3493, .F. ) ;
#1651 = FACE_OUTER_BOUND ( 'NONE', #3280, .T. ) ;
#1652 = DIRECTION ( 'NONE',  ( 1.000000000000000000, 0.000000000000000000, 0.000000000000000000 ) ) ;
#1653 = AXIS2_PLACEMENT_3D ( 'NONE', #1235, #3247, #2931 ) ;
#1654 = ADVANCED_FACE ( 'NONE', ( #31 ), #1148, .F. ) ;
#1655 = CIRCLE ( 'NONE', #247, 20.00000000000000000 ) ;
#1656 = VERTEX_POINT ( 'NONE', #2531 ) ;
#1657 = CARTESIAN_POINT ( 'NONE',  ( 6.199999999999782574, -13.85640646055134972, -10.00000000000000000 ) ) ;
#1658 = DIRECTION ( 'NONE',  ( -0.000000000000000000, -0.000000000000000000, 1.000000000000000000 ) ) ;
#1659 = ORIENTED_EDGE ( 'NONE', *, *, #320, .F. ) ;
#1660 = DIRECTION ( 'NONE',  ( 1.000000000000000000, 0.000000000000000000, 0.000000000000000000 ) ) ;
#1661 = CARTESIAN_POINT ( 'NONE',  ( 5.199999999999546318, 12.23982570681974202, 0.000000000000000000 ) ) ;
#1662 = ORIENTED_EDGE ( 'NONE', *, *, #2229, .T. ) ;
#1663 = DIRECTION ( 'NONE',  ( -1.000000000000000000, 0.000000000000000000, 0.000000000000000000 ) ) ;
#1664 = DIRECTION ( 'NONE',  ( 0.000000000000000000, 0.000000000000000000, -1.000000000000000000 ) ) ;
#1665 = EDGE_LOOP ( 'NONE', ( #3365, #2965 ) ) ;
#1666 = DIRECTION ( 'NONE',  ( -1.000000000000000000, 0.000000000000000000, 0.000000000000000000 ) ) ;
#1667 = DIRECTION ( 'NONE',  ( 0.000000000000000000, 0.000000000000000000, 1.000000000000000000 ) ) ;
#1668 = EDGE_CURVE ( 'NONE', #737, #834, #576, .T. ) ;
#1669 = EDGE_LOOP ( 'NONE', ( #2031, #2781 ) ) ;
#1670 = FACE_BOUND ( 'NONE', #3190, .T. ) ;
#1671 = DIRECTION ( 'NONE',  ( -1.000000000000000000, 0.000000000000000000, 0.000000000000000000 ) ) ;
#1672 = EDGE_CURVE ( 'NONE', #672, #1445, #3175, .T. ) ;
#1673 = ORIENTED_EDGE ( 'NONE', *, *, #957, .T. ) ;
#1674 = CARTESIAN_POINT ( 'NONE',  ( 10.80000000000051585, -15.47298721428219004, -2.799999999999999822 ) ) ;
#1675 = DIRECTION ( 'NONE',  ( 1.000000000000000000, -0.000000000000000000, 0.000000000000000000 ) ) ;
#1676 = EDGE_LOOP ( 'NONE', ( #1892, #334, #1839, #2208 ) ) ;
#1677 = ORIENTED_EDGE ( 'NONE', *, *, #3445, .T. ) ;
#1678 = CARTESIAN_POINT ( 'NONE',  ( 0.000000000000000000, 0.000000000000000000, 0.000000000000000000 ) ) ;
#1679 = DIRECTION ( 'NONE',  ( -0.000000000000000000, -0.000000000000000000, 1.000000000000000000 ) ) ;
#1680 = ORIENTED_EDGE ( 'NONE', *, *, #59, .T. ) ;
#1681 = CARTESIAN_POINT ( 'NONE',  ( -9.124355652985885357, -7.000000000001040945, -7.000000000000000000 ) ) ;
#1682 = LINE ( 'NONE', #877, #1067 ) ;
#1683 = ORIENTED_EDGE ( 'NONE', *, *, #3452, .T. ) ;
#1684 = EDGE_CURVE ( 'NONE', #2101, #1775, #1399, .T. ) ;
#1685 = DIRECTION ( 'NONE',  ( -0.000000000000000000, -0.000000000000000000, 1.000000000000000000 ) ) ;
#1686 = CARTESIAN_POINT ( 'NONE',  ( -16.12435565298221007, -6.999999999999887201, 20.00000000000000000 ) ) ;
#1687 = VECTOR ( 'NONE', #1371, 1000.000000000000000 ) ;
#1688 = ORIENTED_EDGE ( 'NONE', *, *, #2667, .F. ) ;
#1689 = ORIENTED_EDGE ( 'NONE', *, *, #816, .T. ) ;
#1690 = EDGE_CURVE ( 'NONE', #1137, #998, #92, .T. ) ;
#1691 = CARTESIAN_POINT ( 'NONE',  ( -5.200000000000384759, 12.23982570681918425, -2.799999999999999822 ) ) ;
#1692 = DIRECTION ( 'NONE',  ( 0.000000000000000000, 0.000000000000000000, 1.000000000000000000 ) ) ;
#1693 = VECTOR ( 'NONE', #3290, 1000.000000000000227 ) ;
#1694 = ORIENTED_EDGE ( 'NONE', *, *, #2015, .T. ) ;
#1695 = VECTOR ( 'NONE', #1132, 1000.000000000000000 ) ;
#1696 = ORIENTED_EDGE ( 'NONE', *, *, #641, .T. ) ;
#1697 = AXIS2_PLACEMENT_3D ( 'NONE', #251, #1109, #1077 ) ;
#1698 = CARTESIAN_POINT ( 'NONE',  ( -13.19999999999987139, 1.616580753729848441, 0.000000000000000000 ) ) ;
#1699 = DIRECTION ( 'NONE',  ( -1.000000000000000000, 0.000000000000000000, 0.000000000000000000 ) ) ;
#1700 = CIRCLE ( 'NONE', #706, 4.000000000002549960 ) ;
#1701 = VECTOR ( 'NONE', #298, 1000.000000000000000 ) ;
#1702 = EDGE_LOOP ( 'NONE', ( #715, #77, #405, #663 ) ) ;
#1703 = FACE_OUTER_BOUND ( 'NONE', #1277, .T. ) ;
#1704 = DIRECTION ( 'NONE',  ( -0.8660254037844381525, 0.5000000000000008882, 0.000000000000000000 ) ) ;
#1705 = VECTOR ( 'NONE', #141, 1000.000000000000000 ) ;
#1706 = EDGE_LOOP ( 'NONE', ( #1908, #3318, #85, #1262, #3512, #1485 ) ) ;
#1707 = DIRECTION ( 'NONE',  ( -0.000000000000000000, -0.000000000000000000, 1.000000000000000000 ) ) ;
#1708 = CIRCLE ( 'NONE', #191, 1.800000000000589351 ) ;
#1709 = DIRECTION ( 'NONE',  ( -0.000000000000000000, -0.000000000000000000, 1.000000000000000000 ) ) ;
#1710 = EDGE_CURVE ( 'NONE', #1073, #1302, #2644, .T. ) ;
#1711 = CIRCLE ( 'NONE', #137, 21.00000000000000000 ) ;
#1712 = VERTEX_POINT ( 'NONE', #3155 ) ;
#1713 = ORIENTED_EDGE ( 'NONE', *, *, #1833, .T. ) ;
#1714 = CYLINDRICAL_SURFACE ( 'NONE', #1590, 4.000000000000001776 ) ;
#1715 = DIRECTION ( 'NONE',  ( 0.000000000000000000, -1.000000000000000000, 0.000000000000000000 ) ) ;
#1716 = ORIENTED_EDGE ( 'NONE', *, *, #13, .T. ) ;
#1717 = EDGE_CURVE ( 'NONE', #28, #851, #3467, .T. ) ;
#1718 = VERTEX_POINT ( 'NONE', #71 ) ;
#1719 = CARTESIAN_POINT ( 'NONE',  ( 5.199999999999546318, 12.23982570681974202, -2.799999999999999822 ) ) ;
#1720 = PLANE ( 'NONE',  #878 ) ;
#1721 = ADVANCED_FACE ( 'NONE', ( #2841, #2331, #1219, #2368, #2640, #360, #3469, #3489, #929, #3211, #2018, #2587, #321, #2314 ), #337, .T. ) ;
#1722 = FACE_OUTER_BOUND ( 'NONE', #2866, .T. ) ;
#1723 = DIRECTION ( 'NONE',  ( -0.8660254037844384856, 0.5000000000000001110, 0.000000000000000000 ) ) ;
#1724 = DIRECTION ( 'NONE',  ( 1.000000000000000000, 0.000000000000000000, 0.000000000000000000 ) ) ;
#1725 = CARTESIAN_POINT ( 'NONE',  ( -1.800000000003280087, -14.00000000000130207, -6.000000000000001776 ) ) ;
#1726 = VERTEX_POINT ( 'NONE', #615 ) ;
#1727 = LINE ( 'NONE', #3398, #1687 ) ;
#1728 = DIRECTION ( 'NONE',  ( -0.8660254037844384856, 0.5000000000000002220, 0.000000000000000000 ) ) ;
#1729 = ORIENTED_EDGE ( 'NONE', *, *, #3003, .F. ) ;
#1730 = ORIENTED_EDGE ( 'NONE', *, *, #1532, .T. ) ;
#1731 = PLANE ( 'NONE',  #7 ) ;
#1732 = DIRECTION ( 'NONE',  ( 0.8660254037844389297, -0.4999999999999995004, 0.000000000000000000 ) ) ;
#1733 = ORIENTED_EDGE ( 'NONE', *, *, #261, .F. ) ;
#1734 = VERTEX_POINT ( 'NONE', #1755 ) ;
#1735 = DIRECTION ( 'NONE',  ( -1.000000000000000000, 0.000000000000000000, 0.000000000000000000 ) ) ;
#1736 = EDGE_CURVE ( 'NONE', #2138, #3496, #1232, .T. ) ;
#1737 = DIRECTION ( 'NONE',  ( 0.000000000000000000, 0.000000000000000000, 1.000000000000000000 ) ) ;
#1738 = FACE_BOUND ( 'NONE', #855, .T. ) ;
#1739 = ADVANCED_FACE ( 'NONE', ( #1188, #1435 ), #1720, .T. ) ;
#1740 = LINE ( 'NONE', #676, #1816 ) ;
#1741 = CARTESIAN_POINT ( 'NONE',  ( 6.199999999999782574, -13.85640646055134972, -9.000000000000000000 ) ) ;
#1742 = DIRECTION ( 'NONE',  ( -1.000000000000000000, 0.000000000000000000, 0.000000000000000000 ) ) ;
#1743 = EDGE_LOOP ( 'NONE', ( #993, #2406, #3409, #224 ) ) ;
#1744 = CARTESIAN_POINT ( 'NONE',  ( -5.199999999999421973, -15.47298721428274781, -2.799999999999999822 ) ) ;
#1745 = CARTESIAN_POINT ( 'NONE',  ( -12.12435565298400064, 7.000000000000676792, -6.000000000000001776 ) ) ;
#1746 = EDGE_LOOP ( 'NONE', ( #2418, #652, #1007, #3091, #2434, #1311 ) ) ;
#1747 = VERTEX_POINT ( 'NONE', #896 ) ;
#1748 = CARTESIAN_POINT ( 'NONE',  ( 15.12435565298465434, -7.000000000002367884, -7.000000000000000000 ) ) ;
#1749 = DIRECTION ( 'NONE',  ( 1.000000000000000000, 0.000000000000000000, 0.000000000000000000 ) ) ;
#1750 = TOROIDAL_SURFACE ( 'NONE', #171, 19.00000000000000000, 1.000000000000000000 ) ;
#1751 = ORIENTED_EDGE ( 'NONE', *, *, #1182, .F. ) ;
#1752 = ORIENTED_EDGE ( 'NONE', *, *, #2794, .T. ) ;
#1753 = CIRCLE ( 'NONE', #2218, 2.999999999999581224 ) ;
#1754 = LINE ( 'NONE', #870, #2994 ) ;
#1755 = CARTESIAN_POINT ( 'NONE',  ( 8.000000000000515143, -10.62324495308933514, 0.000000000000000000 ) ) ;
#1756 = AXIS2_PLACEMENT_3D ( 'NONE', #1521, #136, #368 ) ;
#1757 = EDGE_CURVE ( 'NONE', #2918, #1969, #354, .T. ) ;
#1758 = CARTESIAN_POINT ( 'NONE',  ( 2.385458349015323141E-12, 13.99999999999758593, 15.00000000000000000 ) ) ;
#1759 = CARTESIAN_POINT ( 'NONE',  ( 0.000000000000000000, 0.000000000000000000, -6.000000000000000000 ) ) ;
#1760 = CIRCLE ( 'NONE', #2170, 3.000000000000631939 ) ;
#1761 = VECTOR ( 'NONE', #3048, 1000.000000000000000 ) ;
#1762 = EDGE_CURVE ( 'NONE', #926, #3079, #2075, .T. ) ;
#1763 = DIRECTION ( 'NONE',  ( 0.000000000000000000, 0.000000000000000000, -1.000000000000000000 ) ) ;
#1764 = ORIENTED_EDGE ( 'NONE', *, *, #1420, .F. ) ;
#1765 = FACE_OUTER_BOUND ( 'NONE', #937, .T. ) ;
#1766 = CYLINDRICAL_SURFACE ( 'NONE', #2134, 3.000000000000631939 ) ;
#1767 = AXIS2_PLACEMENT_3D ( 'NONE', #66, #1183, #2916 ) ;
#1768 = EDGE_CURVE ( 'NONE', #1370, #1147, #3413, .T. ) ;
#1769 = AXIS2_PLACEMENT_3D ( 'NONE', #2731, #3301, #1375 ) ;
#1770 = EDGE_LOOP ( 'NONE', ( #2482, #1830, #923, #3132 ) ) ;
#1771 = CARTESIAN_POINT ( 'NONE',  ( -12.12435565298400064, 7.000000000000676792, -6.000000000000000000 ) ) ;
#1772 = CARTESIAN_POINT ( 'NONE',  ( 9.800000000001274358, 13.85640646055068892, -10.00000000000000000 ) ) ;
#1773 = EDGE_CURVE ( 'NONE', #3353, #387, #913, .T. ) ;
#1774 = CIRCLE ( 'NONE', #3299, 1.800000000001699574 ) ;
#1775 = VERTEX_POINT ( 'NONE', #3139 ) ;
#1776 = EDGE_LOOP ( 'NONE', ( #1317, #1595 ) ) ;
#1777 = CIRCLE ( 'NONE', #2365, 2.999999999999777067 ) ;
#1778 = PLANE ( 'NONE',  #2415 ) ;
#1779 = DIRECTION ( 'NONE',  ( 1.000000000000000000, 0.000000000000000000, 0.000000000000000000 ) ) ;
#1780 = CARTESIAN_POINT ( 'NONE',  ( 6.500000000000000888, 0.000000000000000000, 0.000000000000000000 ) ) ;
#1781 = COORDINATED_UNIVERSAL_TIME_OFFSET ( 8, 0, .AHEAD. ) ;
#1782 = DIRECTION ( 'NONE',  ( -1.000000000000000000, 0.000000000000000000, 0.000000000000000000 ) ) ;
#1783 = ORIENTED_EDGE ( 'NONE', *, *, #914, .F. ) ;
#1784 = CARTESIAN_POINT ( 'NONE',  ( 7.999999999999431566, 13.85640646055068892, -2.799999999999999822 ) ) ;
#1785 = DIRECTION ( 'NONE',  ( -1.000000000000000000, 0.000000000000000000, 0.000000000000000000 ) ) ;
#1786 = EDGE_CURVE ( 'NONE', #629, #3110, #470, .T. ) ;
#1787 = ORIENTED_EDGE ( 'NONE', *, *, #2962, .T. ) ;
#1788 = VERTEX_POINT ( 'NONE', #655 ) ;
#1789 = CARTESIAN_POINT ( 'NONE',  ( 18.80000000000000426, 1.616580753730953557, 0.000000000000000000 ) ) ;
#1790 = ADVANCED_FACE ( 'NONE', ( #674 ), #1778, .F. ) ;
#1791 = DIRECTION ( 'NONE',  ( 0.000000000000000000, 0.000000000000000000, 1.000000000000000000 ) ) ;
#1792 = ORIENTED_EDGE ( 'NONE', *, *, #1757, .T. ) ;
#1793 = ORIENTED_EDGE ( 'NONE', *, *, #2790, .T. ) ;
#1794 = DIRECTION ( 'NONE',  ( -0.4999999999999995559, -0.8660254037844389297, 0.000000000000000000 ) ) ;
#1795 = CARTESIAN_POINT ( 'NONE',  ( -5.199999999999421973, -15.47298721428274781, -2.799999999999999822 ) ) ;
#1796 = DIRECTION ( 'NONE',  ( -0.000000000000000000, -0.000000000000000000, 1.000000000000000000 ) ) ;
#1797 = DATE_AND_TIME ( #3492, #2367 ) ;
#1798 = DIRECTION ( 'NONE',  ( -0.000000000000000000, -0.000000000000000000, 1.000000000000000000 ) ) ;
#1799 = ORIENTED_EDGE ( 'NONE', *, *, #2894, .T. ) ;
#1800 = CARTESIAN_POINT ( 'NONE',  ( 13.20000000000000284, 1.616580753730954223, 0.000000000000000000 ) ) ;
#1801 = DIRECTION ( 'NONE',  ( 0.000000000000000000, 0.000000000000000000, -1.000000000000000000 ) ) ;
#1802 = ADVANCED_FACE ( 'NONE', ( #161, #1848 ), #2426, .T. ) ;
#1803 = EDGE_LOOP ( 'NONE', ( #2887, #2027, #1636, #3328 ) ) ;
#1804 = CARTESIAN_POINT ( 'NONE',  ( 13.20000000000000284, 1.616580753730954223, -2.799999999999999822 ) ) ;
#1805 = DIRECTION ( 'NONE',  ( 1.000000000000000000, 0.000000000000000000, 0.000000000000000000 ) ) ;
#1806 = ADVANCED_FACE ( 'NONE', ( #1569 ), #1588, .F. ) ;
#1807 = ORIENTED_EDGE ( 'NONE', *, *, #2147, .F. ) ;
#1808 = CARTESIAN_POINT ( 'NONE',  ( -9.124355652985713050, 7.000000000002364331, -7.000000000000000000 ) ) ;
#1809 = VECTOR ( 'NONE', #605, 1000.000000000000000 ) ;
#1810 = FACE_BOUND ( 'NONE', #2559, .T. ) ;
#1811 = PLANE ( 'NONE',  #121 ) ;
#1812 = APPROVAL_ROLE ( '' ) ;
#1813 = CIRCLE ( 'NONE', #697, 1.800000000001028111 ) ;
#1814 = EDGE_CURVE ( 'NONE', #980, #3005, #1025, .T. ) ;
#1815 = VERTEX_POINT ( 'NONE', #3252 ) ;
#1816 = VECTOR ( 'NONE', #3179, 1000.000000000000000 ) ;
#1817 = ORIENTED_EDGE ( 'NONE', *, *, #1621, .F. ) ;
#1818 = AXIS2_PLACEMENT_3D ( 'NONE', #3254, #490, #2385 ) ;
#1819 = DIRECTION ( 'NONE',  ( -1.000000000000000000, 0.000000000000000000, 0.000000000000000000 ) ) ;
#1820 = LINE ( 'NONE', #427, #3125 ) ;
#1821 = VECTOR ( 'NONE', #2749, 1000.000000000000000 ) ;
#1822 = ORIENTED_EDGE ( 'NONE', *, *, #1690, .F. ) ;
#1823 = ORIENTED_EDGE ( 'NONE', *, *, #1042, .F. ) ;
#1824 = LINE ( 'NONE', #2857, #2807 ) ;
#1825 = CIRCLE ( 'NONE', #3004, 1.800000000000589351 ) ;
#1826 = CARTESIAN_POINT ( 'NONE',  ( -9.800000000000014921, -13.85640646055201586, -10.00000000000000000 ) ) ;
#1827 = CARTESIAN_POINT ( 'NONE',  ( 18.80000000000000426, 1.616580753730953557, -2.799999999999999822 ) ) ;
#1828 = EDGE_CURVE ( 'NONE', #2912, #2264, #1607, .T. ) ;
#1829 = VECTOR ( 'NONE', #332, 1000.000000000000000 ) ;
#1830 = ORIENTED_EDGE ( 'NONE', *, *, #323, .F. ) ;
#1831 = LINE ( 'NONE', #1808, #1461 ) ;
#1832 = VECTOR ( 'NONE', #1253, 1000.000000000000000 ) ;
#1833 = EDGE_CURVE ( 'NONE', #911, #2563, #3405, .T. ) ;
#1834 = CIRCLE ( 'NONE', #1186, 19.00000000000000000 ) ;
#1835 = CARTESIAN_POINT ( 'NONE',  ( 20.00000000000000000, 0.000000000000000000, -6.000000000000000000 ) ) ;
#1836 = LINE ( 'NONE', #1315, #2118 ) ;
#1837 = EDGE_CURVE ( 'NONE', #621, #3552, #1831, .T. ) ;
#1838 = SECURITY_CLASSIFICATION ( '', '', #3510 ) ;
#1839 = ORIENTED_EDGE ( 'NONE', *, *, #2259, .F. ) ;
#1840 = EDGE_LOOP ( 'NONE', ( #1716, #1114, #3263, #3462 ) ) ;
#1841 = DIRECTION ( 'NONE',  ( -0.000000000000000000, -0.000000000000000000, -1.000000000000000000 ) ) ;
#1842 = CARTESIAN_POINT ( 'NONE',  ( 0.000000000000000000, 0.000000000000000000, -1.000000000000000000 ) ) ;
#1843 = VERTEX_POINT ( 'NONE', #2402 ) ;
#1844 = DIRECTION ( 'NONE',  ( -0.000000000000000000, -0.000000000000000000, 1.000000000000000000 ) ) ;
#1845 = DIRECTION ( 'NONE',  ( -0.000000000000000000, -0.000000000000000000, 1.000000000000000000 ) ) ;
#1846 = DIRECTION ( 'NONE',  ( -0.000000000000000000, -0.000000000000000000, 1.000000000000000000 ) ) ;
#1847 = EDGE_LOOP ( 'NONE', ( #2044, #3349, #1677, #2594 ) ) ;
#1848 = FACE_OUTER_BOUND ( 'NONE', #3610, .T. ) ;
#1849 = EDGE_CURVE ( 'NONE', #2925, #1359, #2999, .T. ) ;
#1850 = DIRECTION ( 'NONE',  ( -0.000000000000000000, -0.000000000000000000, -1.000000000000000000 ) ) ;
#1851 = ORIENTED_EDGE ( 'NONE', *, *, #2593, .F. ) ;
#1852 = FACE_OUTER_BOUND ( 'NONE', #198, .T. ) ;
#1853 = DATE_AND_TIME ( #3256, #1072 ) ;
#1854 = EDGE_LOOP ( 'NONE', ( #2896, #2917, #3388, #2609 ) ) ;
#1855 = ORIENTED_EDGE ( 'NONE', *, *, #2150, .T. ) ;
#1856 = EDGE_CURVE ( 'NONE', #2389, #2930, #413, .T. ) ;
#1857 = ORIENTED_EDGE ( 'NONE', *, *, #1510, .T. ) ;
#1858 = DIRECTION ( 'NONE',  ( -0.4999999999999998335, -0.8660254037844387076, 0.000000000000000000 ) ) ;
#1859 = DIRECTION ( 'NONE',  ( -0.000000000000000000, -0.000000000000000000, -1.000000000000000000 ) ) ;
#1860 = ORIENTED_EDGE ( 'NONE', *, *, #1373, .T. ) ;
#1861 = VERTEX_POINT ( 'NONE', #2976 ) ;
#1862 = LINE ( 'NONE', #1912, #3102 ) ;
#1863 = DIRECTION ( 'NONE',  ( 0.5000000000000004441, -0.8660254037844383745, 0.000000000000000000 ) ) ;
#1864 = CARTESIAN_POINT ( 'NONE',  ( -10.79999999999942339, -12.23982570682084337, -2.799999999999999822 ) ) ;
#1865 = EDGE_LOOP ( 'NONE', ( #1559, #8, #3420, #3131, #372, #2975 ) ) ;
#1866 = DIRECTION ( 'NONE',  ( -0.5000000000000009992, 0.8660254037844380415, 0.000000000000000000 ) ) ;
#1867 = FACE_OUTER_BOUND ( 'NONE', #1217, .T. ) ;
#1868 = DIRECTION ( 'NONE',  ( -0.000000000000000000, -0.000000000000000000, 1.000000000000000000 ) ) ;
#1869 = EDGE_CURVE ( 'NONE', #2983, #1901, #1256, .T. ) ;
#1870 = AXIS2_PLACEMENT_3D ( 'NONE', #3024, #2468, #1879 ) ;
#1871 = ORIENTED_EDGE ( 'NONE', *, *, #623, .F. ) ;
#1872 = ORIENTED_EDGE ( 'NONE', *, *, #3009, .F. ) ;
#1873 = DIRECTION ( 'NONE',  ( -0.000000000000000000, -0.000000000000000000, -1.000000000000000000 ) ) ;
#1874 = CIRCLE ( 'NONE', #2808, 1.800000000001843459 ) ;
#1875 = CARTESIAN_POINT ( 'NONE',  ( 2.999999999999283684, -14.00000000000340528, -9.000000000000000000 ) ) ;
#1876 = ADVANCED_FACE ( 'NONE', ( #2960 ), #2161, .F. ) ;
#1877 = AXIS2_PLACEMENT_3D ( 'NONE', #1975, #2496, #283 ) ;
#1878 = ORIENTED_EDGE ( 'NONE', *, *, #3130, .F. ) ;
#1879 = DIRECTION ( 'NONE',  ( -1.000000000000000000, 0.000000000000000000, 0.000000000000000000 ) ) ;
#1880 = CARTESIAN_POINT ( 'NONE',  ( 5.200000000000516209, -15.47298721428219004, 0.000000000000000000 ) ) ;
#1881 = AXIS2_PLACEMENT_3D ( 'NONE', #200, #179, #2179 ) ;
#1882 = EDGE_CURVE ( 'NONE', #3611, #1815, #1006, .T. ) ;
#1883 = ORIENTED_EDGE ( 'NONE', *, *, #635, .T. ) ;
#1884 = DIRECTION ( 'NONE',  ( -0.000000000000000000, -0.000000000000000000, -1.000000000000000000 ) ) ;
#1885 = DIRECTION ( 'NONE',  ( -0.8660254037844380415, -0.5000000000000008882, 0.000000000000000000 ) ) ;
#1886 = CC_DESIGN_PERSON_AND_ORGANIZATION_ASSIGNMENT ( #972, #2095, ( #542 ) ) ;
#1887 = CIRCLE ( 'NONE', #2766, 1.800000000001447997 ) ;
#1888 = CIRCLE ( 'NONE', #3186, 2.999999999999777511 ) ;
#1889 = CARTESIAN_POINT ( 'NONE',  ( -7.133533265058149408E-13, 14.00000000000086331, 15.00000000000000000 ) ) ;
#1890 = CARTESIAN_POINT ( 'NONE',  ( 7.999999999999540812, 17.08956796801259870, 0.000000000000000000 ) ) ;
#1891 = AXIS2_PLACEMENT_3D ( 'NONE', #2776, #457, #1895 ) ;
#1892 = ORIENTED_EDGE ( 'NONE', *, *, #272, .T. ) ;
#1893 = CARTESIAN_POINT ( 'NONE',  ( -10.79999999999942339, -15.47298721428274604, -2.799999999999999822 ) ) ;
#1894 = VECTOR ( 'NONE', #443, 1000.000000000000000 ) ;
#1895 = DIRECTION ( 'NONE',  ( -1.000000000000000000, 0.000000000000000000, 0.000000000000000000 ) ) ;
#1896 = VECTOR ( 'NONE', #2885, 1000.000000000000000 ) ;
#1897 = EDGE_LOOP ( 'NONE', ( #2320, #2383 ) ) ;
#1898 = EDGE_CURVE ( 'NONE', #2097, #97, #1700, .T. ) ;
#1899 = DIRECTION ( 'NONE',  ( 0.000000000000000000, 0.000000000000000000, -1.000000000000000000 ) ) ;
#1900 = CARTESIAN_POINT ( 'NONE',  ( 7.999999999999540812, 17.08956796801259870, -2.799999999999999822 ) ) ;
#1901 = VERTEX_POINT ( 'NONE', #689 ) ;
#1902 = EDGE_CURVE ( 'NONE', #1587, #590, #2384, .T. ) ;
#1903 = CYLINDRICAL_SURFACE ( 'NONE', #1120, 4.000000000000000000 ) ;
#1904 = CARTESIAN_POINT ( 'NONE',  ( -15.99999999999987566, -3.233161507463009787, 0.000000000000000000 ) ) ;
#1905 = DIRECTION ( 'NONE',  ( -1.000000000000000000, 0.000000000000000000, 0.000000000000000000 ) ) ;
#1906 = ORIENTED_EDGE ( 'NONE', *, *, #1837, .T. ) ;
#1907 = CARTESIAN_POINT ( 'NONE',  ( 6.500000000000000888, 0.000000000000000000, -4.000000000000000000 ) ) ;
#1908 = ORIENTED_EDGE ( 'NONE', *, *, #2098, .T. ) ;
#1909 = LINE ( 'NONE', #3553, #1338 ) ;
#1910 = DIRECTION ( 'NONE',  ( -1.000000000000000000, 0.000000000000000000, -0.000000000000000000 ) ) ;
#1911 = EDGE_LOOP ( 'NONE', ( #23, #2130, #772, #2850 ) ) ;
#1912 = CARTESIAN_POINT ( 'NONE',  ( 8.124355652982158560, 6.999999999999973355, 20.00000000000000000 ) ) ;
#1913 = CARTESIAN_POINT ( 'NONE',  ( -7.999999999999419131, -17.08956796801370004, 0.000000000000000000 ) ) ;
#1914 = EDGE_CURVE ( 'NONE', #275, #2390, #2109, .T. ) ;
#1915 = ORIENTED_EDGE ( 'NONE', *, *, #2748, .T. ) ;
#1916 = CYLINDRICAL_SURFACE ( 'NONE', #589, 4.000000000000001776 ) ;
#1917 = DIRECTION ( 'NONE',  ( 0.8660254037844379305, 0.5000000000000012212, 0.000000000000000000 ) ) ;
#1918 = ORIENTED_EDGE ( 'NONE', *, *, #1608, .T. ) ;
#1919 = EDGE_CURVE ( 'NONE', #946, #2157, #1171, .T. ) ;
#1920 = CARTESIAN_POINT ( 'NONE',  ( -8.372837617640554489E-14, 8.637267765684129513E-13, -9.000000000000000000 ) ) ;
#1921 = CARTESIAN_POINT ( 'NONE',  ( -15.99999999999987210, 3.233161507460798223, -2.799999999999999822 ) ) ;
#1922 = DIRECTION ( 'NONE',  ( -5.365409281204144187E-16, 1.000000000000000000, 0.000000000000000000 ) ) ;
#1923 = DIRECTION ( 'NONE',  ( -0.000000000000000000, -0.000000000000000000, 1.000000000000000000 ) ) ;
#1924 = DIRECTION ( 'NONE',  ( 0.000000000000000000, -1.000000000000000000, 0.000000000000000000 ) ) ;
#1925 = AXIS2_PLACEMENT_3D ( 'NONE', #1591, #1850, #3507 ) ;
#1926 = AXIS2_PLACEMENT_3D ( 'NONE', #2747, #3356, #836 ) ;
#1927 = ORIENTED_EDGE ( 'NONE', *, *, #2039, .F. ) ;
#1928 = DIRECTION ( 'NONE',  ( -0.8660254037844389297, 0.4999999999999993894, 0.000000000000000000 ) ) ;
#1929 = DIRECTION ( 'NONE',  ( 0.000000000000000000, 0.000000000000000000, -1.000000000000000000 ) ) ;
#1930 = ORIENTED_EDGE ( 'NONE', *, *, #81, .T. ) ;
#1931 = VECTOR ( 'NONE', #2094, 1000.000000000000000 ) ;
#1932 = AXIS2_PLACEMENT_3D ( 'NONE', #1960, #799, #1922 ) ;
#1933 = ADVANCED_FACE ( 'NONE', ( #743 ), #468, .F. ) ;
#1934 = CARTESIAN_POINT ( 'NONE',  ( -12.12435565298205908, 7.000000000000142109, 0.000000000000000000 ) ) ;
#1935 = CARTESIAN_POINT ( 'NONE',  ( 3.999999999999901856, -14.00000000000000178, 0.000000000000000000 ) ) ;
#1936 = AXIS2_PLACEMENT_3D ( 'NONE', #3609, #2249, #2196 ) ;
#1937 = ORIENTED_EDGE ( 'NONE', *, *, #932, .T. ) ;
#1938 = DIRECTION ( 'NONE',  ( -0.000000000000000000, -0.000000000000000000, 1.000000000000000000 ) ) ;
#1939 = ADVANCED_FACE ( 'NONE', ( #2732 ), #213, .F. ) ;
#1940 = DIRECTION ( 'NONE',  ( -0.000000000000000000, -0.000000000000000000, -1.000000000000000000 ) ) ;
#1941 = AXIS2_PLACEMENT_3D ( 'NONE', #26, #1692, #1143 ) ;
#1942 = ORIENTED_EDGE ( 'NONE', *, *, #1672, .F. ) ;
#1943 = EDGE_CURVE ( 'NONE', #547, #1948, #527, .T. ) ;
#1944 = DIRECTION ( 'NONE',  ( -0.000000000000000000, -0.000000000000000000, -1.000000000000000000 ) ) ;
#1945 = DIRECTION ( 'NONE',  ( -1.000000000000000000, 0.000000000000000000, 0.000000000000000000 ) ) ;
#1946 = AXIS2_PLACEMENT_3D ( 'NONE', #2174, #194, #513 ) ;
#1947 = AXIS2_PLACEMENT_3D ( 'NONE', #478, #3378, #1945 ) ;
#1948 = VERTEX_POINT ( 'NONE', #850 ) ;
#1949 = CYLINDRICAL_SURFACE ( 'NONE', #3226, 1.800000000000646638 ) ;
#1950 = LINE ( 'NONE', #3075, #537 ) ;
#1951 = AXIS2_PLACEMENT_3D ( 'NONE', #2845, #1403, #2535 ) ;
#1952 = ORIENTED_EDGE ( 'NONE', *, *, #497, .F. ) ;
#1953 = CARTESIAN_POINT ( 'NONE',  ( 12.12435565298175355, -7.000000000001111111, 15.00000000000000000 ) ) ;
#1954 = CYLINDRICAL_SURFACE ( 'NONE', #2057, 23.00000000000000000 ) ;
#1955 = ORIENTED_EDGE ( 'NONE', *, *, #3236, .F. ) ;
#1956 = ORIENTED_EDGE ( 'NONE', *, *, #1914, .F. ) ;
#1957 = CARTESIAN_POINT ( 'NONE',  ( 0.000000000000000000, 0.000000000000000000, -8.000000000000000000 ) ) ;
#1958 = DIRECTION ( 'NONE',  ( 1.000000000000000000, 0.000000000000000000, 0.000000000000000000 ) ) ;
#1959 = EDGE_CURVE ( 'NONE', #1618, #2987, #794, .T. ) ;
#1960 = CARTESIAN_POINT ( 'NONE',  ( 10.80000000000051585, -15.47298721428219004, -2.799999999999999822 ) ) ;
#1961 = CYLINDRICAL_SURFACE ( 'NONE', #3103, 1.800000000001843459 ) ;
#1962 = FACE_OUTER_BOUND ( 'NONE', #3428, .T. ) ;
#1963 = EDGE_CURVE ( 'NONE', #151, #654, #2765, .T. ) ;
#1964 = EDGE_LOOP ( 'NONE', ( #2668, #721 ) ) ;
#1965 = CARTESIAN_POINT ( 'NONE',  ( -12.12435565298605944, -7.000000000001040945, -7.000000000000000000 ) ) ;
#1966 = DIRECTION ( 'NONE',  ( -0.8660254037844392627, 0.4999999999999987232, 0.000000000000000000 ) ) ;
#1967 = ORIENTED_EDGE ( 'NONE', *, *, #1814, .F. ) ;
#1968 = VERTEX_POINT ( 'NONE', #572 ) ;
#1969 = VERTEX_POINT ( 'NONE', #1935 ) ;
#1970 = CYLINDRICAL_SURFACE ( 'NONE', #2001, 1.800000000001449774 ) ;
#1971 = CARTESIAN_POINT ( 'NONE',  ( 8.000000000000513367, -17.08956796801314937, 0.000000000000000000 ) ) ;
#1972 = ORIENTED_EDGE ( 'NONE', *, *, #3342, .F. ) ;
#1973 = VERTEX_POINT ( 'NONE', #1104 ) ;
#1974 = CARTESIAN_POINT ( 'NONE',  ( 17.80000000000145377, 0.000000000000000000, -10.00000000000000000 ) ) ;
#1975 = CARTESIAN_POINT ( 'NONE',  ( 0.000000000000000000, 0.000000000000000000, -8.000000000000000000 ) ) ;
#1976 = ORIENTED_EDGE ( 'NONE', *, *, #3400, .T. ) ;
#1977 = DIRECTION ( 'NONE',  ( -1.000000000000000000, 0.000000000000000000, 0.000000000000000000 ) ) ;
#1978 = CARTESIAN_POINT ( 'NONE',  ( 12.12435565298216034, 6.999999999999973355, -6.000000000000001776 ) ) ;
#1979 = ADVANCED_FACE ( 'NONE', ( #2507 ), #2228, .F. ) ;
#1980 = ORIENTED_EDGE ( 'NONE', *, *, #3072, .F. ) ;
#1981 = CARTESIAN_POINT ( 'NONE',  ( 12.12435565298488527, 7.000000000001044498, -9.000000000000000000 ) ) ;
#1982 = DIRECTION ( 'NONE',  ( -1.000000000000000000, 0.000000000000000000, 0.000000000000000000 ) ) ;
#1983 = VECTOR ( 'NONE', #1685, 1000.000000000000000 ) ;
#1984 = ORIENTED_EDGE ( 'NONE', *, *, #3249, .F. ) ;
#1985 = ORIENTED_EDGE ( 'NONE', *, *, #1433, .T. ) ;
#1986 = CARTESIAN_POINT ( 'NONE',  ( -20.00000000000000000, 2.449293598294706513E-15, -6.000000000000000000 ) ) ;
#1987 = ADVANCED_FACE ( 'NONE', ( #5 ), #1954, .T. ) ;
#1988 = CARTESIAN_POINT ( 'NONE',  ( -10.80000000000038973, 15.47298721428108337, 0.000000000000000000 ) ) ;
#1989 = VECTOR ( 'NONE', #2984, 1000.000000000000000 ) ;
#1990 = ORIENTED_EDGE ( 'NONE', *, *, #1225, .F. ) ;
#1991 = AXIS2_PLACEMENT_3D ( 'NONE', #637, #452, #1592 ) ;
#1992 = ORIENTED_EDGE ( 'NONE', *, *, #2446, .T. ) ;
#1993 = AXIS2_PLACEMENT_3D ( 'NONE', #2678, #2940, #987 ) ;
#1994 = CARTESIAN_POINT ( 'NONE',  ( -7.999999999999424460, -10.62324495308988936, -2.799999999999999822 ) ) ;
#1995 = CYLINDRICAL_SURFACE ( 'NONE', #3170, 3.000000000000174527 ) ;
#1996 = VECTOR ( 'NONE', #1381, 1000.000000000000000 ) ;
#1997 = AXIS2_PLACEMENT_3D ( 'NONE', #463, #176, #1289 ) ;
#1998 = ORIENTED_EDGE ( 'NONE', *, *, #3112, .T. ) ;
#1999 = DIRECTION ( 'NONE',  ( -0.000000000000000000, 0.000000000000000000, 1.000000000000000000 ) ) ;
#2000 = CARTESIAN_POINT ( 'NONE',  ( -5.200000000000389200, 15.47298721428108692, -2.799999999999999822 ) ) ;
#2001 = AXIS2_PLACEMENT_3D ( 'NONE', #315, #3443, #3093 ) ;
#2002 = DIRECTION ( 'NONE',  ( -0.000000000000000000, -0.000000000000000000, 1.000000000000000000 ) ) ;
#2003 = ORIENTED_EDGE ( 'NONE', *, *, #3449, .T. ) ;
#2004 = CARTESIAN_POINT ( 'NONE',  ( -10.32435565298229996, 7.000000000000676792, -6.000000000000001776 ) ) ;
#2005 = AXIS2_PLACEMENT_3D ( 'NONE', #2519, #2558, #1408 ) ;
#2006 = CARTESIAN_POINT ( 'NONE',  ( -12.12435565298440387, -7.000000000000412115, 15.00000000000000000 ) ) ;
#2007 = AXIS2_PLACEMENT_3D ( 'NONE', #2449, #3323, #1576 ) ;
#2008 = EDGE_CURVE ( 'NONE', #3054, #3564, #2745, .T. ) ;
#2009 = VERTEX_POINT ( 'NONE', #3061 ) ;
#2010 = VERTEX_POINT ( 'NONE', #246 ) ;
#2011 = DIRECTION ( 'NONE',  ( 0.000000000000000000, 1.000000000000000000, 0.000000000000000000 ) ) ;
#2012 = CARTESIAN_POINT ( 'NONE',  ( -1.530358235279820928E-12, -14.00000000000130207, 15.00000000000000000 ) ) ;
#2013 = AXIS2_PLACEMENT_3D ( 'NONE', #132, #3180, #2038 ) ;
#2014 = VERTEX_POINT ( 'NONE', #1126 ) ;
#2015 = EDGE_CURVE ( 'NONE', #3552, #2666, #1113, .T. ) ;
#2016 = ORIENTED_EDGE ( 'NONE', *, *, #2103, .F. ) ;
#2017 = FACE_BOUND ( 'NONE', #2838, .T. ) ;
#2018 = FACE_BOUND ( 'NONE', #2548, .T. ) ;
#2019 = DIRECTION ( 'NONE',  ( -1.000000000000000000, 0.000000000000000000, -0.000000000000000000 ) ) ;
#2020 = CARTESIAN_POINT ( 'NONE',  ( -2.999999999998272493, 14.00000000000130029, -6.000000000000000000 ) ) ;
#2021 = CARTESIAN_POINT ( 'NONE',  ( -15.99999999999987210, 3.233161507460798223, 0.000000000000000000 ) ) ;
#2022 = LINE ( 'NONE', #3200, #886 ) ;
#2023 = EDGE_LOOP ( 'NONE', ( #1502, #3368, #3372, #1807 ) ) ;
#2024 = FACE_OUTER_BOUND ( 'NONE', #1285, .T. ) ;
#2025 = DIRECTION ( 'NONE',  ( -0.000000000000000000, -0.000000000000000000, -1.000000000000000000 ) ) ;
#2026 = VERTEX_POINT ( 'NONE', #1904 ) ;
#2027 = ORIENTED_EDGE ( 'NONE', *, *, #234, .F. ) ;
#2028 = LINE ( 'NONE', #2852, #1404 ) ;
#2029 = DIRECTION ( 'NONE',  ( -0.000000000000000000, -0.000000000000000000, 1.000000000000000000 ) ) ;
#2030 = EDGE_CURVE ( 'NONE', #2102, #2564, #808, .T. ) ;
#2031 = ORIENTED_EDGE ( 'NONE', *, *, #1644, .F. ) ;
#2032 = VERTEX_POINT ( 'NONE', #1343 ) ;
#2033 = DIRECTION ( 'NONE',  ( -1.000000000000000000, 0.000000000000000000, -0.000000000000000000 ) ) ;
#2034 = CARTESIAN_POINT ( 'NONE',  ( 12.12435565298306450, 6.999999999996173727, 15.00000000000000000 ) ) ;
#2035 = EDGE_CURVE ( 'NONE', #1463, #2026, #3029, .T. ) ;
#2036 = CARTESIAN_POINT ( 'NONE',  ( 12.12435565298216034, 6.999999999999973355, -6.000000000000000000 ) ) ;
#2037 = CARTESIAN_POINT ( 'NONE',  ( 7.999999999999550582, 10.62324495308878802, -2.799999999999999822 ) ) ;
#2038 = DIRECTION ( 'NONE',  ( 1.000000000000000000, 0.000000000000000000, -0.000000000000000000 ) ) ;
#2039 = EDGE_CURVE ( 'NONE', #851, #28, #1059, .T. ) ;
#2040 = CARTESIAN_POINT ( 'NONE',  ( -10.79999999999942339, -15.47298721428274604, 0.000000000000000000 ) ) ;
#2041 = VERTEX_POINT ( 'NONE', #264 ) ;
#2042 = LINE ( 'NONE', #2891, #229 ) ;
#2043 = DIRECTION ( 'NONE',  ( -1.000000000000000000, 0.000000000000000000, 0.000000000000000000 ) ) ;
#2044 = ORIENTED_EDGE ( 'NONE', *, *, #2165, .F. ) ;
#2045 = ORIENTED_EDGE ( 'NONE', *, *, #3407, .T. ) ;
#2046 = PLANE ( 'NONE',  #479 ) ;
#2047 = DIRECTION ( 'NONE',  ( -0.000000000000000000, -0.000000000000000000, 1.000000000000000000 ) ) ;
#2048 = AXIS2_PLACEMENT_3D ( 'NONE', #3603, #1085, #259 ) ;
#2049 = ORIENTED_EDGE ( 'NONE', *, *, #201, .F. ) ;
#2050 = ORIENTED_EDGE ( 'NONE', *, *, #3478, .T. ) ;
#2051 = AXIS2_PLACEMENT_3D ( 'NONE', #3185, #348, #1264 ) ;
#2052 = CARTESIAN_POINT ( 'NONE',  ( -9.776147748760774657E-14, -14.00000000000000178, 0.000000000000000000 ) ) ;
#2053 = VECTOR ( 'NONE', #2334, 1000.000000000000000 ) ;
#2054 = EDGE_CURVE ( 'NONE', #1486, #2666, #3078, .T. ) ;
#2055 = CARTESIAN_POINT ( 'NONE',  ( 16.12435565298365958, -7.000000000000056843, 15.00000000000000000 ) ) ;
#2056 = DIRECTION ( 'NONE',  ( 1.000000000000000000, 0.000000000000000000, 0.000000000000000000 ) ) ;
#2057 = AXIS2_PLACEMENT_3D ( 'NONE', #518, #1640, #2546 ) ;
#2058 = DIRECTION ( 'NONE',  ( 0.000000000000000000, 0.000000000000000000, -1.000000000000000000 ) ) ;
#2059 = AXIS2_PLACEMENT_3D ( 'NONE', #2034, #2610, #126 ) ;
#2060 = FACE_OUTER_BOUND ( 'NONE', #1140, .T. ) ;
#2061 = EDGE_CURVE ( 'NONE', #1330, #3205, #2882, .T. ) ;
#2062 = EDGE_LOOP ( 'NONE', ( #588, #2827, #1446, #1339 ) ) ;
#2063 = DIRECTION ( 'NONE',  ( -0.000000000000000000, -0.000000000000000000, -1.000000000000000000 ) ) ;
#2064 = CARTESIAN_POINT ( 'NONE',  ( -19.00000000000000000, 0.000000000000000000, 0.000000000000000000 ) ) ;
#2065 = CIRCLE ( 'NONE', #653, 23.00000000000000000 ) ;
#2066 = ORIENTED_EDGE ( 'NONE', *, *, #2821, .F. ) ;
#2067 = AXIS2_PLACEMENT_3D ( 'NONE', #1360, #3350, #2491 ) ;
#2068 = EDGE_LOOP ( 'NONE', ( #2877, #502, #2543, #1019 ) ) ;
#2069 = DIRECTION ( 'NONE',  ( -1.000000000000000000, 0.000000000000000000, 0.000000000000000000 ) ) ;
#2070 = LINE ( 'NONE', #866, #2945 ) ;
#2071 = CIRCLE ( 'NONE', #480, 1.800000000001699574 ) ;
#2072 = ORIENTED_EDGE ( 'NONE', *, *, #1060, .T. ) ;
#2073 = EDGE_LOOP ( 'NONE', ( #2497, #2204, #412, #3195 ) ) ;
#2074 = CIRCLE ( 'NONE', #426, 1.800000000001699574 ) ;
#2075 = LINE ( 'NONE', #3196, #235 ) ;
#2076 = APPROVAL_PERSON_ORGANIZATION ( #3214, #846, #1539 ) ;
#2077 = CARTESIAN_POINT ( 'NONE',  ( 23.00000000000000000, 0.000000000000000000, -8.000000000000000000 ) ) ;
#2078 = CARTESIAN_POINT ( 'NONE',  ( 1.503137891933903347E-12, 14.00000000000130029, -6.000000000000000000 ) ) ;
#2079 = PERSON_AND_ORGANIZATION ( #393, #3363 ) ;
#2080 = EDGE_CURVE ( 'NONE', #1618, #2153, #3594, .T. ) ;
#2081 = ORIENTED_EDGE ( 'NONE', *, *, #190, .F. ) ;
#2082 = DIRECTION ( 'NONE',  ( -0.000000000000000000, -0.000000000000000000, 1.000000000000000000 ) ) ;
#2083 = EDGE_LOOP ( 'NONE', ( #3127, #335 ) ) ;
#2084 = CARTESIAN_POINT ( 'NONE',  ( -9.800000000002238920, 13.85640646055002634, -2.799999999999999822 ) ) ;
#2085 = DIRECTION ( 'NONE',  ( -1.000000000000000000, 0.000000000000000000, 0.000000000000000000 ) ) ;
#2086 = ADVANCED_FACE ( 'NONE', ( #2798 ), #3351, .F. ) ;
#2087 = ORIENTED_EDGE ( 'NONE', *, *, #2837, .F. ) ;
#2088 = ORIENTED_EDGE ( 'NONE', *, *, #3182, .F. ) ;
#2089 = DIRECTION ( 'NONE',  ( 1.073081856240828837E-15, -1.000000000000000000, 0.000000000000000000 ) ) ;
#2090 = DIRECTION ( 'NONE',  ( -0.000000000000000000, -0.000000000000000000, -1.000000000000000000 ) ) ;
#2091 = EDGE_LOOP ( 'NONE', ( #1680, #3222, #3171, #2146 ) ) ;
#2092 = DIRECTION ( 'NONE',  ( 0.000000000000000000, 0.000000000000000000, -1.000000000000000000 ) ) ;
#2093 = CARTESIAN_POINT ( 'NONE',  ( -8.000000000000387246, 10.62324495308823025, -2.799999999999999822 ) ) ;
#2094 = DIRECTION ( 'NONE',  ( -0.000000000000000000, -0.000000000000000000, -1.000000000000000000 ) ) ;
#2095 = PERSON_AND_ORGANIZATION_ROLE ( 'creator' ) ;
#2096 = EDGE_LOOP ( 'NONE', ( #3239, #1641, #3145, #2450, #1432, #170 ) ) ;
#2097 = VERTEX_POINT ( 'NONE', #2474 ) ;
#2098 = EDGE_CURVE ( 'NONE', #3277, #1463, #1392, .T. ) ;
#2099 = CARTESIAN_POINT ( 'NONE',  ( -10.79999999999942339, -15.47298721428274604, -2.799999999999999822 ) ) ;
#2100 = CARTESIAN_POINT ( 'NONE',  ( -1.348411750568209575E-12, -14.00000000000340528, -7.000000000000000000 ) ) ;
#2101 = VERTEX_POINT ( 'NONE', #1505 ) ;
#2102 = VERTEX_POINT ( 'NONE', #2327 ) ;
#2103 = EDGE_CURVE ( 'NONE', #3079, #1551, #3169, .T. ) ;
#2104 = DIRECTION ( 'NONE',  ( -0.8660254037844385966, 0.4999999999999999445, 0.000000000000000000 ) ) ;
#2105 = DIRECTION ( 'NONE',  ( -1.000000000000000000, 0.000000000000000000, 0.000000000000000000 ) ) ;
#2106 = FACE_OUTER_BOUND ( 'NONE', #2618, .T. ) ;
#2107 = EDGE_LOOP ( 'NONE', ( #3073, #2703, #2123, #1451 ) ) ;
#2108 = EDGE_CURVE ( 'NONE', #547, #2009, #3408, .T. ) ;
#2109 = LINE ( 'NONE', #2148, #2762 ) ;
#2110 = AXIS2_PLACEMENT_3D ( 'NONE', #2590, #3178, #636 ) ;
#2111 = DIRECTION ( 'NONE',  ( 0.000000000000000000, 0.000000000000000000, -1.000000000000000000 ) ) ;
#2112 = DIRECTION ( 'NONE',  ( -0.000000000000000000, -0.000000000000000000, 1.000000000000000000 ) ) ;
#2113 = CARTESIAN_POINT ( 'NONE',  ( 5.200000000000512657, -12.23982570682028737, 0.000000000000000000 ) ) ;
#2114 = CARTESIAN_POINT ( 'NONE',  ( 0.000000000000000000, 0.000000000000000000, -8.000000000000000000 ) ) ;
#2115 = AXIS2_PLACEMENT_3D ( 'NONE', #2650, #2928, #400 ) ;
#2116 = ORIENTED_EDGE ( 'NONE', *, *, #1837, .F. ) ;
#2117 = VERTEX_POINT ( 'NONE', #3464 ) ;
#2118 = VECTOR ( 'NONE', #1868, 1000.000000000000000 ) ;
#2119 = EDGE_LOOP ( 'NONE', ( #155, #1374, #124, #2863 ) ) ;
#2120 = DIRECTION ( 'NONE',  ( 1.000000000000000000, 0.000000000000000000, 0.000000000000000000 ) ) ;
#2121 = LINE ( 'NONE', #3241, #718 ) ;
#2122 = AXIS2_PLACEMENT_3D ( 'NONE', #633, #1163, #378 ) ;
#2123 = ORIENTED_EDGE ( 'NONE', *, *, #1600, .F. ) ;
#2124 = VERTEX_POINT ( 'NONE', #628 ) ;
#2125 = DIRECTION ( 'NONE',  ( 0.8660254037844377084, 0.5000000000000015543, 0.000000000000000000 ) ) ;
#2126 = VECTOR ( 'NONE', #2029, 1000.000000000000000 ) ;
#2127 = LINE ( 'NONE', #944, #3244 ) ;
#2128 = FACE_OUTER_BOUND ( 'NONE', #306, .T. ) ;
#2129 = EDGE_CURVE ( 'NONE', #1445, #672, #2589, .T. ) ;
#2130 = ORIENTED_EDGE ( 'NONE', *, *, #2274, .F. ) ;
#2131 = CARTESIAN_POINT ( 'NONE',  ( 5.199999999999546318, 15.47298721428164647, -2.799999999999999822 ) ) ;
#2132 = VECTOR ( 'NONE', #2915, 1000.000000000000000 ) ;
#2133 = EDGE_CURVE ( 'NONE', #2633, #2425, #2528, .T. ) ;
#2134 = AXIS2_PLACEMENT_3D ( 'NONE', #2100, #3187, #1785 ) ;
#2135 = LINE ( 'NONE', #417, #48 ) ;
#2136 = CARTESIAN_POINT ( 'NONE',  ( 18.80000000000000426, -1.616580753730953335, -2.799999999999999822 ) ) ;
#2137 = ORIENTED_EDGE ( 'NONE', *, *, #3182, .T. ) ;
#2138 = VERTEX_POINT ( 'NONE', #3134 ) ;
#2139 = CARTESIAN_POINT ( 'NONE',  ( -12.12435565298398465, -6.999999999999408473, -6.000000000000000000 ) ) ;
#2140 = CYLINDRICAL_SURFACE ( 'NONE', #2481, 1.800000000000589351 ) ;
#2141 = ORIENTED_EDGE ( 'NONE', *, *, #904, .F. ) ;
#2142 = ORIENTED_EDGE ( 'NONE', *, *, #3003, .T. ) ;
#2143 = CARTESIAN_POINT ( 'NONE',  ( 5.200000000000516209, -15.47298721428219004, 0.000000000000000000 ) ) ;
#2144 = DIRECTION ( 'NONE',  ( 0.000000000000000000, 0.000000000000000000, -1.000000000000000000 ) ) ;
#2145 = CYLINDRICAL_SURFACE ( 'NONE', #587, 1.800000000001028111 ) ;
#2146 = ORIENTED_EDGE ( 'NONE', *, *, #1279, .T. ) ;
#2147 = EDGE_CURVE ( 'NONE', #1356, #557, #358, .T. ) ;
#2148 = CARTESIAN_POINT ( 'NONE',  ( 20.00000000000000000, 0.000000000000000000, -6.000000000000000000 ) ) ;
#2149 = DIRECTION ( 'NONE',  ( -0.000000000000000000, -0.000000000000000000, -1.000000000000000000 ) ) ;
#2150 = EDGE_CURVE ( 'NONE', #868, #3505, #3410, .T. ) ;
#2151 = CYLINDRICAL_SURFACE ( 'NONE', #1290, 4.000000000000001776 ) ;
#2152 = ORIENTED_EDGE ( 'NONE', *, *, #2909, .T. ) ;
#2153 = VERTEX_POINT ( 'NONE', #2873 ) ;
#2154 = ADVANCED_FACE ( 'NONE', ( #103, #3444 ), #2266, .T. ) ;
#2155 = DIRECTION ( 'NONE',  ( 2.682704640602069135E-16, 1.000000000000000000, 0.000000000000000000 ) ) ;
#2156 = CARTESIAN_POINT ( 'NONE',  ( -16.00000000000000355, -1.323803877349084987E-12, -9.000000000000000000 ) ) ;
#2157 = VERTEX_POINT ( 'NONE', #3386 ) ;
#2158 = DIRECTION ( 'NONE',  ( -0.000000000000000000, -0.000000000000000000, 1.000000000000000000 ) ) ;
#2159 = CARTESIAN_POINT ( 'NONE',  ( 7.999999999999550582, 10.62324495308878802, -2.799999999999999822 ) ) ;
#2160 = ORIENTED_EDGE ( 'NONE', *, *, #3112, .F. ) ;
#2161 = PLANE ( 'NONE',  #2231 ) ;
#2162 = FACE_BOUND ( 'NONE', #3191, .T. ) ;
#2163 = CARTESIAN_POINT ( 'NONE',  ( -1.530358235279820928E-12, -14.00000000000130207, 15.00000000000000000 ) ) ;
#2164 = AXIS2_PLACEMENT_3D ( 'NONE', #1565, #722, #614 ) ;
#2165 = EDGE_CURVE ( 'NONE', #2708, #1370, #1825, .T. ) ;
#2166 = ORIENTED_EDGE ( 'NONE', *, *, #125, .F. ) ;
#2167 = FACE_OUTER_BOUND ( 'NONE', #569, .T. ) ;
#2168 = LINE ( 'NONE', #1282, #3015 ) ;
#2169 = EDGE_CURVE ( 'NONE', #2987, #864, #1471, .T. ) ;
#2170 = AXIS2_PLACEMENT_3D ( 'NONE', #3255, #1329, #506 ) ;
#2171 = VECTOR ( 'NONE', #3334, 1000.000000000000000 ) ;
#2172 = ORIENTED_EDGE ( 'NONE', *, *, #2165, .T. ) ;
#2173 = DIRECTION ( 'NONE',  ( -1.000000000000000000, 0.000000000000000000, 0.000000000000000000 ) ) ;
#2174 = CARTESIAN_POINT ( 'NONE',  ( 12.12435565298488527, 7.000000000001044498, -7.000000000000000000 ) ) ;
#2175 = AXIS2_PLACEMENT_3D ( 'NONE', #2677, #3546, #3268 ) ;
#2176 = VECTOR ( 'NONE', #651, 1000.000000000000227 ) ;
#2177 = EDGE_LOOP ( 'NONE', ( #922, #893 ) ) ;
#2178 = FACE_OUTER_BOUND ( 'NONE', #1320, .T. ) ;
#2179 = DIRECTION ( 'NONE',  ( 1.000000000000000000, 0.000000000000000000, -0.000000000000000000 ) ) ;
#2180 = AXIS2_PLACEMENT_3D ( 'NONE', #2209, #2782, #1660 ) ;
#2181 = VECTOR ( 'NONE', #2761, 1000.000000000000000 ) ;
#2182 = CARTESIAN_POINT ( 'NONE',  ( -3.999999999998143707, 14.00000000000000178, 15.00000000000000000 ) ) ;
#2183 = CYLINDRICAL_SURFACE ( 'NONE', #2813, 4.000000000000001776 ) ;
#2184 = PERSON_AND_ORGANIZATION_ROLE ( 'classification_officer' ) ;
#2185 = VECTOR ( 'NONE', #2911, 1000.000000000000227 ) ;
#2186 = ORIENTED_EDGE ( 'NONE', *, *, #611, .T. ) ;
#2187 = DIRECTION ( 'NONE',  ( 1.000000000000000000, 0.000000000000000000, 0.000000000000000000 ) ) ;
#2188 = FACE_BOUND ( 'NONE', #2220, .T. ) ;
#2189 = EDGE_CURVE ( 'NONE', #84, #2389, #2070, .T. ) ;
#2190 = ORIENTED_EDGE ( 'NONE', *, *, #2777, .T. ) ;
#2191 = FACE_OUTER_BOUND ( 'NONE', #2073, .T. ) ;
#2192 = CARTESIAN_POINT ( 'NONE',  ( -5.199999999999421973, -15.47298721428274781, 0.000000000000000000 ) ) ;
#2193 = EDGE_CURVE ( 'NONE', #1344, #2982, #945, .T. ) ;
#2194 = ORIENTED_EDGE ( 'NONE', *, *, #2203, .F. ) ;
#2195 = CARTESIAN_POINT ( 'NONE',  ( -12.12435565298529383, 7.000000000002364331, -7.000000000000000000 ) ) ;
#2196 = DIRECTION ( 'NONE',  ( 1.000000000000000000, 0.000000000000000000, 0.000000000000000000 ) ) ;
#2197 = ORIENTED_EDGE ( 'NONE', *, *, #835, .F. ) ;
#2198 = CARTESIAN_POINT ( 'NONE',  ( 12.12435565298216034, 6.999999999999973355, 0.000000000000000000 ) ) ;
#2199 = DIRECTION ( 'NONE',  ( -1.224646799147353207E-16, 1.000000000000000000, 0.000000000000000000 ) ) ;
#2200 = LINE ( 'NONE', #254, #581 ) ;
#2201 = FACE_OUTER_BOUND ( 'NONE', #612, .T. ) ;
#2202 = FACE_OUTER_BOUND ( 'NONE', #2212, .T. ) ;
#2203 = EDGE_CURVE ( 'NONE', #1656, #1051, #2355, .T. ) ;
#2204 = ORIENTED_EDGE ( 'NONE', *, *, #1487, .F. ) ;
#2205 = CARTESIAN_POINT ( 'NONE',  ( 10.80000000000051408, -12.23982570682028737, 0.000000000000000000 ) ) ;
#2206 = DIRECTION ( 'NONE',  ( -1.000000000000000000, 0.000000000000000000, 0.000000000000000000 ) ) ;
#2207 = ADVANCED_FACE ( 'NONE', ( #2607 ), #88, .F. ) ;
#2208 = ORIENTED_EDGE ( 'NONE', *, *, #2035, .T. ) ;
#2209 = CARTESIAN_POINT ( 'NONE',  ( -8.372837617640554489E-14, 8.637267765684129513E-13, -10.00000000000000000 ) ) ;
#2210 = DIRECTION ( 'NONE',  ( -0.000000000000000000, -0.000000000000000000, 1.000000000000000000 ) ) ;
#2211 = EDGE_CURVE ( 'NONE', #1043, #3277, #333, .T. ) ;
#2212 = EDGE_LOOP ( 'NONE', ( #3468, #3539, #1799, #3148 ) ) ;
#2213 = DIRECTION ( 'NONE',  ( -0.000000000000000000, -0.000000000000000000, 1.000000000000000000 ) ) ;
#2214 = CARTESIAN_POINT ( 'NONE',  ( -12.12435565298400064, 7.000000000000676792, -6.000000000000001776 ) ) ;
#2215 = EDGE_LOOP ( 'NONE', ( #784, #2172 ) ) ;
#2216 = DIRECTION ( 'NONE',  ( -0.000000000000000000, -0.000000000000000000, 1.000000000000000000 ) ) ;
#2217 = DIRECTION ( 'NONE',  ( 1.000000000000000000, 0.000000000000000000, 0.000000000000000000 ) ) ;
#2218 = AXIS2_PLACEMENT_3D ( 'NONE', #2313, #1844, #1735 ) ;
#2219 = VECTOR ( 'NONE', #1616, 1000.000000000000000 ) ;
#2220 = EDGE_LOOP ( 'NONE', ( #3387, #1992 ) ) ;
#2221 = CARTESIAN_POINT ( 'NONE',  ( 10.32435565298215963, 6.999999999999973355, -6.000000000000000000 ) ) ;
#2222 = DIRECTION ( 'NONE',  ( -0.000000000000000000, -0.000000000000000000, 1.000000000000000000 ) ) ;
#2223 = AXIS2_PLACEMENT_3D ( 'NONE', #717, #1841, #2968 ) ;
#2224 = ORIENTED_EDGE ( 'NONE', *, *, #1198, .F. ) ;
#2225 = AXIS2_PLACEMENT_3D ( 'NONE', #2679, #437, #1571 ) ;
#2226 = AXIS2_PLACEMENT_3D ( 'NONE', #1327, #162, #2111 ) ;
#2227 = DIRECTION ( 'NONE',  ( -1.000000000000000000, 0.000000000000000000, 0.000000000000000000 ) ) ;
#2228 = CYLINDRICAL_SURFACE ( 'NONE', #649, 1.800000000000429923 ) ;
#2229 = EDGE_CURVE ( 'NONE', #3076, #2563, #908, .T. ) ;
#2230 = ORIENTED_EDGE ( 'NONE', *, *, #1717, .F. ) ;
#2231 = AXIS2_PLACEMENT_3D ( 'NONE', #2442, #1866, #3282 ) ;
#2232 = VERTEX_POINT ( 'NONE', #925 ) ;
#2233 = DIRECTION ( 'NONE',  ( 0.000000000000000000, 0.000000000000000000, 1.000000000000000000 ) ) ;
#2234 = DIRECTION ( 'NONE',  ( 0.000000000000000000, -1.000000000000000000, 0.000000000000000000 ) ) ;
#2235 = AXIS2_PLACEMENT_3D ( 'NONE', #556, #1675, #278 ) ;
#2236 = EDGE_CURVE ( 'NONE', #445, #781, #3470, .T. ) ;
#2237 = CIRCLE ( 'NONE', #2652, 1.800000000000646638 ) ;
#2238 = EDGE_LOOP ( 'NONE', ( #392, #847, #294, #498 ) ) ;
#2239 = FACE_OUTER_BOUND ( 'NONE', #2238, .T. ) ;
#2240 = DIRECTION ( 'NONE',  ( 0.000000000000000000, 0.000000000000000000, 1.000000000000000000 ) ) ;
#2241 = AXIS2_PLACEMENT_3D ( 'NONE', #2600, #3367, #1982 ) ;
#2242 = AXIS2_PLACEMENT_3D ( 'NONE', #2322, #1910, #2738 ) ;
#2243 = ORIENTED_EDGE ( 'NONE', *, *, #1828, .T. ) ;
#2244 = CARTESIAN_POINT ( 'NONE',  ( -10.80000000000038796, 12.23982570681918070, -2.799999999999999822 ) ) ;
#2245 = LINE ( 'NONE', #1156, #714 ) ;
#2246 = ORIENTED_EDGE ( 'NONE', *, *, #3026, .T. ) ;
#2247 = ORIENTED_EDGE ( 'NONE', *, *, #293, .T. ) ;
#2248 = CARTESIAN_POINT ( 'NONE',  ( -2.500000000000083933, 8.640329382681997513E-13, -9.000000000000000000 ) ) ;
#2249 = DIRECTION ( 'NONE',  ( -0.000000000000000000, -0.000000000000000000, 1.000000000000000000 ) ) ;
#2250 = ORIENTED_EDGE ( 'NONE', *, *, #352, .T. ) ;
#2251 = EDGE_LOOP ( 'NONE', ( #707, #3411 ) ) ;
#2252 = ADVANCED_FACE ( 'NONE', ( #2562 ), #43, .F. ) ;
#2253 = LINE ( 'NONE', #3065, #2171 ) ;
#2254 = FACE_OUTER_BOUND ( 'NONE', #1102, .T. ) ;
#2255 = ADVANCED_FACE ( 'NONE', ( #1309, #2658 ), #3266, .T. ) ;
#2256 = EDGE_LOOP ( 'NONE', ( #382, #1967, #1729, #3380 ) ) ;
#2257 = DIRECTION ( 'NONE',  ( -0.000000000000000000, -0.000000000000000000, 1.000000000000000000 ) ) ;
#2258 = CARTESIAN_POINT ( 'NONE',  ( 15.12435565298488527, 7.000000000001044498, -9.000000000000000000 ) ) ;
#2259 = EDGE_CURVE ( 'NONE', #1463, #2902, #1567, .T. ) ;
#2260 = ORIENTED_EDGE ( 'NONE', *, *, #791, .F. ) ;
#2261 = CARTESIAN_POINT ( 'NONE',  ( -18.79999999999987281, -1.616580753732059339, 0.000000000000000000 ) ) ;
#2262 = CARTESIAN_POINT ( 'NONE',  ( -13.92435565298569955, 7.000000000000676792, 15.00000000000000000 ) ) ;
#2263 = PRODUCT_RELATED_PRODUCT_CATEGORY ( 'detail', '', ( #98 ) ) ;
#2264 = VERTEX_POINT ( 'NONE', #1864 ) ;
#2265 = CARTESIAN_POINT ( 'NONE',  ( -13.19999999999987139, -1.616580753732059339, 0.000000000000000000 ) ) ;
#2266 = PLANE ( 'NONE',  #1400 ) ;
#2267 = ORIENTED_EDGE ( 'NONE', *, *, #680, .T. ) ;
#2268 = ORIENTED_EDGE ( 'NONE', *, *, #810, .T. ) ;
#2269 = FACE_OUTER_BOUND ( 'NONE', #1087, .T. ) ;
#2270 = DIRECTION ( 'NONE',  ( 0.000000000000000000, 0.000000000000000000, 1.000000000000000000 ) ) ;
#2271 = VERTEX_POINT ( 'NONE', #3542 ) ;
#2272 = CARTESIAN_POINT ( 'NONE',  ( 0.000000000000000000, 0.000000000000000000, -1.000000000000000000 ) ) ;
#2273 = DIRECTION ( 'NONE',  ( 0.000000000000000000, -1.000000000000000000, 0.000000000000000000 ) ) ;
#2274 = EDGE_CURVE ( 'NONE', #1292, #2032, #2956, .T. ) ;
#2275 = VERTEX_POINT ( 'NONE', #195 ) ;
#2276 = PLANE ( 'NONE',  #3522 ) ;
#2277 = LINE ( 'NONE', #1686, #3591 ) ;
#2278 = ADVANCED_FACE ( 'NONE', ( #1236 ), #2364, .F. ) ;
#2279 = AXIS2_PLACEMENT_3D ( 'NONE', #2848, #3106, #565 ) ;
#2280 = ORIENTED_EDGE ( 'NONE', *, *, #623, .T. ) ;
#2281 = ORIENTED_EDGE ( 'NONE', *, *, #1286, .F. ) ;
#2282 = FACE_BOUND ( 'NONE', #3096, .T. ) ;
#2283 = DIRECTION ( 'NONE',  ( 0.000000000000000000, 0.000000000000000000, -1.000000000000000000 ) ) ;
#2284 = AXIS2_PLACEMENT_3D ( 'NONE', #2272, #2513, #820 ) ;
#2285 = VERTEX_POINT ( 'NONE', #2422 ) ;
#2286 = AXIS2_PLACEMENT_3D ( 'NONE', #1625, #183, #1058 ) ;
#2287 = ORIENTED_EDGE ( 'NONE', *, *, #3513, .F. ) ;
#2288 = AXIS2_PLACEMENT_3D ( 'NONE', #1889, #728, #1297 ) ;
#2289 = DIRECTION ( 'NONE',  ( -0.000000000000000000, -0.000000000000000000, 1.000000000000000000 ) ) ;
#2290 = DIRECTION ( 'NONE',  ( -5.365409281204146159E-16, 1.000000000000000000, 0.000000000000000000 ) ) ;
#2291 = AXIS2_PLACEMENT_3D ( 'NONE', #727, #1038, #2936 ) ;
#2292 = AXIS2_PLACEMENT_3D ( 'NONE', #3453, #3419, #3437 ) ;
#2293 = FACE_BOUND ( 'NONE', #1150, .T. ) ;
#2294 = DIRECTION ( 'NONE',  ( -0.000000000000000000, -0.000000000000000000, 1.000000000000000000 ) ) ;
#2295 = CARTESIAN_POINT ( 'NONE',  ( -5.199999999999421085, -12.23982570682084337, -2.799999999999999822 ) ) ;
#2296 = AXIS2_PLACEMENT_3D ( 'NONE', #1934, #2112, #3281 ) ;
#2297 = CARTESIAN_POINT ( 'NONE',  ( -7.133533265058149408E-13, 14.00000000000086331, -6.000000000000001776 ) ) ;
#2298 = ORIENTED_EDGE ( 'NONE', *, *, #32, .F. ) ;
#2299 = EDGE_CURVE ( 'NONE', #828, #3383, #2065, .T. ) ;
#2300 = DIRECTION ( 'NONE',  ( -5.365409281204144187E-16, 1.000000000000000000, 0.000000000000000000 ) ) ;
#2301 = CIRCLE ( 'NONE', #827, 4.000000000000001776 ) ;
#2302 = LINE ( 'NONE', #606, #1407 ) ;
#2303 = VECTOR ( 'NONE', #996, 1000.000000000000000 ) ;
#2304 = ORIENTED_EDGE ( 'NONE', *, *, #858, .F. ) ;
#2305 = ORIENTED_EDGE ( 'NONE', *, *, #1963, .T. ) ;
#2306 = ADVANCED_FACE ( 'NONE', ( #3504 ), #2692, .T. ) ;
#2307 = FACE_OUTER_BOUND ( 'NONE', #813, .T. ) ;
#2308 = CARTESIAN_POINT ( 'NONE',  ( 16.00000000000000355, 3.233161507461904005, 0.000000000000000000 ) ) ;
#2309 = LOCAL_TIME ( 11, 17, 35.00000000000000000, #3306 ) ;
#2310 = EDGE_LOOP ( 'NONE', ( #2045, #3397 ) ) ;
#2311 = ORIENTED_EDGE ( 'NONE', *, *, #91, .F. ) ;
#2312 = ADVANCED_FACE ( 'NONE', ( #2106 ), #686, .T. ) ;
#2313 = CARTESIAN_POINT ( 'NONE',  ( -12.12435565298529383, 7.000000000002364331, -9.000000000000000000 ) ) ;
#2314 = FACE_BOUND ( 'NONE', #399, .T. ) ;
#2315 = ADVANCED_FACE ( 'NONE', ( #2128 ), #2145, .F. ) ;
#2316 = DIRECTION ( 'NONE',  ( -0.000000000000000000, -0.000000000000000000, 1.000000000000000000 ) ) ;
#2317 = CARTESIAN_POINT ( 'NONE',  ( -20.00000000000000000, 2.449293598294706513E-15, -1.000000000000000000 ) ) ;
#2318 = FACE_BOUND ( 'NONE', #2177, .T. ) ;
#2319 = DIRECTION ( 'NONE',  ( -0.000000000000000000, -0.000000000000000000, 1.000000000000000000 ) ) ;
#2320 = ORIENTED_EDGE ( 'NONE', *, *, #125, .T. ) ;
#2321 = CARTESIAN_POINT ( 'NONE',  ( 0.000000000000000000, 0.000000000000000000, -6.000000000000001776 ) ) ;
#2322 = CARTESIAN_POINT ( 'NONE',  ( -18.79999999999987281, 1.616580753729847775, -2.799999999999999822 ) ) ;
#2323 = ADVANCED_FACE ( 'NONE', ( #2675 ), #3521, .F. ) ;
#2324 = ORIENTED_EDGE ( 'NONE', *, *, #1869, .F. ) ;
#2325 = ORIENTED_EDGE ( 'NONE', *, *, #3086, .T. ) ;
#2326 = CARTESIAN_POINT ( 'NONE',  ( 16.00000000000000355, -3.233161507461903561, -2.799999999999999822 ) ) ;
#2327 = CARTESIAN_POINT ( 'NONE',  ( 16.00000000000000355, -3.233161507461903561, -2.799999999999999822 ) ) ;
#2328 = EDGE_LOOP ( 'NONE', ( #673, #2682 ) ) ;
#2329 = EDGE_CURVE ( 'NONE', #3104, #2014, #822, .T. ) ;
#2330 = ORIENTED_EDGE ( 'NONE', *, *, #3336, .T. ) ;
#2331 = FACE_OUTER_BOUND ( 'NONE', #455, .T. ) ;
#2332 = ADVANCED_FACE ( 'NONE', ( #2713 ), #1529, .F. ) ;
#2333 = CARTESIAN_POINT ( 'NONE',  ( 2.999999999999594102, 14.00000000000340528, -9.000000000000000000 ) ) ;
#2334 = DIRECTION ( 'NONE',  ( -0.000000000000000000, -0.000000000000000000, 1.000000000000000000 ) ) ;
#2335 = CARTESIAN_POINT ( 'NONE',  ( -3.000000000001179057, -14.00000000000130029, -6.000000000000000000 ) ) ;
#2336 = VERTEX_POINT ( 'NONE', #2648 ) ;
#2337 = DIRECTION ( 'NONE',  ( -0.8660254037844389297, -0.4999999999999995559, 0.000000000000000000 ) ) ;
#2338 = VERTEX_POINT ( 'NONE', #381 ) ;
#2339 = CARTESIAN_POINT ( 'NONE',  ( 12.12435565298412143, -7.000000000002367884, -9.000000000000000000 ) ) ;
#2340 = LINE ( 'NONE', #3165, #3359 ) ;
#2341 = VERTEX_POINT ( 'NONE', #54 ) ;
#2342 = CARTESIAN_POINT ( 'NONE',  ( 10.79999999999954774, 12.23982570681974558, -2.799999999999999822 ) ) ;
#2343 = DIRECTION ( 'NONE',  ( 0.000000000000000000, 0.000000000000000000, 1.000000000000000000 ) ) ;
#2344 = VECTOR ( 'NONE', #1069, 1000.000000000000000 ) ;
#2345 = ORIENTED_EDGE ( 'NONE', *, *, #1736, .T. ) ;
#2346 = ORIENTED_EDGE ( 'NONE', *, *, #2593, .T. ) ;
#2347 = AXIS2_PLACEMENT_3D ( 'NONE', #493, #2685, #2753 ) ;
#2348 = VECTOR ( 'NONE', #2751, 1000.000000000000114 ) ;
#2349 = EDGE_CURVE ( 'NONE', #1747, #2338, #2889, .T. ) ;
#2350 = DIRECTION ( 'NONE',  ( 0.000000000000000000, 0.000000000000000000, 1.000000000000000000 ) ) ;
#2351 = DIRECTION ( 'NONE',  ( -1.000000000000000000, 0.000000000000000000, 0.000000000000000000 ) ) ;
#2352 = ADVANCED_FACE ( 'NONE', ( #2060 ), #2596, .F. ) ;
#2353 = FACE_BOUND ( 'NONE', #1474, .T. ) ;
#2354 = VECTOR ( 'NONE', #144, 1000.000000000000000 ) ;
#2355 = CIRCLE ( 'NONE', #2, 2.999999999999777067 ) ;
#2356 = DIRECTION ( 'NONE',  ( 1.000000000000000000, 0.000000000000000000, 0.000000000000000000 ) ) ;
#2357 = ORIENTED_EDGE ( 'NONE', *, *, #3608, .T. ) ;
#2358 = CYLINDRICAL_SURFACE ( 'NONE', #3050, 6.500000000000000888 ) ;
#2359 = CARTESIAN_POINT ( 'NONE',  ( 10.80000000000051585, -15.47298721428219004, 0.000000000000000000 ) ) ;
#2360 = VECTOR ( 'NONE', #1429, 1000.000000000000000 ) ;
#2361 = AXIS2_PLACEMENT_3D ( 'NONE', #210, #1658, #2469 ) ;
#2362 = VERTEX_POINT ( 'NONE', #3183 ) ;
#2363 = CARTESIAN_POINT ( 'NONE',  ( -5.199999999999421085, -12.23982570682084337, -2.799999999999999822 ) ) ;
#2364 = CYLINDRICAL_SURFACE ( 'NONE', #943, 1.800000000001657829 ) ;
#2365 = AXIS2_PLACEMENT_3D ( 'NONE', #153, #1801, #2043 ) ;
#2366 = ORIENTED_EDGE ( 'NONE', *, *, #439, .F. ) ;
#2367 = LOCAL_TIME ( 11, 17, 35.00000000000000000, #2862 ) ;
#2368 = FACE_BOUND ( 'NONE', #2927, .T. ) ;
#2369 = AXIS2_PLACEMENT_3D ( 'NONE', #1978, #3101, #582 ) ;
#2370 = ADVANCED_FACE ( 'NONE', ( #78 ), #935, .T. ) ;
#2371 = FACE_OUTER_BOUND ( 'NONE', #208, .T. ) ;
#2372 = CARTESIAN_POINT ( 'NONE',  ( 7.999999999999550582, 10.62324495308878802, -2.799999999999999822 ) ) ;
#2373 = ADVANCED_FACE ( 'NONE', ( #1517 ), #1498, .F. ) ;
#2374 = DIRECTION ( 'NONE',  ( -0.000000000000000000, -0.000000000000000000, 1.000000000000000000 ) ) ;
#2375 = VERTEX_POINT ( 'NONE', #2629 ) ;
#2376 = CARTESIAN_POINT ( 'NONE',  ( -4.000000000000000000, 14.00000000000000178, 0.000000000000000000 ) ) ;
#2377 = CARTESIAN_POINT ( 'NONE',  ( 0.000000000000000000, 0.000000000000000000, 0.000000000000000000 ) ) ;
#2378 = EDGE_CURVE ( 'NONE', #143, #2552, #1647, .T. ) ;
#2379 = ORIENTED_EDGE ( 'NONE', *, *, #3445, .F. ) ;
#2380 = DIRECTION ( 'NONE',  ( -1.000000000000000000, 0.000000000000000000, -0.000000000000000000 ) ) ;
#2381 = CARTESIAN_POINT ( 'NONE',  ( -5.200000000000389200, 15.47298721428108692, 0.000000000000000000 ) ) ;
#2382 = DIRECTION ( 'NONE',  ( 1.000000000000000000, 0.000000000000000000, 0.000000000000000000 ) ) ;
#2383 = ORIENTED_EDGE ( 'NONE', *, *, #3030, .T. ) ;
#2384 = LINE ( 'NONE', #986, #123 ) ;
#2385 = DIRECTION ( 'NONE',  ( -1.000000000000000000, 0.000000000000000000, 0.000000000000000000 ) ) ;
#2386 = CYLINDRICAL_SURFACE ( 'NONE', #1769, 2.999999999999417799 ) ;
#2387 = CARTESIAN_POINT ( 'NONE',  ( -10.80000000000038796, 12.23982570681918070, -2.799999999999999822 ) ) ;
#2388 = APPROVAL_STATUS ( 'not_yet_approved' ) ;
#2389 = VERTEX_POINT ( 'NONE', #2040 ) ;
#2390 = VERTEX_POINT ( 'NONE', #1194 ) ;
#2391 = ORIENTED_EDGE ( 'NONE', *, *, #523, .F. ) ;
#2392 = CARTESIAN_POINT ( 'NONE',  ( -7.999999999999426237, -13.85640646055201586, -2.799999999999999822 ) ) ;
#2393 = LINE ( 'NONE', #3515, #2303 ) ;
#2394 = EDGE_CURVE ( 'NONE', #1073, #3572, #398, .T. ) ;
#2395 = ORIENTED_EDGE ( 'NONE', *, *, #668, .F. ) ;
#2396 = ORIENTED_EDGE ( 'NONE', *, *, #2837, .T. ) ;
#2397 = CARTESIAN_POINT ( 'NONE',  ( 7.999999999999550582, 10.62324495308878802, 0.000000000000000000 ) ) ;
#2398 = DIRECTION ( 'NONE',  ( -1.000000000000000000, -1.073081856240828837E-15, 0.000000000000000000 ) ) ;
#2399 = ADVANCED_FACE ( 'NONE', ( #1227 ), #603, .F. ) ;
#2400 = DIRECTION ( 'NONE',  ( 0.000000000000000000, 0.000000000000000000, -1.000000000000000000 ) ) ;
#2401 = ORIENTED_EDGE ( 'NONE', *, *, #1849, .F. ) ;
#2402 = CARTESIAN_POINT ( 'NONE',  ( 14.19999999999855511, 2.204364238467009280E-16, -9.000000000000000000 ) ) ;
#2403 = VECTOR ( 'NONE', #2430, 1000.000000000000000 ) ;
#2404 = AXIS2_PLACEMENT_3D ( 'NONE', #1434, #2380, #2565 ) ;
#2405 = PLANE ( 'NONE',  #2412 ) ;
#2406 = ORIENTED_EDGE ( 'NONE', *, *, #3617, .F. ) ;
#2407 = DIRECTION ( 'NONE',  ( 0.8660254037844389297, 0.4999999999999995004, 0.000000000000000000 ) ) ;
#2408 = CIRCLE ( 'NONE', #2223, 1.800000000001749534 ) ;
#2409 = VERTEX_POINT ( 'NONE', #96 ) ;
#2410 = VECTOR ( 'NONE', #3286, 1000.000000000000000 ) ;
#2411 = ORIENTED_EDGE ( 'NONE', *, *, #175, .T. ) ;
#2412 = AXIS2_PLACEMENT_3D ( 'NONE', #3529, #3232, #182 ) ;
#2413 = LINE ( 'NONE', #1613, #1989 ) ;
#2414 = DIRECTION ( 'NONE',  ( 0.000000000000000000, 0.000000000000000000, 1.000000000000000000 ) ) ;
#2415 = AXIS2_PLACEMENT_3D ( 'NONE', #1493, #1794, #3013 ) ;
#2416 = EDGE_CURVE ( 'NONE', #2433, #2271, #2888, .T. ) ;
#2417 = ORIENTED_EDGE ( 'NONE', *, *, #2189, .F. ) ;
#2418 = ORIENTED_EDGE ( 'NONE', *, *, #3273, .F. ) ;
#2419 = CARTESIAN_POINT ( 'NONE',  ( -13.19999999999987139, 1.616580753729848441, -2.799999999999999822 ) ) ;
#2420 = AXIS2_PLACEMENT_3D ( 'NONE', #375, #2047, #1215 ) ;
#2421 = CARTESIAN_POINT ( 'NONE',  ( -4.000000000000097700, -14.00000000000000178, 20.00000000000000000 ) ) ;
#2422 = CARTESIAN_POINT ( 'NONE',  ( -13.92435565298569955, 7.000000000000676792, -6.000000000000000000 ) ) ;
#2423 = AXIS2_PLACEMENT_3D ( 'NONE', #849, #65, #1142 ) ;
#2424 = EDGE_CURVE ( 'NONE', #2285, #386, #1296, .T. ) ;
#2425 = VERTEX_POINT ( 'NONE', #958 ) ;
#2426 = PLANE ( 'NONE',  #1881 ) ;
#2427 = VECTOR ( 'NONE', #3486, 1000.000000000000000 ) ;
#2428 = EDGE_CURVE ( 'NONE', #737, #1344, #2022, .T. ) ;
#2429 = CIRCLE ( 'NONE', #305, 20.00000000000000000 ) ;
#2430 = DIRECTION ( 'NONE',  ( 0.8660254037844389297, 0.4999999999999995004, 0.000000000000000000 ) ) ;
#2431 = DIRECTION ( 'NONE',  ( 0.000000000000000000, 0.000000000000000000, 1.000000000000000000 ) ) ;
#2432 = EDGE_CURVE ( 'NONE', #2009, #2341, #3007, .T. ) ;
#2433 = VERTEX_POINT ( 'NONE', #1246 ) ;
#2434 = ORIENTED_EDGE ( 'NONE', *, *, #2641, .F. ) ;
#2435 = DIRECTION ( 'NONE',  ( -0.8660254037844389297, -0.4999999999999996114, 0.000000000000000000 ) ) ;
#2436 = DIRECTION ( 'NONE',  ( -1.000000000000000000, 0.000000000000000000, -0.000000000000000000 ) ) ;
#2437 = ORIENTED_EDGE ( 'NONE', *, *, #3562, .F. ) ;
#2438 = CARTESIAN_POINT ( 'NONE',  ( 12.12435565298488527, 7.000000000001044498, -9.000000000000000000 ) ) ;
#2439 = CARTESIAN_POINT ( 'NONE',  ( 12.12435565298216034, 6.999999999999973355, -6.000000000000000000 ) ) ;
#2440 = DIRECTION ( 'NONE',  ( 0.000000000000000000, 0.000000000000000000, 1.000000000000000000 ) ) ;
#2441 = ORIENTED_EDGE ( 'NONE', *, *, #3090, .T. ) ;
#2442 = CARTESIAN_POINT ( 'NONE',  ( -7.999999999999424460, -10.62324495308988936, -2.799999999999999822 ) ) ;
#2443 = EDGE_CURVE ( 'NONE', #2671, #275, #241, .T. ) ;
#2444 = CARTESIAN_POINT ( 'NONE',  ( 0.000000000000000000, 0.000000000000000000, -6.000000000000000000 ) ) ;
#2445 = CARTESIAN_POINT ( 'NONE',  ( -12.12435565298220830, -6.999999999999887201, 20.00000000000000000 ) ) ;
#2446 = EDGE_CURVE ( 'NONE', #1137, #2124, #2950, .T. ) ;
#2447 = EDGE_LOOP ( 'NONE', ( #2951, #3485, #244, #367 ) ) ;
#2448 = CARTESIAN_POINT ( 'NONE',  ( 0.000000000000000000, 14.00000000000000178, 0.000000000000000000 ) ) ;
#2449 = CARTESIAN_POINT ( 'NONE',  ( 0.000000000000000000, 0.000000000000000000, -9.000000000000001776 ) ) ;
#2450 = ORIENTED_EDGE ( 'NONE', *, *, #1557, .T. ) ;
#2451 = CYLINDRICAL_SURFACE ( 'NONE', #52, 1.800000000002252909 ) ;
#2452 = CARTESIAN_POINT ( 'NONE',  ( -12.12435565298253515, 7.000000000001921130, -6.000000000000000000 ) ) ;
#2453 = ORIENTED_EDGE ( 'NONE', *, *, #1088, .F. ) ;
#2454 = CYLINDRICAL_SURFACE ( 'NONE', #2825, 1.800000000001449774 ) ;
#2455 = DIRECTION ( 'NONE',  ( -0.000000000000000000, -0.000000000000000000, 1.000000000000000000 ) ) ;
#2456 = EDGE_CURVE ( 'NONE', #3310, #2232, #825, .T. ) ;
#2457 = CARTESIAN_POINT ( 'NONE',  ( 5.200000000000516209, -15.47298721428219004, -2.799999999999999822 ) ) ;
#2458 = CARTESIAN_POINT ( 'NONE',  ( 12.12435565298216034, 6.999999999999973355, 20.00000000000000000 ) ) ;
#2459 = VECTOR ( 'NONE', #3055, 1000.000000000000000 ) ;
#2460 = EDGE_CURVE ( 'NONE', #868, #905, #345, .T. ) ;
#2461 = ORIENTED_EDGE ( 'NONE', *, *, #320, .T. ) ;
#2462 = CYLINDRICAL_SURFACE ( 'NONE', #1105, 1.800000000000589351 ) ;
#2463 = VECTOR ( 'NONE', #167, 1000.000000000000000 ) ;
#2464 = CARTESIAN_POINT ( 'NONE',  ( -12.12435565298220830, -6.999999999999887201, 15.00000000000000000 ) ) ;
#2465 = CIRCLE ( 'NONE', #1003, 3.000000000000174527 ) ;
#2466 = AXIS2_PLACEMENT_3D ( 'NONE', #970, #3122, #600 ) ;
#2467 = VERTEX_POINT ( 'NONE', #539 ) ;
#2468 = DIRECTION ( 'NONE',  ( -0.000000000000000000, -0.000000000000000000, 1.000000000000000000 ) ) ;
#2469 = DIRECTION ( 'NONE',  ( -1.000000000000000000, 0.000000000000000000, 0.000000000000000000 ) ) ;
#2470 = AXIS2_PLACEMENT_3D ( 'NONE', #2920, #2092, #1454 ) ;
#2471 = AXIS2_PLACEMENT_3D ( 'NONE', #741, #2991, #366 ) ;
#2472 = VERTEX_POINT ( 'NONE', #2744 ) ;
#2473 = DIRECTION ( 'NONE',  ( -0.000000000000000000, -0.000000000000000000, -1.000000000000000000 ) ) ;
#2474 = CARTESIAN_POINT ( 'NONE',  ( 8.124355652978559661, -7.000000000000057732, 15.00000000000000000 ) ) ;
#2475 = AXIS2_PLACEMENT_3D ( 'NONE', #2613, #2572, #1782 ) ;
#2476 = ORIENTED_EDGE ( 'NONE', *, *, #2606, .T. ) ;
#2477 = CIRCLE ( 'NONE', #2241, 2.999999999999778844 ) ;
#2478 = FACE_OUTER_BOUND ( 'NONE', #2694, .T. ) ;
#2479 = CARTESIAN_POINT ( 'NONE',  ( -21.00000000000000000, 0.000000000000000000, -9.000000000000001776 ) ) ;
#2480 = EDGE_CURVE ( 'NONE', #1301, #985, #128, .T. ) ;
#2481 = AXIS2_PLACEMENT_3D ( 'NONE', #3567, #801, #1305 ) ;
#2482 = ORIENTED_EDGE ( 'NONE', *, *, #2103, .T. ) ;
#2483 = CYLINDRICAL_SURFACE ( 'NONE', #2874, 2.999999999999417799 ) ;
#2484 = LINE ( 'NONE', #1018, #771 ) ;
#2485 = EDGE_CURVE ( 'NONE', #314, #2275, #1648, .T. ) ;
#2486 = ORIENTED_EDGE ( 'NONE', *, *, #3063, .F. ) ;
#2487 = PLANE ( 'NONE',  #2048 ) ;
#2488 = CARTESIAN_POINT ( 'NONE',  ( 19.00000000000000000, 2.388061258337338939E-15, 0.000000000000000000 ) ) ;
#2489 = ADVANCED_FACE ( 'NONE', ( #3607 ), #1342, .F. ) ;
#2490 = VERTEX_POINT ( 'NONE', #3329 ) ;
#2491 = DIRECTION ( 'NONE',  ( -1.000000000000000000, 0.000000000000000000, 0.000000000000000000 ) ) ;
#2492 = DIRECTION ( 'NONE',  ( -0.000000000000000000, -0.000000000000000000, 1.000000000000000000 ) ) ;
#2493 = VERTEX_POINT ( 'NONE', #3623 ) ;
#2494 = ORIENTED_EDGE ( 'NONE', *, *, #957, .F. ) ;
#2495 = FACE_OUTER_BOUND ( 'NONE', #941, .T. ) ;
#2496 = DIRECTION ( 'NONE',  ( -0.000000000000000000, -0.000000000000000000, 1.000000000000000000 ) ) ;
#2497 = ORIENTED_EDGE ( 'NONE', *, *, #2193, .T. ) ;
#2498 = CYLINDRICAL_SURFACE ( 'NONE', #2702, 1.800000000000792300 ) ;
#2499 = FACE_BOUND ( 'NONE', #927, .T. ) ;
#2500 = ORIENTED_EDGE ( 'NONE', *, *, #1537, .T. ) ;
#2501 = ADVANCED_FACE ( 'NONE', ( #1619 ), #2386, .F. ) ;
#2502 = CARTESIAN_POINT ( 'NONE',  ( 12.12435565298412143, -7.000000000002367884, -7.000000000000000000 ) ) ;
#2503 = LINE ( 'NONE', #1900, #2654 ) ;
#2504 = EDGE_LOOP ( 'NONE', ( #135, #3447 ) ) ;
#2505 = ADVANCED_FACE ( 'NONE', ( #500 ), #1916, .T. ) ;
#2506 = CARTESIAN_POINT ( 'NONE',  ( -5.200000000000384759, 12.23982570681918425, 0.000000000000000000 ) ) ;
#2507 = FACE_OUTER_BOUND ( 'NONE', #2816, .T. ) ;
#2508 = VERTEX_POINT ( 'NONE', #807 ) ;
#2509 = EDGE_LOOP ( 'NONE', ( #1078, #3258, #2197, #594, #1180, #2787 ) ) ;
#2510 = PLANE ( 'NONE',  #1926 ) ;
#2511 = DIRECTION ( 'NONE',  ( 0.000000000000000000, 0.000000000000000000, 1.000000000000000000 ) ) ;
#2512 = ORIENTED_EDGE ( 'NONE', *, *, #888, .T. ) ;
#2513 = DIRECTION ( 'NONE',  ( 0.000000000000000000, 0.000000000000000000, -1.000000000000000000 ) ) ;
#2514 = DIRECTION ( 'NONE',  ( 0.000000000000000000, 0.000000000000000000, -1.000000000000000000 ) ) ;
#2515 = VECTOR ( 'NONE', #2125, 1000.000000000000227 ) ;
#2516 = CIRCLE ( 'NONE', #3525, 1.800000000000589351 ) ;
#2517 = ORIENTED_EDGE ( 'NONE', *, *, #1882, .F. ) ;
#2518 = CYLINDRICAL_SURFACE ( 'NONE', #1164, 3.000000000000174527 ) ;
#2519 = CARTESIAN_POINT ( 'NONE',  ( 12.12435565298210882, -7.000000000000057732, 0.000000000000000000 ) ) ;
#2520 = ADVANCED_FACE ( 'NONE', ( #793 ), #212, .F. ) ;
#2521 = ORIENTED_EDGE ( 'NONE', *, *, #904, .T. ) ;
#2522 = ORIENTED_EDGE ( 'NONE', *, *, #1882, .T. ) ;
#2523 = AXIS2_PLACEMENT_3D ( 'NONE', #232, #2903, #1239 ) ;
#2524 = DIRECTION ( 'NONE',  ( 1.073081856240828837E-15, -1.000000000000000000, 0.000000000000000000 ) ) ;
#2525 = DIRECTION ( 'NONE',  ( -0.000000000000000000, -0.000000000000000000, 1.000000000000000000 ) ) ;
#2526 = ORIENTED_EDGE ( 'NONE', *, *, #1286, .T. ) ;
#2527 = EDGE_CURVE ( 'NONE', #3274, #1272, #947, .T. ) ;
#2528 = CIRCLE ( 'NONE', #1527, 23.00000000000000000 ) ;
#2529 = ORIENTED_EDGE ( 'NONE', *, *, #2460, .F. ) ;
#2530 = LINE ( 'NONE', #266, #704 ) ;
#2531 = CARTESIAN_POINT ( 'NONE',  ( 15.12435565298236106, -7.000000000002367884, -6.000000000000000000 ) ) ;
#2532 = EDGE_CURVE ( 'NONE', #1542, #2041, #3508, .T. ) ;
#2533 = CARTESIAN_POINT ( 'NONE',  ( -8.000000000000387246, 10.62324495308823025, 0.000000000000000000 ) ) ;
#2534 = DIRECTION ( 'NONE',  ( -0.8660254037844378194, -0.5000000000000015543, 0.000000000000000000 ) ) ;
#2535 = DIRECTION ( 'NONE',  ( -1.000000000000000000, 0.000000000000000000, 0.000000000000000000 ) ) ;
#2536 = ORIENTED_EDGE ( 'NONE', *, *, #2962, .F. ) ;
#2537 = PRODUCT_DEFINITION ( 'æœ', '', #542, #1495 ) ;
#2538 = CIRCLE ( 'NONE', #3538, 2.999999999999417799 ) ;
#2539 = AXIS2_PLACEMENT_3D ( 'NONE', #3341, #309, #270 ) ;
#2540 = EDGE_LOOP ( 'NONE', ( #1942, #444, #3551, #1817 ) ) ;
#2541 = DIRECTION ( 'NONE',  ( -1.000000000000000000, 0.000000000000000000, 0.000000000000000000 ) ) ;
#2542 = DIRECTION ( 'NONE',  ( -0.000000000000000000, -0.000000000000000000, -1.000000000000000000 ) ) ;
#2543 = ORIENTED_EDGE ( 'NONE', *, *, #2460, .T. ) ;
#2544 = VERTEX_POINT ( 'NONE', #760 ) ;
#2545 = CARTESIAN_POINT ( 'NONE',  ( -9.800000000000014921, -13.85640646055201586, -9.000000000000000000 ) ) ;
#2546 = DIRECTION ( 'NONE',  ( 1.000000000000000000, 0.000000000000000000, 0.000000000000000000 ) ) ;
#2547 = ORIENTED_EDGE ( 'NONE', *, *, #503, .T. ) ;
#2548 = EDGE_LOOP ( 'NONE', ( #45, #1095 ) ) ;
#2549 = DIRECTION ( 'NONE',  ( -1.000000000000000000, 0.000000000000000000, 0.000000000000000000 ) ) ;
#2550 = EDGE_CURVE ( 'NONE', #629, #314, #1089, .T. ) ;
#2551 = CARTESIAN_POINT ( 'NONE',  ( 16.00000000000000355, 3.233161507461904005, -2.799999999999999822 ) ) ;
#2552 = VERTEX_POINT ( 'NONE', #3060 ) ;
#2553 = ADVANCED_FACE ( 'NONE', ( #2178 ), #1903, .T. ) ;
#2554 = CARTESIAN_POINT ( 'NONE',  ( -6.199999999998836664, -13.85640646055201586, -2.799999999999999822 ) ) ;
#2555 = CARTESIAN_POINT ( 'NONE',  ( 10.80000000000051585, -15.47298721428219004, 0.000000000000000000 ) ) ;
#2556 = EDGE_LOOP ( 'NONE', ( #2366, #692, #2723, #1688 ) ) ;
#2557 = FACE_OUTER_BOUND ( 'NONE', #1390, .T. ) ;
#2558 = DIRECTION ( 'NONE',  ( -0.000000000000000000, -0.000000000000000000, 1.000000000000000000 ) ) ;
#2559 = EDGE_LOOP ( 'NONE', ( #101, #2247 ) ) ;
#2560 = EDGE_LOOP ( 'NONE', ( #3080, #2614, #89, #1558 ) ) ;
#2561 = DIRECTION ( 'NONE',  ( -0.000000000000000000, -0.000000000000000000, 1.000000000000000000 ) ) ;
#2562 = FACE_OUTER_BOUND ( 'NONE', #974, .T. ) ;
#2563 = VERTEX_POINT ( 'NONE', #3593 ) ;
#2564 = VERTEX_POINT ( 'NONE', #3040 ) ;
#2565 = DIRECTION ( 'NONE',  ( -0.000000000000000000, 0.000000000000000000, 1.000000000000000000 ) ) ;
#2566 = CARTESIAN_POINT ( 'NONE',  ( 10.32435565298110625, -7.000000000001111111, -6.000000000000001776 ) ) ;
#2567 = EDGE_CURVE ( 'NONE', #2232, #1356, #517, .T. ) ;
#2568 = FACE_BOUND ( 'NONE', #262, .T. ) ;
#2569 = CARTESIAN_POINT ( 'NONE',  ( -1.348411750568209575E-12, -14.00000000000340528, -7.000000000000000000 ) ) ;
#2570 = DIRECTION ( 'NONE',  ( -0.000000000000000000, -0.000000000000000000, 1.000000000000000000 ) ) ;
#2571 = EDGE_CURVE ( 'NONE', #2362, #998, #2237, .T. ) ;
#2572 = DIRECTION ( 'NONE',  ( 0.000000000000000000, 0.000000000000000000, -1.000000000000000000 ) ) ;
#2573 = VERTEX_POINT ( 'NONE', #1674 ) ;
#2574 = FACE_OUTER_BOUND ( 'NONE', #2676, .T. ) ;
#2575 = VECTOR ( 'NONE', #1512, 1000.000000000000227 ) ;
#2576 = CARTESIAN_POINT ( 'NONE',  ( 8.124355652981012810, 6.999999999999973355, 15.00000000000000000 ) ) ;
#2577 = CIRCLE ( 'NONE', #459, 1.800000000000646638 ) ;
#2578 = ORIENTED_EDGE ( 'NONE', *, *, #464, .F. ) ;
#2579 = ORIENTED_EDGE ( 'NONE', *, *, #2981, .T. ) ;
#2580 = DIRECTION ( 'NONE',  ( 0.8660254037844389297, 0.4999999999999995559, 0.000000000000000000 ) ) ;
#2581 = CARTESIAN_POINT ( 'NONE',  ( 10.79999999999954596, 15.47298721428164647, 0.000000000000000000 ) ) ;
#2582 = AXIS2_PLACEMENT_3D ( 'NONE', #2569, #2828, #1666 ) ;
#2583 = ORIENTED_EDGE ( 'NONE', *, *, #3423, .T. ) ;
#2584 = ORIENTED_EDGE ( 'NONE', *, *, #53, .T. ) ;
#2585 = CIRCLE ( 'NONE', #3109, 1.799999999999999600 ) ;
#2586 = LINE ( 'NONE', #1994, #519 ) ;
#2587 = FACE_BOUND ( 'NONE', #2971, .T. ) ;
#2588 = AXIS2_PLACEMENT_3D ( 'NONE', #3317, #2210, #3371 ) ;
#2589 = CIRCLE ( 'NONE', #3348, 6.500000000000000888 ) ;
#2590 = CARTESIAN_POINT ( 'NONE',  ( 12.12435565298175355, -7.000000000001111111, -6.000000000000001776 ) ) ;
#2591 = DIRECTION ( 'NONE',  ( -1.000000000000000000, 0.000000000000000000, -0.000000000000000000 ) ) ;
#2592 = DIRECTION ( 'NONE',  ( 1.000000000000000000, 0.000000000000000000, 0.000000000000000000 ) ) ;
#2593 = EDGE_CURVE ( 'NONE', #1948, #2341, #147, .T. ) ;
#2594 = ORIENTED_EDGE ( 'NONE', *, *, #1768, .F. ) ;
#2595 = VECTOR ( 'NONE', #1639, 1000.000000000000000 ) ;
#2596 = CYLINDRICAL_SURFACE ( 'NONE', #2292, 1.800000000001749534 ) ;
#2597 = ORIENTED_EDGE ( 'NONE', *, *, #2008, .T. ) ;
#2598 = CARTESIAN_POINT ( 'NONE',  ( 9.800000000001370282, -13.85640646055134972, -9.000000000000000000 ) ) ;
#2599 = VECTOR ( 'NONE', #1139, 1000.000000000000000 ) ;
#2600 = CARTESIAN_POINT ( 'NONE',  ( 12.12435565298403262, 6.999999999999323208, -6.000000000000000000 ) ) ;
#2601 = ADVANCED_FACE ( 'NONE', ( #1606 ), #2454, .F. ) ;
#2602 = CIRCLE ( 'NONE', #2539, 1.800000000000646638 ) ;
#2603 = ORIENTED_EDGE ( 'NONE', *, *, #2108, .F. ) ;
#2604 = VERTEX_POINT ( 'NONE', #2248 ) ;
#2605 = DIRECTION ( 'NONE',  ( -0.000000000000000000, -0.000000000000000000, 1.000000000000000000 ) ) ;
#2606 = EDGE_CURVE ( 'NONE', #543, #2157, #1470, .T. ) ;
#2607 = FACE_OUTER_BOUND ( 'NONE', #2107, .T. ) ;
#2608 = VERTEX_POINT ( 'NONE', #609 ) ;
#2609 = ORIENTED_EDGE ( 'NONE', *, *, #385, .F. ) ;
#2610 = DIRECTION ( 'NONE',  ( 0.000000000000000000, 0.000000000000000000, 1.000000000000000000 ) ) ;
#2611 = DIRECTION ( 'NONE',  ( 0.000000000000000000, 0.000000000000000000, -1.000000000000000000 ) ) ;
#2612 = CARTESIAN_POINT ( 'NONE',  ( -16.12435565298206086, 7.000000000000142109, 0.000000000000000000 ) ) ;
#2613 = CARTESIAN_POINT ( 'NONE',  ( -12.12435565298398465, -6.999999999999408473, -6.000000000000000000 ) ) ;
#2614 = ORIENTED_EDGE ( 'NONE', *, *, #997, .F. ) ;
#2615 = CARTESIAN_POINT ( 'NONE',  ( 17.80000000000145377, 0.000000000000000000, -2.799999999999999822 ) ) ;
#2616 = DIRECTION ( 'NONE',  ( 0.8660254037844375974, -0.5000000000000018874, 0.000000000000000000 ) ) ;
#2617 = EDGE_CURVE ( 'NONE', #1124, #1843, #1887, .T. ) ;
#2618 = EDGE_LOOP ( 'NONE', ( #2287, #1233, #3475, #693 ) ) ;
#2619 = DIRECTION ( 'NONE',  ( -0.000000000000000000, -0.000000000000000000, 1.000000000000000000 ) ) ;
#2620 = CARTESIAN_POINT ( 'NONE',  ( 0.000000000000000000, 0.000000000000000000, -4.000000000000000000 ) ) ;
#2621 = ORIENTED_EDGE ( 'NONE', *, *, #2856, .T. ) ;
#2622 = ADVANCED_FACE ( 'NONE', ( #2282, #2818 ), #907, .T. ) ;
#2623 = EDGE_LOOP ( 'NONE', ( #1210, #819, #1363, #1202, #1659, #1469 ) ) ;
#2624 = DIRECTION ( 'NONE',  ( -0.000000000000000000, -0.000000000000000000, 1.000000000000000000 ) ) ;
#2625 = DIRECTION ( 'NONE',  ( 0.8660254037844389297, -0.4999999999999995559, 0.000000000000000000 ) ) ;
#2626 = DIRECTION ( 'NONE',  ( 0.8660254037844377084, 0.5000000000000015543, 0.000000000000000000 ) ) ;
#2627 = CARTESIAN_POINT ( 'NONE',  ( 0.000000000000000000, 0.000000000000000000, 0.000000000000000000 ) ) ;
#2628 = VERTEX_POINT ( 'NONE', #42 ) ;
#2629 = CARTESIAN_POINT ( 'NONE',  ( 13.20000000000000284, -1.616580753730953335, -2.799999999999999822 ) ) ;
#2630 = ORIENTED_EDGE ( 'NONE', *, *, #2859, .T. ) ;
#2631 = CARTESIAN_POINT ( 'NONE',  ( 10.79999999999954774, 12.23982570681974558, 0.000000000000000000 ) ) ;
#2632 = CARTESIAN_POINT ( 'NONE',  ( -1.530358235279820928E-12, -14.00000000000130207, 15.00000000000000000 ) ) ;
#2633 = VERTEX_POINT ( 'NONE', #889 ) ;
#2634 = CARTESIAN_POINT ( 'NONE',  ( -4.000000000000000000, 14.00000000000000178, 20.00000000000000000 ) ) ;
#2635 = CARTESIAN_POINT ( 'NONE',  ( 0.000000000000000000, 0.000000000000000000, -8.000000000000000000 ) ) ;
#2636 = EDGE_CURVE ( 'NONE', #1405, #901, #87, .T. ) ;
#2637 = AXIS2_PLACEMENT_3D ( 'NONE', #1719, #2673, #2879 ) ;
#2638 = EDGE_LOOP ( 'NONE', ( #3083, #228, #880, #2250 ) ) ;
#2639 = AXIS2_PLACEMENT_3D ( 'NONE', #1438, #50, #1383 ) ;
#2640 = FACE_BOUND ( 'NONE', #1776, .T. ) ;
#2641 = EDGE_CURVE ( 'NONE', #1421, #3027, #3114, .T. ) ;
#2642 = CARTESIAN_POINT ( 'NONE',  ( -8.124355652980749909, 7.000000000000142997, 15.00000000000000000 ) ) ;
#2643 = CARTESIAN_POINT ( 'NONE',  ( 8.000000000000515143, -10.62324495308933514, -2.799999999999999822 ) ) ;
#2644 = CIRCLE ( 'NONE', #2470, 2.999999999999778844 ) ;
#2645 = DATE_AND_TIME ( #1515, #2775 ) ;
#2646 = EDGE_CURVE ( 'NONE', #1718, #1542, #2872, .T. ) ;
#2647 = AXIS2_PLACEMENT_3D ( 'NONE', #159, #2440, #3487 ) ;
#2648 = CARTESIAN_POINT ( 'NONE',  ( -3.000000000001980194, -14.00000000000340528, -9.000000000000000000 ) ) ;
#2649 = ORIENTED_EDGE ( 'NONE', *, *, #1355, .F. ) ;
#2650 = CARTESIAN_POINT ( 'NONE',  ( 12.12435565298210882, -7.000000000000057732, 0.000000000000000000 ) ) ;
#2651 = LINE ( 'NONE', #2359, #1894 ) ;
#2652 = AXIS2_PLACEMENT_3D ( 'NONE', #1953, #3077, #555 ) ;
#2653 = ORIENTED_EDGE ( 'NONE', *, *, #3303, .T. ) ;
#2654 = VECTOR ( 'NONE', #496, 1000.000000000000114 ) ;
#2655 = EDGE_LOOP ( 'NONE', ( #3092, #3446, #2260, #777 ) ) ;
#2656 = DIRECTION ( 'NONE',  ( -1.000000000000000000, 0.000000000000000000, 0.000000000000000000 ) ) ;
#2657 = LINE ( 'NONE', #2634, #1832 ) ;
#2658 = FACE_BOUND ( 'NONE', #2834, .T. ) ;
#2659 = AXIS2_PLACEMENT_3D ( 'NONE', #1384, #2514, #1152 ) ;
#2660 = VERTEX_POINT ( 'NONE', #1181 ) ;
#2661 = CARTESIAN_POINT ( 'NONE',  ( -10.79999999999942339, -15.47298721428274604, 0.000000000000000000 ) ) ;
#2662 = EDGE_CURVE ( 'NONE', #390, #1973, #1350, .T. ) ;
#2663 = FACE_OUTER_BOUND ( 'NONE', #3019, .T. ) ;
#2664 = LINE ( 'NONE', #2372, #3527 ) ;
#2665 = APPROVAL_DATE_TIME ( #2645, #846 ) ;
#2666 = VERTEX_POINT ( 'NONE', #1200 ) ;
#2667 = EDGE_CURVE ( 'NONE', #3289, #1378, #3589, .T. ) ;
#2668 = ORIENTED_EDGE ( 'NONE', *, *, #435, .T. ) ;
#2669 = CARTESIAN_POINT ( 'NONE',  ( 10.32435565298110625, -7.000000000001111111, 15.00000000000000000 ) ) ;
#2670 = CARTESIAN_POINT ( 'NONE',  ( -18.79999999999987281, -1.616580753732059339, -2.799999999999999822 ) ) ;
#2671 = VERTEX_POINT ( 'NONE', #1986 ) ;
#2672 = EDGE_LOOP ( 'NONE', ( #296, #3314 ) ) ;
#2673 = DIRECTION ( 'NONE',  ( -0.4999999999999997780, -0.8660254037844388186, 0.000000000000000000 ) ) ;
#2674 = CARTESIAN_POINT ( 'NONE',  ( -7.999999999999424460, -10.62324495308988936, -2.799999999999999822 ) ) ;
#2675 = FACE_OUTER_BOUND ( 'NONE', #499, .T. ) ;
#2676 = EDGE_LOOP ( 'NONE', ( #2194, #3245, #1751, #1213 ) ) ;
#2677 = CARTESIAN_POINT ( 'NONE',  ( -8.000000000000580869, 13.85640646055002634, -2.799999999999999822 ) ) ;
#2678 = CARTESIAN_POINT ( 'NONE',  ( 0.000000000000000000, 0.000000000000000000, -2.799999999999999822 ) ) ;
#2679 = CARTESIAN_POINT ( 'NONE',  ( -12.12435565298398465, -6.999999999999408473, -6.000000000000000000 ) ) ;
#2680 = DATE_TIME_ROLE ( 'classification_date' ) ;
#2681 = EDGE_CURVE ( 'NONE', #2102, #1405, #627, .T. ) ;
#2682 = ORIENTED_EDGE ( 'NONE', *, *, #439, .T. ) ;
#2683 = EDGE_LOOP ( 'NONE', ( #698, #2141 ) ) ;
#2684 = ORIENTED_EDGE ( 'NONE', *, *, #2236, .T. ) ;
#2685 = DIRECTION ( 'NONE',  ( 0.000000000000000000, 0.000000000000000000, 1.000000000000000000 ) ) ;
#2686 = CARTESIAN_POINT ( 'NONE',  ( 5.200000000000516209, -15.47298721428219004, -2.799999999999999822 ) ) ;
#2687 = EDGE_CURVE ( 'NONE', #901, #2032, #2028, .T. ) ;
#2688 = ORIENTED_EDGE ( 'NONE', *, *, #1773, .T. ) ;
#2689 = ORIENTED_EDGE ( 'NONE', *, *, #2814, .T. ) ;
#2690 = FACE_OUTER_BOUND ( 'NONE', #330, .T. ) ;
#2691 = CARTESIAN_POINT ( 'NONE',  ( 21.00000000000000000, 2.571758278209441661E-15, -8.000000000000000000 ) ) ;
#2692 = CYLINDRICAL_SURFACE ( 'NONE', #127, 4.000000000000000000 ) ;
#2693 = ADVANCED_FACE ( 'NONE', ( #1412 ), #1970, .F. ) ;
#2694 = EDGE_LOOP ( 'NONE', ( #2304, #290, #1133, #1955 ) ) ;
#2695 = DIRECTION ( 'NONE',  ( -0.000000000000000000, -0.000000000000000000, -1.000000000000000000 ) ) ;
#2696 = AXIS2_PLACEMENT_3D ( 'NONE', #3619, #1099, #1138 ) ;
#2697 = AXIS2_PLACEMENT_3D ( 'NONE', #1893, #1858, #441 ) ;
#2698 = CARTESIAN_POINT ( 'NONE',  ( -10.79999999999942339, -15.47298721428274604, -2.799999999999999822 ) ) ;
#2699 = DIRECTION ( 'NONE',  ( -0.000000000000000000, -0.000000000000000000, -1.000000000000000000 ) ) ;
#2700 = VECTOR ( 'NONE', #1464, 1000.000000000000000 ) ;
#2701 = ORIENTED_EDGE ( 'NONE', *, *, #705, .F. ) ;
#2702 = AXIS2_PLACEMENT_3D ( 'NONE', #856, #2216, #3070 ) ;
#2703 = ORIENTED_EDGE ( 'NONE', *, *, #175, .F. ) ;
#2704 = AXIS2_PLACEMENT_3D ( 'NONE', #1190, #953, #2625 ) ;
#2705 = FACE_OUTER_BOUND ( 'NONE', #873, .T. ) ;
#2706 = LINE ( 'NONE', #3554, #1475 ) ;
#2707 = AXIS2_PLACEMENT_3D ( 'NONE', #2052, #2624, #2858 ) ;
#2708 = VERTEX_POINT ( 'NONE', #2545 ) ;
#2709 = EDGE_CURVE ( 'NONE', #521, #2608, #277, .T. ) ;
#2710 = CARTESIAN_POINT ( 'NONE',  ( -8.372837617640554489E-14, 8.637267765684129513E-13, -9.000000000000000000 ) ) ;
#2711 = VECTOR ( 'NONE', #1732, 1000.000000000000000 ) ;
#2712 = CARTESIAN_POINT ( 'NONE',  ( -1.401656568589260132E-12, -14.00000000000130029, -6.000000000000000000 ) ) ;
#2713 = FACE_OUTER_BOUND ( 'NONE', #843, .T. ) ;
#2714 = AXIS2_PLACEMENT_3D ( 'NONE', #2926, #640, #3144 ) ;
#2715 = ORIENTED_EDGE ( 'NONE', *, *, #217, .T. ) ;
#2716 = ADVANCED_FACE ( 'NONE', ( #3133 ), #1714, .T. ) ;
#2717 = CARTESIAN_POINT ( 'NONE',  ( 16.00000000000000355, 3.233161507461904005, -2.799999999999999822 ) ) ;
#2718 = AXIS2_PLACEMENT_3D ( 'NONE', #1745, #861, #3107 ) ;
#2719 = AXIS2_PLACEMENT_3D ( 'NONE', #100, #962, #116 ) ;
#2720 = PLANE ( 'NONE',  #1993 ) ;
#2721 = DIRECTION ( 'NONE',  ( -1.000000000000000000, 0.000000000000000000, 0.000000000000000000 ) ) ;
#2722 = CIRCLE ( 'NONE', #1951, 1.800000000000429923 ) ;
#2723 = ORIENTED_EDGE ( 'NONE', *, *, #3257, .F. ) ;
#2724 = DIRECTION ( 'NONE',  ( -1.000000000000000000, 0.000000000000000000, 0.000000000000000000 ) ) ;
#2725 = DIRECTION ( 'NONE',  ( 0.8660254037844383745, 0.5000000000000004441, 0.000000000000000000 ) ) ;
#2726 = ORIENTED_EDGE ( 'NONE', *, *, #1773, .F. ) ;
#2727 = CARTESIAN_POINT ( 'NONE',  ( -15.12435565298623352, -7.000000000001040945, -7.000000000000000000 ) ) ;
#2728 = FACE_OUTER_BOUND ( 'NONE', #975, .T. ) ;
#2729 = EDGE_CURVE ( 'NONE', #1656, #2628, #1391, .T. ) ;
#2730 = ORIENTED_EDGE ( 'NONE', *, *, #1690, .T. ) ;
#2731 = CARTESIAN_POINT ( 'NONE',  ( 1.764960354098782610E-13, 14.00000000000340528, -7.000000000000000000 ) ) ;
#2732 = FACE_OUTER_BOUND ( 'NONE', #1702, .T. ) ;
#2733 = ADVANCED_FACE ( 'NONE', ( #355 ), #1731, .F. ) ;
#2734 = DIRECTION ( 'NONE',  ( -0.000000000000000000, -0.000000000000000000, 1.000000000000000000 ) ) ;
#2735 = LINE ( 'NONE', #216, #350 ) ;
#2736 = ORIENTED_EDGE ( 'NONE', *, *, #3140, .F. ) ;
#2737 = CARTESIAN_POINT ( 'NONE',  ( -5.199999999999421973, -15.47298721428274781, -2.799999999999999822 ) ) ;
#2738 = DIRECTION ( 'NONE',  ( -0.000000000000000000, 0.000000000000000000, 1.000000000000000000 ) ) ;
#2739 = ORIENTED_EDGE ( 'NONE', *, *, #3047, .F. ) ;
#2740 = CARTESIAN_POINT ( 'NONE',  ( 7.999999999999550582, 10.62324495308878802, 0.000000000000000000 ) ) ;
#2741 = LINE ( 'NONE', #1581, #2181 ) ;
#2742 = ORIENTED_EDGE ( 'NONE', *, *, #2480, .T. ) ;
#2743 = ADVANCED_FACE ( 'NONE', ( #2307 ), #2046, .F. ) ;
#2744 = CARTESIAN_POINT ( 'NONE',  ( -18.79999999999987281, 1.616580753729847775, 0.000000000000000000 ) ) ;
#2745 = LINE ( 'NONE', #1971, #3581 ) ;
#2746 = ORIENTED_EDGE ( 'NONE', *, *, #2394, .T. ) ;
#2747 = CARTESIAN_POINT ( 'NONE',  ( 2.385458349015323141E-12, 13.99999999999758593, 15.00000000000000000 ) ) ;
#2748 = EDGE_CURVE ( 'NONE', #2041, #1861, #685, .T. ) ;
#2749 = DIRECTION ( 'NONE',  ( 5.365409281204144187E-16, -1.000000000000000000, 0.000000000000000000 ) ) ;
#2750 = CIRCLE ( 'NONE', #752, 3.000000000000000888 ) ;
#2751 = DIRECTION ( 'NONE',  ( 0.8660254037844385966, 0.5000000000000001110, 0.000000000000000000 ) ) ;
#2752 = EDGE_CURVE ( 'NONE', #2490, #3353, #765, .T. ) ;
#2753 = DIRECTION ( 'NONE',  ( 1.000000000000000000, 0.000000000000000000, 0.000000000000000000 ) ) ;
#2754 = VECTOR ( 'NONE', #1944, 1000.000000000000000 ) ;
#2755 = DIRECTION ( 'NONE',  ( 1.000000000000000000, 0.000000000000000000, 0.000000000000000000 ) ) ;
#2756 = AXIS2_PLACEMENT_3D ( 'NONE', #2905, #1796, #659 ) ;
#2757 = VECTOR ( 'NONE', #302, 1000.000000000000227 ) ;
#2758 = APPROVAL ( #1192, 'æœª' ) ;
#2759 = VERTEX_POINT ( 'NONE', #2363 ) ;
#2760 = LINE ( 'NONE', #222, #227 ) ;
#2761 = DIRECTION ( 'NONE',  ( -0.000000000000000000, -0.000000000000000000, 1.000000000000000000 ) ) ;
#2762 = VECTOR ( 'NONE', #450, 1000.000000000000000 ) ;
#2763 = ORIENTED_EDGE ( 'NONE', *, *, #1963, .F. ) ;
#2764 = DIRECTION ( 'NONE',  ( -1.000000000000000000, 0.000000000000000000, 0.000000000000000000 ) ) ;
#2765 = LINE ( 'NONE', #1661, #3347 ) ;
#2766 = AXIS2_PLACEMENT_3D ( 'NONE', #570, #2605, #1158 ) ;
#2767 = EDGE_LOOP ( 'NONE', ( #1783, #2649, #2476, #1857 ) ) ;
#2768 = EDGE_LOOP ( 'NONE', ( #2597, #2066, #795, #3173 ) ) ;
#2769 = AXIS2_PLACEMENT_3D ( 'NONE', #329, #845, #1387 ) ;
#2770 = CARTESIAN_POINT ( 'NONE',  ( 2.499999999999265921, 0.000000000000000000, -4.000000000000000000 ) ) ;
#2771 = FACE_OUTER_BOUND ( 'NONE', #2560, .T. ) ;
#2772 = CIRCLE ( 'NONE', #15, 4.000000000002549960 ) ;
#2773 = EDGE_CURVE ( 'NONE', #2708, #1712, #3520, .T. ) ;
#2774 = ORIENTED_EDGE ( 'NONE', *, *, #1869, .T. ) ;
#2775 = LOCAL_TIME ( 11, 17, 35.00000000000000000, #397 ) ;
#2776 = CARTESIAN_POINT ( 'NONE',  ( 12.12435565298258489, -7.000000000001834088, -6.000000000000000000 ) ) ;
#2777 = EDGE_CURVE ( 'NONE', #2660, #166, #2538, .T. ) ;
#2778 = ORIENTED_EDGE ( 'NONE', *, *, #1710, .T. ) ;
#2779 = LINE ( 'NONE', #311, #3395 ) ;
#2780 = CARTESIAN_POINT ( 'NONE',  ( -10.80000000000038973, 12.23982570681918247, 0.000000000000000000 ) ) ;
#2781 = ORIENTED_EDGE ( 'NONE', *, *, #1203, .F. ) ;
#2782 = DIRECTION ( 'NONE',  ( -0.000000000000000000, -0.000000000000000000, 1.000000000000000000 ) ) ;
#2783 = DIRECTION ( 'NONE',  ( 1.000000000000000000, 0.000000000000000000, 0.000000000000000000 ) ) ;
#2784 = ORIENTED_EDGE ( 'NONE', *, *, #3068, .T. ) ;
#2785 = DIRECTION ( 'NONE',  ( 0.000000000000000000, 0.000000000000000000, 1.000000000000000000 ) ) ;
#2786 = DIRECTION ( 'NONE',  ( -1.000000000000000000, -1.224646799147353454E-16, 0.000000000000000000 ) ) ;
#2787 = ORIENTED_EDGE ( 'NONE', *, *, #13, .F. ) ;
#2788 = CARTESIAN_POINT ( 'NONE',  ( -5.199999999999421085, -12.23982570682084337, 0.000000000000000000 ) ) ;
#2789 = DIRECTION ( 'NONE',  ( -0.8660254037844389297, -0.4999999999999995559, 0.000000000000000000 ) ) ;
#2790 = EDGE_CURVE ( 'NONE', #2153, #864, #388, .T. ) ;
#2791 = ORIENTED_EDGE ( 'NONE', *, *, #2485, .T. ) ;
#2792 = LINE ( 'NONE', #2004, #639 ) ;
#2793 = DIRECTION ( 'NONE',  ( 1.000000000000000000, 0.000000000000000000, 0.000000000000000000 ) ) ;
#2794 = EDGE_CURVE ( 'NONE', #2153, #2375, #966, .T. ) ;
#2795 = ORIENTED_EDGE ( 'NONE', *, *, #2914, .F. ) ;
#2796 = CARTESIAN_POINT ( 'NONE',  ( 5.200000000000512657, -12.23982570682028737, 0.000000000000000000 ) ) ;
#2797 = EDGE_CURVE ( 'NONE', #2032, #2987, #102, .T. ) ;
#2798 = FACE_OUTER_BOUND ( 'NONE', #67, .T. ) ;
#2799 = ORIENTED_EDGE ( 'NONE', *, *, #154, .F. ) ;
#2800 = ORIENTED_EDGE ( 'NONE', *, *, #567, .F. ) ;
#2801 = CC_DESIGN_DATE_AND_TIME_ASSIGNMENT ( #1797, #2924, ( #2537 ) ) ;
#2802 = LINE ( 'NONE', #1130, #122 ) ;
#2803 = DIRECTION ( 'NONE',  ( -5.365409281204147145E-16, 1.000000000000000000, 0.000000000000000000 ) ) ;
#2804 = LINE ( 'NONE', #1627, #3460 ) ;
#2805 = CARTESIAN_POINT ( 'NONE',  ( -15.99999999999987210, -3.233161507463009787, -2.799999999999999822 ) ) ;
#2806 = CARTESIAN_POINT ( 'NONE',  ( 0.000000000000000000, 0.000000000000000000, -2.799999999999999822 ) ) ;
#2807 = VECTOR ( 'NONE', #3119, 1000.000000000000000 ) ;
#2808 = AXIS2_PLACEMENT_3D ( 'NONE', #1784, #694, #681 ) ;
#2809 = ORIENTED_EDGE ( 'NONE', *, *, #410, .T. ) ;
#2810 = CLOSED_SHELL ( 'NONE', ( #344, #1176, #1604, #910, #2716, #1553, #169, #2312, #2505, #197, #751, #2693, #1153, #1349, #1441, #3379, #1247, #2501, #838, #787, #1134, #842, #2323, #2489, #1979, #1939, #145, #2352, #684, #3157, #1562, #105, #1611, #769, #3605, #2399, #2252, #2520, #1577, #3269, #3204, #2959, #1029, #1261, #1131, #2315, #2278, #978, #2601, #130, #2370, #3471, #1415, #2553, #2306, #1492, #1039, #1806, #420, #230, #458, #2154, #3621, #1739, #36, #2934, #3208, #2743, #1101, #3154, #2622, #3022, #1071, #2207, #1876, #2986, #1005, #204, #796, #3327, #2373, #595, #2086, #1220, #3586, #726, #300, #631, #2332, #2967, #1790, #729, #29, #3357, #1654, #1149, #546, #550, #1802, #1266, #214, #2733, #86, #1170, #1933, #374, #482, #1313, #1987, #338, #2255, #1721, #1376, #510, #3394, #3544, #1010, #2977, #3361 ) ) ;
#2811 = CARTESIAN_POINT ( 'NONE',  ( 10.80000000000051408, -12.23982570682028737, -2.799999999999999822 ) ) ;
#2812 = DIRECTION ( 'NONE',  ( -1.000000000000000000, 0.000000000000000000, 0.000000000000000000 ) ) ;
#2813 = AXIS2_PLACEMENT_3D ( 'NONE', #2445, #2699, #163 ) ;
#2814 = EDGE_CURVE ( 'NONE', #2875, #926, #1001, .T. ) ;
#2815 = ORIENTED_EDGE ( 'NONE', *, *, #2859, .F. ) ;
#2816 = EDGE_LOOP ( 'NONE', ( #3324, #1662, #1161, #2437 ) ) ;
#2817 = AXIS2_PLACEMENT_3D ( 'NONE', #3613, #559, #2803 ) ;
#2818 = FACE_OUTER_BOUND ( 'NONE', #3033, .T. ) ;
#2819 = CARTESIAN_POINT ( 'NONE',  ( -15.12435565298487461, 7.000000000002364331, -7.000000000000000000 ) ) ;
#2820 = EDGE_LOOP ( 'NONE', ( #3558, #90 ) ) ;
#2821 = EDGE_CURVE ( 'NONE', #2573, #3564, #174, .T. ) ;
#2822 = ORIENTED_EDGE ( 'NONE', *, *, #2752, .T. ) ;
#2823 = CARTESIAN_POINT ( 'NONE',  ( 6.199999999999782574, -13.85640646055134972, -2.799999999999999822 ) ) ;
#2824 = CARTESIAN_POINT ( 'NONE',  ( -10.80000000000038973, 15.47298721428108337, -2.799999999999999822 ) ) ;
#2825 = AXIS2_PLACEMENT_3D ( 'NONE', #3573, #1054, #3028 ) ;
#2826 = CIRCLE ( 'NONE', #133, 1.800000000000793188 ) ;
#2827 = ORIENTED_EDGE ( 'NONE', *, *, #276, .F. ) ;
#2828 = DIRECTION ( 'NONE',  ( -0.000000000000000000, -0.000000000000000000, -1.000000000000000000 ) ) ;
#2829 = DIRECTION ( 'NONE',  ( 1.000000000000000000, 0.000000000000000000, 0.000000000000000000 ) ) ;
#2830 = ORIENTED_EDGE ( 'NONE', *, *, #1324, .F. ) ;
#2831 = CARTESIAN_POINT ( 'NONE',  ( 4.000000000002914113, 14.00000000000000178, 15.00000000000000000 ) ) ;
#2832 = DIRECTION ( 'NONE',  ( -0.000000000000000000, -0.000000000000000000, 1.000000000000000000 ) ) ;
#2833 = VERTEX_POINT ( 'NONE', #3207 ) ;
#2834 = EDGE_LOOP ( 'NONE', ( #3517, #1573 ) ) ;
#2835 = DIRECTION ( 'NONE',  ( -0.000000000000000000, -0.000000000000000000, -1.000000000000000000 ) ) ;
#2836 = CARTESIAN_POINT ( 'NONE',  ( -1.800000000001143352, 14.00000000000086331, -6.000000000000001776 ) ) ;
#2837 = EDGE_CURVE ( 'NONE', #2285, #3059, #1214, .T. ) ;
#2838 = EDGE_LOOP ( 'NONE', ( #1499, #318 ) ) ;
#2839 = VERTEX_POINT ( 'NONE', #2691 ) ;
#2840 = CARTESIAN_POINT ( 'NONE',  ( -13.19999999999987139, -1.616580753732059339, 0.000000000000000000 ) ) ;
#2841 = FACE_BOUND ( 'NONE', #2251, .T. ) ;
#2842 = EDGE_CURVE ( 'NONE', #2633, #828, #2127, .T. ) ;
#2843 = CARTESIAN_POINT ( 'NONE',  ( 5.199999999999546318, 12.23982570681974202, 0.000000000000000000 ) ) ;
#2844 = CARTESIAN_POINT ( 'NONE',  ( -8.000000000000389022, 17.08956796801204092, -2.799999999999999822 ) ) ;
#2845 = CARTESIAN_POINT ( 'NONE',  ( -7.133533265058149408E-13, 14.00000000000086331, -6.000000000000000000 ) ) ;
#2846 = CARTESIAN_POINT ( 'NONE',  ( -15.99999999999987210, 3.233161507460798223, -2.799999999999999822 ) ) ;
#2847 = ORIENTED_EDGE ( 'NONE', *, *, #1310, .T. ) ;
#2848 = CARTESIAN_POINT ( 'NONE',  ( 0.000000000000000000, 0.000000000000000000, -6.000000000000000000 ) ) ;
#2849 = DIRECTION ( 'NONE',  ( 0.8660254037844389297, -0.4999999999999995004, 0.000000000000000000 ) ) ;
#2850 = ORIENTED_EDGE ( 'NONE', *, *, #2636, .T. ) ;
#2851 = ORIENTED_EDGE ( 'NONE', *, *, #352, .F. ) ;
#2852 = CARTESIAN_POINT ( 'NONE',  ( 18.80000000000000426, -1.616580753730953335, 0.000000000000000000 ) ) ;
#2853 = CARTESIAN_POINT ( 'NONE',  ( -18.79999999999987281, 1.616580753729847775, -2.799999999999999822 ) ) ;
#2854 = ORIENTED_EDGE ( 'NONE', *, *, #1420, .T. ) ;
#2855 = EDGE_LOOP ( 'NONE', ( #1157, #1871, #1524, #429 ) ) ;
#2856 = EDGE_CURVE ( 'NONE', #3205, #1330, #1014, .T. ) ;
#2857 = CARTESIAN_POINT ( 'NONE',  ( -5.199999999999421973, -15.47298721428274781, -2.799999999999999822 ) ) ;
#2858 = DIRECTION ( 'NONE',  ( -1.000000000000000000, 0.000000000000000000, 0.000000000000000000 ) ) ;
#2859 = EDGE_CURVE ( 'NONE', #422, #905, #593, .T. ) ;
#2860 = CARTESIAN_POINT ( 'NONE',  ( -7.999999999999424460, -10.62324495308988936, 0.000000000000000000 ) ) ;
#2861 = DIRECTION ( 'NONE',  ( 0.000000000000000000, 0.000000000000000000, -1.000000000000000000 ) ) ;
#2862 = COORDINATED_UNIVERSAL_TIME_OFFSET ( 8, 0, .AHEAD. ) ;
#2863 = ORIENTED_EDGE ( 'NONE', *, *, #253, .F. ) ;
#2864 = CARTESIAN_POINT ( 'NONE',  ( -12.12435565298440387, -7.000000000000412115, -6.000000000000000000 ) ) ;
#2865 = EDGE_CURVE ( 'NONE', #80, #1726, #1528, .T. ) ;
#2866 = EDGE_LOOP ( 'NONE', ( #608, #2500, #218, #2795 ) ) ;
#2867 = DIRECTION ( 'NONE',  ( 0.000000000000000000, 0.000000000000000000, 1.000000000000000000 ) ) ;
#2868 = AXIS2_PLACEMENT_3D ( 'NONE', #2036, #2922, #1165 ) ;
#2869 = CARTESIAN_POINT ( 'NONE',  ( 8.000000000000513367, -17.08956796801314937, 0.000000000000000000 ) ) ;
#2870 = CIRCLE ( 'NONE', #1870, 4.000000000000001776 ) ;
#2871 = ORIENTED_EDGE ( 'NONE', *, *, #2169, .T. ) ;
#2872 = LINE ( 'NONE', #1691, #295 ) ;
#2873 = CARTESIAN_POINT ( 'NONE',  ( 13.20000000000000284, 1.616580753730954223, -2.799999999999999822 ) ) ;
#2874 = AXIS2_PLACEMENT_3D ( 'NONE', #1017, #1873, #1032 ) ;
#2875 = VERTEX_POINT ( 'NONE', #2342 ) ;
#2876 = AXIS2_PLACEMENT_3D ( 'NONE', #2479, #1347, #1664 ) ;
#2877 = ORIENTED_EDGE ( 'NONE', *, *, #816, .F. ) ;
#2878 = AXIS2_PLACEMENT_3D ( 'NONE', #3016, #1554, #763 ) ;
#2879 = DIRECTION ( 'NONE',  ( 0.8660254037844387076, -0.4999999999999997224, 0.000000000000000000 ) ) ;
#2880 = CARTESIAN_POINT ( 'NONE',  ( -6.199999999998836664, -13.85640646055201586, -10.00000000000000000 ) ) ;
#2881 = AXIS2_PLACEMENT_3D ( 'NONE', #3174, #1737, #969 ) ;
#2882 = CIRCLE ( 'NONE', #1589, 2.999999999999775735 ) ;
#2883 = CARTESIAN_POINT ( 'NONE',  ( 8.000000000000515143, -10.62324495308933514, 0.000000000000000000 ) ) ;
#2884 = DIRECTION ( 'NONE',  ( -1.000000000000000000, 0.000000000000000000, -0.000000000000000000 ) ) ;
#2885 = DIRECTION ( 'NONE',  ( -0.000000000000000000, -0.000000000000000000, 1.000000000000000000 ) ) ;
#2886 = EDGE_CURVE ( 'NONE', #386, #2285, #1774, .T. ) ;
#2887 = ORIENTED_EDGE ( 'NONE', *, *, #91, .T. ) ;
#2888 = CIRCLE ( 'NONE', #2475, 2.999999999999778844 ) ;
#2889 = LINE ( 'NONE', #1725, #1348 ) ;
#2890 = VERTEX_POINT ( 'NONE', #1549 ) ;
#2891 = CARTESIAN_POINT ( 'NONE',  ( 2.999999999999283684, -14.00000000000340528, -7.000000000000000000 ) ) ;
#2892 = AXIS2_PLACEMENT_3D ( 'NONE', #3620, #3279, #1036 ) ;
#2893 = DIRECTION ( 'NONE',  ( -1.000000000000000000, 0.000000000000000000, 0.000000000000000000 ) ) ;
#2894 = EDGE_CURVE ( 'NONE', #445, #985, #2657, .T. ) ;
#2895 = CIRCLE ( 'NONE', #485, 1.800000000001026557 ) ;
#2896 = ORIENTED_EDGE ( 'NONE', *, *, #2981, .F. ) ;
#2897 = EDGE_LOOP ( 'NONE', ( #3533, #2088, #887, #280 ) ) ;
#2898 = DIRECTION ( 'NONE',  ( 0.000000000000000000, -1.000000000000000000, 0.000000000000000000 ) ) ;
#2899 = DIRECTION ( 'NONE',  ( -0.000000000000000000, -0.000000000000000000, 1.000000000000000000 ) ) ;
#2900 = CC_DESIGN_APPROVAL ( #846, ( #542 ) ) ;
#2901 = ORIENTED_EDGE ( 'NONE', *, *, #3547, .F. ) ;
#2902 = VERTEX_POINT ( 'NONE', #3224 ) ;
#2903 = DIRECTION ( 'NONE',  ( -0.000000000000000000, -0.000000000000000000, 1.000000000000000000 ) ) ;
#2904 = CARTESIAN_POINT ( 'NONE',  ( -8.124355652982206522, -6.999999999999886313, 0.000000000000000000 ) ) ;
#2905 = CARTESIAN_POINT ( 'NONE',  ( -8.000000000000580869, 13.85640646055002634, -9.000000000000000000 ) ) ;
#2906 = VERTEX_POINT ( 'NONE', #373 ) ;
#2907 = DIRECTION ( 'NONE',  ( -0.000000000000000000, -0.000000000000000000, 1.000000000000000000 ) ) ;
#2908 = ORIENTED_EDGE ( 'NONE', *, *, #2054, .F. ) ;
#2909 = EDGE_CURVE ( 'NONE', #1726, #3027, #447, .T. ) ;
#2910 = FACE_OUTER_BOUND ( 'NONE', #2540, .T. ) ;
#2911 = DIRECTION ( 'NONE',  ( -0.8660254037844384856, 0.5000000000000001110, 0.000000000000000000 ) ) ;
#2912 = VERTEX_POINT ( 'NONE', #2674 ) ;
#2913 = ORIENTED_EDGE ( 'NONE', *, *, #2394, .F. ) ;
#2914 = EDGE_CURVE ( 'NONE', #3496, #2918, #119, .T. ) ;
#2915 = DIRECTION ( 'NONE',  ( -0.8660254037844389297, 0.4999999999999995559, 0.000000000000000000 ) ) ;
#2916 = DIRECTION ( 'NONE',  ( 1.000000000000000000, 0.000000000000000000, 0.000000000000000000 ) ) ;
#2917 = ORIENTED_EDGE ( 'NONE', *, *, #1507, .T. ) ;
#2918 = VERTEX_POINT ( 'NONE', #3025 ) ;
#2919 = EDGE_CURVE ( 'NONE', #285, #3079, #2741, .T. ) ;
#2920 = CARTESIAN_POINT ( 'NONE',  ( 12.12435565298403262, 6.999999999999323208, -6.000000000000000000 ) ) ;
#2921 = APPROVAL ( #1316, 'æœª' ) ;
#2922 = DIRECTION ( 'NONE',  ( -0.000000000000000000, -0.000000000000000000, 1.000000000000000000 ) ) ;
#2923 = DIRECTION ( 'NONE',  ( -1.000000000000000000, 0.000000000000000000, 0.000000000000000000 ) ) ;
#2924 = DATE_TIME_ROLE ( 'creation_date' ) ;
#2925 = VERTEX_POINT ( 'NONE', #1049 ) ;
#2926 = CARTESIAN_POINT ( 'NONE',  ( 7.999999999999431566, 13.85640646055068892, -2.799999999999999822 ) ) ;
#2927 = EDGE_LOOP ( 'NONE', ( #1574, #3636 ) ) ;
#2928 = DIRECTION ( 'NONE',  ( -0.000000000000000000, -0.000000000000000000, 1.000000000000000000 ) ) ;
#2929 = CARTESIAN_POINT ( 'NONE',  ( 13.20000000000000284, -1.616580753730953335, 0.000000000000000000 ) ) ;
#2930 = VERTEX_POINT ( 'NONE', #1913 ) ;
#2931 = DIRECTION ( 'NONE',  ( 1.000000000000000000, 0.000000000000000000, 0.000000000000000000 ) ) ;
#2932 = DIRECTION ( 'NONE',  ( -0.000000000000000000, -0.000000000000000000, -1.000000000000000000 ) ) ;
#2933 = AXIS2_PLACEMENT_3D ( 'NONE', #598, #2954, #2033 ) ;
#2934 = ADVANCED_FACE ( 'NONE', ( #2990 ), #242, .F. ) ;
#2935 = ORIENTED_EDGE ( 'NONE', *, *, #2030, .F. ) ;
#2936 = DIRECTION ( 'NONE',  ( 1.000000000000000000, 0.000000000000000000, 0.000000000000000000 ) ) ;
#2937 = EDGE_CURVE ( 'NONE', #1330, #2660, #1337, .T. ) ;
#2938 = AXIS2_PLACEMENT_3D ( 'NONE', #2458, #1555, #2721 ) ;
#2939 = AXIS2_PLACEMENT_3D ( 'NONE', #931, #49, #2351 ) ;
#2940 = DIRECTION ( 'NONE',  ( 0.000000000000000000, 0.000000000000000000, 1.000000000000000000 ) ) ;
#2941 = CARTESIAN_POINT ( 'NONE',  ( -12.12435565298605944, -7.000000000001040945, -9.000000000000000000 ) ) ;
#2942 = CIRCLE ( 'NONE', #411, 23.00000000000000000 ) ;
#2943 = PERSON_AND_ORGANIZATION ( #393, #3363 ) ;
#2944 = ORIENTED_EDGE ( 'NONE', *, *, #1112, .F. ) ;
#2945 = VECTOR ( 'NONE', #1715, 1000.000000000000000 ) ;
#2946 = ORIENTED_EDGE ( 'NONE', *, *, #571, .T. ) ;
#2947 = ORIENTED_EDGE ( 'NONE', *, *, #2909, .F. ) ;
#2948 = CARTESIAN_POINT ( 'NONE',  ( -9.800000000002238920, 13.85640646055002634, -10.00000000000000000 ) ) ;
#2949 = CARTESIAN_POINT ( 'NONE',  ( 0.000000000000000000, 0.000000000000000000, -1.000000000000000000 ) ) ;
#2950 = CIRCLE ( 'NONE', #950, 1.800000000000646638 ) ;
#2951 = ORIENTED_EDGE ( 'NONE', *, *, #1608, .F. ) ;
#2952 = VECTOR ( 'NONE', #2898, 1000.000000000000000 ) ;
#2953 = VERTEX_POINT ( 'NONE', #2488 ) ;
#2954 = DIRECTION ( 'NONE',  ( 0.000000000000000000, 0.000000000000000000, -1.000000000000000000 ) ) ;
#2955 = DIRECTION ( 'NONE',  ( -0.8660254037844381525, 0.5000000000000008882, 0.000000000000000000 ) ) ;
#2956 = LINE ( 'NONE', #1827, #473 ) ;
#2957 = AXIS2_PLACEMENT_3D ( 'NONE', #3584, #3535, #3261 ) ;
#2958 = ORIENTED_EDGE ( 'NONE', *, *, #746, .F. ) ;
#2959 = ADVANCED_FACE ( 'NONE', ( #790 ), #3008, .F. ) ;
#2960 = FACE_OUTER_BOUND ( 'NONE', #1803, .T. ) ;
#2961 = DIRECTION ( 'NONE',  ( 0.000000000000000000, 0.000000000000000000, -1.000000000000000000 ) ) ;
#2962 = EDGE_CURVE ( 'NONE', #1272, #3274, #2301, .T. ) ;
#2963 = DIRECTION ( 'NONE',  ( 0.000000000000000000, 0.000000000000000000, -1.000000000000000000 ) ) ;
#2964 = ORIENTED_EDGE ( 'NONE', *, *, #2856, .F. ) ;
#2965 = ORIENTED_EDGE ( 'NONE', *, *, #2424, .T. ) ;
#2966 = ORIENTED_EDGE ( 'NONE', *, *, #1532, .F. ) ;
#2967 = ADVANCED_FACE ( 'NONE', ( #3056 ), #3571, .F. ) ;
#2968 = DIRECTION ( 'NONE',  ( 1.000000000000000000, 0.000000000000000000, 0.000000000000000000 ) ) ;
#2969 = PLANE ( 'NONE',  #365 ) ;
#2970 = ORIENTED_EDGE ( 'NONE', *, *, #3547, .T. ) ;
#2971 = EDGE_LOOP ( 'NONE', ( #2512, #2854 ) ) ;
#2972 = FACE_BOUND ( 'NONE', #1964, .T. ) ;
#2973 = DIRECTION ( 'NONE',  ( -0.000000000000000000, -0.000000000000000000, 1.000000000000000000 ) ) ;
#2974 = DIRECTION ( 'NONE',  ( -0.000000000000000000, -0.000000000000000000, -1.000000000000000000 ) ) ;
#2975 = ORIENTED_EDGE ( 'NONE', *, *, #3565, .F. ) ;
#2976 = CARTESIAN_POINT ( 'NONE',  ( -8.000000000000389022, 17.08956796801204092, 0.000000000000000000 ) ) ;
#2977 = ADVANCED_FACE ( 'NONE', ( #2728, #804 ), #1070, .T. ) ;
#2978 = LINE ( 'NONE', #1609, #2403 ) ;
#2979 = LINE ( 'NONE', #1041, #580 ) ;
#2980 = DATE_AND_TIME ( #474, #2309 ) ;
#2981 = EDGE_CURVE ( 'NONE', #1843, #1124, #1409, .T. ) ;
#2982 = VERTEX_POINT ( 'NONE', #2780 ) ;
#2983 = VERTEX_POINT ( 'NONE', #2192 ) ;
#2984 = DIRECTION ( 'NONE',  ( -0.000000000000000000, -0.000000000000000000, 1.000000000000000000 ) ) ;
#2985 = CARTESIAN_POINT ( 'NONE',  ( -13.19999999999987139, 1.616580753729848441, -2.799999999999999822 ) ) ;
#2986 = ADVANCED_FACE ( 'NONE', ( #1308 ), #1372, .F. ) ;
#2987 = VERTEX_POINT ( 'NONE', #260 ) ;
#2988 = VERTEX_POINT ( 'NONE', #2159 ) ;
#2989 = DIRECTION ( 'NONE',  ( -0.000000000000000000, -0.000000000000000000, 1.000000000000000000 ) ) ;
#2990 = FACE_OUTER_BOUND ( 'NONE', #2768, .T. ) ;
#2991 = DIRECTION ( 'NONE',  ( 1.000000000000000000, 1.341352320301035997E-15, 0.000000000000000000 ) ) ;
#2992 = ORIENTED_EDGE ( 'NONE', *, *, #2681, .T. ) ;
#2993 = DIRECTION ( 'NONE',  ( 0.000000000000000000, 0.000000000000000000, -1.000000000000000000 ) ) ;
#2994 = VECTOR ( 'NONE', #700, 1000.000000000000114 ) ;
#2995 = VECTOR ( 'NONE', #2435, 1000.000000000000000 ) ;
#2996 = PLANE ( 'NONE',  #1276 ) ;
#2997 = CARTESIAN_POINT ( 'NONE',  ( -15.12435565298231310, 7.000000000001921130, -6.000000000000000000 ) ) ;
#2998 = VECTOR ( 'NONE', #1610, 1000.000000000000000 ) ;
#2999 = CIRCLE ( 'NONE', #2291, 6.500000000000000888 ) ;
#3000 = ORIENTED_EDGE ( 'NONE', *, *, #3626, .F. ) ;
#3001 = FACE_BOUND ( 'NONE', #2820, .T. ) ;
#3002 = CYLINDRICAL_SURFACE ( 'NONE', #1947, 4.000000000000000000 ) ;
#3003 = EDGE_CURVE ( 'NONE', #2467, #980, #2503, .T. ) ;
#3004 = AXIS2_PLACEMENT_3D ( 'NONE', #1159, #3150, #3115 ) ;
#3005 = VERTEX_POINT ( 'NONE', #1100 ) ;
#3006 = DIRECTION ( 'NONE',  ( -0.000000000000000000, -0.000000000000000000, -1.000000000000000000 ) ) ;
#3007 = CIRCLE ( 'NONE', #2714, 1.800000000001843459 ) ;
#3008 = CYLINDRICAL_SURFACE ( 'NONE', #1946, 3.000000000000000888 ) ;
#3009 = EDGE_CURVE ( 'NONE', #1370, #2708, #1708, .T. ) ;
#3010 = VECTOR ( 'NONE', #2955, 1000.000000000000000 ) ;
#3011 = ORIENTED_EDGE ( 'NONE', *, *, #1112, .T. ) ;
#3012 = CARTESIAN_POINT ( 'NONE',  ( 16.12435565298216034, 6.999999999999974243, 20.00000000000000000 ) ) ;
#3013 = DIRECTION ( 'NONE',  ( 0.8660254037844389297, -0.4999999999999995559, 0.000000000000000000 ) ) ;
#3014 = VECTOR ( 'NONE', #723, 1000.000000000000000 ) ;
#3015 = VECTOR ( 'NONE', #3021, 1000.000000000000000 ) ;
#3016 = CARTESIAN_POINT ( 'NONE',  ( -8.000000000000580869, 13.85640646055002634, -9.000000000000000000 ) ) ;
#3017 = LINE ( 'NONE', #148, #287 ) ;
#3018 = LOCAL_TIME ( 11, 17, 35.00000000000000000, #1781 ) ;
#3019 = EDGE_LOOP ( 'NONE', ( #533, #27 ) ) ;
#3020 = DIRECTION ( 'NONE',  ( -0.4999999999999996114, 0.8660254037844389297, 0.000000000000000000 ) ) ;
#3021 = DIRECTION ( 'NONE',  ( -5.365409281204146159E-16, 1.000000000000000000, 0.000000000000000000 ) ) ;
#3022 = ADVANCED_FACE ( 'NONE', ( #223 ), #1322, .F. ) ;
#3023 = ORIENTED_EDGE ( 'NONE', *, *, #3429, .F. ) ;
#3024 = CARTESIAN_POINT ( 'NONE',  ( -12.12435565298220830, -6.999999999999887201, 0.000000000000000000 ) ) ;
#3025 = CARTESIAN_POINT ( 'NONE',  ( -4.000000000000097700, -14.00000000000000178, 0.000000000000000000 ) ) ;
#3026 = EDGE_CURVE ( 'NONE', #1815, #3611, #1888, .T. ) ;
#3027 = VERTEX_POINT ( 'NONE', #1880 ) ;
#3028 = DIRECTION ( 'NONE',  ( 1.000000000000000000, 0.000000000000000000, 0.000000000000000000 ) ) ;
#3029 = LINE ( 'NONE', #540, #3293 ) ;
#3030 = EDGE_CURVE ( 'NONE', #792, #584, #1065, .T. ) ;
#3031 = CARTESIAN_POINT ( 'NONE',  ( 0.000000000000000000, 0.000000000000000000, -2.799999999999999822 ) ) ;
#3032 = FACE_OUTER_BOUND ( 'NONE', #1284, .T. ) ;
#3033 = EDGE_LOOP ( 'NONE', ( #327, #1525, #2072, #848, #2715, #2653 ) ) ;
#3034 = PLANE ( 'NONE',  #117 ) ;
#3035 = PLANE ( 'NONE',  #1304 ) ;
#3036 = ORIENTED_EDGE ( 'NONE', *, *, #1369, .F. ) ;
#3037 = CARTESIAN_POINT ( 'NONE',  ( -21.00000000000000000, 0.000000000000000000, -8.000000000000000000 ) ) ;
#3038 = DIRECTION ( 'NONE',  ( 0.5000000000000013323, -0.8660254037844379305, 0.000000000000000000 ) ) ;
#3039 = ORIENTED_EDGE ( 'NONE', *, *, #1436, .T. ) ;
#3040 = CARTESIAN_POINT ( 'NONE',  ( 16.00000000000000355, -3.233161507461903561, 0.000000000000000000 ) ) ;
#3041 = DIRECTION ( 'NONE',  ( -0.8660254037844389297, -0.4999999999999993894, 0.000000000000000000 ) ) ;
#3042 = EDGE_CURVE ( 'NONE', #285, #2467, #2302, .T. ) ;
#3043 = ORIENTED_EDGE ( 'NONE', *, *, #1762, .T. ) ;
#3044 = AXIS2_PLACEMENT_3D ( 'NONE', #146, #1314, #451 ) ;
#3045 = DIRECTION ( 'NONE',  ( -1.000000000000000000, 0.000000000000000000, 0.000000000000000000 ) ) ;
#3046 = LINE ( 'NONE', #545, #936 ) ;
#3047 = EDGE_CURVE ( 'NONE', #2232, #3310, #3481, .T. ) ;
#3048 = DIRECTION ( 'NONE',  ( -0.000000000000000000, -0.000000000000000000, 1.000000000000000000 ) ) ;
#3049 = DIRECTION ( 'NONE',  ( 1.000000000000000000, 0.000000000000000000, 0.000000000000000000 ) ) ;
#3050 = AXIS2_PLACEMENT_3D ( 'NONE', #2321, #1211, #994 ) ;
#3051 = DIRECTION ( 'NONE',  ( 1.000000000000000000, 0.000000000000000000, 0.000000000000000000 ) ) ;
#3052 = VECTOR ( 'NONE', #3159, 1000.000000000000000 ) ;
#3053 = CIRCLE ( 'NONE', #3579, 4.000000000000001776 ) ;
#3054 = VERTEX_POINT ( 'NONE', #2869 ) ;
#3055 = DIRECTION ( 'NONE',  ( 0.8660254037844375974, -0.5000000000000018874, 0.000000000000000000 ) ) ;
#3056 = FACE_OUTER_BOUND ( 'NONE', #1840, .T. ) ;
#3057 = VECTOR ( 'NONE', #489, 1000.000000000000000 ) ;
#3058 = AXIS2_PLACEMENT_3D ( 'NONE', #316, #1791, #1430 ) ;
#3059 = VERTEX_POINT ( 'NONE', #2262 ) ;
#3060 = CARTESIAN_POINT ( 'NONE',  ( -16.12435565297975870, 7.000000000000142109, 15.00000000000000000 ) ) ;
#3061 = CARTESIAN_POINT ( 'NONE',  ( 9.800000000001274358, 13.85640646055068892, -2.799999999999999822 ) ) ;
#3062 = ORIENTED_EDGE ( 'NONE', *, *, #2211, .F. ) ;
#3063 = EDGE_CURVE ( 'NONE', #3523, #3054, #1121, .T. ) ;
#3064 = VECTOR ( 'NONE', #1845, 1000.000000000000000 ) ;
#3065 = CARTESIAN_POINT ( 'NONE',  ( 13.92435565298240085, -7.000000000001111111, -6.000000000000001776 ) ) ;
#3066 = CARTESIAN_POINT ( 'NONE',  ( -5.200000000000384759, 12.23982570681918425, -2.799999999999999822 ) ) ;
#3067 = VECTOR ( 'NONE', #1522, 1000.000000000000000 ) ;
#3068 = EDGE_CURVE ( 'NONE', #143, #3274, #553, .T. ) ;
#3069 = ORIENTED_EDGE ( 'NONE', *, *, #3400, .F. ) ;
#3070 = DIRECTION ( 'NONE',  ( 1.000000000000000000, 0.000000000000000000, 0.000000000000000000 ) ) ;
#3071 = LINE ( 'NONE', #3364, #3189 ) ;
#3072 = EDGE_CURVE ( 'NONE', #3505, #868, #2826, .T. ) ;
#3073 = ORIENTED_EDGE ( 'NONE', *, *, #2189, .T. ) ;
#3074 = DIRECTION ( 'NONE',  ( -0.000000000000000000, -0.000000000000000000, -1.000000000000000000 ) ) ;
#3075 = CARTESIAN_POINT ( 'NONE',  ( 5.199999999999546318, 12.23982570681974202, -2.799999999999999822 ) ) ;
#3076 = VERTEX_POINT ( 'NONE', #1465 ) ;
#3077 = DIRECTION ( 'NONE',  ( -0.000000000000000000, -0.000000000000000000, -1.000000000000000000 ) ) ;
#3078 = LINE ( 'NONE', #2819, #1701 ) ;
#3079 = VERTEX_POINT ( 'NONE', #566 ) ;
#3080 = ORIENTED_EDGE ( 'NONE', *, *, #2349, .F. ) ;
#3081 = DIRECTION ( 'NONE',  ( -0.000000000000000000, -0.000000000000000000, 1.000000000000000000 ) ) ;
#3082 = CARTESIAN_POINT ( 'NONE',  ( 0.000000000000000000, 0.000000000000000000, -6.000000000000000000 ) ) ;
#3083 = ORIENTED_EDGE ( 'NONE', *, *, #2550, .F. ) ;
#3084 = CARTESIAN_POINT ( 'NONE',  ( -16.00000000000000355, -1.323803877349084987E-12, -2.799999999999999822 ) ) ;
#3085 = CARTESIAN_POINT ( 'NONE',  ( -9.124355652985713050, 7.000000000002364331, -9.000000000000000000 ) ) ;
#3086 = EDGE_CURVE ( 'NONE', #3285, #2564, #2245, .T. ) ;
#3087 = ORIENTED_EDGE ( 'NONE', *, *, #3342, .T. ) ;
#3088 = CARTESIAN_POINT ( 'NONE',  ( -10.80000000000038973, 15.47298721428108337, -2.799999999999999822 ) ) ;
#3089 = CARTESIAN_POINT ( 'NONE',  ( 8.000000000000513367, -17.08956796801314937, -2.799999999999999822 ) ) ;
#3090 = EDGE_CURVE ( 'NONE', #3205, #166, #274, .T. ) ;
#3091 = ORIENTED_EDGE ( 'NONE', *, *, #641, .F. ) ;
#3092 = ORIENTED_EDGE ( 'NONE', *, *, #3219, .T. ) ;
#3093 = DIRECTION ( 'NONE',  ( 1.000000000000000000, 0.000000000000000000, 0.000000000000000000 ) ) ;
#3094 = CARTESIAN_POINT ( 'NONE',  ( 16.00000000000000355, -3.233161507461903561, -2.799999999999999822 ) ) ;
#3095 = ORIENTED_EDGE ( 'NONE', *, *, #1546, .T. ) ;
#3096 = EDGE_LOOP ( 'NONE', ( #3220, #2815 ) ) ;
#3097 = FACE_BOUND ( 'NONE', #742, .T. ) ;
#3098 = DIRECTION ( 'NONE',  ( 0.000000000000000000, 0.000000000000000000, -1.000000000000000000 ) ) ;
#3099 = EDGE_LOOP ( 'NONE', ( #3494, #2944, #3425, #733 ) ) ;
#3100 = CARTESIAN_POINT ( 'NONE',  ( 12.12435565298412143, -7.000000000002367884, -9.000000000000000000 ) ) ;
#3101 = DIRECTION ( 'NONE',  ( -0.000000000000000000, -0.000000000000000000, 1.000000000000000000 ) ) ;
#3102 = VECTOR ( 'NONE', #3312, 1000.000000000000000 ) ;
#3103 = AXIS2_PLACEMENT_3D ( 'NONE', #1115, #579, #1151 ) ;
#3104 = VERTEX_POINT ( 'NONE', #1197 ) ;
#3105 = EDGE_CURVE ( 'NONE', #1948, #547, #1534, .T. ) ;
#3106 = DIRECTION ( 'NONE',  ( -0.000000000000000000, -0.000000000000000000, 1.000000000000000000 ) ) ;
#3107 = DIRECTION ( 'NONE',  ( 1.000000000000000000, 0.000000000000000000, 0.000000000000000000 ) ) ;
#3108 = CIRCLE ( 'NONE', #3578, 2.999999999999417799 ) ;
#3109 = AXIS2_PLACEMENT_3D ( 'NONE', #1027, #2149, #3270 ) ;
#3110 = VERTEX_POINT ( 'NONE', #2576 ) ;
#3111 = EDGE_LOOP ( 'NONE', ( #3043, #3466, #1547, #2689 ) ) ;
#3112 = EDGE_CURVE ( 'NONE', #2544, #1218, #2277, .T. ) ;
#3113 = AXIS2_PLACEMENT_3D ( 'NONE', #434, #2993, #1552 ) ;
#3114 = LINE ( 'NONE', #2796, #361 ) ;
#3115 = DIRECTION ( 'NONE',  ( -1.000000000000000000, 0.000000000000000000, 0.000000000000000000 ) ) ;
#3116 = ORIENTED_EDGE ( 'NONE', *, *, #2937, .F. ) ;
#3117 = AXIS2_PLACEMENT_3D ( 'NONE', #724, #2974, #448 ) ;
#3118 = ORIENTED_EDGE ( 'NONE', *, *, #2080, .T. ) ;
#3119 = DIRECTION ( 'NONE',  ( 2.682704640602069135E-16, 1.000000000000000000, 0.000000000000000000 ) ) ;
#3120 = CARTESIAN_POINT ( 'NONE',  ( -12.12435565298605944, -7.000000000001040945, -7.000000000000000000 ) ) ;
#3121 = VECTOR ( 'NONE', #292, 1000.000000000000000 ) ;
#3122 = DIRECTION ( 'NONE',  ( -0.000000000000000000, -0.000000000000000000, 1.000000000000000000 ) ) ;
#3123 = LINE ( 'NONE', #601, #1635 ) ;
#3124 = LINE ( 'NONE', #857, #597 ) ;
#3125 = VECTOR ( 'NONE', #1544, 1000.000000000000114 ) ;
#3126 = DIRECTION ( 'NONE',  ( -1.000000000000000000, 0.000000000000000000, 0.000000000000000000 ) ) ;
#3127 = ORIENTED_EDGE ( 'NONE', *, *, #2129, .T. ) ;
#3128 = FACE_OUTER_BOUND ( 'NONE', #859, .T. ) ;
#3129 = LINE ( 'NONE', #586, #10 ) ;
#3130 = EDGE_CURVE ( 'NONE', #2117, #2833, #1594, .T. ) ;
#3131 = ORIENTED_EDGE ( 'NONE', *, *, #1460, .F. ) ;
#3132 = ORIENTED_EDGE ( 'NONE', *, *, #2919, .T. ) ;
#3133 = FACE_OUTER_BOUND ( 'NONE', #3294, .T. ) ;
#3134 = CARTESIAN_POINT ( 'NONE',  ( 3.999999999999997335, -14.00000000000000178, 15.00000000000000000 ) ) ;
#3135 = EDGE_LOOP ( 'NONE', ( #3251, #909, #172, #554 ) ) ;
#3136 = EDGE_CURVE ( 'NONE', #557, #1356, #421, .T. ) ;
#3137 = ORIENTED_EDGE ( 'NONE', *, *, #2527, .F. ) ;
#3138 = DIRECTION ( 'NONE',  ( -1.000000000000000000, 0.000000000000000000, -0.000000000000000000 ) ) ;
#3139 = CARTESIAN_POINT ( 'NONE',  ( -15.12435565298623352, -7.000000000001040945, -9.000000000000000000 ) ) ;
#3140 = EDGE_CURVE ( 'NONE', #1302, #1073, #2477, .T. ) ;
#3141 = DIRECTION ( 'NONE',  ( -0.000000000000000000, -0.000000000000000000, 1.000000000000000000 ) ) ;
#3142 = CARTESIAN_POINT ( 'NONE',  ( -13.92435565298665701, -7.000000000000412115, 15.00000000000000000 ) ) ;
#3143 = LINE ( 'NONE', #619, #1127 ) ;
#3144 = DIRECTION ( 'NONE',  ( 1.000000000000000000, 0.000000000000000000, 0.000000000000000000 ) ) ;
#3145 = ORIENTED_EDGE ( 'NONE', *, *, #1293, .T. ) ;
#3146 = DIRECTION ( 'NONE',  ( -0.4999999999999995559, -0.8660254037844389297, 0.000000000000000000 ) ) ;
#3147 = DIRECTION ( 'NONE',  ( -1.000000000000000000, 0.000000000000000000, 0.000000000000000000 ) ) ;
#3148 = ORIENTED_EDGE ( 'NONE', *, *, #1088, .T. ) ;
#3149 = CARTESIAN_POINT ( 'NONE',  ( -6.199999999998923705, 13.85640646055002634, -10.00000000000000000 ) ) ;
#3150 = DIRECTION ( 'NONE',  ( -0.000000000000000000, -0.000000000000000000, 1.000000000000000000 ) ) ;
#3151 = ORIENTED_EDGE ( 'NONE', *, *, #2550, .T. ) ;
#3152 = ORIENTED_EDGE ( 'NONE', *, *, #1856, .T. ) ;
#3153 = FACE_BOUND ( 'NONE', #1897, .T. ) ;
#3154 = ADVANCED_FACE ( 'NONE', ( #3382 ), #3346, .F. ) ;
#3155 = CARTESIAN_POINT ( 'NONE',  ( -9.800000000000014921, -13.85640646055201586, -2.799999999999999822 ) ) ;
#3156 = CARTESIAN_POINT ( 'NONE',  ( 0.000000000000000000, 0.000000000000000000, 0.000000000000000000 ) ) ;
#3157 = ADVANCED_FACE ( 'NONE', ( #826 ), #903, .F. ) ;
#3158 = UNCERTAINTY_MEASURE_WITH_UNIT (LENGTH_MEASURE( 1.000000000000000082E-05 ), #341, 'distance_accuracy_value', 'NONE');
#3159 = DIRECTION ( 'NONE',  ( -0.000000000000000000, -0.000000000000000000, 1.000000000000000000 ) ) ;
#3160 = LINE ( 'NONE', #1497, #1896 ) ;
#3161 = DIRECTION ( 'NONE',  ( -0.000000000000000000, -0.000000000000000000, -1.000000000000000000 ) ) ;
#3162 = ORIENTED_EDGE ( 'NONE', *, *, #1373, .F. ) ;
#3163 = DIRECTION ( 'NONE',  ( -1.000000000000000000, 0.000000000000000000, 0.000000000000000000 ) ) ;
#3164 = AXIS2_PLACEMENT_3D ( 'NONE', #21, #3345, #824 ) ;
#3165 = CARTESIAN_POINT ( 'NONE',  ( -13.19999999999987139, -1.616580753732059339, -2.799999999999999822 ) ) ;
#3166 = CIRCLE ( 'NONE', #2051, 1.000000000000000888 ) ;
#3167 = ORIENTED_EDGE ( 'NONE', *, *, #1757, .F. ) ;
#3168 = DIRECTION ( 'NONE',  ( -0.000000000000000000, -0.000000000000000000, 1.000000000000000000 ) ) ;
#3169 = LINE ( 'NONE', #2581, #2176 ) ;
#3170 = AXIS2_PLACEMENT_3D ( 'NONE', #3120, #1940, #1094 ) ;
#3171 = ORIENTED_EDGE ( 'NONE', *, *, #1060, .F. ) ;
#3172 = CIRCLE ( 'NONE', #817, 19.99999999999966960 ) ;
#3173 = ORIENTED_EDGE ( 'NONE', *, *, #3063, .T. ) ;
#3174 = CARTESIAN_POINT ( 'NONE',  ( 16.00000000000000355, 0.000000000000000000, -2.799999999999999822 ) ) ;
#3175 = CIRCLE ( 'NONE', #64, 6.500000000000000888 ) ;
#3176 = EDGE_CURVE ( 'NONE', #2097, #2117, #3129, .T. ) ;
#3177 = AXIS2_PLACEMENT_3D ( 'NONE', #3193, #610, #671 ) ;
#3178 = DIRECTION ( 'NONE',  ( -0.000000000000000000, -0.000000000000000000, 1.000000000000000000 ) ) ;
#3179 = DIRECTION ( 'NONE',  ( 0.000000000000000000, 1.000000000000000000, 0.000000000000000000 ) ) ;
#3180 = DIRECTION ( 'NONE',  ( 0.000000000000000000, 0.000000000000000000, 1.000000000000000000 ) ) ;
#3181 = AXIS2_PLACEMENT_3D ( 'NONE', #2864, #2002, #3126 ) ;
#3182 = EDGE_CURVE ( 'NONE', #2906, #151, #1950, .T. ) ;
#3183 = CARTESIAN_POINT ( 'NONE',  ( 13.92435565298240085, -7.000000000001111111, 15.00000000000000000 ) ) ;
#3184 = ORIENTED_EDGE ( 'NONE', *, *, #862, .T. ) ;
#3185 = CARTESIAN_POINT ( 'NONE',  ( 19.00000000000000000, 2.326828918379970970E-15, -1.000000000000000000 ) ) ;
#3186 = AXIS2_PLACEMENT_3D ( 'NONE', #2712, #3590, #755 ) ;
#3187 = DIRECTION ( 'NONE',  ( -0.000000000000000000, -0.000000000000000000, -1.000000000000000000 ) ) ;
#3188 = EDGE_CURVE ( 'NONE', #3059, #3201, #2071, .T. ) ;
#3189 = VECTOR ( 'NONE', #1136, 1000.000000000000000 ) ;
#3190 = EDGE_LOOP ( 'NONE', ( #156, #1145 ) ) ;
#3191 = EDGE_LOOP ( 'NONE', ( #2494, #2379 ) ) ;
#3192 = DIRECTION ( 'NONE',  ( -1.000000000000000000, 0.000000000000000000, 0.000000000000000000 ) ) ;
#3193 = CARTESIAN_POINT ( 'NONE',  ( -10.79999999999942339, -12.23982570682084337, -2.799999999999999822 ) ) ;
#3194 = ORIENTED_EDGE ( 'NONE', *, *, #2349, .T. ) ;
#3195 = ORIENTED_EDGE ( 'NONE', *, *, #2428, .T. ) ;
#3196 = CARTESIAN_POINT ( 'NONE',  ( 10.79999999999954774, 12.23982570681974558, 0.000000000000000000 ) ) ;
#3197 = FACE_BOUND ( 'NONE', #476, .T. ) ;
#3198 = CARTESIAN_POINT ( 'NONE',  ( -10.80000000000038973, 15.47298721428108337, 0.000000000000000000 ) ) ;
#3199 =( NAMED_UNIT ( * ) PLANE_ANGLE_UNIT ( ) SI_UNIT ( $, .RADIAN. ) );
#3200 = CARTESIAN_POINT ( 'NONE',  ( -10.80000000000038973, 15.47298721428108337, -2.799999999999999822 ) ) ;
#3201 = VERTEX_POINT ( 'NONE', #3638 ) ;
#3202 = DIRECTION ( 'NONE',  ( -0.000000000000000000, -0.000000000000000000, 1.000000000000000000 ) ) ;
#3203 = FACE_OUTER_BOUND ( 'NONE', #1481, .T. ) ;
#3204 = ADVANCED_FACE ( 'NONE', ( #3498 ), #1561, .F. ) ;
#3205 = VERTEX_POINT ( 'NONE', #1231 ) ;
#3206 = ORIENTED_EDGE ( 'NONE', *, *, #611, .F. ) ;
#3207 = CARTESIAN_POINT ( 'NONE',  ( 16.12435565298211060, -7.000000000000056843, 0.000000000000000000 ) ) ;
#3208 = ADVANCED_FACE ( 'NONE', ( #1250 ), #2969, .F. ) ;
#3209 = CARTESIAN_POINT ( 'NONE',  ( -15.99999999999987210, -3.233161507463009787, -2.799999999999999822 ) ) ;
#3210 = ORIENTED_EDGE ( 'NONE', *, *, #563, .T. ) ;
#3211 = FACE_BOUND ( 'NONE', #679, .T. ) ;
#3212 = CYLINDRICAL_SURFACE ( 'NONE', #1925, 4.000000000000000000 ) ;
#3213 = DIRECTION ( 'NONE',  ( -0.000000000000000000, -0.000000000000000000, 1.000000000000000000 ) ) ;
#3214 = PERSON_AND_ORGANIZATION ( #393, #3363 ) ;
#3215 = ORIENTED_EDGE ( 'NONE', *, *, #1626, .F. ) ;
#3216 = ORIENTED_EDGE ( 'NONE', *, *, #487, .F. ) ;
#3217 = DIRECTION ( 'NONE',  ( -0.000000000000000000, -0.000000000000000000, 1.000000000000000000 ) ) ;
#3218 = DIRECTION ( 'NONE',  ( -0.000000000000000000, -0.000000000000000000, 1.000000000000000000 ) ) ;
#3219 = EDGE_CURVE ( 'NONE', #3564, #716, #2651, .T. ) ;
#3220 = ORIENTED_EDGE ( 'NONE', *, *, #928, .F. ) ;
#3221 = AXIS2_PLACEMENT_3D ( 'NONE', #1758, #379, #1779 ) ;
#3222 = ORIENTED_EDGE ( 'NONE', *, *, #563, .F. ) ;
#3223 = DIRECTION ( 'NONE',  ( 0.000000000000000000, 0.000000000000000000, -1.000000000000000000 ) ) ;
#3224 = CARTESIAN_POINT ( 'NONE',  ( -13.19999999999987139, -1.616580753732059339, -2.799999999999999822 ) ) ;
#3225 = DIRECTION ( 'NONE',  ( 1.000000000000000000, 0.000000000000000000, 0.000000000000000000 ) ) ;
#3226 = AXIS2_PLACEMENT_3D ( 'NONE', #3366, #585, #552 ) ;
#3227 = EDGE_CURVE ( 'NONE', #1551, #3005, #1501, .T. ) ;
#3228 = ORIENTED_EDGE ( 'NONE', *, *, #3188, .T. ) ;
#3229 = AXIS2_PLACEMENT_3D ( 'NONE', #2805, #286, #3392 ) ;
#3230 = CARTESIAN_POINT ( 'NONE',  ( -7.133533265058149408E-13, 14.00000000000086331, 15.00000000000000000 ) ) ;
#3231 = CIRCLE ( 'NONE', #1459, 2.500000000000000000 ) ;
#3232 = DIRECTION ( 'NONE',  ( 0.000000000000000000, 0.000000000000000000, 1.000000000000000000 ) ) ;
#3233 = CARTESIAN_POINT ( 'NONE',  ( -8.372837617640554489E-14, 8.637267765684129513E-13, -9.000000000000000000 ) ) ;
#3234 = AXIS2_PLACEMENT_3D ( 'NONE', #3448, #2350, #1205 ) ;
#3235 = PERSON_AND_ORGANIZATION ( #393, #3363 ) ;
#3236 = EDGE_CURVE ( 'NONE', #2390, #1378, #1655, .T. ) ;
#3237 = AXIS2_PLACEMENT_3D ( 'NONE', #134, #1480, #678 ) ;
#3238 = EDGE_LOOP ( 'NONE', ( #1442, #1238, #3036, #1268 ) ) ;
#3239 = ORIENTED_EDGE ( 'NONE', *, *, #1668, .T. ) ;
#3240 = LINE ( 'NONE', #1352, #2995 ) ;
#3241 = CARTESIAN_POINT ( 'NONE',  ( 5.199999999999546318, 15.47298721428164647, -2.799999999999999822 ) ) ;
#3242 = VECTOR ( 'NONE', #2319, 1000.000000000000000 ) ;
#3243 = ORIENTED_EDGE ( 'NONE', *, *, #2617, .F. ) ;
#3244 = VECTOR ( 'NONE', #2619, 1000.000000000000000 ) ;
#3245 = ORIENTED_EDGE ( 'NONE', *, *, #2729, .T. ) ;
#3246 = CARTESIAN_POINT ( 'NONE',  ( -10.79999999999942339, -15.47298721428274604, -2.799999999999999822 ) ) ;
#3247 = DIRECTION ( 'NONE',  ( 0.000000000000000000, 0.000000000000000000, 1.000000000000000000 ) ) ;
#3248 = DIRECTION ( 'NONE',  ( -0.000000000000000000, -0.000000000000000000, 1.000000000000000000 ) ) ;
#3249 = EDGE_CURVE ( 'NONE', #2902, #3404, #2340, .T. ) ;
#3250 = AXIS2_PLACEMENT_3D ( 'NONE', #1614, #3309, #3051 ) ;
#3251 = ORIENTED_EDGE ( 'NONE', *, *, #1460, .T. ) ;
#3252 = CARTESIAN_POINT ( 'NONE',  ( 2.999999999998375966, -14.00000000000340528, -6.000000000000000000 ) ) ;
#3253 = EDGE_CURVE ( 'NONE', #1427, #2338, #3483, .T. ) ;
#3254 = CARTESIAN_POINT ( 'NONE',  ( -9.776147748760774657E-14, -14.00000000000000178, 20.00000000000000000 ) ) ;
#3255 = CARTESIAN_POINT ( 'NONE',  ( -1.348411750568209575E-12, -14.00000000000340528, -9.000000000000000000 ) ) ;
#3256 = CALENDAR_DATE ( 2026, 28, 8 ) ;
#3257 = EDGE_CURVE ( 'NONE', #1378, #2390, #2429, .T. ) ;
#3258 = ORIENTED_EDGE ( 'NONE', *, *, #2193, .F. ) ;
#3259 = ORIENTED_EDGE ( 'NONE', *, *, #2777, .F. ) ;
#3260 = FACE_OUTER_BOUND ( 'NONE', #919, .T. ) ;
#3261 = DIRECTION ( 'NONE',  ( 1.000000000000000000, 0.000000000000000000, 0.000000000000000000 ) ) ;
#3262 = VERTEX_POINT ( 'NONE', #939 ) ;
#3263 = ORIENTED_EDGE ( 'NONE', *, *, #1293, .F. ) ;
#3264 = LINE ( 'NONE', #1633, #809 ) ;
#3265 = CARTESIAN_POINT ( 'NONE',  ( 5.200000000000512657, -12.23982570682028737, -2.799999999999999822 ) ) ;
#3266 = PLANE ( 'NONE',  #2647 ) ;
#3267 = ORIENTED_EDGE ( 'NONE', *, *, #888, .F. ) ;
#3268 = DIRECTION ( 'NONE',  ( 1.000000000000000000, 0.000000000000000000, 0.000000000000000000 ) ) ;
#3269 = ADVANCED_FACE ( 'NONE', ( #3203 ), #1766, .F. ) ;
#3270 = DIRECTION ( 'NONE',  ( 1.000000000000000000, 0.000000000000000000, 0.000000000000000000 ) ) ;
#3271 = DIRECTION ( 'NONE',  ( -0.000000000000000000, -0.000000000000000000, 1.000000000000000000 ) ) ;
#3272 = ORIENTED_EDGE ( 'NONE', *, *, #3136, .F. ) ;
#3273 = EDGE_CURVE ( 'NONE', #716, #1734, #369, .T. ) ;
#3274 = VERTEX_POINT ( 'NONE', #645 ) ;
#3275 = CARTESIAN_POINT ( 'NONE',  ( -18.79999999999987281, -1.616580753732059339, 0.000000000000000000 ) ) ;
#3276 = DIRECTION ( 'NONE',  ( -0.8660254037844392627, 0.4999999999999987788, 0.000000000000000000 ) ) ;
#3277 = VERTEX_POINT ( 'NONE', #2670 ) ;
#3278 = FACE_OUTER_BOUND ( 'NONE', #1335, .T. ) ;
#3279 = DIRECTION ( 'NONE',  ( 0.4999999999999999445, 0.8660254037844387076, 0.000000000000000000 ) ) ;
#3280 = EDGE_LOOP ( 'NONE', ( #1248, #343, #1506, #3622 ) ) ;
#3281 = DIRECTION ( 'NONE',  ( -1.000000000000000000, 0.000000000000000000, 0.000000000000000000 ) ) ;
#3282 = DIRECTION ( 'NONE',  ( -0.8660254037844380415, -0.5000000000000009992, 0.000000000000000000 ) ) ;
#3283 = CIRCLE ( 'NONE', #1511, 3.000000000000000888 ) ;
#3284 = LINE ( 'NONE', #2698, #3343 ) ;
#3285 = VERTEX_POINT ( 'NONE', #2929 ) ;
#3286 = DIRECTION ( 'NONE',  ( -0.000000000000000000, -0.000000000000000000, -1.000000000000000000 ) ) ;
#3287 = EDGE_CURVE ( 'NONE', #1486, #621, #1777, .T. ) ;
#3288 = VECTOR ( 'NONE', #3432, 1000.000000000000000 ) ;
#3289 = VERTEX_POINT ( 'NONE', #2064 ) ;
#3290 = DIRECTION ( 'NONE',  ( -0.8660254037844389297, 0.4999999999999993894, 0.000000000000000000 ) ) ;
#3291 = FACE_OUTER_BOUND ( 'NONE', #2310, .T. ) ;
#3292 = EDGE_CURVE ( 'NONE', #834, #177, #384, .T. ) ;
#3293 = VECTOR ( 'NONE', #2492, 1000.000000000000000 ) ;
#3294 = EDGE_LOOP ( 'NONE', ( #811, #2784, #1204, #2830 ) ) ;
#3295 = CARTESIAN_POINT ( 'NONE',  ( 16.12435565298511619, 6.999999999999974243, 15.00000000000000000 ) ) ;
#3296 = AXIS2_PLACEMENT_3D ( 'NONE', #2297, #1440, #2356 ) ;
#3297 = DIRECTION ( 'NONE',  ( 0.8660254037844385966, 0.5000000000000001110, 0.000000000000000000 ) ) ;
#3298 = EDGE_CURVE ( 'NONE', #3289, #2953, #1834, .T. ) ;
#3299 = AXIS2_PLACEMENT_3D ( 'NONE', #1771, #2973, #2105 ) ;
#3300 = ORIENTED_EDGE ( 'NONE', *, *, #385, .T. ) ;
#3301 = DIRECTION ( 'NONE',  ( -0.000000000000000000, -0.000000000000000000, -1.000000000000000000 ) ) ;
#3302 = DIRECTION ( 'NONE',  ( 0.000000000000000000, 0.000000000000000000, -1.000000000000000000 ) ) ;
#3303 = EDGE_CURVE ( 'NONE', #3523, #2573, #1820, .T. ) ;
#3304 = VECTOR ( 'NONE', #256, 1000.000000000000000 ) ;
#3305 = DIRECTION ( 'NONE',  ( -0.000000000000000000, -0.000000000000000000, -1.000000000000000000 ) ) ;
#3306 = COORDINATED_UNIVERSAL_TIME_OFFSET ( 8, 0, .AHEAD. ) ;
#3307 = ORIENTED_EDGE ( 'NONE', *, *, #3253, .F. ) ;
#3308 = CARTESIAN_POINT ( 'NONE',  ( -18.79999999999987281, 1.616580753729847775, -2.799999999999999822 ) ) ;
#3309 = DIRECTION ( 'NONE',  ( 0.000000000000000000, 0.000000000000000000, 1.000000000000000000 ) ) ;
#3310 = VERTEX_POINT ( 'NONE', #1265 ) ;
#3311 = EDGE_CURVE ( 'NONE', #1292, #1618, #2393, .T. ) ;
#3312 = DIRECTION ( 'NONE',  ( -0.000000000000000000, -0.000000000000000000, -1.000000000000000000 ) ) ;
#3313 = DIRECTION ( 'NONE',  ( -1.000000000000000000, 0.000000000000000000, 0.000000000000000000 ) ) ;
#3314 = ORIENTED_EDGE ( 'NONE', *, *, #2299, .F. ) ;
#3315 = EDGE_CURVE ( 'NONE', #980, #2906, #2121, .T. ) ;
#3316 = CARTESIAN_POINT ( 'NONE',  ( 12.12435565298216034, 6.999999999999973355, 20.00000000000000000 ) ) ;
#3317 = CARTESIAN_POINT ( 'NONE',  ( 7.999999999999431566, 13.85640646055068892, -9.000000000000000000 ) ) ;
#3318 = ORIENTED_EDGE ( 'NONE', *, *, #2259, .T. ) ;
#3319 = DIRECTION ( 'NONE',  ( -0.000000000000000000, -0.000000000000000000, 1.000000000000000000 ) ) ;
#3320 = DIRECTION ( 'NONE',  ( -1.000000000000000000, 0.000000000000000000, 0.000000000000000000 ) ) ;
#3321 = FACE_OUTER_BOUND ( 'NONE', #2655, .T. ) ;
#3322 = PLANE ( 'NONE',  #2639 ) ;
#3323 = DIRECTION ( 'NONE',  ( 0.000000000000000000, 0.000000000000000000, -1.000000000000000000 ) ) ;
#3324 = ORIENTED_EDGE ( 'NONE', *, *, #81, .F. ) ;
#3325 = DIRECTION ( 'NONE',  ( 0.4999999999999994449, 0.8660254037844390407, 0.000000000000000000 ) ) ;
#3326 = CARTESIAN_POINT ( 'NONE',  ( -8.000000000000387246, 10.62324495308823025, -2.799999999999999822 ) ) ;
#3327 = ADVANCED_FACE ( 'NONE', ( #168 ), #1484, .F. ) ;
#3328 = ORIENTED_EDGE ( 'NONE', *, *, #453, .T. ) ;
#3329 = CARTESIAN_POINT ( 'NONE',  ( -14.19999999999897611, -1.323803877349084987E-12, -9.000000000000000000 ) ) ;
#3330 = DIRECTION ( 'NONE',  ( -1.000000000000000000, 0.000000000000000000, 0.000000000000000000 ) ) ;
#3331 = EDGE_CURVE ( 'NONE', #3005, #151, #207, .T. ) ;
#3332 = ORIENTED_EDGE ( 'NONE', *, *, #217, .F. ) ;
#3333 = VECTOR ( 'NONE', #202, 1000.000000000000000 ) ;
#3334 = DIRECTION ( 'NONE',  ( -0.000000000000000000, -0.000000000000000000, 1.000000000000000000 ) ) ;
#3335 = CARTESIAN_POINT ( 'NONE',  ( -2.499999999999265921, 8.640329382680584884E-13, -4.000000000000000000 ) ) ;
#3336 = EDGE_CURVE ( 'NONE', #2409, #113, #2706, .T. ) ;
#3337 = AXIS2_PLACEMENT_3D ( 'NONE', #30, #3223, #3138 ) ;
#3338 = FACE_OUTER_BOUND ( 'NONE', #2256, .T. ) ;
#3339 = PLANE ( 'NONE',  #465 ) ;
#3340 = TOROIDAL_SURFACE ( 'NONE', #2284, 19.00000000000000000, 1.000000000000000000 ) ;
#3341 = CARTESIAN_POINT ( 'NONE',  ( 12.12435565298175355, -7.000000000001111111, 15.00000000000000000 ) ) ;
#3342 = EDGE_CURVE ( 'NONE', #3201, #3059, #2074, .T. ) ;
#3343 = VECTOR ( 'NONE', #1040, 1000.000000000000000 ) ;
#3344 = EDGE_LOOP ( 'NONE', ( #1730, #2345 ) ) ;
#3345 = DIRECTION ( 'NONE',  ( -0.000000000000000000, -0.000000000000000000, -1.000000000000000000 ) ) ;
#3346 = PLANE ( 'NONE',  #1122 ) ;
#3347 = VECTOR ( 'NONE', #1075, 1000.000000000000114 ) ;
#3348 = AXIS2_PLACEMENT_3D ( 'NONE', #2620, #1489, #1749 ) ;
#3349 = ORIENTED_EDGE ( 'NONE', *, *, #2773, .T. ) ;
#3350 = DIRECTION ( 'NONE',  ( -0.000000000000000000, -0.000000000000000000, 1.000000000000000000 ) ) ;
#3351 = PLANE ( 'NONE',  #2235 ) ;
#3352 = VECTOR ( 'NONE', #1258, 1000.000000000000000 ) ;
#3353 = VERTEX_POINT ( 'NONE', #1598 ) ;
#3354 = ORIENTED_EDGE ( 'NONE', *, *, #1644, .T. ) ;
#3355 = AXIS2_PLACEMENT_3D ( 'NONE', #1175, #83, #3147 ) ;
#3356 = DIRECTION ( 'NONE',  ( 0.000000000000000000, 0.000000000000000000, 1.000000000000000000 ) ) ;
#3357 = ADVANCED_FACE ( 'NONE', ( #1319 ), #3600, .F. ) ;
#3358 = CYLINDRICAL_SURFACE ( 'NONE', #1877, 23.00000000000000000 ) ;
#3359 = VECTOR ( 'NONE', #921, 1000.000000000000000 ) ;
#3360 = EDGE_LOOP ( 'NONE', ( #2325, #2935, #1173, #438 ) ) ;
#3361 = ADVANCED_FACE ( 'NONE', ( #786 ), #1241, .F. ) ;
#3362 = CARTESIAN_POINT ( 'NONE',  ( -8.000000000000389022, 17.08956796801204092, -2.799999999999999822 ) ) ;
#3363 = ORGANIZATION ( 'æœª', 'æœª', '' ) ;
#3364 = CARTESIAN_POINT ( 'NONE',  ( -3.000000000001980194, -14.00000000000340528, -7.000000000000000000 ) ) ;
#3365 = ORIENTED_EDGE ( 'NONE', *, *, #2886, .T. ) ;
#3366 = CARTESIAN_POINT ( 'NONE',  ( 12.12435565298175355, -7.000000000001111111, -6.000000000000001776 ) ) ;
#3367 = DIRECTION ( 'NONE',  ( 0.000000000000000000, 0.000000000000000000, -1.000000000000000000 ) ) ;
#3368 = ORIENTED_EDGE ( 'NONE', *, *, #2456, .F. ) ;
#3369 = ORIENTED_EDGE ( 'NONE', *, *, #2428, .F. ) ;
#3370 = DIRECTION ( 'NONE',  ( 1.000000000000000000, 0.000000000000000000, -0.000000000000000000 ) ) ;
#3371 = DIRECTION ( 'NONE',  ( -1.000000000000000000, 0.000000000000000000, 0.000000000000000000 ) ) ;
#3372 = ORIENTED_EDGE ( 'NONE', *, *, #261, .T. ) ;
#3373 = CARTESIAN_POINT ( 'NONE',  ( -12.12435565298220830, -6.999999999999887201, 15.00000000000000000 ) ) ;
#3374 = CYLINDRICAL_SURFACE ( 'NONE', #3465, 1.800000000001699574 ) ;
#3375 = EDGE_CURVE ( 'NONE', #317, #1568, #3595, .T. ) ;
#3376 = ORIENTED_EDGE ( 'NONE', *, *, #3513, .T. ) ;
#3377 = CARTESIAN_POINT ( 'NONE',  ( 8.000000000000575540, -13.85640646055134972, -10.00000000000000000 ) ) ;
#3378 = DIRECTION ( 'NONE',  ( -0.000000000000000000, -0.000000000000000000, -1.000000000000000000 ) ) ;
#3379 = ADVANCED_FACE ( 'NONE', ( #1333 ), #2140, .F. ) ;
#3380 = ORIENTED_EDGE ( 'NONE', *, *, #323, .T. ) ;
#3381 = CARTESIAN_POINT ( 'NONE',  ( -18.79999999999987281, -1.616580753732059339, -2.799999999999999822 ) ) ;
#3382 = FACE_OUTER_BOUND ( 'NONE', #625, .T. ) ;
#3383 = VERTEX_POINT ( 'NONE', #768 ) ;
#3384 = EDGE_LOOP ( 'NONE', ( #440, #239, #2016, #892, #2800, #2763 ) ) ;
#3385 = DIRECTION ( 'NONE',  ( -1.000000000000000000, 0.000000000000000000, 0.000000000000000000 ) ) ;
#3386 = CARTESIAN_POINT ( 'NONE',  ( -6.199999999998923705, 13.85640646055002634, -2.799999999999999822 ) ) ;
#3387 = ORIENTED_EDGE ( 'NONE', *, *, #516, .T. ) ;
#3388 = ORIENTED_EDGE ( 'NONE', *, *, #1717, .T. ) ;
#3389 = PLANE ( 'NONE',  #2404 ) ;
#3390 = DIRECTION ( 'NONE',  ( 1.000000000000000000, 0.000000000000000000, 0.000000000000000000 ) ) ;
#3391 = VERTEX_POINT ( 'NONE', #509 ) ;
#3392 = DIRECTION ( 'NONE',  ( 0.8660254037844389297, 0.4999999999999995559, 0.000000000000000000 ) ) ;
#3393 = PLANE ( 'NONE',  #2659 ) ;
#3394 = ADVANCED_FACE ( 'NONE', ( #3291, #2188 ), #3035, .T. ) ;
#3395 = VECTOR ( 'NONE', #1425, 1000.000000000000000 ) ;
#3396 = VECTOR ( 'NONE', #1422, 1000.000000000000114 ) ;
#3397 = ORIENTED_EDGE ( 'NONE', *, *, #2203, .T. ) ;
#3398 = CARTESIAN_POINT ( 'NONE',  ( -8.124355652982206522, -6.999999999999886313, 20.00000000000000000 ) ) ;
#3399 = DIRECTION ( 'NONE',  ( 0.5000000000000003331, 0.8660254037844385966, 0.000000000000000000 ) ) ;
#3400 = EDGE_CURVE ( 'NONE', #3353, #2490, #2895, .T. ) ;
#3401 = VECTOR ( 'NONE', #691, 1000.000000000000114 ) ;
#3402 = CIRCLE ( 'NONE', #233, 4.000000000000001776 ) ;
#3403 = ORIENTED_EDGE ( 'NONE', *, *, #3493, .T. ) ;
#3404 = VERTEX_POINT ( 'NONE', #2985 ) ;
#3405 = CIRCLE ( 'NONE', #940, 1.800000000000429923 ) ;
#3406 = DIRECTION ( 'NONE',  ( 0.000000000000000000, 0.000000000000000000, 1.000000000000000000 ) ) ;
#3407 = EDGE_CURVE ( 'NONE', #1051, #1656, #661, .T. ) ;
#3408 = LINE ( 'NONE', #1772, #415 ) ;
#3409 = ORIENTED_EDGE ( 'NONE', *, *, #108, .T. ) ;
#3410 = CIRCLE ( 'NONE', #2420, 1.800000000000793188 ) ;
#3411 = ORIENTED_EDGE ( 'NONE', *, *, #635, .F. ) ;
#3412 = PLANE ( 'NONE',  #2637 ) ;
#3413 = LINE ( 'NONE', #2880, #3288 ) ;
#3414 = VECTOR ( 'NONE', #158, 1000.000000000000000 ) ;
#3415 = CYLINDRICAL_SURFACE ( 'NONE', #1004, 1.800000000002252909 ) ;
#3416 = CARTESIAN_POINT ( 'NONE',  ( 9.124355652984254661, 6.999999999999323208, -6.000000000000000000 ) ) ;
#3417 = DIRECTION ( 'NONE',  ( -0.000000000000000000, -0.000000000000000000, 1.000000000000000000 ) ) ;
#3418 = VECTOR ( 'NONE', #3440, 1000.000000000000114 ) ;
#3419 = DIRECTION ( 'NONE',  ( -0.000000000000000000, -0.000000000000000000, 1.000000000000000000 ) ) ;
#3420 = ORIENTED_EDGE ( 'NONE', *, *, #2687, .F. ) ;
#3421 = DIRECTION ( 'NONE',  ( -1.000000000000000000, 0.000000000000000000, 0.000000000000000000 ) ) ;
#3422 = DIRECTION ( 'NONE',  ( -0.000000000000000000, -0.000000000000000000, -1.000000000000000000 ) ) ;
#3423 = EDGE_CURVE ( 'NONE', #2875, #285, #2168, .T. ) ;
#3424 = ORIENTED_EDGE ( 'NONE', *, *, #680, .F. ) ;
#3425 = ORIENTED_EDGE ( 'NONE', *, *, #3336, .F. ) ;
#3426 = DIRECTION ( 'NONE',  ( -0.000000000000000000, -0.000000000000000000, -1.000000000000000000 ) ) ;
#3427 = DIRECTION ( 'NONE',  ( 0.000000000000000000, -1.000000000000000000, 0.000000000000000000 ) ) ;
#3428 = EDGE_LOOP ( 'NONE', ( #2522, #2246 ) ) ;
#3429 = EDGE_CURVE ( 'NONE', #3391, #2544, #76, .T. ) ;
#3430 = EDGE_LOOP ( 'NONE', ( #3516, #2579 ) ) ;
#3431 = DIRECTION ( 'NONE',  ( -0.000000000000000000, -0.000000000000000000, 1.000000000000000000 ) ) ;
#3432 = DIRECTION ( 'NONE',  ( -0.000000000000000000, -0.000000000000000000, 1.000000000000000000 ) ) ;
#3433 = FACE_OUTER_BOUND ( 'NONE', #2023, .T. ) ;
#3434 = LINE ( 'NONE', #2037, #3052 ) ;
#3435 = APPROVAL_DATE_TIME ( #713, #2758 ) ;
#3436 = ORIENTED_EDGE ( 'NONE', *, *, #3617, .T. ) ;
#3437 = DIRECTION ( 'NONE',  ( 1.000000000000000000, 0.000000000000000000, 0.000000000000000000 ) ) ;
#3438 = ORIENTED_EDGE ( 'NONE', *, *, #2485, .F. ) ;
#3439 = FACE_OUTER_BOUND ( 'NONE', #301, .T. ) ;
#3440 = DIRECTION ( 'NONE',  ( -0.8660254037844383745, -0.5000000000000003331, 0.000000000000000000 ) ) ;
#3441 = ORIENTED_EDGE ( 'NONE', *, *, #3311, .T. ) ;
#3442 = ORIENTED_EDGE ( 'NONE', *, *, #2378, .T. ) ;
#3443 = DIRECTION ( 'NONE',  ( -0.000000000000000000, -0.000000000000000000, 1.000000000000000000 ) ) ;
#3444 = FACE_BOUND ( 'NONE', #1490, .T. ) ;
#3445 = EDGE_CURVE ( 'NONE', #1712, #1147, #894, .T. ) ;
#3446 = ORIENTED_EDGE ( 'NONE', *, *, #1026, .F. ) ;
#3447 = ORIENTED_EDGE ( 'NONE', *, *, #3429, .T. ) ;
#3448 = CARTESIAN_POINT ( 'NONE',  ( -1.530358235279820928E-12, -14.00000000000130207, 15.00000000000000000 ) ) ;
#3449 = EDGE_CURVE ( 'NONE', #2490, #2493, #2484, .T. ) ;
#3450 = PLANE ( 'NONE',  #2704 ) ;
#3451 = DIRECTION ( 'NONE',  ( -0.000000000000000000, -0.000000000000000000, 1.000000000000000000 ) ) ;
#3452 = EDGE_CURVE ( 'NONE', #1051, #1968, #1064, .T. ) ;
#3453 = CARTESIAN_POINT ( 'NONE',  ( -1.530358235279820928E-12, -14.00000000000130207, -6.000000000000001776 ) ) ;
#3454 = ORIENTED_EDGE ( 'NONE', *, *, #775, .T. ) ;
#3455 = DIRECTION ( 'NONE',  ( 0.000000000000000000, 0.000000000000000000, 1.000000000000000000 ) ) ;
#3456 = CC_DESIGN_PERSON_AND_ORGANIZATION_ASSIGNMENT ( #2079, #677, ( #2537 ) ) ;
#3457 = VECTOR ( 'NONE', #2289, 1000.000000000000000 ) ;
#3458 = DIRECTION ( 'NONE',  ( 1.000000000000000000, 0.000000000000000000, 0.000000000000000000 ) ) ;
#3459 = CIRCLE ( 'NONE', #2347, 2.499999999999265921 ) ;
#3460 = VECTOR ( 'NONE', #1401, 1000.000000000000000 ) ;
#3461 = VERTEX_POINT ( 'NONE', #1875 ) ;
#3462 = ORIENTED_EDGE ( 'NONE', *, *, #668, .T. ) ;
#3463 = CARTESIAN_POINT ( 'NONE',  ( 10.79999999999954774, 12.23982570681974558, -2.799999999999999822 ) ) ;
#3464 = CARTESIAN_POINT ( 'NONE',  ( 8.124355652982108822, -7.000000000000057732, 0.000000000000000000 ) ) ;
#3465 = AXIS2_PLACEMENT_3D ( 'NONE', #2214, #3597, #524 ) ;
#3466 = ORIENTED_EDGE ( 'NONE', *, *, #2919, .F. ) ;
#3467 = CIRCLE ( 'NONE', #2881, 1.800000000001449774 ) ;
#3468 = ORIENTED_EDGE ( 'NONE', *, *, #3524, .F. ) ;
#3469 = FACE_BOUND ( 'NONE', #2215, .T. ) ;
#3470 = CIRCLE ( 'NONE', #3058, 4.000000000000529354 ) ;
#3471 = ADVANCED_FACE ( 'NONE', ( #2202 ), #3002, .T. ) ;
#3472 = AXIS2_PLACEMENT_3D ( 'NONE', #620, #1763, #1742 ) ;
#3473 = FACE_OUTER_BOUND ( 'NONE', #3360, .T. ) ;
#3474 = PLANE ( 'NONE',  #1518 ) ;
#3475 = ORIENTED_EDGE ( 'NONE', *, *, #963, .T. ) ;
#3476 = AXIS2_PLACEMENT_3D ( 'NONE', #3326, #774, #3297 ) ;
#3477 = DIRECTION ( 'NONE',  ( -1.000000000000000000, 0.000000000000000000, 0.000000000000000000 ) ) ;
#3478 = EDGE_CURVE ( 'NONE', #2604, #1568, #3143, .T. ) ;
#3479 = ORIENTED_EDGE ( 'NONE', *, *, #1279, .F. ) ;
#3480 = DIRECTION ( 'NONE',  ( -0.000000000000000000, -0.000000000000000000, -1.000000000000000000 ) ) ;
#3481 = CIRCLE ( 'NONE', #3355, 1.800000000002252909 ) ;
#3482 = CARTESIAN_POINT ( 'NONE',  ( 7.999999999999540812, 17.08956796801259870, 0.000000000000000000 ) ) ;
#3483 = CIRCLE ( 'NONE', #196, 1.800000000001749534 ) ;
#3484 = ORIENTED_EDGE ( 'NONE', *, *, #3601, .T. ) ;
#3485 = ORIENTED_EDGE ( 'NONE', *, *, #2329, .F. ) ;
#3486 = DIRECTION ( 'NONE',  ( -0.000000000000000000, -0.000000000000000000, 1.000000000000000000 ) ) ;
#3487 = DIRECTION ( 'NONE',  ( 1.000000000000000000, 0.000000000000000000, -0.000000000000000000 ) ) ;
#3488 = ORIENTED_EDGE ( 'NONE', *, *, #1919, .T. ) ;
#3489 = FACE_BOUND ( 'NONE', #205, .T. ) ;
#3490 = FACE_OUTER_BOUND ( 'NONE', #2328, .T. ) ;
#3491 = FACE_OUTER_BOUND ( 'NONE', #505, .T. ) ;
#3492 = CALENDAR_DATE ( 2026, 28, 8 ) ;
#3493 = EDGE_CURVE ( 'NONE', #3611, #2336, #3071, .T. ) ;
#3494 = ORIENTED_EDGE ( 'NONE', *, *, #529, .T. ) ;
#3495 = EDGE_LOOP ( 'NONE', ( #607, #2166, #3039, #3592 ) ) ;
#3496 = VERTEX_POINT ( 'NONE', #3616 ) ;
#3497 = CYLINDRICAL_SURFACE ( 'NONE', #1756, 1.800000000001843459 ) ;
#3498 = FACE_OUTER_BOUND ( 'NONE', #1612, .T. ) ;
#3499 = EDGE_CURVE ( 'NONE', #590, #2472, #549, .T. ) ;
#3500 = EDGE_LOOP ( 'NONE', ( #1229, #2395, #802, #3602 ) ) ;
#3501 = ORIENTED_EDGE ( 'NONE', *, *, #2443, .T. ) ;
#3502 = CARTESIAN_POINT ( 'NONE',  ( -10.32435565298215074, -7.000000000000412115, 15.00000000000000000 ) ) ;
#3503 = DIRECTION ( 'NONE',  ( -1.000000000000000000, 0.000000000000000000, 0.000000000000000000 ) ) ;
#3504 = FACE_OUTER_BOUND ( 'NONE', #1129, .T. ) ;
#3505 = VERTEX_POINT ( 'NONE', #1741 ) ;
#3506 = DIRECTION ( 'NONE',  ( -0.000000000000000000, -0.000000000000000000, 1.000000000000000000 ) ) ;
#3507 = DIRECTION ( 'NONE',  ( -1.000000000000000000, 0.000000000000000000, 0.000000000000000000 ) ) ;
#3508 = LINE ( 'NONE', #2506, #72 ) ;
#3509 = DIRECTION ( 'NONE',  ( 1.000000000000000000, 0.000000000000000000, 0.000000000000000000 ) ) ;
#3510 = SECURITY_CLASSIFICATION_LEVEL ( 'unclassified' ) ;
#3511 = ORIENTED_EDGE ( 'NONE', *, *, #1331, .F. ) ;
#3512 = ORIENTED_EDGE ( 'NONE', *, *, #1084, .T. ) ;
#3513 = EDGE_CURVE ( 'NONE', #97, #2097, #2772, .T. ) ;
#3514 = LINE ( 'NONE', #2099, #756 ) ;
#3515 = CARTESIAN_POINT ( 'NONE',  ( 18.80000000000000426, 1.616580753730953557, -2.799999999999999822 ) ) ;
#3516 = ORIENTED_EDGE ( 'NONE', *, *, #2617, .T. ) ;
#3517 = ORIENTED_EDGE ( 'NONE', *, *, #3375, .F. ) ;
#3518 = EDGE_CURVE ( 'NONE', #998, #2362, #2602, .T. ) ;
#3519 = PLANE ( 'NONE',  #3337 ) ;
#3520 = LINE ( 'NONE', #1826, #1705 ) ;
#3521 = CYLINDRICAL_SURFACE ( 'NONE', #3117, 2.999999999999581224 ) ;
#3522 = AXIS2_PLACEMENT_3D ( 'NONE', #3381, #3146, #860 ) ;
#3523 = VERTEX_POINT ( 'NONE', #3634 ) ;
#3524 = EDGE_CURVE ( 'NONE', #781, #1301, #899, .T. ) ;
#3525 = AXIS2_PLACEMENT_3D ( 'NONE', #2392, #3455, #2120 ) ;
#3526 = DIRECTION ( 'NONE',  ( -0.000000000000000000, -0.000000000000000000, 1.000000000000000000 ) ) ;
#3527 = VECTOR ( 'NONE', #2626, 1000.000000000000227 ) ;
#3528 = CIRCLE ( 'NONE', #2466, 4.000000000000000000 ) ;
#3529 = CARTESIAN_POINT ( 'NONE',  ( 12.12435565298306450, 6.999999999996173727, 15.00000000000000000 ) ) ;
#3530 = DIRECTION ( 'NONE',  ( -0.000000000000000000, -0.000000000000000000, 1.000000000000000000 ) ) ;
#3531 = AXIS2_PLACEMENT_3D ( 'NONE', #1646, #837, #1958 ) ;
#3532 = EDGE_LOOP ( 'NONE', ( #3484, #1930 ) ) ;
#3533 = ORIENTED_EDGE ( 'NONE', *, *, #3331, .T. ) ;
#3534 = FACE_OUTER_BOUND ( 'NONE', #1068, .T. ) ;
#3535 = DIRECTION ( 'NONE',  ( 0.000000000000000000, 0.000000000000000000, 1.000000000000000000 ) ) ;
#3536 = AXIS2_PLACEMENT_3D ( 'NONE', #4, #297, #1125 ) ;
#3537 = EDGE_LOOP ( 'NONE', ( #221, #3151, #2791, #376 ) ) ;
#3538 = AXIS2_PLACEMENT_3D ( 'NONE', #1022, #670, #2069 ) ;
#3539 = ORIENTED_EDGE ( 'NONE', *, *, #2236, .F. ) ;
#3540 = DIRECTION ( 'NONE',  ( -0.000000000000000000, -0.000000000000000000, 1.000000000000000000 ) ) ;
#3541 = CARTESIAN_POINT ( 'NONE',  ( -16.00000000000000355, -1.323803877349084987E-12, -9.000000000000000000 ) ) ;
#3542 = CARTESIAN_POINT ( 'NONE',  ( -9.124355652984204923, -7.000000000001040945, -6.000000000000000000 ) ) ;
#3543 = AXIS2_PLACEMENT_3D ( 'NONE', #2464, #2414, #2755 ) ;
#3544 = ADVANCED_FACE ( 'NONE', ( #1962, #2499 ), #3393, .T. ) ;
#3545 = ORIENTED_EDGE ( 'NONE', *, *, #3375, .T. ) ;
#3546 = DIRECTION ( 'NONE',  ( 0.000000000000000000, 0.000000000000000000, 1.000000000000000000 ) ) ;
#3547 = EDGE_CURVE ( 'NONE', #1359, #2925, #956, .T. ) ;
#3548 = LINE ( 'NONE', #1257, #1449 ) ;
#3549 = DIRECTION ( 'NONE',  ( 0.000000000000000000, 0.000000000000000000, 1.000000000000000000 ) ) ;
#3550 = SHAPE_DEFINITION_REPRESENTATION ( #915, #442 ) ;
#3551 = ORIENTED_EDGE ( 'NONE', *, *, #1849, .T. ) ;
#3552 = VERTEX_POINT ( 'NONE', #3085 ) ;
#3553 = CARTESIAN_POINT ( 'NONE',  ( -15.99999999999987210, 3.233161507460798223, -2.799999999999999822 ) ) ;
#3554 = CARTESIAN_POINT ( 'NONE',  ( -7.999999999999419131, -17.08956796801370004, -2.799999999999999822 ) ) ;
#3555 = ORIENTED_EDGE ( 'NONE', *, *, #705, .T. ) ;
#3556 = LINE ( 'NONE', #3570, #2219 ) ;
#3557 = CARTESIAN_POINT ( 'NONE',  ( -12.12435565298205908, 7.000000000000142109, 0.000000000000000000 ) ) ;
#3558 = ORIENTED_EDGE ( 'NONE', *, *, #2456, .T. ) ;
#3559 = EDGE_CURVE ( 'NONE', #2839, #568, #1711, .T. ) ;
#3560 = DIRECTION ( 'NONE',  ( -0.4999999999999994449, 0.8660254037844390407, 0.000000000000000000 ) ) ;
#3561 = CARTESIAN_POINT ( 'NONE',  ( 10.79999999999954596, 15.47298721428164647, -2.799999999999999822 ) ) ;
#3562 = EDGE_CURVE ( 'NONE', #1615, #911, #3124, .T. ) ;
#3563 = CARTESIAN_POINT ( 'NONE',  ( -15.99999999999987210, -3.233161507463009787, -2.799999999999999822 ) ) ;
#3564 = VERTEX_POINT ( 'NONE', #2555 ) ;
#3565 = EDGE_CURVE ( 'NONE', #864, #3285, #1682, .T. ) ;
#3566 = DIRECTION ( 'NONE',  ( 1.000000000000000000, 0.000000000000000000, 0.000000000000000000 ) ) ;
#3567 = CARTESIAN_POINT ( 'NONE',  ( -7.999999999999426237, -13.85640646055201586, -10.00000000000000000 ) ) ;
#3568 = CC_DESIGN_DATE_AND_TIME_ASSIGNMENT ( #1853, #2680, ( #1838 ) ) ;
#3569 = ORIENTED_EDGE ( 'NONE', *, *, #6, .T. ) ;
#3570 = CARTESIAN_POINT ( 'NONE',  ( 13.20000000000000284, -1.616580753730953335, -2.799999999999999822 ) ) ;
#3571 = PLANE ( 'NONE',  #3476 ) ;
#3572 = VERTEX_POINT ( 'NONE', #2258 ) ;
#3573 = CARTESIAN_POINT ( 'NONE',  ( 16.00000000000000355, 0.000000000000000000, -10.00000000000000000 ) ) ;
#3574 = DIRECTION ( 'NONE',  ( -0.000000000000000000, -0.000000000000000000, -1.000000000000000000 ) ) ;
#3575 = AXIS2_PLACEMENT_3D ( 'NONE', #3100, #2257, #1977 ) ;
#3576 = PLANE ( 'NONE',  #2226 ) ;
#3577 = CARTESIAN_POINT ( 'NONE',  ( 13.92435565298215927, 6.999999999999973355, -6.000000000000001776 ) ) ;
#3578 = AXIS2_PLACEMENT_3D ( 'NONE', #110, #2294, #2923 ) ;
#3579 = AXIS2_PLACEMENT_3D ( 'NONE', #2198, #1938, #1905 ) ;
#3580 = EDGE_CURVE ( 'NONE', #2508, #1199, #1169, .T. ) ;
#3581 = VECTOR ( 'NONE', #1917, 1000.000000000000114 ) ;
#3582 = ORIENTED_EDGE ( 'NONE', *, *, #1216, .F. ) ;
#3583 = DIRECTION ( 'NONE',  ( -0.000000000000000000, -0.000000000000000000, 1.000000000000000000 ) ) ;
#3584 = CARTESIAN_POINT ( 'NONE',  ( -7.999999999999426237, -13.85640646055201586, -2.799999999999999822 ) ) ;
#3585 = AXIS2_PLACEMENT_3D ( 'NONE', #1254, #1846, #2382 ) ;
#3586 = ADVANCED_FACE ( 'NONE', ( #562, #602 ), #1116, .T. ) ;
#3587 = ORIENTED_EDGE ( 'NONE', *, *, #616, .T. ) ;
#3588 = DIRECTION ( 'NONE',  ( -0.000000000000000000, -0.000000000000000000, 1.000000000000000000 ) ) ;
#3589 = CIRCLE ( 'NONE', #2423, 1.000000000000000000 ) ;
#3590 = DIRECTION ( 'NONE',  ( 0.000000000000000000, 0.000000000000000000, -1.000000000000000000 ) ) ;
#3591 = VECTOR ( 'NONE', #2025, 1000.000000000000000 ) ;
#3592 = ORIENTED_EDGE ( 'NONE', *, *, #293, .F. ) ;
#3593 = CARTESIAN_POINT ( 'NONE',  ( -1.800000000001143352, 14.00000000000086331, 15.00000000000000000 ) ) ;
#3594 = LINE ( 'NONE', #1377, #884 ) ;
#3595 = CIRCLE ( 'NONE', #3250, 2.499999999999265921 ) ;
#3596 = CARTESIAN_POINT ( 'NONE',  ( 0.000000000000000000, 0.000000000000000000, -1.000000000000000000 ) ) ;
#3597 = DIRECTION ( 'NONE',  ( -0.000000000000000000, -0.000000000000000000, 1.000000000000000000 ) ) ;
#3598 = ORIENTED_EDGE ( 'NONE', *, *, #3253, .T. ) ;
#3599 = CARTESIAN_POINT ( 'NONE',  ( -12.12435565298205908, 7.000000000000142109, 20.00000000000000000 ) ) ;
#3600 = PLANE ( 'NONE',  #831 ) ;
#3601 = EDGE_CURVE ( 'NONE', #1615, #3076, #2722, .T. ) ;
#3602 = ORIENTED_EDGE ( 'NONE', *, *, #1487, .T. ) ;
#3603 = CARTESIAN_POINT ( 'NONE',  ( -10.80000000000038973, 15.47298721428108337, -2.799999999999999822 ) ) ;
#3604 = CARTESIAN_POINT ( 'NONE',  ( -2.999999999999241052, 14.00000000000340528, -7.000000000000000000 ) ) ;
#3605 = ADVANCED_FACE ( 'NONE', ( #19 ), #325, .F. ) ;
#3606 = ORIENTED_EDGE ( 'NONE', *, *, #2080, .F. ) ;
#3607 = FACE_OUTER_BOUND ( 'NONE', #454, .T. ) ;
#3608 = EDGE_CURVE ( 'NONE', #2759, #1901, #35, .T. ) ;
#3609 = CARTESIAN_POINT ( 'NONE',  ( 12.12435565298216034, 6.999999999999973355, -6.000000000000001776 ) ) ;
#3610 = EDGE_LOOP ( 'NONE', ( #2142, #1118, #2526, #1545, #2583, #1531 ) ) ;
#3611 = VERTEX_POINT ( 'NONE', #2335 ) ;
#3612 = DIRECTION ( 'NONE',  ( -0.000000000000000000, -0.000000000000000000, 1.000000000000000000 ) ) ;
#3613 = CARTESIAN_POINT ( 'NONE',  ( 10.79999999999954774, 12.23982570681974558, -2.799999999999999822 ) ) ;
#3614 = LINE ( 'NONE', #16, #1761 ) ;
#3615 = PLANE ( 'NONE',  #875 ) ;
#3616 = CARTESIAN_POINT ( 'NONE',  ( -4.000000000003057110, -14.00000000000000178, 15.00000000000000000 ) ) ;
#3617 = EDGE_CURVE ( 'NONE', #2425, #2633, #308, .T. ) ;
#3618 = ORIENTED_EDGE ( 'NONE', *, *, #3287, .T. ) ;
#3619 = CARTESIAN_POINT ( 'NONE',  ( 0.000000000000000000, 0.000000000000000000, -2.799999999999999822 ) ) ;
#3620 = CARTESIAN_POINT ( 'NONE',  ( -5.199999999999421085, -12.23982570682084337, -2.799999999999999822 ) ) ;
#3621 = ADVANCED_FACE ( 'NONE', ( #111, #2318 ), #638, .T. ) ;
#3622 = ORIENTED_EDGE ( 'NONE', *, *, #2274, .T. ) ;
#3623 = CARTESIAN_POINT ( 'NONE',  ( -14.19999999999897611, -1.323803877349084987E-12, -2.799999999999999822 ) ) ;
#3624 = CARTESIAN_POINT ( 'NONE',  ( -12.12435565298529383, 7.000000000002364331, -9.000000000000000000 ) ) ;
#3625 = EDGE_LOOP ( 'NONE', ( #979, #1564 ) ) ;
#3626 = EDGE_CURVE ( 'NONE', #2508, #2041, #3160, .T. ) ;
#3627 = ORIENTED_EDGE ( 'NONE', *, *, #3608, .F. ) ;
#3628 = AXIS2_PLACEMENT_3D ( 'NONE', #2419, #3325, #1928 ) ;
#3629 = DIRECTION ( 'NONE',  ( 0.000000000000000000, 0.000000000000000000, -1.000000000000000000 ) ) ;
#3630 = DIRECTION ( 'NONE',  ( 1.000000000000000000, 0.000000000000000000, 0.000000000000000000 ) ) ;
#3631 = VECTOR ( 'NONE', #1483, 1000.000000000000000 ) ;
#3632 = CARTESIAN_POINT ( 'NONE',  ( 7.999999999999540812, 17.08956796801259870, -2.799999999999999822 ) ) ;
#3633 = CYLINDRICAL_SURFACE ( 'NONE', #2582, 3.000000000000631939 ) ;
#3634 = CARTESIAN_POINT ( 'NONE',  ( 8.000000000000513367, -17.08956796801314937, -2.799999999999999822 ) ) ;
#3635 = VECTOR ( 'NONE', #2455, 1000.000000000000000 ) ;
#3636 = ORIENTED_EDGE ( 'NONE', *, *, #3105, .T. ) ;
#3637 = LINE ( 'NONE', #1657, #1983 ) ;
#3638 = CARTESIAN_POINT ( 'NONE',  ( -10.32435565298229996, 7.000000000000676792, 15.00000000000000000 ) ) ;
#3639 = AXIS2_PLACEMENT_3D ( 'NONE', #599, #2511, #3630 ) ;
ENDSEC;
END-ISO-10303-21;
